#include "lvgl.h"

const uint8_t bk_home_map[] = {
    0xff, 0xff, 0xff, 0xff, 0xff, 0xff, 0xff, 0xff, 0xff, 0xff, 0xff, 0xff, 0xff, 0xff, 0xff, 0xff,
    0xff, 0xff, 0xff, 0xff, 0xff, 0xff, 0xff, 0xff, 0xff, 0xff, 0xff, 0xff, 0xff, 0xff, 0xff, 0xff,
    0xff, 0xff, 0xff, 0xff, 0xff, 0xff, 0xff, 0xff, 0xff, 0xff, 0xff, 0xff, 0xff, 0xff, 0xff, 0xff,
    0xff, 0xff, 0xff, 0xff, 0xff, 0xff, 0xff, 0xff, 0xff, 0xff, 0xff, 0xff, 0xff, 0xff, 0xff, 0xff,
    0xff, 0xff, 0xff, 0xff, 0xff, 0xff, 0xff, 0xff, 0xff, 0xff, 0xff, 0xff, 0xff, 0xff, 0xff, 0xff,
    0xff, 0xff, 0xff, 0xff, 0xff, 0xff, 0xff, 0xff, 0xff, 0xff, 0xff, 0xff, 0xff, 0xff, 0xff, 0xff,
    0xff, 0xff, 0xff, 0xff, 0xff, 0xff, 0xff, 0xff, 0xff, 0xff, 0xff, 0xff, 0xff, 0xff, 0xff, 0xff,
    0xff, 0xff, 0xff, 0xff, 0xff, 0xff, 0xff, 0xff, 0xff, 0xff, 0xff, 0xff, 0xff, 0xff, 0xff, 0xff,
    0xff, 0xff, 0xff, 0xff, 0xff, 0xff, 0xff, 0xff, 0xff, 0xff, 0xff, 0xff, 0xfe, 0xff, 0xfe, 0xff,
    0xff, 0xff, 0xfe, 0xff, 0xfe, 0xff, 0xff, 0xff, 0xff, 0xff, 0xff, 0xff, 0xfe, 0xff, 0xff, 0xff,
    0xff, 0xff, 0xfe, 0xff, 0xff, 0xff, 0xff, 0xff, 0xff, 0xff, 0xff, 0xff, 0xff, 0xff, 0xfe, 0xff,
    0xfe, 0xff, 0xfe, 0xff, 0xfe, 0xff, 0xfe, 0xff, 0xfe, 0xff, 0xfe, 0xff, 0xfe, 0xff, 0xfe, 0xff,
    0xfe, 0xff, 0xfe, 0xff, 0xfe, 0xff, 0xfe, 0xff, 0xfe, 0xff, 0xfe, 0xff, 0xfe, 0xff, 0xfe, 0xff,
    0xfe, 0xff, 0xfe, 0xff, 0xfe, 0xff, 0xfe, 0xff, 0xfe, 0xff, 0xfe, 0xff, 0xfe, 0xff, 0xfe, 0xff,
    0xfe, 0xff, 0xfe, 0xff, 0xde, 0xff, 0xfe, 0xff, 0xde, 0xff, 0xde, 0xff, 0xdd, 0xff, 0xdd, 0xff,
    0xfd, 0xff, 0xde, 0xff, 0xfd, 0xff, 0xfd, 0xff, 0xde, 0xff, 0xfd, 0xff, 0xfe, 0xff, 0xde, 0xff,
    0xfe, 0xff, 0xde, 0xff, 0xde, 0xff, 0xfe, 0xff, 0xde, 0xff, 0xde, 0xff, 0xde, 0xff, 0xdd, 0xff,
    0xdd, 0xff, 0xdd, 0xff, 0xdd, 0xff, 0xdd, 0xff, 0xdd, 0xff, 0xdd, 0xff, 0xdd, 0xff, 0xdd, 0xff,
    0xdd, 0xff, 0xdd, 0xff, 0xdd, 0xff, 0xdd, 0xff, 0xbd, 0xff, 0xbd, 0xff, 0xbd, 0xff, 0xbd, 0xff,
    0xbd, 0xff, 0xbd, 0xff, 0xbd, 0xff, 0xdd, 0xff, 0xdd, 0xff, 0xdd, 0xff, 0xbd, 0xff, 0xdd, 0xff,
    0xdd, 0xff, 0xdd, 0xff, 0xbd, 0xff, 0xbd, 0xff, 0xbd, 0xff, 0xbd, 0xff, 0xbd, 0xff, 0xbd, 0xff,
    0xbd, 0xff, 0xbd, 0xff, 0xbd, 0xff, 0xbd, 0xff, 0x9d, 0xff, 0xbd, 0xff, 0x9d, 0xff, 0xbd, 0xff,
    0xbd, 0xff, 0xbd, 0xff, 0xbd, 0xff, 0x9d, 0xff, 0x9d, 0xff, 0x9d, 0xff, 0x9d, 0xff, 0x9d, 0xff,
    0x9d, 0xff, 0x9d, 0xf7, 0x9d, 0xf7, 0x9d, 0xff, 0x9d, 0xf7, 0x9d, 0xf7, 0x9d, 0xf7, 0x9d, 0xf7,
    0x9c, 0xf7, 0x9c, 0xf7, 0x9c, 0xf7, 0x7c, 0xf7, 0x7c, 0xf7, 0x7c, 0xf7, 0x7c, 0xf7, 0x7c, 0xf7,
    0x7c, 0xf7, 0x7c, 0xf7, 0x7c, 0xf7, 0x7c, 0xf7, 0x7c, 0xf7, 0x7c, 0xf7, 0x7c, 0xf7, 0x7c, 0xf7,
    0x7c, 0xf7, 0x7c, 0xf7, 0x7c, 0xf7, 0x7c, 0xf7, 0x7c, 0xf7, 0x7c, 0xf7, 0x7c, 0xf7, 0x7c, 0xf7,
    0x7c, 0xef, 0x5c, 0xef, 0x5c, 0xef, 0x5c, 0xef, 0x5c, 0xef, 0x5c, 0xef, 0x5c, 0xef, 0x5c, 0xef,
    0x5b, 0xef, 0x5c, 0xef, 0x5c, 0xef, 0x5c, 0xef, 0x5c, 0xef, 0x5c, 0xef, 0x5c, 0xef, 0x3c, 0xef,
    0x3b, 0xef, 0x3b, 0xef, 0x3b, 0xef, 0x3b, 0xef, 0x3b, 0xef, 0x3b, 0xef, 0x3b, 0xef, 0x3b, 0xef,
    0x3b, 0xef, 0x3b, 0xe7, 0x3b, 0xe7, 0x3b, 0xe7, 0x3b, 0xe7, 0x3b, 0xe7, 0x3b, 0xe7, 0x3b, 0xe7,
    0x3b, 0xe7, 0x3b, 0xe7, 0x3b, 0xe7, 0x3b, 0xe7, 0x3c, 0xe7, 0x3b, 0xe7, 0x3b, 0xe7, 0x1b, 0xe7,
    0x1b, 0xe7, 0x1b, 0xe7, 0x1b, 0xe7, 0x1b, 0xe7, 0x1b, 0xe7, 0x1b, 0xe7, 0x1b, 0xe7, 0x1b, 0xe7,
    0x1b, 0xe7, 0x1b, 0xe7, 0x1b, 0xe7, 0x1b, 0xe7, 0xfb, 0xde, 0xfb, 0xde, 0xfb, 0xde, 0xfb, 0xe6,
    0xfb, 0xde, 0xfb, 0xde, 0xfb, 0xde, 0xfb, 0xde, 0xfb, 0xde, 0xfb, 0xde, 0xfb, 0xde, 0xdb, 0xde,
    0xdb, 0xde, 0xfb, 0xde, 0xdb, 0xde, 0xdb, 0xde, 0xdb, 0xde, 0xdb, 0xde, 0xda, 0xde, 0xda, 0xde,
    0xda, 0xde, 0xdb, 0xde, 0xda, 0xde, 0xda, 0xde, 0xdb, 0xde, 0xda, 0xde, 0xda, 0xde, 0xda, 0xde,
    0xba, 0xd6, 0xba, 0xd6, 0xba, 0xd6, 0xba, 0xd6, 0xba, 0xd6, 0xba, 0xd6, 0xba, 0xd6, 0xba, 0xd6,
    0xba, 0xd6, 0xba, 0xd6, 0xba, 0xd6, 0xba, 0xd6, 0xba, 0xd6, 0xba, 0xd6, 0xba, 0xd6, 0xba, 0xd6,
    0xba, 0xd6, 0xba, 0xd6, 0xba, 0xd6, 0xba, 0xd6, 0xba, 0xd6, 0xba, 0xd6, 0xbb, 0xd6, 0xdb, 0xd6,
    0xff, 0xff, 0xff, 0xff, 0xff, 0xff, 0xff, 0xff, 0xff, 0xff, 0xff, 0xff, 0xff, 0xff, 0xff, 0xff,
    0xff, 0xff, 0xff, 0xff, 0xff, 0xff, 0xff, 0xff, 0xff, 0xff, 0xff, 0xff, 0xff, 0xff, 0xff, 0xff,
    0xff, 0xff, 0xff, 0xff, 0xff, 0xff, 0xff, 0xff, 0xff, 0xff, 0xff, 0xff, 0xff, 0xff, 0xff, 0xff,
    0xff, 0xff, 0xff, 0xff, 0xff, 0xff, 0xff, 0xff, 0xff, 0xff, 0xff, 0xff, 0xff, 0xff, 0xff, 0xff,
    0xff, 0xff, 0xff, 0xff, 0xff, 0xff, 0xff, 0xff, 0xff, 0xff, 0xff, 0xff, 0xff, 0xff, 0xff, 0xff,
    0xff, 0xff, 0xff, 0xff, 0xff, 0xff, 0xff, 0xff, 0xff, 0xff, 0xff, 0xff, 0xff, 0xff, 0xff, 0xff,
    0xff, 0xff, 0xff, 0xff, 0xff, 0xff, 0xff, 0xff, 0xff, 0xff, 0xff, 0xff, 0xff, 0xff, 0xff, 0xff,
    0xff, 0xff, 0xff, 0xff, 0xff, 0xff, 0xff, 0xff, 0xff, 0xff, 0xff, 0xff, 0xff, 0xff, 0xff, 0xff,
    0xff, 0xff, 0xff, 0xff, 0xff, 0xff, 0xff, 0xff, 0xff, 0xff, 0xff, 0xff, 0xff, 0xff, 0xfe, 0xff,
    0xff, 0xff, 0xff, 0xff, 0xff, 0xff, 0xff, 0xff, 0xff, 0xff, 0xff, 0xff, 0xfe, 0xff, 0xfe, 0xff,
    0xfe, 0xff, 0xfe, 0xff, 0xff, 0xff, 0xff, 0xff, 0xff, 0xff, 0xff, 0xff, 0xff, 0xff, 0xfe, 0xff,
    0xfd, 0xff, 0xfe, 0xff, 0xfe, 0xff, 0xfe, 0xff, 0xfe, 0xff, 0xfe, 0xff, 0xfe, 0xff, 0xfe, 0xff,
    0xfe, 0xff, 0xfe, 0xff, 0xfe, 0xff, 0xfe, 0xff, 0xfe, 0xff, 0xfe, 0xff, 0xfe, 0xff, 0xfe, 0xff,
    0xfe, 0xff, 0xfe, 0xff, 0xfe, 0xff, 0xfe, 0xff, 0xfe, 0xff, 0xfe, 0xff, 0xfe, 0xff, 0xfe, 0xff,
    0xfe, 0xff, 0xfe, 0xff, 0xde, 0xff, 0xde, 0xff, 0xde, 0xff, 0xde, 0xff, 0xdd, 0xff, 0xdd, 0xff,
    0xdd, 0xff, 0xde, 0xff, 0xdd, 0xff, 0xdd, 0xff, 0xdd, 0xff, 0xde, 0xff, 0xde, 0xff, 0xde, 0xff,
    0xde, 0xff, 0xde, 0xff, 0xde, 0xff, 0xde, 0xff, 0xde, 0xff, 0xde, 0xff, 0xde, 0xff, 0xde, 0xff,
    0xde, 0xff, 0xde, 0xff, 0xdd, 0xff, 0xdd, 0xff, 0xdd, 0xff, 0xdd, 0xff, 0xdd, 0xff, 0xdd, 0xff,
    0xdd, 0xff, 0xdd, 0xff, 0xdd, 0xff, 0xdd, 0xff, 0xbd, 0xff, 0xbd, 0xff, 0xbd, 0xff, 0xbd, 0xff,
    0xbd, 0xff, 0xbd, 0xff, 0xbd, 0xff, 0xdd, 0xff, 0xdd, 0xff, 0xdd, 0xff, 0xbd, 0xff, 0xbd, 0xff,
    0xdd, 0xff, 0xbd, 0xff, 0xbd, 0xff, 0xbd, 0xff, 0xbd, 0xff, 0xbd, 0xff, 0xbd, 0xff, 0xbd, 0xff,
    0xbd, 0xff, 0xbd, 0xff, 0xbd, 0xff, 0x9d, 0xff, 0x9d, 0xff, 0x9d, 0xff, 0x9d, 0xff, 0x9d, 0xff,
    0x9d, 0xff, 0xbd, 0xff, 0x9d, 0xff, 0x9d, 0xff, 0x9d, 0xff, 0x9d, 0xff, 0x9d, 0xff, 0x9d, 0xf7,
    0x9d, 0xf7, 0x9d, 0xf7, 0x9d, 0xf7, 0x9d, 0xf7, 0x9d, 0xf7, 0x9d, 0xf7, 0x9d, 0xf7, 0x9d, 0xf7,
    0x9d, 0xf7, 0x9c, 0xf7, 0x9c, 0xf7, 0x9c, 0xf7, 0x9c, 0xf7, 0x7c, 0xf7, 0x9c, 0xf7, 0x9c, 0xf7,
    0x7c, 0xf7, 0x7c, 0xf7, 0x7c, 0xf7, 0x7c, 0xf7, 0x7c, 0xf7, 0x7c, 0xf7, 0x7c, 0xf7, 0x7c, 0xf7,
    0x7c, 0xf7, 0x7c, 0xf7, 0x7c, 0xf7, 0x7c, 0xf7, 0x7c, 0xf7, 0x5c, 0xf7, 0x5c, 0xef, 0x5c, 0xef,
    0x5c, 0xef, 0x5c, 0xef, 0x5c, 0xef, 0x5c, 0xef, 0x5c, 0xef, 0x5c, 0xef, 0x5c, 0xef, 0x5c, 0xef,
    0x5b, 0xef, 0x5b, 0xef, 0x5c, 0xef, 0x5c, 0xef, 0x5c, 0xef, 0x5c, 0xef, 0x3c, 0xef, 0x3c, 0xef,
    0x3b, 0xef, 0x3b, 0xef, 0x3b, 0xef, 0x3b, 0xef, 0x3b, 0xef, 0x3b, 0xef, 0x3b, 0xef, 0x3b, 0xe7,
    0x3b, 0xe7, 0x3b, 0xe7, 0x3b, 0xe7, 0x3b, 0xe7, 0x3b, 0xe7, 0x3b, 0xe7, 0x3b, 0xe7, 0x3b, 0xe7,
    0x3b, 0xe7, 0x3b, 0xe7, 0x3b, 0xe7, 0x3b, 0xe7, 0x3b, 0xe7, 0x3c, 0xe7, 0x1b, 0xe7, 0x1b, 0xe7,
    0x1b, 0xe7, 0x1b, 0xe7, 0x1b, 0xe7, 0x1b, 0xe7, 0x1b, 0xe7, 0x1b, 0xe7, 0x1b, 0xe7, 0x1b, 0xe7,
    0x1b, 0xe7, 0x1b, 0xe7, 0x1b, 0xe7, 0x1b, 0xe7, 0x1b, 0xdf, 0xfb, 0xe6, 0xfb, 0xde, 0xfb, 0xde,
    0xfb, 0xde, 0xfb, 0xde, 0xfb, 0xde, 0xfb, 0xde, 0xfb, 0xde, 0xfb, 0xde, 0xdb, 0xde, 0xdb, 0xde,
    0xdb, 0xde, 0xdb, 0xde, 0xdb, 0xde, 0xdb, 0xde, 0xdb, 0xde, 0xda, 0xde, 0xda, 0xde, 0xda, 0xde,
    0xda, 0xde, 0xda, 0xde, 0xda, 0xde, 0xda, 0xde, 0xda, 0xde, 0xda, 0xde, 0xda, 0xde, 0xba, 0xd6,
    0xba, 0xd6, 0xba, 0xd6, 0xba, 0xd6, 0xba, 0xd6, 0xba, 0xd6, 0xba, 0xd6, 0xba, 0xd6, 0xba, 0xd6,
    0xba, 0xd6, 0xba, 0xd6, 0xba, 0xd6, 0xba, 0xd6, 0xba, 0xd6, 0xba, 0xd6, 0xba, 0xd6, 0xba, 0xd6,
    0xba, 0xd6, 0xba, 0xd6, 0xba, 0xd6, 0xba, 0xd6, 0xba, 0xd6, 0xba, 0xd6, 0xba, 0xd6, 0xba, 0xd6,
    0xff, 0xff, 0xff, 0xff, 0xff, 0xff, 0xff, 0xff, 0xff, 0xff, 0xff, 0xff, 0xff, 0xff, 0xff, 0xff,
    0xff, 0xff, 0xff, 0xff, 0xff, 0xff, 0xff, 0xff, 0xff, 0xff, 0xff, 0xff, 0xff, 0xff, 0xff, 0xff,
    0xff, 0xff, 0xff, 0xff, 0xff, 0xff, 0xff, 0xff, 0xff, 0xff, 0xff, 0xff, 0xff, 0xff, 0xff, 0xff,
    0xff, 0xff, 0xff, 0xff, 0xff, 0xff, 0xff, 0xff, 0xff, 0xff, 0xff, 0xff, 0xff, 0xff, 0xff, 0xff,
    0xff, 0xff, 0xff, 0xff, 0xff, 0xff, 0xff, 0xff, 0xff, 0xff, 0xff, 0xff, 0xff, 0xff, 0xff, 0xff,
    0xff, 0xff, 0xff, 0xff, 0xff, 0xff, 0xff, 0xff, 0xff, 0xff, 0xff, 0xff, 0xff, 0xff, 0xff, 0xff,
    0xff, 0xff, 0xff, 0xff, 0xff, 0xff, 0xff, 0xff, 0xff, 0xff, 0xff, 0xff, 0xff, 0xff, 0xff, 0xff,
    0xff, 0xff, 0xff, 0xff, 0xff, 0xff, 0xff, 0xff, 0xff, 0xff, 0xff, 0xff, 0xff, 0xff, 0xff, 0xff,
    0xff, 0xff, 0xff, 0xff, 0xff, 0xff, 0xff, 0xff, 0xff, 0xff, 0xff, 0xff, 0xff, 0xff, 0xff, 0xff,
    0xff, 0xff, 0xff, 0xff, 0xff, 0xff, 0xff, 0xff, 0xff, 0xff, 0xff, 0xff, 0xfe, 0xff, 0xfe, 0xff,
    0xfe, 0xff, 0xfe, 0xff, 0xff, 0xff, 0xff, 0xff, 0xfe, 0xff, 0xfe, 0xff, 0xfe, 0xff, 0xfe, 0xff,
    0xfe, 0xff, 0xfe, 0xff, 0xfe, 0xff, 0xfe, 0xff, 0xfe, 0xff, 0xfe, 0xff, 0xfe, 0xff, 0xfe, 0xff,
    0xfe, 0xff, 0xfe, 0xff, 0xfe, 0xff, 0xfe, 0xff, 0xfe, 0xff, 0xfe, 0xff, 0xfe, 0xff, 0xfe, 0xff,
    0xfe, 0xff, 0xfe, 0xff, 0xfe, 0xff, 0xfe, 0xff, 0xfe, 0xff, 0xfe, 0xff, 0xfe, 0xff, 0xfe, 0xff,
    0xfe, 0xff, 0xfe, 0xff, 0xde, 0xff, 0xde, 0xff, 0xdd, 0xff, 0xdd, 0xff, 0xdd, 0xff, 0xdd, 0xff,
    0xdd, 0xff, 0xdd, 0xff, 0xdd, 0xff, 0xdd, 0xff, 0xdd, 0xff, 0xdd, 0xff, 0xde, 0xff, 0xde, 0xff,
    0xdd, 0xff, 0xde, 0xff, 0xde, 0xff, 0xdd, 0xff, 0xdd, 0xff, 0xde, 0xff, 0xde, 0xff, 0xdd, 0xff,
    0xdd, 0xff, 0xdd, 0xff, 0xdd, 0xff, 0xdd, 0xff, 0xdd, 0xff, 0xdd, 0xff, 0xdd, 0xff, 0xdd, 0xff,
    0xdd, 0xff, 0xdd, 0xff, 0xdd, 0xff, 0xdd, 0xff, 0xbd, 0xff, 0xbd, 0xff, 0xbd, 0xff, 0xbd, 0xff,
    0xbd, 0xff, 0xbd, 0xff, 0xbd, 0xff, 0xbd, 0xff, 0xbd, 0xff, 0xbd, 0xff, 0xbd, 0xff, 0xbd, 0xff,
    0xbd, 0xff, 0xbd, 0xff, 0xbd, 0xff, 0xbd, 0xff, 0xbd, 0xff, 0xbd, 0xff, 0xbd, 0xff, 0xbd, 0xff,
    0xbd, 0xff, 0x9d, 0xff, 0xbd, 0xff, 0x9d, 0xff, 0x9d, 0xff, 0x9d, 0xff, 0x9d, 0xff, 0x9d, 0xff,
    0x9d, 0xff, 0x9d, 0xff, 0x9d, 0xff, 0x9d, 0xff, 0x9d, 0xff, 0x9d, 0xff, 0x9d, 0xf7, 0x9d, 0xff,
    0x9d, 0xf7, 0x9d, 0xf7, 0x9d, 0xf7, 0x9d, 0xf7, 0x9d, 0xf7, 0x9d, 0xf7, 0x9d, 0xf7, 0x9d, 0xf7,
    0x9d, 0xf7, 0x9c, 0xf7, 0x9c, 0xf7, 0x9c, 0xf7, 0x7c, 0xf7, 0x7c, 0xf7, 0x9c, 0xf7, 0x9c, 0xf7,
    0x7c, 0xf7, 0x7c, 0xf7, 0x7c, 0xf7, 0x7c, 0xf7, 0x7c, 0xf7, 0x7c, 0xf7, 0x7c, 0xf7, 0x7c, 0xf7,
    0x7c, 0xf7, 0x7c, 0xf7, 0x7c, 0xf7, 0x7c, 0xf7, 0x7c, 0xf7, 0x5c, 0xef, 0x5c, 0xef, 0x5c, 0xef,
    0x5c, 0xef, 0x5c, 0xef, 0x5c, 0xef, 0x5c, 0xef, 0x5c, 0xef, 0x5c, 0xef, 0x5c, 0xef, 0x5c, 0xef,
    0x5c, 0xef, 0x5b, 0xef, 0x5b, 0xef, 0x5b, 0xef, 0x5b, 0xef, 0x5c, 0xef, 0x5c, 0xef, 0x3c, 0xef,
    0x3c, 0xef, 0x3b, 0xef, 0x3b, 0xef, 0x3b, 0xef, 0x3b, 0xef, 0x3b, 0xef, 0x3b, 0xe7, 0x3b, 0xe7,
    0x3b, 0xe7, 0x3b, 0xe7, 0x3b, 0xe7, 0x3b, 0xe7, 0x3b, 0xe7, 0x3b, 0xe7, 0x3b, 0xe7, 0x1b, 0xe7,
    0x3b, 0xe7, 0x1b, 0xe7, 0x3b, 0xe7, 0x3b, 0xe7, 0x3b, 0xe7, 0x3b, 0xe7, 0x1b, 0xe7, 0x1b, 0xe7,
    0x1b, 0xe7, 0x1b, 0xe7, 0x1b, 0xe7, 0x1b, 0xe7, 0x1b, 0xe7, 0x1b, 0xe7, 0x1b, 0xe7, 0x1b, 0xe7,
    0x1b, 0xe7, 0x1b, 0xe7, 0x1b, 0xe7, 0xfb, 0xde, 0xfb, 0xde, 0xfb, 0xde, 0xfb, 0xde, 0xfb, 0xde,
    0xfb, 0xde, 0xfb, 0xde, 0xfb, 0xde, 0xfb, 0xde, 0xfb, 0xde, 0xfb, 0xde, 0xdb, 0xde, 0xdb, 0xde,
    0xfb, 0xde, 0xdb, 0xde, 0xdb, 0xde, 0xdb, 0xde, 0xdb, 0xde, 0xda, 0xde, 0xda, 0xde, 0xda, 0xde,
    0xd9, 0xde, 0xda, 0xde, 0xda, 0xde, 0xda, 0xde, 0xda, 0xde, 0xda, 0xde, 0xba, 0xd6, 0xba, 0xd6,
    0xba, 0xd6, 0xba, 0xd6, 0xba, 0xd6, 0xba, 0xd6, 0xba, 0xd6, 0xba, 0xd6, 0xba, 0xd6, 0xba, 0xd6,
    0xba, 0xd6, 0xba, 0xd6, 0xba, 0xd6, 0xba, 0xd6, 0xba, 0xd6, 0xba, 0xd6, 0xba, 0xd6, 0xba, 0xd6,
    0xba, 0xd6, 0xba, 0xd6, 0xba, 0xd6, 0xba, 0xd6, 0xba, 0xd6, 0xba, 0xd6, 0xba, 0xd6, 0xba, 0xd6,
    0xff, 0xff, 0xff, 0xff, 0xff, 0xff, 0xff, 0xff, 0xff, 0xff, 0xff, 0xff, 0xff, 0xff, 0xff, 0xff,
    0xff, 0xff, 0xff, 0xff, 0xff, 0xff, 0xff, 0xff, 0xff, 0xff, 0xff, 0xff, 0xff, 0xff, 0xff, 0xff,
    0xff, 0xff, 0xff, 0xff, 0xff, 0xff, 0xff, 0xff, 0xff, 0xff, 0xff, 0xff, 0xff, 0xff, 0xff, 0xff,
    0xff, 0xff, 0xff, 0xff, 0xff, 0xff, 0xff, 0xff, 0xff, 0xff, 0xff, 0xff, 0xff, 0xff, 0xff, 0xff,
    0xff, 0xff, 0xff, 0xff, 0xff, 0xff, 0xff, 0xff, 0xff, 0xff, 0xff, 0xff, 0xff, 0xff, 0xff, 0xff,
    0xff, 0xff, 0xff, 0xff, 0xff, 0xff, 0xff, 0xff, 0xff, 0xff, 0xff, 0xff, 0xff, 0xff, 0xff, 0xff,
    0xff, 0xff, 0xff, 0xff, 0xff, 0xff, 0xff, 0xff, 0xff, 0xff, 0xff, 0xff, 0xff, 0xff, 0xff, 0xff,
    0xff, 0xff, 0xff, 0xff, 0xff, 0xff, 0xff, 0xff, 0xff, 0xff, 0xff, 0xff, 0xff, 0xff, 0xff, 0xff,
    0xff, 0xff, 0xff, 0xff, 0xff, 0xff, 0xff, 0xff, 0xff, 0xff, 0xfe, 0xff, 0xfe, 0xff, 0xfe, 0xff,
    0xfe, 0xff, 0xff, 0xff, 0xfe, 0xff, 0xfe, 0xff, 0xfe, 0xff, 0xfe, 0xff, 0xfe, 0xff, 0xfe, 0xff,
    0xfe, 0xff, 0xfe, 0xff, 0xfe, 0xff, 0xfe, 0xff, 0xfe, 0xff, 0xfe, 0xff, 0xfe, 0xff, 0xfe, 0xff,
    0xfe, 0xff, 0xfe, 0xff, 0xfe, 0xff, 0xfe, 0xff, 0xfe, 0xff, 0xfe, 0xff, 0xfe, 0xff, 0xfe, 0xff,
    0xfe, 0xff, 0xfe, 0xff, 0xfe, 0xff, 0xfe, 0xff, 0xfe, 0xff, 0xfe, 0xff, 0xfe, 0xff, 0xfe, 0xff,
    0xfe, 0xff, 0xfe, 0xff, 0xfe, 0xff, 0xfe, 0xff, 0xfe, 0xff, 0xfe, 0xff, 0xfe, 0xff, 0xfe, 0xff,
    0xfd, 0xff, 0xdd, 0xff, 0xde, 0xff, 0xdd, 0xff, 0xdd, 0xff, 0xfd, 0xff, 0xdd, 0xff, 0xdd, 0xff,
    0xdd, 0xff, 0xdc, 0xff, 0xdd, 0xff, 0xde, 0xff, 0xde, 0xff, 0xdd, 0xff, 0xfd, 0xff, 0xfd, 0xff,
    0xdd, 0xff, 0xdd, 0xff, 0xdd, 0xff, 0xdd, 0xff, 0xdd, 0xff, 0xdd, 0xff, 0xdd, 0xff, 0xdd, 0xff,
    0xdd, 0xff, 0xdd, 0xff, 0xdd, 0xff, 0xdd, 0xff, 0xdd, 0xff, 0xdd, 0xff, 0xdd, 0xff, 0xdd, 0xff,
    0xdd, 0xff, 0xdd, 0xff, 0xbd, 0xff, 0xbd, 0xff, 0xbd, 0xff, 0xbd, 0xff, 0xbd, 0xff, 0xbd, 0xff,
    0xbd, 0xff, 0xbd, 0xff, 0xbd, 0xff, 0xbd, 0xff, 0xbd, 0xff, 0xbd, 0xff, 0xbd, 0xff, 0xbd, 0xff,
    0xbd, 0xff, 0xbd, 0xff, 0xbd, 0xff, 0xbd, 0xff, 0xbd, 0xff, 0xbd, 0xff, 0xbd, 0xff, 0xbd, 0xff,
    0xbd, 0xff, 0x9d, 0xff, 0x9d, 0xff, 0x9d, 0xff, 0x9d, 0xff, 0x9d, 0xff, 0x9d, 0xf7, 0x9d, 0xf7,
    0x9d, 0xff, 0x9d, 0xf7, 0x9d, 0xf7, 0x9d, 0xff, 0x9c, 0xf7, 0x9d, 0xf7, 0x9d, 0xff, 0x9d, 0xf7,
    0x9d, 0xf7, 0x9c, 0xf7, 0x9c, 0xf7, 0x9c, 0xf7, 0x9c, 0xf7, 0x9c, 0xf7, 0x9c, 0xf7, 0x9c, 0xf7,
    0x9c, 0xf7, 0x7c, 0xf7, 0x7c, 0xf7, 0x7c, 0xf7, 0x7c, 0xf7, 0x7c, 0xf7, 0x7c, 0xf7, 0x7c, 0xf7,
    0x7c, 0xf7, 0x7c, 0xf7, 0x7c, 0xf7, 0x7c, 0xf7, 0x7c, 0xf7, 0x7c, 0xf7, 0x7c, 0xf7, 0x7c, 0xf7,
    0x7c, 0xf7, 0x7c, 0xf7, 0x7c, 0xf7, 0x5c, 0xf7, 0x5c, 0xef, 0x5c, 0xef, 0x5c, 0xef, 0x5c, 0xef,
    0x5c, 0xef, 0x5c, 0xef, 0x5c, 0xef, 0x5c, 0xef, 0x5c, 0xef, 0x5c, 0xef, 0x5c, 0xef, 0x5c, 0xef,
    0x5b, 0xef, 0x5b, 0xef, 0x5b, 0xef, 0x5c, 0xef, 0x5b, 0xef, 0x5b, 0xef, 0x3b, 0xef, 0x3b, 0xef,
    0x3b, 0xef, 0x3b, 0xef, 0x3b, 0xef, 0x3b, 0xef, 0x3b, 0xef, 0x3b, 0xe7, 0x3b, 0xe7, 0x3b, 0xef,
    0x3b, 0xe7, 0x3b, 0xe7, 0x3b, 0xe7, 0x3b, 0xe7, 0x3b, 0xe7, 0x3b, 0xe7, 0x3b, 0xe7, 0x3b, 0xe7,
    0x1b, 0xe7, 0x3b, 0xe7, 0x3b, 0xe7, 0x3b, 0xe7, 0x3b, 0xe7, 0x3b, 0xe7, 0x1b, 0xe7, 0x1b, 0xe7,
    0x1b, 0xe7, 0x1b, 0xe7, 0x1b, 0xe7, 0x1b, 0xe7, 0x1b, 0xe7, 0x1b, 0xe7, 0x1b, 0xe7, 0x1b, 0xe7,
    0x1b, 0xe7, 0x1b, 0xe7, 0x1b, 0xdf, 0xfb, 0xde, 0xfb, 0xde, 0xfb, 0xde, 0xfb, 0xde, 0xfb, 0xde,
    0xfb, 0xde, 0xfb, 0xde, 0xfb, 0xde, 0xfb, 0xde, 0xfb, 0xde, 0xfb, 0xde, 0xfb, 0xde, 0xfb, 0xde,
    0xdb, 0xde, 0xdb, 0xde, 0xdb, 0xde, 0xdb, 0xde, 0xdb, 0xde, 0xdb, 0xde, 0xda, 0xde, 0xda, 0xde,
    0xda, 0xde, 0xda, 0xde, 0xda, 0xde, 0xda, 0xde, 0xda, 0xde, 0xda, 0xd6, 0xba, 0xd6, 0xba, 0xd6,
    0xba, 0xd6, 0xba, 0xd6, 0xba, 0xd6, 0xba, 0xd6, 0xba, 0xd6, 0xba, 0xd6, 0xba, 0xd6, 0xba, 0xd6,
    0xba, 0xd6, 0xba, 0xd6, 0xba, 0xd6, 0xba, 0xd6, 0xba, 0xd6, 0xba, 0xd6, 0xba, 0xd6, 0xba, 0xd6,
    0xba, 0xd6, 0xba, 0xd6, 0xba, 0xd6, 0xba, 0xd6, 0xba, 0xd6, 0xba, 0xd6, 0xba, 0xd6, 0xba, 0xd6,
    0xff, 0xff, 0xff, 0xff, 0xff, 0xff, 0xff, 0xff, 0xff, 0xff, 0xff, 0xff, 0xff, 0xff, 0xff, 0xff,
    0xff, 0xff, 0xff, 0xff, 0xff, 0xff, 0xff, 0xff, 0xff, 0xff, 0xff, 0xff, 0xff, 0xff, 0xff, 0xff,
    0xff, 0xff, 0xff, 0xff, 0xff, 0xff, 0xff, 0xff, 0xff, 0xff, 0xff, 0xff, 0xff, 0xff, 0xff, 0xff,
    0xff, 0xff, 0xff, 0xff, 0xff, 0xff, 0xff, 0xff, 0xff, 0xff, 0xff, 0xff, 0xff, 0xff, 0xff, 0xff,
    0xff, 0xff, 0xff, 0xff, 0xff, 0xff, 0xff, 0xff, 0xff, 0xff, 0xff, 0xff, 0xff, 0xff, 0xff, 0xff,
    0xff, 0xff, 0xff, 0xff, 0xff, 0xff, 0xff, 0xff, 0xff, 0xff, 0xff, 0xff, 0xff, 0xff, 0xff, 0xff,
    0xff, 0xff, 0xff, 0xff, 0xff, 0xff, 0xff, 0xff, 0xff, 0xff, 0xff, 0xff, 0xff, 0xff, 0xff, 0xff,
    0xff, 0xff, 0xff, 0xff, 0xff, 0xff, 0xff, 0xff, 0xff, 0xff, 0xff, 0xff, 0xfe, 0xff, 0xff, 0xff,
    0xff, 0xff, 0xff, 0xff, 0xff, 0xff, 0xfe, 0xff, 0xff, 0xff, 0xfe, 0xff, 0xff, 0xff, 0xfe, 0xff,
    0xfe, 0xff, 0xfe, 0xff, 0xfe, 0xff, 0xfe, 0xff, 0xfe, 0xff, 0xfe, 0xff, 0xfe, 0xff, 0xfe, 0xff,
    0xfe, 0xff, 0xfe, 0xff, 0xfe, 0xff, 0xfe, 0xff, 0xfe, 0xff, 0xfe, 0xff, 0xfe, 0xff, 0xfe, 0xff,
    0xfe, 0xff, 0xfe, 0xff, 0xfe, 0xff, 0xfe, 0xff, 0xfe, 0xff, 0xfe, 0xff, 0xfe, 0xff, 0xfe, 0xff,
    0xfe, 0xff, 0xfe, 0xff, 0xfe, 0xff, 0xfe, 0xff, 0xfe, 0xff, 0xfe, 0xff, 0xfe, 0xff, 0xfe, 0xff,
    0xfe, 0xff, 0xfe, 0xff, 0xfe, 0xff, 0xfd, 0xff, 0xfd, 0xff, 0xfe, 0xff, 0xfe, 0xff, 0xfd, 0xff,
    0xdd, 0xff, 0xfd, 0xff, 0xdd, 0xff, 0xdd, 0xff, 0xdd, 0xff, 0xdd, 0xff, 0xdd, 0xff, 0xdd, 0xff,
    0xdd, 0xff, 0xdd, 0xff, 0xdd, 0xff, 0xdd, 0xff, 0xdd, 0xff, 0xdd, 0xff, 0xdd, 0xff, 0xdd, 0xff,
    0xde, 0xff, 0xde, 0xff, 0xdd, 0xff, 0xdd, 0xff, 0xdd, 0xff, 0xdd, 0xff, 0xdd, 0xff, 0xdd, 0xff,
    0xdd, 0xff, 0xdd, 0xff, 0xdd, 0xff, 0xdd, 0xff, 0xdd, 0xff, 0xdd, 0xff, 0xdd, 0xff, 0xbd, 0xff,
    0xbd, 0xff, 0xbd, 0xff, 0xbd, 0xff, 0xbd, 0xff, 0xbd, 0xff, 0xbd, 0xff, 0xbd, 0xff, 0xbd, 0xff,
    0xbd, 0xff, 0xbd, 0xff, 0xbd, 0xff, 0xbd, 0xff, 0xbd, 0xff, 0xbd, 0xff, 0xbd, 0xff, 0xbd, 0xff,
    0xbd, 0xff, 0xbd, 0xff, 0xbd, 0xff, 0xbd, 0xff, 0xbd, 0xff, 0xbd, 0xff, 0x9d, 0xff, 0xbd, 0xff,
    0x9d, 0xff, 0x9d, 0xff, 0x9d, 0xff, 0x9d, 0xff, 0x9d, 0xff, 0x9d, 0xff, 0x9c, 0xf7, 0x9c, 0xf7,
    0x9d, 0xff, 0x9d, 0xf7, 0x9d, 0xf7, 0x9d, 0xf7, 0x9c, 0xf7, 0x9c, 0xf7, 0x9d, 0xf7, 0x9d, 0xf7,
    0x9c, 0xf7, 0x9c, 0xf7, 0x9c, 0xf7, 0x9c, 0xf7, 0x9c, 0xf7, 0x9c, 0xf7, 0x9c, 0xf7, 0x9c, 0xf7,
    0x9c, 0xf7, 0x7c, 0xf7, 0x7c, 0xf7, 0x7c, 0xf7, 0x7c, 0xf7, 0x7c, 0xf7, 0x7c, 0xf7, 0x7c, 0xf7,
    0x7c, 0xf7, 0x7c, 0xf7, 0x7c, 0xf7, 0x7c, 0xf7, 0x7c, 0xf7, 0x5c, 0xf7, 0x7c, 0xf7, 0x5c, 0xf7,
    0x7c, 0xf7, 0x7c, 0xf7, 0x7c, 0xf7, 0x7c, 0xf7, 0x5c, 0xf7, 0x5c, 0xef, 0x5c, 0xef, 0x5c, 0xef,
    0x5c, 0xef, 0x5c, 0xef, 0x5c, 0xef, 0x5c, 0xef, 0x5c, 0xef, 0x5c, 0xef, 0x5c, 0xef, 0x5b, 0xef,
    0x5b, 0xef, 0x5b, 0xef, 0x5b, 0xef, 0x3b, 0xef, 0x5b, 0xef, 0x3b, 0xef, 0x3b, 0xef, 0x3b, 0xef,
    0x3b, 0xef, 0x3b, 0xef, 0x3b, 0xef, 0x3b, 0xef, 0x3b, 0xef, 0x3b, 0xef, 0x3b, 0xef, 0x3b, 0xe7,
    0x3b, 0xe7, 0x3b, 0xe7, 0x3b, 0xe7, 0x3b, 0xe7, 0x3b, 0xe7, 0x3b, 0xe7, 0x3b, 0xe7, 0x3b, 0xe7,
    0x3b, 0xe7, 0x1b, 0xe7, 0x1b, 0xe7, 0x1b, 0xe7, 0x3b, 0xe7, 0x1b, 0xe7, 0x1b, 0xe7, 0x1b, 0xe7,
    0x1b, 0xe7, 0x1b, 0xe7, 0x1b, 0xe7, 0x1b, 0xe7, 0x1b, 0xe7, 0x1b, 0xe7, 0x1b, 0xe7, 0x1a, 0xe7,
    0x1a, 0xe7, 0xfa, 0xde, 0x1b, 0xe7, 0x1b, 0xdf, 0xfb, 0xde, 0xfb, 0xde, 0xfb, 0xde, 0xfb, 0xde,
    0xfb, 0xde, 0xfb, 0xde, 0xfb, 0xd6, 0xfb, 0xde, 0xfb, 0xde, 0xfb, 0xde, 0xfb, 0xde, 0xfa, 0xde,
    0xda, 0xde, 0xdb, 0xde, 0xdb, 0xde, 0xfb, 0xde, 0xfb, 0xde, 0xda, 0xde, 0xda, 0xde, 0xda, 0xde,
    0xda, 0xde, 0xda, 0xde, 0xda, 0xde, 0xda, 0xde, 0xda, 0xde, 0xda, 0xd6, 0xba, 0xd6, 0xba, 0xd6,
    0xba, 0xd6, 0xba, 0xd6, 0xba, 0xd6, 0xba, 0xd6, 0xba, 0xd6, 0xba, 0xd6, 0xba, 0xd6, 0xba, 0xd6,
    0xba, 0xd6, 0xba, 0xd6, 0xba, 0xd6, 0xba, 0xd6, 0xba, 0xd6, 0xba, 0xd6, 0xba, 0xd6, 0xba, 0xd6,
    0xba, 0xd6, 0xba, 0xd6, 0xba, 0xd6, 0xba, 0xd6, 0xba, 0xd6, 0xba, 0xd6, 0xba, 0xd6, 0xba, 0xd6,
    0xff, 0xff, 0xff, 0xff, 0xff, 0xff, 0xff, 0xff, 0xff, 0xff, 0xff, 0xff, 0xff, 0xff, 0xff, 0xff,
    0xff, 0xff, 0xff, 0xff, 0xff, 0xff, 0xff, 0xff, 0xff, 0xff, 0xff, 0xff, 0xfe, 0xff, 0xff, 0xff,
    0xff, 0xff, 0xff, 0xff, 0xff, 0xff, 0xff, 0xff, 0xff, 0xff, 0xff, 0xff, 0xff, 0xff, 0xff, 0xff,
    0xff, 0xff, 0xff, 0xff, 0xff, 0xff, 0xff, 0xff, 0xff, 0xff, 0xff, 0xff, 0xff, 0xff, 0xff, 0xff,
    0xff, 0xf7, 0xff, 0xf7, 0xff, 0xff, 0xff, 0xff, 0xff, 0xff, 0xff, 0xff, 0xff, 0xff, 0xff, 0xff,
    0xff, 0xff, 0xff, 0xff, 0xff, 0xff, 0xff, 0xff, 0xff, 0xff, 0xff, 0xff, 0xff, 0xff, 0xff, 0xff,
    0xff, 0xff, 0xff, 0xff, 0xff, 0xff, 0xff, 0xff, 0xff, 0xff, 0xff, 0xff, 0xff, 0xff, 0xff, 0xff,
    0xff, 0xff, 0xff, 0xff, 0xff, 0xff, 0xff, 0xff, 0xff, 0xff, 0xff, 0xff, 0xfe, 0xff, 0xff, 0xff,
    0xff, 0xff, 0xff, 0xff, 0xff, 0xff, 0xff, 0xff, 0xff, 0xff, 0xfe, 0xff, 0xfe, 0xff, 0xfe, 0xff,
    0xfe, 0xff, 0xfe, 0xff, 0xfe, 0xff, 0xfe, 0xff, 0xfe, 0xff, 0xfe, 0xff, 0xfd, 0xff, 0xfe, 0xff,
    0xfe, 0xff, 0xfe, 0xff, 0xfe, 0xff, 0xfe, 0xff, 0xfe, 0xff, 0xfe, 0xff, 0xfe, 0xff, 0xfe, 0xff,
    0xfe, 0xff, 0xfe, 0xff, 0xfe, 0xff, 0xfe, 0xff, 0xfe, 0xff, 0xfe, 0xff, 0xfe, 0xff, 0xfe, 0xff,
    0xfe, 0xff, 0xfe, 0xff, 0xfe, 0xff, 0xfe, 0xff, 0xfe, 0xff, 0xfe, 0xff, 0xfe, 0xff, 0xfe, 0xff,
    0xfe, 0xff, 0xfd, 0xff, 0xfd, 0xff, 0xfd, 0xff, 0xdd, 0xff, 0xfd, 0xff, 0xdd, 0xff, 0xfd, 0xff,
    0xfe, 0xff, 0xdd, 0xff, 0xdd, 0xff, 0xdd, 0xff, 0xdd, 0xff, 0xdd, 0xff, 0xdd, 0xff, 0xdd, 0xff,
    0xdd, 0xff, 0xdd, 0xff, 0xdd, 0xff, 0xdd, 0xff, 0xdd, 0xff, 0xdd, 0xff, 0xdd, 0xff, 0xdd, 0xff,
    0xdd, 0xff, 0xde, 0xff, 0xde, 0xff, 0xdd, 0xff, 0xdd, 0xff, 0xdd, 0xff, 0xdd, 0xff, 0xdd, 0xff,
    0xdd, 0xff, 0xdd, 0xff, 0xdd, 0xff, 0xdd, 0xff, 0xdd, 0xff, 0xdd, 0xff, 0xdd, 0xff, 0xbd, 0xff,
    0xbd, 0xff, 0xbd, 0xff, 0xbd, 0xff, 0xbd, 0xff, 0xbd, 0xff, 0xbd, 0xff, 0xbd, 0xff, 0xbd, 0xff,
    0xbd, 0xff, 0xbd, 0xff, 0xbd, 0xff, 0xbd, 0xff, 0xbd, 0xff, 0xbd, 0xff, 0xbd, 0xff, 0xbd, 0xff,
    0xbd, 0xff, 0xbd, 0xff, 0xbd, 0xff, 0xbd, 0xff, 0xbd, 0xff, 0x9d, 0xff, 0xbd, 0xff, 0x9d, 0xff,
    0x9d, 0xff, 0x9c, 0xff, 0x9d, 0xff, 0x9d, 0xff, 0x9d, 0xff, 0x9c, 0xf7, 0x9d, 0xf7, 0x9d, 0xf7,
    0x9d, 0xff, 0x9d, 0xf7, 0x9d, 0xf7, 0x9d, 0xf7, 0x9c, 0xf7, 0x9c, 0xf7, 0x9c, 0xf7, 0x9c, 0xf7,
    0x9c, 0xf7, 0x9c, 0xf7, 0x9c, 0xf7, 0x9c, 0xf7, 0x9c, 0xf7, 0x9c, 0xf7, 0x7c, 0xf7, 0x7c, 0xf7,
    0x7c, 0xf7, 0x7c, 0xf7, 0x7c, 0xf7, 0x7c, 0xf7, 0x7c, 0xf7, 0x7c, 0xf7, 0x7c, 0xf7, 0x7c, 0xf7,
    0x7c, 0xf7, 0x7c, 0xf7, 0x7c, 0xf7, 0x7c, 0xf7, 0x7c, 0xf7, 0x5c, 0xf7, 0x7c, 0xef, 0x7c, 0xf7,
    0x7c, 0xf7, 0x7c, 0xf7, 0x7c, 0xf7, 0x7c, 0xf7, 0x5c, 0xf7, 0x5c, 0xf7, 0x7c, 0xf7, 0x5c, 0xf7,
    0x5c, 0xef, 0x5c, 0xef, 0x5c, 0xef, 0x5c, 0xef, 0x5c, 0xef, 0x5b, 0xef, 0x5b, 0xef, 0x5b, 0xef,
    0x5b, 0xef, 0x3b, 0xef, 0x3b, 0xef, 0x5b, 0xef, 0x3b, 0xef, 0x3b, 0xef, 0x3b, 0xef, 0x3b, 0xef,
    0x3c, 0xef, 0x3c, 0xef, 0x3b, 0xef, 0x3c, 0xef, 0x3c, 0xef, 0x3b, 0xef, 0x3b, 0xe7, 0x3b, 0xe7,
    0x3b, 0xe7, 0x3b, 0xe7, 0x3b, 0xe7, 0x3b, 0xe7, 0x3b, 0xe7, 0x3b, 0xe7, 0x3b, 0xe7, 0x3b, 0xe7,
    0x3b, 0xe7, 0x3c, 0xe7, 0x3b, 0xe7, 0x3b, 0xe7, 0x3b, 0xe7, 0x3b, 0xe7, 0x3b, 0xe7, 0x3b, 0xe7,
    0x1b, 0xe7, 0x1b, 0xe7, 0x1b, 0xe7, 0x1b, 0xe7, 0x1b, 0xe7, 0x1b, 0xe7, 0x1b, 0xe7, 0x1b, 0xe7,
    0x1b, 0xe7, 0x1b, 0xe7, 0x1b, 0xe7, 0x1b, 0xe7, 0x1b, 0xe7, 0x1b, 0xdf, 0xfb, 0xde, 0xfb, 0xde,
    0xfb, 0xde, 0xfb, 0xde, 0xfb, 0xde, 0xfb, 0xde, 0xfb, 0xde, 0xfb, 0xde, 0xfb, 0xde, 0xfb, 0xde,
    0xfb, 0xde, 0xfb, 0xde, 0xfb, 0xde, 0xfb, 0xde, 0xfa, 0xde, 0xda, 0xde, 0xda, 0xde, 0xda, 0xde,
    0xda, 0xde, 0xda, 0xde, 0xda, 0xde, 0xda, 0xde, 0xda, 0xde, 0xda, 0xde, 0xda, 0xd6, 0xba, 0xd6,
    0xba, 0xd6, 0xba, 0xd6, 0xba, 0xd6, 0xba, 0xd6, 0xba, 0xd6, 0xba, 0xd6, 0xba, 0xd6, 0xba, 0xd6,
    0xba, 0xd6, 0xba, 0xd6, 0xba, 0xd6, 0xba, 0xd6, 0xba, 0xd6, 0xba, 0xd6, 0xba, 0xd6, 0xba, 0xd6,
    0xba, 0xd6, 0xba, 0xd6, 0xba, 0xd6, 0xba, 0xd6, 0xba, 0xd6, 0xba, 0xd6, 0xba, 0xd6, 0xba, 0xd6,
    0xff, 0xff, 0xff, 0xff, 0xff, 0xff, 0xff, 0xff, 0xff, 0xff, 0xff, 0xff, 0xff, 0xff, 0xff, 0xff,
    0xff, 0xff, 0xff, 0xff, 0xff, 0xff, 0xff, 0xff, 0xff, 0xff, 0xff, 0xff, 0xff, 0xff, 0xff, 0xff,
    0xfe, 0xff, 0xff, 0xff, 0xff, 0xff, 0xff, 0xff, 0xff, 0xff, 0xff, 0xff, 0xff, 0xff, 0xff, 0xff,
    0xff, 0xff, 0xff, 0xff, 0xff, 0xff, 0xff, 0xff, 0xdf, 0xf7, 0xff, 0xff, 0xff, 0xff, 0xff, 0xff,
    0xff, 0xff, 0xff, 0xff, 0xff, 0xff, 0xff, 0xff, 0xff, 0xff, 0xff, 0xff, 0xff, 0xff, 0xde, 0xf7,
    0xde, 0xf7, 0xde, 0xf7, 0xde, 0xf7, 0xde, 0xf7, 0xde, 0xf7, 0xde, 0xf7, 0xde, 0xf7, 0xde, 0xf7,
    0xde, 0xf7, 0xde, 0xf7, 0xde, 0xf7, 0xde, 0xf7, 0xde, 0xf7, 0xde, 0xf7, 0xde, 0xf7, 0xde, 0xf7,
    0xde, 0xf7, 0xde, 0xf7, 0xde, 0xf7, 0xde, 0xf7, 0xde, 0xf7, 0xde, 0xf7, 0xde, 0xf7, 0xde, 0xf7,
    0xde, 0xf7, 0xde, 0xf7, 0xde, 0xf7, 0xde, 0xf7, 0xde, 0xf7, 0xde, 0xf7, 0xde, 0xf7, 0xde, 0xf7,
    0xde, 0xff, 0xde, 0xff, 0xde, 0xff, 0xde, 0xff, 0xde, 0xff, 0xde, 0xff, 0xfe, 0xff, 0xfe, 0xff,
    0xfe, 0xff, 0xfe, 0xff, 0xfe, 0xff, 0xfe, 0xff, 0xfe, 0xff, 0xfe, 0xff, 0xfe, 0xff, 0xfe, 0xff,
    0xfe, 0xff, 0xfe, 0xff, 0xfe, 0xff, 0xfe, 0xff, 0xfe, 0xff, 0xfe, 0xff, 0xfe, 0xff, 0xfe, 0xff,
    0xfe, 0xff, 0xfe, 0xff, 0xfe, 0xff, 0xfe, 0xff, 0xfe, 0xff, 0xfe, 0xff, 0xfe, 0xff, 0xfe, 0xff,
    0xfe, 0xff, 0xfd, 0xff, 0xfe, 0xff, 0xfd, 0xff, 0xdd, 0xff, 0xfd, 0xff, 0xdd, 0xff, 0xdd, 0xff,
    0xdd, 0xff, 0xdd, 0xff, 0xdd, 0xff, 0xdd, 0xff, 0xdd, 0xff, 0xdd, 0xff, 0xdd, 0xff, 0xdd, 0xff,
    0xdd, 0xff, 0xdd, 0xff, 0xdd, 0xff, 0xdd, 0xff, 0xdd, 0xff, 0xdd, 0xff, 0xdd, 0xff, 0xdd, 0xff,
    0xdd, 0xff, 0xdd, 0xff, 0xde, 0xff, 0xdd, 0xff, 0xdd, 0xff, 0xdd, 0xff, 0xdd, 0xff, 0xdd, 0xff,
    0xdd, 0xff, 0xdd, 0xff, 0xdd, 0xff, 0xdd, 0xff, 0xdd, 0xff, 0xdd, 0xff, 0xbd, 0xff, 0xbd, 0xff,
    0xbd, 0xff, 0xbd, 0xff, 0xbd, 0xff, 0xbd, 0xff, 0xbd, 0xff, 0xbd, 0xff, 0xbd, 0xff, 0xbd, 0xff,
    0xbd, 0xff, 0xbd, 0xff, 0xbd, 0xff, 0xbd, 0xff, 0xbd, 0xff, 0xbd, 0xff, 0xbd, 0xff, 0xbd, 0xff,
    0xbd, 0xff, 0xbd, 0xff, 0xbd, 0xff, 0xbd, 0xff, 0xbd, 0xff, 0xbd, 0xff, 0x9d, 0xff, 0x9d, 0xff,
    0x9d, 0xff, 0x9d, 0xff, 0x9d, 0xff, 0x9d, 0xff, 0x9d, 0xff, 0x9d, 0xf7, 0x9d, 0xf7, 0x9d, 0xf7,
    0x9d, 0xf7, 0x9d, 0xff, 0x9c, 0xf7, 0x9c, 0xf7, 0x9c, 0xf7, 0x9c, 0xf7, 0x9c, 0xf7, 0x9c, 0xf7,
    0x9c, 0xf7, 0x9c, 0xf7, 0x9c, 0xf7, 0x9c, 0xf7, 0x9c, 0xf7, 0x9c, 0xf7, 0x9c, 0xf7, 0x9c, 0xf7,
    0x7c, 0xf7, 0x7c, 0xf7, 0x7c, 0xf7, 0x7c, 0xf7, 0x7c, 0xf7, 0x7c, 0xf7, 0x7c, 0xf7, 0x9c, 0xf7,
    0x7c, 0xf7, 0x7c, 0xf7, 0x7c, 0xf7, 0x7c, 0xf7, 0x7c, 0xf7, 0x7c, 0xf7, 0x7c, 0xf7, 0x7c, 0xf7,
    0x5c, 0xf7, 0x7c, 0xf7, 0x5c, 0xf7, 0x5c, 0xf7, 0x5c, 0xf7, 0x5c, 0xf7, 0x5c, 0xf7, 0x5c, 0xf7,
    0x5c, 0xf7, 0x5c, 0xef, 0x5c, 0xef, 0x5c, 0xef, 0x5b, 0xef, 0x5c, 0xef, 0x5b, 0xef, 0x5b, 0xef,
    0x5c, 0xef, 0x5b, 0xef, 0x5b, 0xef, 0x3b, 0xef, 0x3b, 0xef, 0x3b, 0xe7, 0x3c, 0xe7, 0x3b, 0xe7,
    0x3c, 0xe7, 0x3c, 0xe7, 0x3c, 0xe7, 0x3b, 0xe7, 0x3b, 0xe7, 0x1c, 0xe7, 0x1c, 0xe7, 0x1b, 0xe7,
    0x1b, 0xe7, 0x1b, 0xe7, 0x1b, 0xe7, 0x1b, 0xe7, 0x1b, 0xe7, 0x1b, 0xe7, 0x1b, 0xe7, 0x1b, 0xe7,
    0x1b, 0xdf, 0x1b, 0xdf, 0x1b, 0xdf, 0x1c, 0xdf, 0x1b, 0xdf, 0x1b, 0xdf, 0xfb, 0xde, 0xfb, 0xde,
    0xfb, 0xde, 0xfb, 0xde, 0xfb, 0xde, 0xfb, 0xde, 0xfb, 0xd6, 0xfc, 0xde, 0xfc, 0xde, 0xfc, 0xd6,
    0xfc, 0xd6, 0xfc, 0xd6, 0xfc, 0xd6, 0xfc, 0xd6, 0xfb, 0xd6, 0xfc, 0xd6, 0xfc, 0xd6, 0xfc, 0xd6,
    0xfc, 0xd6, 0xfc, 0xd6, 0xfc, 0xd6, 0xfc, 0xd6, 0xfc, 0xd6, 0xfc, 0xd6, 0xfc, 0xde, 0xfc, 0xd6,
    0xfc, 0xde, 0xfc, 0xde, 0x1b, 0xdf, 0xfc, 0xde, 0xfb, 0xde, 0xfb, 0xde, 0xfb, 0xde, 0xfb, 0xde,
    0xdb, 0xde, 0xdb, 0xde, 0xda, 0xde, 0xba, 0xde, 0xba, 0xde, 0xda, 0xde, 0xda, 0xde, 0xba, 0xd6,
    0xba, 0xd6, 0xba, 0xd6, 0xba, 0xd6, 0xba, 0xd6, 0xba, 0xd6, 0xba, 0xd6, 0xba, 0xd6, 0xba, 0xd6,
    0xba, 0xd6, 0xba, 0xd6, 0xba, 0xd6, 0xba, 0xd6, 0xba, 0xd6, 0xba, 0xd6, 0xba, 0xd6, 0xba, 0xd6,
    0xba, 0xd6, 0xba, 0xd6, 0xba, 0xd6, 0xba, 0xd6, 0xba, 0xd6, 0xba, 0xd6, 0xba, 0xd6, 0xba, 0xd6,
    0xff, 0xff, 0xff, 0xff, 0xff, 0xff, 0xff, 0xff, 0xff, 0xff, 0xff, 0xff, 0xff, 0xff, 0xff, 0xff,
    0xff, 0xff, 0xff, 0xff, 0xfe, 0xff, 0xff, 0xff, 0xff, 0xff, 0xff, 0xff, 0xff, 0xff, 0xff, 0xff,
    0xfe, 0xff, 0xff, 0xff, 0xff, 0xff, 0xff, 0xff, 0xff, 0xff, 0xff, 0xff, 0xff, 0xff, 0xff, 0xff,
    0xff, 0xff, 0xff, 0xf7, 0xff, 0xff, 0xff, 0xff, 0xff, 0xff, 0xff, 0xff, 0xde, 0xf7, 0xbe, 0xf7,
    0x9e, 0xef, 0x7d, 0xe7, 0x5d, 0xe7, 0x5e, 0xe7, 0x5d, 0xe7, 0x5d, 0xe7, 0x5d, 0xe7, 0x5d, 0xe7,
    0x5e, 0xe7, 0x5e, 0xe7, 0x7e, 0xe7, 0x5e, 0xe7, 0x7d, 0xe7, 0x7d, 0xe7, 0x7d, 0xe7, 0x7d, 0xe7,
    0x7e, 0xe7, 0x7d, 0xe7, 0x7e, 0xe7, 0x7d, 0xe7, 0x7e, 0xe7, 0x9e, 0xef, 0x9e, 0xef, 0x9e, 0xef,
    0x9e, 0xef, 0xbe, 0xef, 0xbe, 0xef, 0xbe, 0xef, 0xbe, 0xf7, 0xbe, 0xf7, 0xbe, 0xf7, 0xbe, 0xf7,
    0xbe, 0xf7, 0xbe, 0xf7, 0xbe, 0xf7, 0xbe, 0xf7, 0xbe, 0xf7, 0xbe, 0xf7, 0xde, 0xf7, 0xde, 0xf7,
    0xde, 0xf7, 0xde, 0xf7, 0xde, 0xf7, 0xde, 0xff, 0xde, 0xff, 0xde, 0xff, 0xde, 0xff, 0xde, 0xff,
    0xde, 0xff, 0xfe, 0xff, 0xfe, 0xff, 0xfe, 0xff, 0xfe, 0xff, 0xfe, 0xff, 0xfe, 0xff, 0xfe, 0xff,
    0xfe, 0xff, 0xfe, 0xff, 0xfe, 0xff, 0xfe, 0xff, 0xfe, 0xff, 0xfe, 0xff, 0xfe, 0xff, 0xfe, 0xff,
    0xfe, 0xff, 0xfe, 0xff, 0xfe, 0xff, 0xfe, 0xff, 0xfe, 0xff, 0xde, 0xff, 0xfe, 0xff, 0xfd, 0xff,
    0xfd, 0xff, 0xde, 0xff, 0xdd, 0xff, 0xdd, 0xff, 0xdd, 0xff, 0xdd, 0xff, 0xdd, 0xff, 0xdd, 0xff,
    0xdd, 0xff, 0xdd, 0xff, 0xdd, 0xff, 0xdd, 0xff, 0xdd, 0xff, 0xdd, 0xff, 0xdd, 0xff, 0xdd, 0xff,
    0xdd, 0xff, 0xdd, 0xff, 0xdd, 0xff, 0xdd, 0xff, 0xde, 0xff, 0xdd, 0xff, 0xdd, 0xff, 0xdd, 0xff,
    0xdd, 0xff, 0xde, 0xff, 0xdd, 0xff, 0xdd, 0xff, 0xdd, 0xff, 0xdd, 0xff, 0xdd, 0xff, 0xdd, 0xff,
    0xdd, 0xff, 0xdd, 0xff, 0xdd, 0xff, 0xdd, 0xff, 0xdd, 0xff, 0xdd, 0xff, 0xbd, 0xff, 0xbd, 0xff,
    0xbd, 0xff, 0xbd, 0xff, 0xbd, 0xff, 0xbd, 0xff, 0xbd, 0xff, 0xbd, 0xff, 0xbd, 0xff, 0xbd, 0xff,
    0xbd, 0xff, 0xbd, 0xff, 0xbd, 0xff, 0xbd, 0xff, 0xbd, 0xff, 0xbd, 0xff, 0xbd, 0xff, 0xbd, 0xff,
    0xbd, 0xff, 0xbd, 0xff, 0xbd, 0xff, 0x9d, 0xff, 0x9d, 0xff, 0xbd, 0xff, 0x9d, 0xff, 0x9d, 0xff,
    0x9d, 0xff, 0x9d, 0xff, 0x9d, 0xff, 0x9d, 0xff, 0x9d, 0xff, 0x9d, 0xf7, 0x9c, 0xf7, 0x9d, 0xf7,
    0x9d, 0xf7, 0x9d, 0xf7, 0x9d, 0xf7, 0x9d, 0xf7, 0x9c, 0xf7, 0x9c, 0xf7, 0x9c, 0xf7, 0x9c, 0xf7,
    0x9c, 0xf7, 0x9c, 0xf7, 0x9c, 0xf7, 0x9c, 0xf7, 0x9c, 0xf7, 0x9c, 0xf7, 0x7c, 0xf7, 0x7c, 0xf7,
    0x7c, 0xf7, 0x7c, 0xf7, 0x7c, 0xf7, 0x7c, 0xf7, 0x7c, 0xf7, 0x7c, 0xf7, 0x7c, 0xf7, 0x7c, 0xf7,
    0x7c, 0xf7, 0x7c, 0xf7, 0x7c, 0xf7, 0x7c, 0xf7, 0x7c, 0xf7, 0x7c, 0xf7, 0x7c, 0xf7, 0x7c, 0xef,
    0x7c, 0xf7, 0x7c, 0xef, 0x5c, 0xf7, 0x5c, 0xf7, 0x5c, 0xf7, 0x5c, 0xef, 0x5c, 0xef, 0x5c, 0xf7,
    0x5c, 0xef, 0x5c, 0xef, 0x5c, 0xef, 0x5c, 0xef, 0x5c, 0xef, 0x5b, 0xef, 0x5b, 0xef, 0x5b, 0xef,
    0x5b, 0xef, 0x3b, 0xef, 0x3b, 0xe7, 0x3b, 0xe7, 0x3b, 0xe7, 0x3c, 0xe7, 0x3c, 0xe7, 0x3c, 0xe7,
    0x3c, 0xe7, 0x1c, 0xe7, 0x1b, 0xe7, 0x1c, 0xe7, 0x1c, 0xe7, 0x1c, 0xdf, 0x1c, 0xdf, 0x1b, 0xdf,
    0x1b, 0xdf, 0xfb, 0xde, 0xfb, 0xde, 0xfb, 0xde, 0xfb, 0xde, 0xfb, 0xde, 0xfb, 0xde, 0xfb, 0xde,
    0xdb, 0xd6, 0xdb, 0xd6, 0xdb, 0xd6, 0xdb, 0xd6, 0xdb, 0xd6, 0xbb, 0xd6, 0xbb, 0xd6, 0xbb, 0xd6,
    0xbb, 0xce, 0xba, 0xce, 0x9b, 0xce, 0x9a, 0xce, 0x9a, 0xce, 0x9b, 0xce, 0xbb, 0xce, 0x9b, 0xce,
    0x9b, 0xce, 0x9b, 0xce, 0x9b, 0xce, 0x9b, 0xc6, 0x9a, 0xc6, 0x7a, 0xc6, 0x7a, 0xc6, 0x7a, 0xc6,
    0x7a, 0xc6, 0x5a, 0xc6, 0x5a, 0xbe, 0x5a, 0xbe, 0x5a, 0xbe, 0x5a, 0xc6, 0x5a, 0xc6, 0x5a, 0xbe,
    0x5a, 0xc6, 0x5a, 0xc6, 0x7a, 0xc6, 0x7a, 0xc6, 0x7a, 0xc6, 0x9b, 0xce, 0xbb, 0xce, 0xdb, 0xd6,
    0xfb, 0xd6, 0xfc, 0xde, 0xfb, 0xde, 0xfb, 0xde, 0xda, 0xde, 0xda, 0xde, 0xba, 0xd6, 0xba, 0xd6,
    0xba, 0xd6, 0xba, 0xd6, 0xba, 0xd6, 0xba, 0xd6, 0xba, 0xd6, 0xba, 0xd6, 0xba, 0xd6, 0xba, 0xd6,
    0xba, 0xd6, 0xba, 0xd6, 0xba, 0xd6, 0xba, 0xd6, 0xba, 0xd6, 0xba, 0xd6, 0xba, 0xd6, 0xba, 0xd6,
    0xba, 0xd6, 0xba, 0xd6, 0xba, 0xd6, 0xba, 0xd6, 0xba, 0xd6, 0xba, 0xd6, 0xba, 0xd6, 0xba, 0xd6,
    0xff, 0xff, 0xff, 0xff, 0xff, 0xff, 0xff, 0xff, 0xff, 0xff, 0xff, 0xff, 0xff, 0xff, 0xff, 0xff,
    0xff, 0xff, 0xff, 0xff, 0xfe, 0xff, 0xff, 0xff, 0xff, 0xff, 0xff, 0xff, 0xff, 0xff, 0xff, 0xff,
    0xff, 0xff, 0xff, 0xff, 0xff, 0xff, 0xff, 0xff, 0xff, 0xff, 0xff, 0xff, 0xff, 0xff, 0xdf, 0xf7,
    0xff, 0xff, 0xff, 0xff, 0xff, 0xff, 0xbe, 0xf7, 0x5d, 0xe7, 0x1d, 0xdf, 0xfc, 0xd6, 0x1d, 0xd7,
    0x3d, 0xdf, 0x5d, 0xe7, 0x9e, 0xef, 0xbe, 0xef, 0xbe, 0xf7, 0xde, 0xf7, 0xde, 0xf7, 0xde, 0xf7,
    0xde, 0xf7, 0xde, 0xf7, 0xdf, 0xf7, 0xdf, 0xff, 0xdf, 0xf7, 0xff, 0xff, 0xff, 0xff, 0xff, 0xff,
    0xff, 0xff, 0xfe, 0xff, 0xfe, 0xff, 0xfe, 0xff, 0xfe, 0xff, 0xfe, 0xff, 0xfe, 0xff, 0xfe, 0xff,
    0xfe, 0xff, 0xfe, 0xff, 0xfe, 0xff, 0xfe, 0xff, 0xfe, 0xff, 0xfe, 0xff, 0xfe, 0xff, 0xfe, 0xff,
    0xfe, 0xff, 0xfe, 0xff, 0xfe, 0xff, 0xfe, 0xff, 0xfe, 0xff, 0xfe, 0xff, 0xfe, 0xff, 0xfe, 0xff,
    0xfe, 0xff, 0xfe, 0xff, 0xfe, 0xff, 0xfe, 0xff, 0xfe, 0xff, 0xfe, 0xff, 0xfe, 0xff, 0xfe, 0xff,
    0xfe, 0xff, 0xfe, 0xff, 0xfe, 0xff, 0xfe, 0xff, 0xfe, 0xff, 0xfe, 0xff, 0xfe, 0xff, 0xfe, 0xff,
    0xfe, 0xff, 0xfe, 0xff, 0xfe, 0xff, 0xfe, 0xff, 0xfe, 0xff, 0xfe, 0xff, 0xfe, 0xff, 0xfe, 0xff,
    0xfe, 0xff, 0xfe, 0xff, 0xfe, 0xff, 0xfe, 0xff, 0xdd, 0xff, 0xdd, 0xff, 0xfd, 0xff, 0xdd, 0xff,
    0xdd, 0xff, 0xdd, 0xff, 0xdd, 0xff, 0xdd, 0xff, 0xdd, 0xff, 0xdd, 0xff, 0xdd, 0xff, 0xdd, 0xff,
    0xde, 0xff, 0xdd, 0xff, 0xdd, 0xff, 0xdd, 0xff, 0xdd, 0xff, 0xdd, 0xff, 0xdd, 0xff, 0xdd, 0xff,
    0xdd, 0xff, 0xdd, 0xff, 0xdd, 0xff, 0xdd, 0xff, 0xdd, 0xff, 0xdd, 0xff, 0xdd, 0xff, 0xdd, 0xff,
    0xdd, 0xff, 0xdd, 0xff, 0xdd, 0xff, 0xdd, 0xff, 0xdd, 0xff, 0xdd, 0xff, 0xdd, 0xff, 0xdd, 0xff,
    0xdd, 0xff, 0xdd, 0xff, 0xdd, 0xff, 0xdd, 0xff, 0xdd, 0xff, 0xbd, 0xff, 0xbd, 0xff, 0xbd, 0xff,
    0xbd, 0xff, 0xbd, 0xff, 0xbd, 0xff, 0xbd, 0xff, 0xbd, 0xff, 0xbd, 0xff, 0xbd, 0xff, 0xbd, 0xff,
    0xbd, 0xff, 0xbd, 0xff, 0xbd, 0xff, 0xbd, 0xff, 0xbd, 0xff, 0xbd, 0xff, 0xbd, 0xff, 0xbd, 0xff,
    0xbd, 0xff, 0xbd, 0xff, 0xbd, 0xff, 0x9d, 0xff, 0x9d, 0xff, 0x9d, 0xff, 0x9d, 0xff, 0x9d, 0xff,
    0x9d, 0xff, 0x9d, 0xff, 0x9d, 0xff, 0x9d, 0xff, 0x9d, 0xf7, 0x9c, 0xf7, 0x9c, 0xf7, 0x9c, 0xf7,
    0x9c, 0xf7, 0x9c, 0xf7, 0x9c, 0xf7, 0x9c, 0xf7, 0x9c, 0xf7, 0x9c, 0xf7, 0x9c, 0xf7, 0x9c, 0xf7,
    0x9c, 0xf7, 0x9c, 0xf7, 0x9c, 0xf7, 0x9c, 0xf7, 0x9c, 0xf7, 0x9c, 0xf7, 0x9c, 0xf7, 0x7c, 0xf7,
    0x7c, 0xf7, 0x7c, 0xf7, 0x7c, 0xf7, 0x7c, 0xf7, 0x7c, 0xf7, 0x7c, 0xf7, 0x7c, 0xf7, 0x7c, 0xf7,
    0x7c, 0xf7, 0x7c, 0xf7, 0x7c, 0xf7, 0x7c, 0xf7, 0x7c, 0xf7, 0x7c, 0xf7, 0x7c, 0xf7, 0x5c, 0xf7,
    0x7c, 0xf7, 0x7c, 0xf7, 0x7c, 0xf7, 0x5c, 0xf7, 0x5c, 0xef, 0x5c, 0xef, 0x5c, 0xef, 0x5c, 0xef,
    0x5c, 0xef, 0x5c, 0xef, 0x5c, 0xef, 0x5c, 0xef, 0x5c, 0xef, 0x5c, 0xef, 0x5b, 0xef, 0x5b, 0xef,
    0x3b, 0xef, 0x3b, 0xef, 0x3c, 0xef, 0x3b, 0xef, 0x3c, 0xef, 0x3b, 0xef, 0x5c, 0xef, 0x5c, 0xef,
    0x5c, 0xef, 0x3b, 0xef, 0x3b, 0xef, 0x3b, 0xef, 0x3b, 0xef, 0x3b, 0xef, 0x3b, 0xef, 0x3b, 0xe7,
    0x3b, 0xef, 0x3b, 0xe7, 0x3b, 0xe7, 0x3b, 0xe7, 0x3b, 0xe7, 0x3b, 0xe7, 0x3c, 0xe7, 0x3c, 0xe7,
    0x3b, 0xe7, 0x3b, 0xe7, 0x3b, 0xe7, 0x1b, 0xe7, 0x1b, 0xe7, 0x1b, 0xe7, 0x1b, 0xe7, 0x1b, 0xe7,
    0x1b, 0xe7, 0x1b, 0xe7, 0x1b, 0xe7, 0x1b, 0xdf, 0x1b, 0xdf, 0x1b, 0xdf, 0x1b, 0xdf, 0x1b, 0xdf,
    0xfb, 0xde, 0xfb, 0xde, 0xfb, 0xde, 0xfb, 0xde, 0xfb, 0xde, 0xdb, 0xd6, 0xdb, 0xd6, 0xdb, 0xd6,
    0xda, 0xd6, 0xba, 0xd6, 0xba, 0xd6, 0xba, 0xd6, 0xba, 0xd6, 0xbb, 0xce, 0xba, 0xce, 0xba, 0xce,
    0x9a, 0xce, 0x9a, 0xce, 0x7a, 0xc6, 0x7a, 0xc6, 0x5a, 0xc6, 0x5a, 0xbe, 0x39, 0xbe, 0x39, 0xbe,
    0x3a, 0xbe, 0x7a, 0xc6, 0x9b, 0xce, 0xdb, 0xce, 0xfb, 0xd6, 0xfb, 0xde, 0xdb, 0xde, 0xda, 0xd6,
    0xda, 0xd6, 0xba, 0xd6, 0xba, 0xd6, 0xba, 0xd6, 0xba, 0xd6, 0xba, 0xd6, 0xba, 0xd6, 0xba, 0xd6,
    0xba, 0xd6, 0xba, 0xd6, 0xba, 0xd6, 0xba, 0xd6, 0xba, 0xd6, 0xba, 0xd6, 0xba, 0xd6, 0xba, 0xd6,
    0xba, 0xd6, 0xba, 0xd6, 0xba, 0xd6, 0xba, 0xd6, 0xba, 0xd6, 0xba, 0xd6, 0x9a, 0xd6, 0x9a, 0xd6,
    0xff, 0xff, 0xff, 0xff, 0xff, 0xff, 0xff, 0xff, 0xff, 0xff, 0xff, 0xff, 0xff, 0xff, 0xff, 0xff,
    0xff, 0xff, 0xff, 0xff, 0xff, 0xff, 0xff, 0xff, 0xff, 0xff, 0xff, 0xff, 0xff, 0xff, 0xff, 0xff,
    0xff, 0xff, 0xff, 0xff, 0xff, 0xff, 0xff, 0xff, 0xff, 0xff, 0xdf, 0xf7, 0xff, 0xff, 0xff, 0xff,
    0xde, 0xf7, 0x7e, 0xe7, 0x1d, 0xdf, 0xfc, 0xd6, 0x1d, 0xdf, 0x7d, 0xe7, 0xbe, 0xf7, 0xde, 0xf7,
    0xff, 0xff, 0xff, 0xff, 0xff, 0xff, 0xff, 0xff, 0xff, 0xff, 0xff, 0xff, 0xff, 0xff, 0xff, 0xff,
    0xff, 0xff, 0xff, 0xff, 0xff, 0xff, 0xff, 0xff, 0xff, 0xff, 0xff, 0xff, 0xff, 0xff, 0xff, 0xff,
    0xfe, 0xff, 0xfe, 0xff, 0xfe, 0xff, 0xfe, 0xff, 0xfe, 0xff, 0xfe, 0xff, 0xfe, 0xff, 0xfe, 0xff,
    0xff, 0xff, 0xfe, 0xff, 0xfe, 0xff, 0xfe, 0xff, 0xfe, 0xff, 0xfe, 0xff, 0xfe, 0xff, 0xfe, 0xff,
    0xfe, 0xff, 0xfe, 0xff, 0xfe, 0xff, 0xfe, 0xff, 0xfe, 0xff, 0xfe, 0xff, 0xfe, 0xff, 0xfe, 0xff,
    0xfe, 0xff, 0xfe, 0xff, 0xfe, 0xff, 0xfe, 0xff, 0xfe, 0xff, 0xfe, 0xff, 0xfe, 0xff, 0xfe, 0xff,
    0xfe, 0xff, 0xfe, 0xff, 0xfe, 0xff, 0xfe, 0xff, 0xfe, 0xff, 0xfe, 0xff, 0xfe, 0xff, 0xfe, 0xff,
    0xfe, 0xff, 0xfe, 0xff, 0xfe, 0xff, 0xfe, 0xff, 0xfd, 0xff, 0xfe, 0xff, 0xfe, 0xff, 0xfe, 0xff,
    0xfe, 0xff, 0xfd, 0xff, 0xde, 0xff, 0xdd, 0xff, 0xfd, 0xff, 0xdd, 0xff, 0xdd, 0xff, 0xdd, 0xff,
    0xdd, 0xff, 0xdd, 0xff, 0xdd, 0xff, 0xdd, 0xff, 0xdd, 0xff, 0xdd, 0xff, 0xdd, 0xff, 0xdd, 0xff,
    0xdd, 0xff, 0xdd, 0xff, 0xdd, 0xff, 0xdd, 0xff, 0xdd, 0xff, 0xdd, 0xff, 0xdd, 0xff, 0xdd, 0xff,
    0xdd, 0xff, 0xdd, 0xff, 0xdd, 0xff, 0xdd, 0xff, 0xdd, 0xff, 0xdd, 0xff, 0xdd, 0xff, 0xdd, 0xff,
    0xdd, 0xff, 0xdd, 0xff, 0xdd, 0xff, 0xdd, 0xff, 0xdd, 0xff, 0xdd, 0xff, 0xbd, 0xff, 0xbd, 0xff,
    0xdd, 0xff, 0xdd, 0xff, 0xdd, 0xff, 0xdd, 0xff, 0xbd, 0xff, 0xbd, 0xff, 0xbd, 0xff, 0xbd, 0xff,
    0xbd, 0xff, 0xbd, 0xff, 0xbd, 0xff, 0xbd, 0xff, 0xbd, 0xff, 0xbd, 0xff, 0xbd, 0xff, 0xbd, 0xff,
    0xbd, 0xff, 0xbd, 0xff, 0xbd, 0xff, 0xbd, 0xff, 0xbd, 0xff, 0xbd, 0xff, 0xbd, 0xff, 0xbd, 0xff,
    0xbd, 0xff, 0xbd, 0xff, 0xbd, 0xff, 0x9d, 0xff, 0x9d, 0xff, 0xbd, 0xff, 0x9d, 0xff, 0x9d, 0xff,
    0x9d, 0xff, 0x9d, 0xff, 0x9d, 0xff, 0x9d, 0xf7, 0x9d, 0xf7, 0x9d, 0xf7, 0x9c, 0xf7, 0x9c, 0xf7,
    0x9c, 0xf7, 0x9c, 0xf7, 0x9c, 0xf7, 0x9c, 0xf7, 0x9c, 0xf7, 0x9c, 0xf7, 0x9c, 0xf7, 0x9c, 0xf7,
    0x9c, 0xf7, 0x9d, 0xf7, 0x9d, 0xf7, 0x9c, 0xf7, 0x9c, 0xf7, 0x7c, 0xf7, 0x7c, 0xf7, 0x7c, 0xf7,
    0x7b, 0xf7, 0x7c, 0xf7, 0x7c, 0xf7, 0x7c, 0xf7, 0x7c, 0xf7, 0x7c, 0xf7, 0x7c, 0xf7, 0x7c, 0xf7,
    0x7c, 0xf7, 0x7c, 0xf7, 0x7c, 0xf7, 0x7c, 0xf7, 0x7c, 0xf7, 0x7c, 0xf7, 0x7c, 0xf7, 0x7c, 0xf7,
    0x7c, 0xf7, 0x7c, 0xf7, 0x7c, 0xf7, 0x7c, 0xf7, 0x5c, 0xf7, 0x5c, 0xf7, 0x7c, 0xef, 0x5c, 0xef,
    0x5c, 0xef, 0x5c, 0xef, 0x5c, 0xef, 0x5c, 0xef, 0x5c, 0xef, 0x5b, 0xef, 0x5c, 0xef, 0x3b, 0xef,
    0x3b, 0xef, 0x3c, 0xef, 0x3b, 0xef, 0x3b, 0xef, 0x3b, 0xef, 0x3c, 0xef, 0x3c, 0xef, 0x3b, 0xef,
    0x3b, 0xef, 0x3b, 0xef, 0x3b, 0xef, 0x3b, 0xef, 0x3c, 0xef, 0x3c, 0xef, 0x3b, 0xe7, 0x3b, 0xe7,
    0x3b, 0xe7, 0x3c, 0xe7, 0x3b, 0xe7, 0x3b, 0xe7, 0x3b, 0xe7, 0x3b, 0xe7, 0x3b, 0xe7, 0x3b, 0xe7,
    0x3b, 0xe7, 0x3b, 0xe7, 0x3b, 0xe7, 0x1b, 0xe7, 0x1b, 0xe7, 0x1b, 0xe7, 0x1b, 0xe7, 0x1b, 0xe7,
    0x1b, 0xe7, 0x1b, 0xe7, 0x1b, 0xe7, 0x1b, 0xe7, 0x1b, 0xe7, 0x1b, 0xe7, 0x1b, 0xe7, 0x1b, 0xe7,
    0x1b, 0xe7, 0x1c, 0xe7, 0x1b, 0xe7, 0x1b, 0xe7, 0xfb, 0xde, 0xfb, 0xde, 0xfb, 0xde, 0xfb, 0xde,
    0xfb, 0xde, 0xfb, 0xde, 0xfb, 0xde, 0xfb, 0xde, 0xfb, 0xde, 0xfb, 0xde, 0xfb, 0xde, 0xfb, 0xde,
    0xfb, 0xde, 0xfb, 0xde, 0xfb, 0xde, 0xfb, 0xde, 0xfb, 0xde, 0xdb, 0xd6, 0xda, 0xd6, 0xba, 0xce,
    0x7a, 0xc6, 0x59, 0xc6, 0x39, 0xbe, 0x39, 0xbe, 0x3a, 0xbe, 0x5a, 0xc6, 0x9b, 0xce, 0xdb, 0xd6,
    0xdb, 0xd6, 0xda, 0xde, 0xba, 0xd6, 0xba, 0xd6, 0xba, 0xd6, 0xba, 0xd6, 0xba, 0xd6, 0xba, 0xd6,
    0xba, 0xd6, 0xba, 0xd6, 0xba, 0xd6, 0xba, 0xd6, 0xba, 0xd6, 0xba, 0xd6, 0xba, 0xd6, 0xba, 0xd6,
    0xba, 0xd6, 0xba, 0xd6, 0xba, 0xd6, 0xba, 0xd6, 0xba, 0xd6, 0xba, 0xd6, 0xba, 0xd6, 0x9a, 0xd6,
    0xff, 0xff, 0xff, 0xff, 0xff, 0xff, 0xff, 0xff, 0xff, 0xff, 0xff, 0xff, 0xff, 0xff, 0xff, 0xff,
    0xff, 0xff, 0xff, 0xff, 0xff, 0xff, 0xfe, 0xff, 0xff, 0xff, 0xff, 0xff, 0xff, 0xff, 0xff, 0xff,
    0xff, 0xff, 0xff, 0xff, 0xff, 0xff, 0xff, 0xff, 0xff, 0xff, 0xff, 0xff, 0xde, 0xf7, 0x5d, 0xe7,
    0xfc, 0xd6, 0x1d, 0xd7, 0x7e, 0xe7, 0xde, 0xf7, 0xff, 0xff, 0xff, 0xff, 0xff, 0xff, 0xff, 0xff,
    0xff, 0xff, 0xdf, 0xf7, 0xff, 0xff, 0xff, 0xff, 0xff, 0xff, 0xff, 0xff, 0xff, 0xff, 0xff, 0xff,
    0xff, 0xff, 0xff, 0xff, 0xff, 0xff, 0xff, 0xff, 0xff, 0xff, 0xff, 0xff, 0xff, 0xff, 0xff, 0xff,
    0xfe, 0xff, 0xfd, 0xff, 0xfe, 0xff, 0xfe, 0xff, 0xfe, 0xff, 0xfe, 0xff, 0xfe, 0xff, 0xfe, 0xff,
    0xfe, 0xff, 0xfe, 0xff, 0xfe, 0xff, 0xfe, 0xff, 0xfe, 0xff, 0xfe, 0xff, 0xfe, 0xff, 0xfe, 0xff,
    0xfe, 0xff, 0xfe, 0xff, 0xfe, 0xff, 0xfe, 0xff, 0xfe, 0xff, 0xfe, 0xff, 0xfe, 0xff, 0xfe, 0xff,
    0xfe, 0xff, 0xfe, 0xff, 0xfe, 0xff, 0xfe, 0xff, 0xfe, 0xff, 0xfe, 0xff, 0xfe, 0xff, 0xfe, 0xff,
    0xfe, 0xff, 0xfe, 0xff, 0xfe, 0xff, 0xfe, 0xff, 0xfe, 0xff, 0xfe, 0xff, 0xfe, 0xff, 0xfe, 0xff,
    0xfd, 0xff, 0xfe, 0xff, 0xfe, 0xff, 0xfe, 0xff, 0xfd, 0xff, 0xfd, 0xff, 0xfe, 0xff, 0xde, 0xff,
    0xdd, 0xff, 0xdd, 0xff, 0xde, 0xff, 0xdd, 0xff, 0xfd, 0xff, 0xde, 0xff, 0xfd, 0xff, 0xdd, 0xff,
    0xdd, 0xff, 0xdd, 0xff, 0xdd, 0xff, 0xdd, 0xff, 0xdd, 0xff, 0xdd, 0xff, 0xdd, 0xff, 0xdd, 0xff,
    0xdd, 0xff, 0xdd, 0xff, 0xdd, 0xff, 0xdd, 0xff, 0xdd, 0xff, 0xdd, 0xff, 0xdd, 0xff, 0xdd, 0xff,
    0xdd, 0xff, 0xdd, 0xff, 0xdd, 0xff, 0xdd, 0xff, 0xdc, 0xff, 0xdd, 0xff, 0xdd, 0xff, 0xdd, 0xff,
    0xdd, 0xff, 0xdd, 0xff, 0xdd, 0xff, 0xdd, 0xff, 0xdd, 0xff, 0xdd, 0xff, 0xbd, 0xff, 0xdd, 0xff,
    0xdd, 0xff, 0xdd, 0xff, 0xdd, 0xff, 0xbd, 0xff, 0xbd, 0xff, 0xbd, 0xff, 0xbd, 0xff, 0xbd, 0xff,
    0xbd, 0xff, 0xbd, 0xff, 0xbd, 0xff, 0xbd, 0xff, 0xbd, 0xff, 0xbd, 0xff, 0xbd, 0xff, 0xbd, 0xff,
    0xbd, 0xff, 0xbd, 0xff, 0xbd, 0xff, 0xbd, 0xff, 0xbd, 0xff, 0xbd, 0xff, 0xbd, 0xff, 0x9d, 0xff,
    0x9d, 0xff, 0x9d, 0xff, 0xbd, 0xff, 0x9d, 0xff, 0x9d, 0xff, 0x9d, 0xff, 0x9d, 0xff, 0x9d, 0xff,
    0x9d, 0xff, 0x9d, 0xff, 0x9d, 0xff, 0x9d, 0xff, 0x9c, 0xf7, 0x9c, 0xf7, 0x9c, 0xf7, 0x9c, 0xf7,
    0x9c, 0xf7, 0x9c, 0xf7, 0x9c, 0xf7, 0x9c, 0xf7, 0x9c, 0xf7, 0x9c, 0xf7, 0x9c, 0xf7, 0x9c, 0xf7,
    0x9c, 0xf7, 0x9c, 0xf7, 0x9d, 0xf7, 0x9c, 0xf7, 0x9c, 0xf7, 0x9c, 0xf7, 0x9c, 0xf7, 0x7c, 0xf7,
    0x7c, 0xf7, 0x7c, 0xf7, 0x7c, 0xf7, 0x7c, 0xf7, 0x7c, 0xf7, 0x7c, 0xf7, 0x7c, 0xf7, 0x7c, 0xf7,
    0x7c, 0xf7, 0x7c, 0xf7, 0x7c, 0xf7, 0x7c, 0xf7, 0x7c, 0xf7, 0x7c, 0xf7, 0x7c, 0xf7, 0x7c, 0xf7,
    0x7c, 0xf7, 0x7c, 0xf7, 0x7c, 0xf7, 0x7c, 0xf7, 0x5c, 0xf7, 0x5c, 0xf7, 0x5c, 0xef, 0x5c, 0xef,
    0x5c, 0xef, 0x5c, 0xef, 0x5c, 0xef, 0x5c, 0xef, 0x5c, 0xef, 0x5c, 0xef, 0x5c, 0xef, 0x5b, 0xef,
    0x5b, 0xef, 0x5b, 0xef, 0x3b, 0xef, 0x3b, 0xef, 0x3b, 0xef, 0x3b, 0xef, 0x3b, 0xef, 0x3b, 0xef,
    0x3b, 0xef, 0x3b, 0xef, 0x3b, 0xef, 0x3b, 0xef, 0x3b, 0xe7, 0x3b, 0xe7, 0x3b, 0xe7, 0x3b, 0xe7,
    0x3b, 0xe7, 0x3b, 0xe7, 0x3b, 0xe7, 0x1b, 0xe7, 0x3b, 0xe7, 0x3b, 0xe7, 0x1b, 0xe7, 0x1b, 0xe7,
    0x1b, 0xe7, 0x1b, 0xe7, 0x1b, 0xe7, 0x1b, 0xe7, 0x1b, 0xe7, 0x1b, 0xe7, 0x1b, 0xe7, 0x1b, 0xe7,
    0xfb, 0xe6, 0x1b, 0xe7, 0xfb, 0xe6, 0xfb, 0xde, 0xfb, 0xde, 0xfb, 0xde, 0xfb, 0xde, 0xfb, 0xde,
    0xfb, 0xde, 0xfb, 0xde, 0xfb, 0xde, 0xfb, 0xde, 0xfb, 0xde, 0xfb, 0xde, 0xfb, 0xde, 0xdb, 0xde,
    0xdb, 0xde, 0xda, 0xde, 0xfa, 0xde, 0xdb, 0xde, 0xfb, 0xde, 0xfb, 0xde, 0xfb, 0xde, 0xfb, 0xde,
    0xfb, 0xde, 0xfb, 0xde, 0xdb, 0xde, 0xfb, 0xde, 0xfb, 0xde, 0xdb, 0xde, 0xfb, 0xde, 0xfb, 0xde,
    0xdb, 0xde, 0xdb, 0xde, 0xba, 0xd6, 0x9a, 0xce, 0x39, 0xc6, 0xf9, 0xb5, 0xd9, 0xad, 0x19, 0xb6,
    0x7a, 0xc6, 0xdb, 0xd6, 0xdb, 0xde, 0xda, 0xd6, 0xb9, 0xd6, 0xba, 0xd6, 0xba, 0xd6, 0xba, 0xd6,
    0xba, 0xd6, 0xba, 0xd6, 0xba, 0xd6, 0xba, 0xd6, 0xba, 0xd6, 0xba, 0xd6, 0xba, 0xd6, 0xba, 0xd6,
    0xba, 0xd6, 0xba, 0xd6, 0xba, 0xd6, 0xba, 0xd6, 0xba, 0xd6, 0xba, 0xd6, 0x9a, 0xd6, 0x9a, 0xd6,
    0xff, 0xff, 0xff, 0xff, 0xff, 0xff, 0xff, 0xff, 0xff, 0xff, 0xff, 0xff, 0xff, 0xff, 0xff, 0xff,
    0xff, 0xff, 0xff, 0xff, 0xff, 0xff, 0xff, 0xff, 0xff, 0xff, 0xff, 0xff, 0xff, 0xff, 0xff, 0xff,
    0xff, 0xff, 0xff, 0xff, 0xdf, 0xf7, 0xff, 0xff, 0xff, 0xff, 0x7d, 0xe7, 0xfc, 0xd6, 0x1d, 0xd7,
    0x9e, 0xef, 0xff, 0xff, 0xff, 0xff, 0xff, 0xff, 0xff, 0xf7, 0xdf, 0xf7, 0xff, 0xff, 0xff, 0xff,
    0xff, 0xff, 0xff, 0xff, 0xff, 0xff, 0xde, 0xff, 0xde, 0xff, 0xde, 0xff, 0xde, 0xff, 0xde, 0xff,
    0xde, 0xff, 0xde, 0xff, 0xde, 0xff, 0xde, 0xff, 0xde, 0xff, 0xde, 0xff, 0xff, 0xff, 0xfe, 0xff,
    0xfe, 0xff, 0xfe, 0xff, 0xfe, 0xff, 0xfe, 0xff, 0xfe, 0xff, 0xfe, 0xff, 0xfe, 0xff, 0xfd, 0xff,
    0xfe, 0xff, 0xfe, 0xff, 0xfe, 0xff, 0xfe, 0xff, 0xfe, 0xff, 0xfe, 0xff, 0xfe, 0xff, 0xfe, 0xff,
    0xfe, 0xff, 0xfe, 0xff, 0xfe, 0xff, 0xfe, 0xff, 0xfe, 0xff, 0xfe, 0xff, 0xfe, 0xff, 0xfe, 0xff,
    0xfe, 0xff, 0xfe, 0xff, 0xfe, 0xff, 0xfe, 0xff, 0xfe, 0xff, 0xfe, 0xff, 0xfe, 0xff, 0xfe, 0xff,
    0xfe, 0xff, 0xfe, 0xff, 0xfe, 0xff, 0xfe, 0xff, 0xfe, 0xff, 0xfe, 0xff, 0xfe, 0xff, 0xfe, 0xff,
    0xfe, 0xff, 0xdd, 0xff, 0xde, 0xff, 0xfe, 0xff, 0xfe, 0xff, 0xfe, 0xff, 0xfe, 0xff, 0xde, 0xff,
    0xfd, 0xff, 0xde, 0xff, 0xdd, 0xff, 0xfd, 0xff, 0xde, 0xff, 0xdd, 0xff, 0xdd, 0xff, 0xdd, 0xff,
    0xdd, 0xff, 0xdd, 0xff, 0xdd, 0xff, 0xdd, 0xff, 0xdd, 0xff, 0xdc, 0xff, 0xdd, 0xff, 0xdd, 0xff,
    0xdd, 0xff, 0xdd, 0xff, 0xdd, 0xff, 0xdd, 0xff, 0xdd, 0xff, 0xdd, 0xff, 0xdd, 0xff, 0xdd, 0xff,
    0xdd, 0xff, 0xdd, 0xff, 0xdd, 0xff, 0xdd, 0xff, 0xdd, 0xff, 0xdd, 0xff, 0xdd, 0xff, 0xdd, 0xff,
    0xdd, 0xff, 0xdd, 0xff, 0xdd, 0xff, 0xdd, 0xff, 0xdd, 0xff, 0xdd, 0xff, 0xbd, 0xff, 0xbd, 0xff,
    0xdd, 0xff, 0xbd, 0xff, 0xdd, 0xff, 0xbd, 0xff, 0xdd, 0xff, 0xbd, 0xff, 0xbd, 0xff, 0xbd, 0xff,
    0xbd, 0xff, 0xbd, 0xff, 0xbd, 0xff, 0xbd, 0xff, 0xbd, 0xff, 0xbd, 0xff, 0xbd, 0xff, 0xbd, 0xff,
    0xbd, 0xff, 0xbd, 0xff, 0xbd, 0xff, 0xbd, 0xff, 0xbd, 0xff, 0xbd, 0xff, 0x9d, 0xff, 0x9d, 0xff,
    0x9d, 0xff, 0xbd, 0xff, 0x9d, 0xff, 0x9d, 0xff, 0x9d, 0xff, 0x9d, 0xff, 0x9d, 0xff, 0xbd, 0xff,
    0xbd, 0xff, 0x9d, 0xff, 0x9d, 0xff, 0x9d, 0xff, 0x9c, 0xf7, 0x9c, 0xf7, 0x9c, 0xf7, 0x9c, 0xf7,
    0x9c, 0xf7, 0x9c, 0xf7, 0x9c, 0xf7, 0x9c, 0xf7, 0x9c, 0xf7, 0x9c, 0xf7, 0x9c, 0xf7, 0x9c, 0xf7,
    0x9c, 0xf7, 0x9c, 0xf7, 0x9c, 0xf7, 0x9c, 0xf7, 0x9c, 0xf7, 0x9c, 0xf7, 0x9c, 0xf7, 0x7c, 0xf7,
    0x7c, 0xf7, 0x7c, 0xf7, 0x7c, 0xf7, 0x7c, 0xf7, 0x7c, 0xf7, 0x7c, 0xf7, 0x7c, 0xf7, 0x7c, 0xf7,
    0x7c, 0xf7, 0x7c, 0xf7, 0x7c, 0xf7, 0x9c, 0xf7, 0x7c, 0xf7, 0x7c, 0xf7, 0x7c, 0xf7, 0x7c, 0xf7,
    0x7c, 0xf7, 0x7c, 0xf7, 0x7c, 0xf7, 0x7c, 0xf7, 0x7c, 0xef, 0x7c, 0xef, 0x5c, 0xef, 0x5c, 0xef,
    0x5c, 0xef, 0x5c, 0xef, 0x5c, 0xef, 0x5c, 0xef, 0x5c, 0xef, 0x5b, 0xef, 0x5b, 0xef, 0x5b, 0xef,
    0x3b, 0xef, 0x3b, 0xef, 0x3b, 0xef, 0x3b, 0xef, 0x3b, 0xef, 0x3b, 0xef, 0x3b, 0xef, 0x3b, 0xef,
    0x3c, 0xef, 0x3b, 0xef, 0x3b, 0xef, 0x3b, 0xef, 0x3b, 0xef, 0x3b, 0xe7, 0x3c, 0xef, 0x3b, 0xe7,
    0x3b, 0xe7, 0x3b, 0xe7, 0x3a, 0xe7, 0x3a, 0xe7, 0x1b, 0xe7, 0x1b, 0xe7, 0x1b, 0xe7, 0x1b, 0xe7,
    0x1b, 0xe7, 0x1b, 0xe7, 0x1b, 0xe7, 0x1b, 0xe7, 0x1a, 0xe7, 0x1b, 0xe7, 0x1b, 0xe7, 0x1b, 0xe7,
    0xfb, 0xe6, 0xfb, 0xe6, 0xfb, 0xe6, 0xfb, 0xde, 0xfb, 0xde, 0xfb, 0xde, 0xfa, 0xde, 0xfb, 0xde,
    0xfb, 0xde, 0xfb, 0xd6, 0xfb, 0xde, 0xfb, 0xde, 0xfb, 0xd6, 0xdb, 0xde, 0xdb, 0xde, 0xdb, 0xde,
    0xda, 0xde, 0xda, 0xde, 0xda, 0xde, 0xdb, 0xde, 0xdb, 0xde, 0xdb, 0xde, 0xdb, 0xde, 0xdb, 0xde,
    0xdb, 0xde, 0xdb, 0xde, 0xdb, 0xde, 0xdb, 0xde, 0xdb, 0xde, 0xdb, 0xde, 0xdb, 0xde, 0xdb, 0xde,
    0xdb, 0xd6, 0xdb, 0xd6, 0xdb, 0xd6, 0xda, 0xde, 0xdb, 0xde, 0xba, 0xd6, 0x7a, 0xc6, 0x19, 0xb6,
    0xd9, 0xb5, 0x19, 0xbe, 0x7a, 0xc6, 0x9a, 0xce, 0xba, 0xd6, 0xba, 0xd6, 0xba, 0xd6, 0xba, 0xd6,
    0xba, 0xd6, 0xba, 0xd6, 0xba, 0xd6, 0xba, 0xd6, 0xba, 0xd6, 0xba, 0xd6, 0xba, 0xd6, 0xba, 0xd6,
    0xba, 0xd6, 0xba, 0xd6, 0xba, 0xd6, 0xba, 0xd6, 0xba, 0xd6, 0xba, 0xd6, 0xba, 0xd6, 0x9a, 0xd6,
    0xff, 0xff, 0xff, 0xff, 0xff, 0xff, 0xff, 0xff, 0xff, 0xff, 0xff, 0xff, 0xff, 0xff, 0xff, 0xff,
    0xff, 0xff, 0xff, 0xff, 0xff, 0xff, 0xff, 0xff, 0xff, 0xff, 0xff, 0xff, 0xff, 0xff, 0xff, 0xff,
    0xff, 0xff, 0xff, 0xff, 0xff, 0xff, 0xbe, 0xf7, 0x1d, 0xd7, 0xfd, 0xd6, 0x9e, 0xef, 0xff, 0xff,
    0xff, 0xff, 0xff, 0xff, 0xdf, 0xf7, 0xff, 0xff, 0xff, 0xff, 0xff, 0xff, 0xfe, 0xff, 0xde, 0xf7,
    0xde, 0xf7, 0xde, 0xf7, 0xde, 0xf7, 0xde, 0xf7, 0xde, 0xf7, 0xde, 0xff, 0xde, 0xff, 0xde, 0xff,
    0xde, 0xff, 0xfe, 0xff, 0xff, 0xff, 0xfe, 0xff, 0xfe, 0xff, 0xff, 0xff, 0xff, 0xff, 0xff, 0xff,
    0xff, 0xff, 0xfe, 0xff, 0xfe, 0xff, 0xfe, 0xff, 0xfe, 0xff, 0xfe, 0xff, 0xfe, 0xff, 0xfe, 0xff,
    0xfe, 0xff, 0xfe, 0xff, 0xfe, 0xff, 0xfe, 0xff, 0xfe, 0xff, 0xfe, 0xff, 0xfe, 0xff, 0xfe, 0xff,
    0xfe, 0xff, 0xfe, 0xff, 0xfe, 0xff, 0xfe, 0xff, 0xfe, 0xff, 0xfe, 0xff, 0xfe, 0xff, 0xfe, 0xff,
    0xfe, 0xff, 0xfe, 0xff, 0xfe, 0xff, 0xfe, 0xff, 0xfe, 0xff, 0xfe, 0xff, 0xfe, 0xff, 0xfe, 0xff,
    0xfe, 0xff, 0xfe, 0xff, 0xfe, 0xff, 0xfe, 0xff, 0xfe, 0xff, 0xfe, 0xff, 0xfd, 0xff, 0xfe, 0xff,
    0xfe, 0xff, 0xde, 0xff, 0xfe, 0xff, 0xfe, 0xff, 0xfe, 0xff, 0xfd, 0xff, 0xfd, 0xff, 0xde, 0xff,
    0xdd, 0xff, 0xde, 0xff, 0xdd, 0xff, 0xdd, 0xff, 0xdd, 0xff, 0xdd, 0xff, 0xdd, 0xff, 0xdd, 0xff,
    0xdd, 0xff, 0xdd, 0xff, 0xdd, 0xff, 0xdd, 0xff, 0xdd, 0xff, 0xdd, 0xff, 0xdd, 0xff, 0xdd, 0xff,
    0xdd, 0xff, 0xdd, 0xff, 0xdd, 0xff, 0xdd, 0xff, 0xdd, 0xff, 0xdd, 0xff, 0xdd, 0xff, 0xdd, 0xff,
    0xdd, 0xff, 0xdd, 0xff, 0xdd, 0xff, 0xdd, 0xff, 0xdd, 0xff, 0xdd, 0xff, 0xdd, 0xff, 0xdd, 0xff,
    0xdd, 0xff, 0xdd, 0xff, 0xdd, 0xff, 0xdd, 0xff, 0xdd, 0xff, 0xdd, 0xff, 0xdd, 0xff, 0xbd, 0xff,
    0xbd, 0xff, 0xdd, 0xff, 0xbd, 0xff, 0xbd, 0xff, 0xbd, 0xff, 0xbd, 0xff, 0xbd, 0xff, 0xbd, 0xff,
    0xbd, 0xff, 0xbd, 0xff, 0xbd, 0xff, 0xbd, 0xff, 0xbd, 0xff, 0xbd, 0xff, 0xbd, 0xff, 0xbd, 0xff,
    0xbd, 0xff, 0xbd, 0xff, 0xbd, 0xff, 0xbd, 0xff, 0xbd, 0xff, 0xbd, 0xff, 0x9d, 0xff, 0x9d, 0xff,
    0x9d, 0xff, 0xbd, 0xff, 0x9d, 0xff, 0x9d, 0xff, 0x9d, 0xff, 0x9d, 0xff, 0xbd, 0xff, 0x9d, 0xff,
    0x9d, 0xff, 0x9d, 0xff, 0x9d, 0xff, 0x9d, 0xff, 0x9c, 0xf7, 0x9c, 0xf7, 0x9c, 0xf7, 0x9c, 0xf7,
    0x9c, 0xf7, 0x9c, 0xf7, 0x9c, 0xf7, 0x9c, 0xf7, 0x9c, 0xf7, 0x9c, 0xf7, 0x9c, 0xf7, 0x9c, 0xf7,
    0x9c, 0xf7, 0x9c, 0xf7, 0x9c, 0xf7, 0x9c, 0xf7, 0x9c, 0xf7, 0x9c, 0xf7, 0x7c, 0xf7, 0x7c, 0xf7,
    0x7c, 0xf7, 0x7c, 0xf7, 0x7b, 0xf7, 0x7c, 0xf7, 0x7c, 0xf7, 0x7c, 0xf7, 0x7c, 0xf7, 0x7c, 0xf7,
    0x7c, 0xf7, 0x7c, 0xf7, 0x7c, 0xf7, 0x7c, 0xf7, 0x7c, 0xf7, 0x7c, 0xf7, 0x7c, 0xf7, 0x7c, 0xf7,
    0x7c, 0xf7, 0x7c, 0xf7, 0x7c, 0xf7, 0x7c, 0xef, 0x7c, 0xef, 0x7c, 0xef, 0x7c, 0xef, 0x5c, 0xef,
    0x5c, 0xef, 0x5c, 0xef, 0x5c, 0xef, 0x5c, 0xef, 0x5b, 0xef, 0x5b, 0xef, 0x5b, 0xef, 0x5b, 0xef,
    0x3b, 0xef, 0x3b, 0xef, 0x3b, 0xef, 0x3b, 0xef, 0x3b, 0xef, 0x3b, 0xef, 0x3b, 0xef, 0x3b, 0xef,
    0x3c, 0xef, 0x3b, 0xef, 0x3b, 0xef, 0x3b, 0xef, 0x3b, 0xef, 0x3c, 0xef, 0x3b, 0xef, 0x3b, 0xef,
    0x3b, 0xe7, 0x3b, 0xe7, 0x3b, 0xe7, 0x3b, 0xe7, 0x3b, 0xe7, 0x3b, 0xe7, 0x3b, 0xe7, 0x3b, 0xe7,
    0x1b, 0xe7, 0x1b, 0xe7, 0x1b, 0xe7, 0x1b, 0xe7, 0x1b, 0xe7, 0x1b, 0xe7, 0x1b, 0xe7, 0x1b, 0xe7,
    0x1b, 0xe7, 0x1b, 0xe7, 0xfb, 0xde, 0xfb, 0xde, 0xfb, 0xde, 0xfb, 0xde, 0xfb, 0xde, 0xfb, 0xde,
    0xfb, 0xde, 0xfb, 0xde, 0xfb, 0xde, 0xfb, 0xde, 0xfb, 0xde, 0xdb, 0xde, 0xdb, 0xde, 0xdb, 0xde,
    0xdb, 0xde, 0xdb, 0xde, 0xdb, 0xde, 0xdb, 0xde, 0xdb, 0xd6, 0xdb, 0xde, 0xdb, 0xde, 0xdb, 0xde,
    0xdb, 0xde, 0xdb, 0xde, 0xdb, 0xde, 0xda, 0xde, 0xda, 0xd6, 0xda, 0xd6, 0xda, 0xd6, 0xda, 0xd6,
    0xdb, 0xd6, 0xdb, 0xde, 0xdb, 0xd6, 0xdb, 0xd6, 0xdb, 0xd6, 0xda, 0xd6, 0xdb, 0xde, 0xdb, 0xde,
    0x9a, 0xce, 0xf9, 0xb5, 0xb8, 0xa5, 0xf8, 0xad, 0x39, 0xbe, 0x79, 0xce, 0xba, 0xd6, 0xba, 0xd6,
    0xba, 0xd6, 0xba, 0xd6, 0xba, 0xd6, 0xba, 0xd6, 0xba, 0xd6, 0xba, 0xd6, 0xba, 0xd6, 0xba, 0xd6,
    0xba, 0xd6, 0xba, 0xd6, 0xba, 0xd6, 0xba, 0xd6, 0xba, 0xd6, 0xba, 0xd6, 0x9a, 0xd6, 0x9a, 0xd6,
    0xff, 0xff, 0xff, 0xff, 0xff, 0xff, 0xff, 0xff, 0xff, 0xff, 0xff, 0xff, 0xff, 0xff, 0xff, 0xff,
    0xff, 0xff, 0xff, 0xff, 0xff, 0xff, 0xff, 0xff, 0xff, 0xff, 0xff, 0xff, 0xff, 0xff, 0xff, 0xf7,
    0xff, 0xff, 0xff, 0xff, 0x7e, 0xe7, 0xfd, 0xce, 0x7e, 0xe7, 0xff, 0xff, 0xff, 0xff, 0xff, 0xff,
    0xdf, 0xf7, 0xff, 0xff, 0xff, 0xff, 0xff, 0xff, 0xde, 0xf7, 0xde, 0xf7, 0xde, 0xf7, 0xde, 0xf7,
    0xde, 0xf7, 0xde, 0xf7, 0xff, 0xff, 0xff, 0xff, 0xff, 0xff, 0xff, 0xff, 0xff, 0xff, 0xff, 0xff,
    0xff, 0xff, 0xff, 0xff, 0xff, 0xff, 0xff, 0xff, 0xff, 0xff, 0xff, 0xff, 0xfe, 0xff, 0xfe, 0xff,
    0xfe, 0xff, 0xfe, 0xff, 0xfd, 0xff, 0xfe, 0xff, 0xfe, 0xff, 0xfe, 0xff, 0xfe, 0xff, 0xfe, 0xff,
    0xfe, 0xff, 0xfe, 0xff, 0xfe, 0xff, 0xfe, 0xff, 0xfe, 0xff, 0xfe, 0xff, 0xfe, 0xff, 0xfe, 0xff,
    0xfe, 0xff, 0xfe, 0xff, 0xfe, 0xff, 0xfe, 0xff, 0xfe, 0xff, 0xfe, 0xff, 0xfe, 0xff, 0xfe, 0xff,
    0xfe, 0xff, 0xfe, 0xff, 0xfe, 0xff, 0xfe, 0xff, 0xfe, 0xff, 0xfe, 0xff, 0xfe, 0xff, 0xfe, 0xff,
    0xfe, 0xff, 0xfe, 0xff, 0xfe, 0xff, 0xfe, 0xff, 0xfe, 0xff, 0xfe, 0xff, 0xfe, 0xff, 0xde, 0xff,
    0xde, 0xff, 0xfe, 0xff, 0xfe, 0xff, 0xfe, 0xff, 0xfe, 0xff, 0xfe, 0xff, 0xfd, 0xff, 0xde, 0xff,
    0xdd, 0xff, 0xdd, 0xff, 0xdd, 0xff, 0xde, 0xff, 0xdd, 0xff, 0xdd, 0xff, 0xdd, 0xff, 0xdd, 0xff,
    0xdd, 0xff, 0xdd, 0xff, 0xdd, 0xff, 0xdd, 0xff, 0xdd, 0xff, 0xdd, 0xff, 0xdd, 0xff, 0xdd, 0xff,
    0xdd, 0xff, 0xdd, 0xff, 0xdd, 0xff, 0xdd, 0xff, 0xdd, 0xff, 0xdd, 0xff, 0xdd, 0xff, 0xdd, 0xff,
    0xdd, 0xff, 0xdd, 0xff, 0xdd, 0xff, 0xdd, 0xff, 0xdd, 0xff, 0xdd, 0xff, 0xdd, 0xff, 0xdd, 0xff,
    0xdd, 0xff, 0xdd, 0xff, 0xdd, 0xff, 0xdd, 0xff, 0xdd, 0xff, 0xdd, 0xff, 0xdd, 0xff, 0xdd, 0xff,
    0xbd, 0xff, 0xbd, 0xff, 0xbd, 0xff, 0xbd, 0xff, 0xbd, 0xff, 0xbd, 0xff, 0xbd, 0xff, 0xbd, 0xff,
    0xbd, 0xff, 0xbd, 0xff, 0xbd, 0xff, 0xbd, 0xff, 0xbd, 0xff, 0xbd, 0xff, 0xbd, 0xff, 0xbd, 0xff,
    0xbd, 0xff, 0xbd, 0xff, 0xbd, 0xff, 0xbd, 0xff, 0x9d, 0xff, 0xbd, 0xff, 0xbd, 0xff, 0xbd, 0xff,
    0xbd, 0xff, 0xbd, 0xff, 0xbd, 0xff, 0x9d, 0xff, 0x9d, 0xff, 0x9d, 0xff, 0x9d, 0xff, 0x9d, 0xff,
    0x9d, 0xff, 0x9d, 0xff, 0x9d, 0xff, 0x9d, 0xff, 0x9d, 0xf7, 0x9c, 0xf7, 0x9c, 0xf7, 0x9c, 0xf7,
    0x9c, 0xf7, 0x9c, 0xf7, 0x9c, 0xf7, 0x9c, 0xf7, 0x9d, 0xf7, 0x9d, 0xf7, 0x9c, 0xf7, 0x9c, 0xf7,
    0x9c, 0xf7, 0x9d, 0xf7, 0x9c, 0xf7, 0x9c, 0xf7, 0x9c, 0xf7, 0x9c, 0xf7, 0x9c, 0xf7, 0x7c, 0xf7,
    0x7c, 0xf7, 0x7c, 0xf7, 0x7c, 0xf7, 0x7c, 0xf7, 0x7c, 0xf7, 0x7c, 0xf7, 0x7c, 0xf7, 0x7c, 0xf7,
    0x7c, 0xf7, 0x7c, 0xf7, 0x7c, 0xf7, 0x7c, 0xf7, 0x7c, 0xf7, 0x7c, 0xf7, 0x7c, 0xf7, 0x7c, 0xf7,
    0x7c, 0xf7, 0x7c, 0xf7, 0x7c, 0xf7, 0x7c, 0xef, 0x7c, 0xef, 0x5c, 0xf7, 0x5c, 0xf7, 0x5c, 0xef,
    0x5c, 0xef, 0x5c, 0xef, 0x5c, 0xef, 0x5c, 0xef, 0x5b, 0xef, 0x5b, 0xef, 0x5b, 0xef, 0x3b, 0xef,
    0x3b, 0xef, 0x3b, 0xef, 0x3b, 0xef, 0x3b, 0xef, 0x3b, 0xef, 0x3b, 0xef, 0x3b, 0xef, 0x3b, 0xef,
    0x3b, 0xef, 0x3b, 0xef, 0x3b, 0xef, 0x3b, 0xef, 0x3b, 0xef, 0x3b, 0xef, 0x3c, 0xef, 0x3c, 0xef,
    0x3c, 0xe7, 0x3b, 0xe7, 0x3b, 0xe7, 0x3b, 0xe7, 0x3c, 0xe7, 0x3b, 0xe7, 0x3b, 0xe7, 0x3b, 0xe7,
    0x3b, 0xe7, 0x3c, 0xe7, 0x3c, 0xe7, 0x1c, 0xe7, 0x1b, 0xe7, 0x1b, 0xe7, 0x1b, 0xe7, 0x1b, 0xe7,
    0x1b, 0xe7, 0x1b, 0xe7, 0x1b, 0xe7, 0x1b, 0xe7, 0x1c, 0xe7, 0x1b, 0xe7, 0x1b, 0xe7, 0x1b, 0xdf,
    0x1b, 0xdf, 0x1b, 0xdf, 0xfb, 0xde, 0xfb, 0xde, 0x1b, 0xdf, 0xfb, 0xde, 0xfb, 0xde, 0xfb, 0xde,
    0xfb, 0xde, 0xfb, 0xde, 0xdb, 0xde, 0xdb, 0xde, 0xdb, 0xde, 0xdb, 0xde, 0xdb, 0xde, 0xdb, 0xde,
    0xdb, 0xde, 0xdb, 0xde, 0xdb, 0xde, 0xda, 0xde, 0xda, 0xd6, 0xba, 0xd6, 0xba, 0xd6, 0xba, 0xd6,
    0xba, 0xd6, 0xba, 0xd6, 0xba, 0xd6, 0xdb, 0xde, 0xdb, 0xde, 0xdb, 0xde, 0xdb, 0xde, 0xdb, 0xde,
    0xdb, 0xde, 0xda, 0xd6, 0x5a, 0xc6, 0x77, 0x9d, 0x56, 0x9d, 0xf7, 0xb5, 0x79, 0xc6, 0xba, 0xd6,
    0xda, 0xde, 0xdb, 0xd6, 0xda, 0xd6, 0xba, 0xd6, 0xba, 0xd6, 0xba, 0xd6, 0xba, 0xd6, 0xba, 0xd6,
    0xba, 0xd6, 0xba, 0xd6, 0xba, 0xd6, 0xba, 0xd6, 0xba, 0xd6, 0xba, 0xd6, 0xba, 0xd6, 0xba, 0xd6,
    0xff, 0xff, 0xff, 0xff, 0xff, 0xff, 0xff, 0xff, 0xff, 0xff, 0xff, 0xff, 0xff, 0xff, 0xff, 0xff,
    0xff, 0xff, 0xff, 0xff, 0xff, 0xff, 0xff, 0xff, 0xfe, 0xff, 0xff, 0xff, 0xff, 0xf7, 0xff, 0xff,
    0xdf, 0xf7, 0x1d, 0xd7, 0x1d, 0xd7, 0xde, 0xf7, 0xff, 0xff, 0xff, 0xff, 0xdf, 0xf7, 0xff, 0xff,
    0xff, 0xff, 0xff, 0xff, 0xde, 0xf7, 0xbe, 0xf7, 0xde, 0xf7, 0xde, 0xf7, 0xff, 0xff, 0xff, 0xff,
    0xff, 0xff, 0xff, 0xff, 0xff, 0xff, 0xff, 0xff, 0xff, 0xff, 0xff, 0xff, 0xff, 0xff, 0xff, 0xff,
    0xff, 0xff, 0xff, 0xff, 0xff, 0xff, 0xff, 0xff, 0xfe, 0xff, 0xfe, 0xff, 0xfe, 0xff, 0xfe, 0xff,
    0xfe, 0xff, 0xfe, 0xff, 0xfe, 0xff, 0xfe, 0xff, 0xfe, 0xff, 0xfe, 0xff, 0xfe, 0xff, 0xfe, 0xff,
    0xfe, 0xff, 0xfe, 0xff, 0xfe, 0xff, 0xfe, 0xff, 0xfe, 0xff, 0xfe, 0xff, 0xfe, 0xff, 0xfe, 0xff,
    0xfe, 0xff, 0xfe, 0xff, 0xfe, 0xff, 0xfe, 0xff, 0xfe, 0xff, 0xfe, 0xff, 0xfe, 0xff, 0xfe, 0xff,
    0xfe, 0xff, 0xfe, 0xff, 0xfe, 0xff, 0xfe, 0xff, 0xfe, 0xff, 0xfe, 0xff, 0xfe, 0xff, 0xfe, 0xff,
    0xfe, 0xff, 0xfe, 0xff, 0xfe, 0xff, 0xfd, 0xff, 0xfe, 0xff, 0xdd, 0xff, 0xdd, 0xff, 0xfd, 0xff,
    0xfe, 0xff, 0xfe, 0xff, 0xfe, 0xff, 0xfe, 0xff, 0xfe, 0xff, 0xfe, 0xff, 0xfe, 0xff, 0xdd, 0xff,
    0xdd, 0xff, 0xdd, 0xff, 0xdd, 0xff, 0xdd, 0xff, 0xdd, 0xff, 0xdd, 0xff, 0xdd, 0xff, 0xdd, 0xff,
    0xdd, 0xff, 0xdd, 0xff, 0xdd, 0xff, 0xdd, 0xff, 0xdd, 0xff, 0xdd, 0xff, 0xde, 0xff, 0xdd, 0xff,
    0xdd, 0xff, 0xdd, 0xff, 0xde, 0xff, 0xdd, 0xff, 0xdd, 0xff, 0xdd, 0xff, 0xdd, 0xff, 0xdd, 0xff,
    0xdd, 0xff, 0xdd, 0xff, 0xdd, 0xff, 0xdd, 0xff, 0xdd, 0xff, 0xdd, 0xff, 0xdd, 0xff, 0xdd, 0xff,
    0xdd, 0xff, 0xdd, 0xff, 0xdd, 0xff, 0xdd, 0xff, 0xdd, 0xff, 0xdd, 0xff, 0xdd, 0xff, 0xdd, 0xff,
    0xbd, 0xff, 0xbd, 0xff, 0xbd, 0xff, 0xbd, 0xff, 0xbd, 0xff, 0xbd, 0xff, 0xbd, 0xff, 0xbd, 0xff,
    0xbd, 0xff, 0xbd, 0xff, 0xbd, 0xff, 0xbd, 0xff, 0xbd, 0xff, 0xbd, 0xff, 0xbd, 0xff, 0xbd, 0xff,
    0xbd, 0xff, 0xbd, 0xff, 0xbd, 0xff, 0xbd, 0xff, 0xbd, 0xff, 0xbd, 0xff, 0xbd, 0xff, 0xbd, 0xff,
    0xbd, 0xff, 0xbd, 0xff, 0xbd, 0xff, 0xbd, 0xff, 0xbd, 0xff, 0x9d, 0xff, 0x9d, 0xff, 0x9d, 0xff,
    0x9d, 0xff, 0x9d, 0xff, 0x9d, 0xff, 0x9d, 0xff, 0x9d, 0xf7, 0x9d, 0xf7, 0x9c, 0xf7, 0x9c, 0xf7,
    0x9c, 0xf7, 0x9c, 0xf7, 0x9c, 0xf7, 0x9c, 0xf7, 0x9d, 0xf7, 0x9c, 0xf7, 0x9c, 0xf7, 0x9c, 0xf7,
    0x9d, 0xf7, 0x9d, 0xf7, 0x9d, 0xf7, 0x9c, 0xf7, 0x9d, 0xf7, 0x9c, 0xf7, 0x9c, 0xf7, 0x7c, 0xf7,
    0x9c, 0xf7, 0x7c, 0xf7, 0x7c, 0xf7, 0x7c, 0xf7, 0x7c, 0xf7, 0x7c, 0xf7, 0x7c, 0xf7, 0x7c, 0xf7,
    0x7c, 0xf7, 0x7c, 0xf7, 0x7c, 0xf7, 0x7c, 0xf7, 0x7c, 0xf7, 0x7c, 0xf7, 0x7c, 0xf7, 0x7c, 0xf7,
    0x7c, 0xf7, 0x7c, 0xf7, 0x7c, 0xf7, 0x7c, 0xf7, 0x7c, 0xf7, 0x7c, 0xf7, 0x7c, 0xef, 0x5c, 0xef,
    0x5c, 0xef, 0x5c, 0xef, 0x5c, 0xef, 0x5c, 0xef, 0x5c, 0xef, 0x5b, 0xef, 0x5b, 0xef, 0x3b, 0xef,
    0x5b, 0xef, 0x3b, 0xef, 0x3b, 0xef, 0x3b, 0xef, 0x3b, 0xef, 0x3b, 0xef, 0x3b, 0xef, 0x3b, 0xef,
    0x3b, 0xef, 0x3b, 0xef, 0x3a, 0xef, 0x3b, 0xef, 0x3b, 0xef, 0x3b, 0xef, 0x3b, 0xef, 0x3b, 0xe7,
    0x3b, 0xe7, 0x3b, 0xe7, 0x3b, 0xe7, 0x3b, 0xe7, 0x3b, 0xe7, 0x3b, 0xe7, 0x3b, 0xe7, 0x1b, 0xe7,
    0x1b, 0xe7, 0x1b, 0xe7, 0x1b, 0xe7, 0x1b, 0xe7, 0x1b, 0xe7, 0x1b, 0xe7, 0x1b, 0xe7, 0x1b, 0xe7,
    0x1b, 0xe7, 0x1b, 0xe7, 0x1b, 0xe7, 0x1b, 0xe7, 0x1b, 0xe7, 0x1b, 0xdf, 0xfb, 0xde, 0xfb, 0xde,
    0xfb, 0xde, 0xfb, 0xde, 0xfb, 0xde, 0xfb, 0xde, 0xfb, 0xde, 0xfb, 0xde, 0xfb, 0xde, 0xfb, 0xde,
    0xdb, 0xde, 0xdb, 0xde, 0xdb, 0xde, 0xdb, 0xde, 0xdb, 0xde, 0xdb, 0xde, 0xdb, 0xde, 0xdb, 0xde,
    0xdb, 0xde, 0xdb, 0xde, 0xda, 0xd6, 0xda, 0xd6, 0xda, 0xd6, 0xba, 0xd6, 0xb9, 0xd6, 0xba, 0xd6,
    0xba, 0xd6, 0xba, 0xd6, 0xba, 0xd6, 0xba, 0xd6, 0xba, 0xd6, 0xdb, 0xd6, 0xdb, 0xd6, 0xdb, 0xde,
    0xdb, 0xde, 0xdb, 0xde, 0xdb, 0xde, 0xba, 0xd6, 0xd8, 0xad, 0x36, 0x9d, 0xf8, 0xad, 0x9a, 0xce,
    0xdb, 0xd6, 0xdb, 0xde, 0xdb, 0xde, 0xda, 0xd6, 0xba, 0xd6, 0xba, 0xd6, 0xba, 0xd6, 0xba, 0xd6,
    0xba, 0xd6, 0xba, 0xd6, 0xba, 0xd6, 0xba, 0xd6, 0xba, 0xd6, 0xba, 0xd6, 0xba, 0xd6, 0xba, 0xd6,
    0xff, 0xff, 0xff, 0xff, 0xff, 0xff, 0xff, 0xff, 0xff, 0xff, 0xff, 0xff, 0xff, 0xff, 0xff, 0xff,
    0xff, 0xff, 0xff, 0xff, 0xff, 0xff, 0xff, 0xff, 0xff, 0xff, 0xff, 0xf7, 0xff, 0xff, 0xbe, 0xf7,
    0xfd, 0xce, 0x3d, 0xdf, 0xff, 0xff, 0xff, 0xff, 0xdf, 0xf7, 0xff, 0xff, 0xff, 0xff, 0xff, 0xff,
    0xde, 0xf7, 0xbe, 0xf7, 0xde, 0xf7, 0xff, 0xff, 0xff, 0xff, 0xff, 0xff, 0xff, 0xff, 0xff, 0xff,
    0xff, 0xff, 0xff, 0xff, 0xff, 0xff, 0xff, 0xff, 0xff, 0xff, 0xff, 0xff, 0xff, 0xff, 0xff, 0xff,
    0xfe, 0xff, 0xfe, 0xff, 0xfe, 0xff, 0xfe, 0xff, 0xfe, 0xff, 0xfe, 0xff, 0xfe, 0xff, 0xfe, 0xff,
    0xfe, 0xff, 0xfe, 0xff, 0xfe, 0xff, 0xfe, 0xff, 0xfe, 0xff, 0xfe, 0xff, 0xfe, 0xff, 0xfe, 0xff,
    0xfe, 0xff, 0xfe, 0xff, 0xfe, 0xff, 0xfe, 0xff, 0xfe, 0xff, 0xfe, 0xff, 0xfe, 0xff, 0xfe, 0xff,
    0xfe, 0xff, 0xfe, 0xff, 0xfe, 0xff, 0xfe, 0xff, 0xfe, 0xff, 0xfe, 0xff, 0xfe, 0xff, 0xfe, 0xff,
    0xfe, 0xff, 0xfe, 0xff, 0xfe, 0xff, 0xfe, 0xff, 0xfe, 0xff, 0xfe, 0xff, 0xfe, 0xff, 0xfe, 0xff,
    0xfe, 0xff, 0xfe, 0xff, 0xfe, 0xff, 0xfe, 0xff, 0xfe, 0xff, 0xfe, 0xff, 0xdd, 0xff, 0xfe, 0xff,
    0xfe, 0xff, 0xfe, 0xff, 0xfe, 0xff, 0xfe, 0xff, 0xfe, 0xff, 0xfe, 0xff, 0xfe, 0xff, 0xfe, 0xff,
    0xdd, 0xff, 0xdd, 0xff, 0xdd, 0xff, 0xdd, 0xff, 0xdd, 0xff, 0xdd, 0xff, 0xdd, 0xff, 0xdd, 0xff,
    0xdd, 0xff, 0xdd, 0xff, 0xdd, 0xff, 0xdd, 0xff, 0xdd, 0xff, 0xdd, 0xff, 0xdd, 0xff, 0xde, 0xff,
    0xdd, 0xff, 0xdd, 0xff, 0xdd, 0xff, 0xdd, 0xff, 0xdd, 0xff, 0xdd, 0xff, 0xdd, 0xff, 0xdd, 0xff,
    0xdd, 0xff, 0xdd, 0xff, 0xdd, 0xff, 0xdd, 0xff, 0xdd, 0xff, 0xdd, 0xff, 0xdd, 0xff, 0xdd, 0xff,
    0xdd, 0xff, 0xdd, 0xff, 0xdd, 0xff, 0xdd, 0xff, 0xdd, 0xff, 0xdd, 0xff, 0xdd, 0xff, 0xbd, 0xff,
    0xbd, 0xff, 0xbd, 0xff, 0xbd, 0xff, 0xbd, 0xff, 0xbd, 0xff, 0xbd, 0xff, 0xbd, 0xff, 0xbd, 0xff,
    0xbd, 0xff, 0xbd, 0xff, 0xbd, 0xff, 0xbd, 0xff, 0xbd, 0xff, 0xbd, 0xff, 0xbd, 0xff, 0xbd, 0xff,
    0xbd, 0xff, 0xbd, 0xff, 0xbd, 0xff, 0xbd, 0xff, 0xbd, 0xff, 0xbd, 0xff, 0xbd, 0xff, 0x9d, 0xff,
    0x9d, 0xff, 0x9d, 0xff, 0xbd, 0xff, 0xbd, 0xff, 0xbd, 0xff, 0xbd, 0xff, 0x9d, 0xff, 0x9d, 0xff,
    0x9d, 0xff, 0x9d, 0xff, 0x9d, 0xff, 0x9d, 0xf7, 0x9d, 0xf7, 0x9c, 0xf7, 0x9c, 0xf7, 0x9c, 0xf7,
    0x9c, 0xf7, 0x9c, 0xf7, 0x9c, 0xf7, 0x9c, 0xf7, 0x9c, 0xf7, 0x9c, 0xf7, 0x9c, 0xf7, 0x9d, 0xf7,
    0x9d, 0xf7, 0x9d, 0xf7, 0x9d, 0xf7, 0x9d, 0xf7, 0x9d, 0xf7, 0x9d, 0xf7, 0x7c, 0xf7, 0x7c, 0xf7,
    0x9c, 0xf7, 0x7c, 0xf7, 0x7c, 0xf7, 0x7c, 0xf7, 0x7c, 0xf7, 0x7c, 0xf7, 0x7c, 0xf7, 0x7c, 0xf7,
    0x7c, 0xf7, 0x7c, 0xf7, 0x7c, 0xf7, 0x7c, 0xf7, 0x7c, 0xf7, 0x7c, 0xf7, 0x7c, 0xf7, 0x7c, 0xf7,
    0x7c, 0xf7, 0x7c, 0xf7, 0x7c, 0xf7, 0x7c, 0xf7, 0x7c, 0xf7, 0x7c, 0xef, 0x5c, 0xef, 0x5c, 0xef,
    0x5c, 0xef, 0x5c, 0xf7, 0x5c, 0xf7, 0x5c, 0xef, 0x5c, 0xef, 0x5b, 0xef, 0x5b, 0xef, 0x3b, 0xef,
    0x5b, 0xef, 0x5b, 0xef, 0x3b, 0xef, 0x3b, 0xef, 0x3b, 0xef, 0x3b, 0xef, 0x3b, 0xef, 0x3b, 0xef,
    0x3b, 0xef, 0x3b, 0xef, 0x3b, 0xef, 0x3b, 0xef, 0x3b, 0xef, 0x3b, 0xe7, 0x3b, 0xef, 0x3b, 0xef,
    0x3b, 0xe7, 0x3b, 0xe7, 0x3b, 0xe7, 0x3b, 0xe7, 0x3b, 0xe7, 0x1b, 0xe7, 0x3b, 0xe7, 0x1b, 0xe7,
    0x1b, 0xe7, 0x1b, 0xe7, 0x1b, 0xe7, 0x1b, 0xe7, 0x1b, 0xe7, 0x1b, 0xe7, 0x1b, 0xe7, 0x1b, 0xe7,
    0x1b, 0xe7, 0x1b, 0xe7, 0x1b, 0xe7, 0x1b, 0xe7, 0x1b, 0xe7, 0x1b, 0xe7, 0xfb, 0xde, 0xfb, 0xde,
    0xfb, 0xde, 0xfb, 0xde, 0xfb, 0xde, 0xfb, 0xde, 0xfb, 0xde, 0xfb, 0xde, 0xdb, 0xde, 0xdb, 0xde,
    0xda, 0xde, 0xda, 0xde, 0xda, 0xde, 0xda, 0xde, 0xda, 0xde, 0xda, 0xde, 0xdb, 0xde, 0xda, 0xde,
    0xda, 0xde, 0xdb, 0xde, 0xdb, 0xd6, 0xdb, 0xd6, 0xda, 0xd6, 0xba, 0xd6, 0xba, 0xd6, 0xba, 0xd6,
    0xba, 0xd6, 0xba, 0xd6, 0xba, 0xd6, 0xba, 0xce, 0xba, 0xd6, 0xbb, 0xd6, 0xdb, 0xd6, 0xdb, 0xd6,
    0xda, 0xd6, 0xdb, 0xde, 0xdb, 0xde, 0xdb, 0xde, 0xdb, 0xd6, 0x39, 0xbe, 0x98, 0xa5, 0x1a, 0xb6,
    0xbb, 0xce, 0xdb, 0xd6, 0xdb, 0xde, 0xdb, 0xd6, 0xda, 0xd6, 0xba, 0xd6, 0xba, 0xd6, 0xba, 0xd6,
    0xba, 0xd6, 0xba, 0xd6, 0xba, 0xd6, 0xba, 0xd6, 0xba, 0xd6, 0xba, 0xd6, 0xba, 0xd6, 0xba, 0xd6,
    0xff, 0xff, 0xff, 0xff, 0xff, 0xff, 0xff, 0xff, 0xff, 0xff, 0xff, 0xff, 0xff, 0xff, 0xff, 0xff,
    0xff, 0xff, 0xff, 0xff, 0xff, 0xff, 0xff, 0xff, 0xdf, 0xf7, 0xff, 0xff, 0xbe, 0xef, 0xfd, 0xce,
    0x7e, 0xe7, 0xff, 0xff, 0xff, 0xff, 0xff, 0xf7, 0xff, 0xff, 0xff, 0xff, 0xde, 0xf7, 0xbe, 0xf7,
    0xde, 0xf7, 0xff, 0xff, 0xff, 0xff, 0xff, 0xff, 0xff, 0xff, 0xff, 0xff, 0xff, 0xff, 0xfe, 0xff,
    0xfe, 0xff, 0xfe, 0xff, 0xfe, 0xff, 0xff, 0xff, 0xfe, 0xff, 0xfe, 0xff, 0xff, 0xff, 0xff, 0xff,
    0xfe, 0xff, 0xfe, 0xff, 0xfe, 0xff, 0xfe, 0xff, 0xfe, 0xff, 0xfe, 0xff, 0xfe, 0xff, 0xfe, 0xff,
    0xfe, 0xff, 0xfe, 0xff, 0xfe, 0xff, 0xfe, 0xff, 0xfe, 0xff, 0xfe, 0xff, 0xfe, 0xff, 0xfe, 0xff,
    0xfe, 0xff, 0xfe, 0xff, 0xfe, 0xff, 0xfe, 0xff, 0xfe, 0xff, 0xfe, 0xff, 0xfe, 0xff, 0xfe, 0xff,
    0xfe, 0xff, 0xfe, 0xff, 0xfe, 0xff, 0xfe, 0xff, 0xfe, 0xff, 0xfe, 0xff, 0xfe, 0xff, 0xfe, 0xff,
    0xfe, 0xff, 0xfe, 0xff, 0xfe, 0xff, 0xfe, 0xff, 0xfe, 0xff, 0xfe, 0xff, 0xfe, 0xff, 0xfe, 0xff,
    0xfe, 0xff, 0xfe, 0xff, 0xfe, 0xff, 0xfe, 0xff, 0xfe, 0xff, 0xde, 0xff, 0xfe, 0xff, 0xfe, 0xff,
    0xfe, 0xff, 0xfe, 0xff, 0xfe, 0xff, 0xfe, 0xff, 0xfe, 0xff, 0xde, 0xff, 0xfe, 0xff, 0xfd, 0xff,
    0xfd, 0xff, 0xdd, 0xff, 0xdd, 0xff, 0xdd, 0xff, 0xdd, 0xff, 0xdd, 0xff, 0xdd, 0xff, 0xdd, 0xff,
    0xdd, 0xff, 0xdd, 0xff, 0xdd, 0xff, 0xdd, 0xff, 0xdd, 0xff, 0xdd, 0xff, 0xdd, 0xff, 0xdd, 0xff,
    0xdd, 0xff, 0xdd, 0xff, 0xdd, 0xff, 0xdd, 0xff, 0xdd, 0xff, 0xdd, 0xff, 0xdd, 0xff, 0xdd, 0xff,
    0xdd, 0xff, 0xdd, 0xff, 0xdd, 0xff, 0xdd, 0xff, 0xdd, 0xff, 0xdd, 0xff, 0xdd, 0xff, 0xdd, 0xff,
    0xdd, 0xff, 0xdd, 0xff, 0xdd, 0xff, 0xdd, 0xff, 0xdd, 0xff, 0xdd, 0xff, 0xdd, 0xff, 0xbd, 0xff,
    0xbd, 0xff, 0xbd, 0xff, 0xbd, 0xff, 0xbd, 0xff, 0xbd, 0xff, 0xbd, 0xff, 0xbd, 0xff, 0xbd, 0xff,
    0xbd, 0xff, 0xbd, 0xff, 0xbd, 0xff, 0xbd, 0xff, 0xbd, 0xff, 0xbd, 0xff, 0xbd, 0xff, 0xbd, 0xff,
    0xbd, 0xff, 0xbd, 0xff, 0xbd, 0xff, 0xbd, 0xff, 0xbd, 0xff, 0xbd, 0xff, 0xbd, 0xff, 0xbd, 0xff,
    0xbd, 0xff, 0xbd, 0xff, 0xbd, 0xff, 0xbd, 0xff, 0x9d, 0xff, 0xbd, 0xff, 0xbd, 0xff, 0x9d, 0xff,
    0x9d, 0xff, 0x9d, 0xff, 0x9d, 0xff, 0x9d, 0xff, 0x9d, 0xf7, 0x9c, 0xf7, 0x9d, 0xf7, 0x9c, 0xf7,
    0x9c, 0xf7, 0x9c, 0xf7, 0x9c, 0xf7, 0x9c, 0xf7, 0x9c, 0xf7, 0x9d, 0xf7, 0x9c, 0xf7, 0x9d, 0xf7,
    0x9d, 0xf7, 0x9d, 0xf7, 0x9c, 0xf7, 0x9d, 0xf7, 0x9c, 0xf7, 0x9c, 0xf7, 0x7c, 0xf7, 0x7c, 0xf7,
    0x7c, 0xf7, 0x7c, 0xf7, 0x7c, 0xf7, 0x7c, 0xf7, 0x7c, 0xf7, 0x7c, 0xf7, 0x7c, 0xf7, 0x7c, 0xf7,
    0x7c, 0xf7, 0x7c, 0xf7, 0x7c, 0xf7, 0x7c, 0xf7, 0x7c, 0xf7, 0x7c, 0xf7, 0x7c, 0xf7, 0x7c, 0xf7,
    0x7c, 0xf7, 0x7c, 0xf7, 0x7c, 0xf7, 0x7c, 0xf7, 0x5c, 0xf7, 0x5c, 0xef, 0x5c, 0xef, 0x7c, 0xf7,
    0x5c, 0xef, 0x5c, 0xef, 0x5c, 0xef, 0x5c, 0xef, 0x5c, 0xef, 0x5c, 0xef, 0x5b, 0xef, 0x5b, 0xef,
    0x3b, 0xef, 0x3b, 0xef, 0x3b, 0xef, 0x3b, 0xef, 0x3b, 0xef, 0x3b, 0xef, 0x3b, 0xef, 0x3b, 0xef,
    0x3b, 0xef, 0x3b, 0xef, 0x3b, 0xef, 0x3b, 0xef, 0x3b, 0xef, 0x3b, 0xef, 0x3b, 0xef, 0x3b, 0xef,
    0x3b, 0xe7, 0x3b, 0xe7, 0x3b, 0xe7, 0x3b, 0xe7, 0x3b, 0xe7, 0x3b, 0xe7, 0x3b, 0xe7, 0x3b, 0xe7,
    0x1b, 0xe7, 0x1b, 0xe7, 0x1b, 0xe7, 0x1b, 0xe7, 0x1b, 0xe7, 0x1b, 0xe7, 0x1b, 0xe7, 0x1b, 0xe7,
    0x1b, 0xe7, 0x1b, 0xe7, 0x1b, 0xe7, 0x1b, 0xe7, 0x1b, 0xe7, 0x1b, 0xe7, 0xfb, 0xde, 0xfb, 0xde,
    0xfb, 0xde, 0xfb, 0xde, 0xfb, 0xde, 0xfb, 0xde, 0xfb, 0xde, 0xfb, 0xde, 0xfb, 0xde, 0xda, 0xde,
    0xda, 0xde, 0xda, 0xde, 0xda, 0xde, 0xda, 0xde, 0xdb, 0xde, 0xda, 0xde, 0xda, 0xde, 0xda, 0xde,
    0xdb, 0xde, 0xda, 0xde, 0xda, 0xde, 0xba, 0xd6, 0xba, 0xd6, 0xba, 0xd6, 0xba, 0xd6, 0xba, 0xd6,
    0xba, 0xd6, 0xba, 0xd6, 0xba, 0xd6, 0xba, 0xd6, 0xba, 0xd6, 0xba, 0xd6, 0xba, 0xd6, 0xdb, 0xd6,
    0xdb, 0xd6, 0xda, 0xd6, 0xdb, 0xde, 0xdb, 0xde, 0xdb, 0xde, 0xdb, 0xde, 0xba, 0xce, 0xf9, 0xb5,
    0xf9, 0xb5, 0x7a, 0xc6, 0xba, 0xd6, 0xda, 0xde, 0xda, 0xd6, 0xda, 0xd6, 0xda, 0xd6, 0xda, 0xd6,
    0xba, 0xd6, 0xba, 0xd6, 0xba, 0xd6, 0xba, 0xd6, 0xba, 0xd6, 0xba, 0xd6, 0xba, 0xd6, 0xba, 0xd6,
    0xff, 0xff, 0xff, 0xff, 0xff, 0xff, 0xff, 0xff, 0xff, 0xff, 0xff, 0xff, 0xff, 0xff, 0xff, 0xff,
    0xff, 0xff, 0xff, 0xff, 0xff, 0xff, 0xff, 0xf7, 0xff, 0xff, 0xbe, 0xf7, 0xfc, 0xce, 0x9e, 0xe7,
    0xff, 0xff, 0xff, 0xf7, 0xff, 0xff, 0xff, 0xff, 0xff, 0xff, 0xbe, 0xf7, 0xbe, 0xf7, 0xde, 0xf7,
    0xff, 0xff, 0xff, 0xff, 0xff, 0xff, 0xff, 0xff, 0xff, 0xff, 0xff, 0xff, 0xff, 0xff, 0xff, 0xff,
    0xff, 0xff, 0xfe, 0xff, 0xfe, 0xff, 0xfe, 0xff, 0xfe, 0xff, 0xfe, 0xff, 0xfe, 0xff, 0xfe, 0xff,
    0xfe, 0xff, 0xfe, 0xff, 0xfe, 0xff, 0xfe, 0xff, 0xfe, 0xff, 0xfe, 0xff, 0xfe, 0xff, 0xfe, 0xff,
    0xfe, 0xff, 0xfe, 0xff, 0xfe, 0xff, 0xfe, 0xff, 0xfe, 0xff, 0xfe, 0xff, 0xfe, 0xff, 0xfe, 0xff,
    0xfe, 0xff, 0xfe, 0xff, 0xfe, 0xff, 0xfe, 0xff, 0xfe, 0xff, 0xfe, 0xff, 0xfe, 0xff, 0xfe, 0xff,
    0xfe, 0xff, 0xfe, 0xff, 0xfe, 0xff, 0xfe, 0xff, 0xfe, 0xff, 0xfe, 0xff, 0xfe, 0xff, 0xfe, 0xff,
    0xfe, 0xff, 0xfe, 0xff, 0xfe, 0xff, 0xfe, 0xff, 0xfe, 0xff, 0xfe, 0xff, 0xfe, 0xff, 0xfe, 0xff,
    0xfe, 0xff, 0xfe, 0xff, 0xfe, 0xff, 0xfe, 0xff, 0xfe, 0xff, 0xfe, 0xff, 0xfe, 0xff, 0xfe, 0xff,
    0xfd, 0xff, 0xfe, 0xff, 0xfe, 0xff, 0xfe, 0xff, 0xfd, 0xff, 0xfd, 0xff, 0xdd, 0xff, 0xdd, 0xff,
    0xdd, 0xff, 0xdd, 0xff, 0xdd, 0xff, 0xdd, 0xff, 0xdd, 0xff, 0xdd, 0xff, 0xdd, 0xff, 0xdd, 0xff,
    0xdd, 0xff, 0xdd, 0xff, 0xdd, 0xff, 0xdd, 0xff, 0xdd, 0xff, 0xdd, 0xff, 0xdd, 0xff, 0xdd, 0xff,
    0xdd, 0xff, 0xdd, 0xff, 0xdd, 0xff, 0xdd, 0xff, 0xdd, 0xff, 0xdd, 0xff, 0xdd, 0xff, 0xdd, 0xff,
    0xdd, 0xff, 0xdd, 0xff, 0xdd, 0xff, 0xdd, 0xff, 0xdd, 0xff, 0xdd, 0xff, 0xdd, 0xff, 0xdd, 0xff,
    0xdd, 0xff, 0xdd, 0xff, 0xdd, 0xff, 0xdd, 0xff, 0xdd, 0xff, 0xdd, 0xff, 0xdd, 0xff, 0xbd, 0xff,
    0xbd, 0xff, 0xbd, 0xff, 0xbd, 0xff, 0xbd, 0xff, 0xbd, 0xff, 0xbd, 0xff, 0xbd, 0xff, 0xbd, 0xff,
    0xbd, 0xff, 0xbd, 0xff, 0xbd, 0xff, 0xbd, 0xff, 0xbd, 0xff, 0xbd, 0xff, 0xbd, 0xff, 0xbd, 0xff,
    0xbd, 0xff, 0xbd, 0xff, 0xbd, 0xff, 0xbd, 0xff, 0xbd, 0xff, 0xbd, 0xff, 0xbd, 0xff, 0xbd, 0xff,
    0xbd, 0xff, 0xbd, 0xff, 0x9d, 0xff, 0xbd, 0xff, 0xbd, 0xff, 0xbd, 0xff, 0x9d, 0xff, 0x9d, 0xff,
    0x9d, 0xff, 0x9d, 0xff, 0x9d, 0xff, 0x9d, 0xff, 0x9d, 0xff, 0x9c, 0xf7, 0x9c, 0xf7, 0x9c, 0xf7,
    0x9c, 0xf7, 0x9c, 0xf7, 0x9c, 0xf7, 0x9c, 0xf7, 0x9c, 0xf7, 0x9c, 0xf7, 0x9d, 0xf7, 0x9c, 0xf7,
    0x9c, 0xf7, 0x9c, 0xf7, 0x9d, 0xf7, 0x9c, 0xf7, 0x9c, 0xf7, 0x9c, 0xf7, 0x7c, 0xf7, 0x7c, 0xf7,
    0x7c, 0xf7, 0x7c, 0xf7, 0x7c, 0xf7, 0x7c, 0xf7, 0x7c, 0xf7, 0x7c, 0xf7, 0x7c, 0xf7, 0x7c, 0xf7,
    0x7c, 0xf7, 0x7c, 0xf7, 0x7c, 0xf7, 0x7c, 0xf7, 0x7c, 0xf7, 0x7c, 0xf7, 0x7c, 0xf7, 0x7c, 0xf7,
    0x7c, 0xf7, 0x7c, 0xf7, 0x7c, 0xf7, 0x7c, 0xf7, 0x7c, 0xf7, 0x7c, 0xf7, 0x7c, 0xf7, 0x5c, 0xf7,
    0x5c, 0xef, 0x5c, 0xef, 0x5c, 0xef, 0x5c, 0xef, 0x5c, 0xef, 0x5c, 0xef, 0x5b, 0xef, 0x5b, 0xef,
    0x5b, 0xef, 0x3b, 0xef, 0x3b, 0xef, 0x3b, 0xef, 0x3b, 0xef, 0x3b, 0xef, 0x3b, 0xef, 0x3b, 0xef,
    0x3b, 0xef, 0x3b, 0xef, 0x3b, 0xef, 0x3b, 0xef, 0x3b, 0xef, 0x3c, 0xef, 0x3b, 0xef, 0x3b, 0xef,
    0x3b, 0xe7, 0x3b, 0xe7, 0x3b, 0xe7, 0x3b, 0xe7, 0x3b, 0xe7, 0x3b, 0xe7, 0x3b, 0xe7, 0x3b, 0xe7,
    0x1b, 0xe7, 0x1b, 0xe7, 0x1b, 0xe7, 0x1b, 0xe7, 0x1b, 0xe7, 0x1b, 0xe7, 0x1b, 0xe7, 0x1b, 0xe7,
    0x1b, 0xe7, 0x1b, 0xe7, 0x1b, 0xe7, 0x1b, 0xe7, 0x1b, 0xe7, 0xfb, 0xde, 0xfb, 0xde, 0xfb, 0xde,
    0xfb, 0xde, 0xfb, 0xde, 0xfb, 0xde, 0xfb, 0xde, 0xfb, 0xde, 0xfb, 0xde, 0xdb, 0xde, 0xda, 0xde,
    0xda, 0xde, 0xda, 0xde, 0xda, 0xde, 0xda, 0xde, 0xda, 0xde, 0xda, 0xde, 0xda, 0xde, 0xda, 0xde,
    0xda, 0xde, 0xda, 0xde, 0xda, 0xde, 0xba, 0xd6, 0xba, 0xd6, 0xba, 0xd6, 0xba, 0xd6, 0xba, 0xd6,
    0xba, 0xd6, 0xba, 0xd6, 0xba, 0xd6, 0xba, 0xd6, 0xba, 0xd6, 0xba, 0xd6, 0xba, 0xd6, 0xba, 0xd6,
    0xdb, 0xd6, 0xdb, 0xd6, 0xda, 0xd6, 0xba, 0xd6, 0xdb, 0xd6, 0xdb, 0xde, 0xdb, 0xde, 0xda, 0xd6,
    0x1a, 0xb6, 0xf9, 0xad, 0x7a, 0xc6, 0xda, 0xd6, 0xda, 0xd6, 0xba, 0xd6, 0xda, 0xd6, 0xda, 0xd6,
    0xda, 0xd6, 0xba, 0xd6, 0xba, 0xce, 0xba, 0xd6, 0xba, 0xd6, 0xba, 0xd6, 0xba, 0xd6, 0xba, 0xd6,
    0xff, 0xff, 0xff, 0xff, 0xff, 0xff, 0xff, 0xff, 0xff, 0xff, 0xff, 0xff, 0xff, 0xff, 0xff, 0xff,
    0xff, 0xff, 0xff, 0xff, 0xff, 0xf7, 0xff, 0xff, 0xde, 0xf7, 0xfd, 0xce, 0x9e, 0xef, 0xff, 0xff,
    0xff, 0xf7, 0xff, 0xff, 0xff, 0xff, 0xff, 0xff, 0xbe, 0xf7, 0xbe, 0xf7, 0xff, 0xff, 0xff, 0xff,
    0xff, 0xff, 0xff, 0xff, 0xff, 0xff, 0xff, 0xff, 0xff, 0xff, 0xfe, 0xff, 0xfe, 0xff, 0xfe, 0xff,
    0xfe, 0xff, 0xfe, 0xff, 0xfe, 0xff, 0xfe, 0xff, 0xfe, 0xff, 0xfe, 0xff, 0xfe, 0xff, 0xfe, 0xff,
    0xfe, 0xff, 0xfe, 0xff, 0xfe, 0xff, 0xfe, 0xff, 0xfe, 0xff, 0xfe, 0xff, 0xfe, 0xff, 0xfe, 0xff,
    0xfe, 0xff, 0xfe, 0xff, 0xfe, 0xff, 0xfe, 0xff, 0xfe, 0xff, 0xfe, 0xff, 0xfe, 0xff, 0xfe, 0xff,
    0xfe, 0xff, 0xfe, 0xff, 0xfe, 0xff, 0xfe, 0xff, 0xfe, 0xff, 0xfe, 0xff, 0xfe, 0xff, 0xfe, 0xff,
    0xfe, 0xff, 0xfe, 0xff, 0xfe, 0xff, 0xfe, 0xff, 0xfe, 0xff, 0xfe, 0xff, 0xfe, 0xff, 0xfe, 0xff,
    0xfd, 0xff, 0xfe, 0xff, 0xfe, 0xff, 0xfe, 0xff, 0xfe, 0xff, 0xfe, 0xff, 0xfe, 0xff, 0xfe, 0xff,
    0xfe, 0xff, 0xfe, 0xff, 0xfe, 0xff, 0xfe, 0xff, 0xfe, 0xff, 0xfe, 0xff, 0xfe, 0xff, 0xfe, 0xff,
    0xfe, 0xff, 0xfe, 0xff, 0xfe, 0xff, 0xfe, 0xff, 0xfe, 0xff, 0xfd, 0xff, 0xfd, 0xff, 0xfd, 0xff,
    0xdd, 0xff, 0xdd, 0xff, 0xdd, 0xff, 0xdd, 0xff, 0xdd, 0xff, 0xdd, 0xff, 0xdd, 0xff, 0xdd, 0xff,
    0xdd, 0xff, 0xdd, 0xff, 0xdd, 0xff, 0xdd, 0xff, 0xdd, 0xff, 0xdd, 0xff, 0xdd, 0xff, 0xdd, 0xff,
    0xdd, 0xff, 0xdd, 0xff, 0xdd, 0xff, 0xdd, 0xff, 0xdd, 0xff, 0xdd, 0xff, 0xdd, 0xff, 0xdd, 0xff,
    0xdd, 0xff, 0xdd, 0xff, 0xdd, 0xff, 0xdd, 0xff, 0xdd, 0xff, 0xdd, 0xff, 0xdd, 0xff, 0xdd, 0xff,
    0xdd, 0xff, 0xdd, 0xff, 0xdd, 0xff, 0xdd, 0xff, 0xdd, 0xff, 0xdd, 0xff, 0xbd, 0xff, 0xbd, 0xff,
    0xbd, 0xff, 0xbd, 0xff, 0xbd, 0xff, 0xbd, 0xff, 0xbd, 0xff, 0xbd, 0xff, 0xbd, 0xff, 0xbd, 0xff,
    0xbd, 0xff, 0xbd, 0xff, 0xbd, 0xff, 0xbd, 0xff, 0xbd, 0xff, 0xbd, 0xff, 0xbd, 0xff, 0xbd, 0xff,
    0xbd, 0xff, 0xbd, 0xff, 0xbd, 0xff, 0xbd, 0xff, 0xbd, 0xff, 0xbd, 0xff, 0xbd, 0xff, 0xbd, 0xff,
    0xbd, 0xff, 0x9d, 0xff, 0x9d, 0xff, 0x9d, 0xff, 0xbd, 0xff, 0xbd, 0xff, 0x9d, 0xff, 0x9d, 0xf7,
    0x9d, 0xff, 0x9d, 0xff, 0x9d, 0xff, 0x9d, 0xff, 0x9d, 0xf7, 0x9c, 0xf7, 0x9c, 0xf7, 0x9c, 0xf7,
    0x9c, 0xf7, 0x9c, 0xf7, 0x9c, 0xf7, 0x9c, 0xf7, 0x9c, 0xf7, 0x9c, 0xf7, 0x9c, 0xf7, 0x9c, 0xf7,
    0x9c, 0xf7, 0x9c, 0xf7, 0x9c, 0xf7, 0x9c, 0xf7, 0x9c, 0xf7, 0x9c, 0xf7, 0x7c, 0xf7, 0x7c, 0xf7,
    0x7c, 0xf7, 0x7c, 0xf7, 0x7c, 0xf7, 0x7c, 0xf7, 0x7c, 0xf7, 0x7c, 0xf7, 0x7c, 0xf7, 0x7c, 0xf7,
    0x7c, 0xf7, 0x7c, 0xf7, 0x7c, 0xf7, 0x7c, 0xf7, 0x7c, 0xf7, 0x7c, 0xf7, 0x7c, 0xf7, 0x7c, 0xf7,
    0x7c, 0xf7, 0x7c, 0xf7, 0x7c, 0xf7, 0x7c, 0xf7, 0x7c, 0xf7, 0x7c, 0xf7, 0x5c, 0xf7, 0x5c, 0xef,
    0x5c, 0xef, 0x5c, 0xef, 0x5c, 0xef, 0x5c, 0xef, 0x5c, 0xef, 0x5c, 0xef, 0x5b, 0xef, 0x5b, 0xef,
    0x5b, 0xef, 0x5b, 0xef, 0x3b, 0xef, 0x3b, 0xef, 0x3b, 0xef, 0x3b, 0xef, 0x3b, 0xef, 0x3b, 0xef,
    0x3b, 0xef, 0x3b, 0xef, 0x3b, 0xef, 0x3b, 0xef, 0x3b, 0xef, 0x3b, 0xef, 0x3c, 0xef, 0x3b, 0xef,
    0x3b, 0xef, 0x3b, 0xe7, 0x3b, 0xef, 0x3b, 0xe7, 0x3b, 0xe7, 0x3b, 0xe7, 0x3b, 0xe7, 0x3b, 0xe7,
    0x3b, 0xe7, 0x1b, 0xe7, 0x1b, 0xe7, 0x1b, 0xe7, 0x1b, 0xe7, 0x1b, 0xe7, 0x1b, 0xe7, 0x1b, 0xe7,
    0x1b, 0xe7, 0x1b, 0xe7, 0xfb, 0xe6, 0xfb, 0xe6, 0x1b, 0xe7, 0x1b, 0xdf, 0xfb, 0xe6, 0xfb, 0xde,
    0xfb, 0xde, 0xfb, 0xde, 0xfb, 0xd6, 0xfb, 0xde, 0xfb, 0xde, 0xdb, 0xde, 0xda, 0xde, 0xda, 0xde,
    0xda, 0xde, 0xda, 0xde, 0xda, 0xde, 0xda, 0xde, 0xda, 0xde, 0xda, 0xde, 0xda, 0xde, 0xda, 0xde,
    0xda, 0xde, 0xda, 0xde, 0xba, 0xd6, 0xba, 0xd6, 0xba, 0xd6, 0xba, 0xd6, 0xba, 0xd6, 0xba, 0xd6,
    0xba, 0xd6, 0xba, 0xd6, 0xba, 0xd6, 0xba, 0xd6, 0xba, 0xd6, 0xba, 0xd6, 0xba, 0xd6, 0xba, 0xd6,
    0xba, 0xd6, 0xbb, 0xd6, 0xfb, 0xd6, 0xdb, 0xd6, 0xba, 0xd6, 0xdb, 0xd6, 0xdb, 0xd6, 0xdb, 0xd6,
    0xdb, 0xd6, 0x3a, 0xbe, 0x19, 0xb6, 0xbb, 0xce, 0xdb, 0xd6, 0xda, 0xd6, 0xda, 0xd6, 0xda, 0xce,
    0xda, 0xd6, 0xda, 0xd6, 0xda, 0xce, 0xba, 0xd6, 0xba, 0xd6, 0xba, 0xd6, 0xba, 0xd6, 0xba, 0xd6,
    0xff, 0xff, 0xff, 0xff, 0xff, 0xff, 0xff, 0xff, 0xff, 0xff, 0xff, 0xff, 0xff, 0xff, 0xff, 0xff,
    0xff, 0xff, 0xff, 0xff, 0xff, 0xff, 0xde, 0xf7, 0xfd, 0xd6, 0x7e, 0xe7, 0xff, 0xff, 0xff, 0xf7,
    0xff, 0xff, 0xff, 0xff, 0xdf, 0xff, 0xbe, 0xf7, 0xde, 0xf7, 0xff, 0xff, 0xff, 0xff, 0xff, 0xff,
    0xff, 0xff, 0xfe, 0xff, 0xff, 0xff, 0xff, 0xff, 0xfe, 0xff, 0xfe, 0xff, 0xfe, 0xff, 0xfe, 0xff,
    0xfe, 0xff, 0xfe, 0xff, 0xfe, 0xff, 0xfe, 0xff, 0xfe, 0xff, 0xfe, 0xff, 0xfe, 0xff, 0xfe, 0xff,
    0xfe, 0xff, 0xfe, 0xff, 0xfe, 0xff, 0xfe, 0xff, 0xfe, 0xff, 0xfe, 0xff, 0xfe, 0xff, 0xfe, 0xff,
    0xfe, 0xff, 0xfe, 0xff, 0xfe, 0xff, 0xfe, 0xff, 0xfe, 0xff, 0xfe, 0xff, 0xfe, 0xff, 0xfe, 0xff,
    0xfe, 0xff, 0xfe, 0xff, 0xfe, 0xff, 0xfe, 0xff, 0xfe, 0xff, 0xfe, 0xff, 0xfe, 0xff, 0xfe, 0xff,
    0xfe, 0xff, 0xfe, 0xff, 0xfe, 0xff, 0xfe, 0xff, 0xfe, 0xff, 0xfe, 0xff, 0xfe, 0xff, 0xfe, 0xff,
    0xfe, 0xff, 0xfe, 0xff, 0xfe, 0xff, 0xfe, 0xff, 0xfe, 0xff, 0xfe, 0xff, 0xfe, 0xff, 0xfe, 0xff,
    0xfe, 0xff, 0xfe, 0xff, 0xfe, 0xff, 0xfe, 0xff, 0xfe, 0xff, 0xfe, 0xff, 0xfe, 0xff, 0xfe, 0xff,
    0xfe, 0xff, 0xfe, 0xff, 0xfe, 0xff, 0xfe, 0xff, 0xfe, 0xff, 0xfe, 0xff, 0xfe, 0xff, 0xfd, 0xff,
    0xdd, 0xff, 0xdd, 0xff, 0xdd, 0xff, 0xdd, 0xff, 0xdd, 0xff, 0xdd, 0xff, 0xdd, 0xff, 0xdd, 0xff,
    0xdd, 0xff, 0xdd, 0xff, 0xdd, 0xff, 0xdd, 0xff, 0xdd, 0xff, 0xdd, 0xff, 0xdd, 0xff, 0xdd, 0xff,
    0xdd, 0xff, 0xdd, 0xff, 0xdd, 0xff, 0xdd, 0xff, 0xdd, 0xff, 0xdd, 0xff, 0xdd, 0xff, 0xdd, 0xff,
    0xdd, 0xff, 0xdd, 0xff, 0xdd, 0xff, 0xdd, 0xff, 0xdd, 0xff, 0xdd, 0xff, 0xdd, 0xff, 0xdd, 0xff,
    0xdd, 0xff, 0xdd, 0xff, 0xdd, 0xff, 0xdd, 0xff, 0xdd, 0xff, 0xdd, 0xff, 0xdd, 0xff, 0xdd, 0xff,
    0xbd, 0xff, 0xbd, 0xff, 0xbd, 0xff, 0xbd, 0xff, 0xbd, 0xff, 0xbd, 0xff, 0xbd, 0xff, 0xbd, 0xff,
    0xbd, 0xff, 0xbd, 0xff, 0xbd, 0xff, 0xbd, 0xff, 0xbd, 0xff, 0xbd, 0xff, 0xbd, 0xff, 0xbd, 0xff,
    0xbd, 0xff, 0xbd, 0xff, 0xbd, 0xff, 0xbd, 0xff, 0xbd, 0xff, 0xbd, 0xff, 0xbd, 0xff, 0xbd, 0xff,
    0xbd, 0xff, 0xbd, 0xff, 0x9d, 0xff, 0x9d, 0xff, 0xbd, 0xff, 0x9d, 0xff, 0x9d, 0xff, 0x9d, 0xff,
    0x9d, 0xff, 0x9d, 0xff, 0x9d, 0xff, 0x9d, 0xff, 0x9d, 0xf7, 0x9c, 0xf7, 0x9c, 0xf7, 0x9c, 0xf7,
    0x9c, 0xf7, 0x9c, 0xf7, 0x9c, 0xf7, 0x9c, 0xf7, 0x9c, 0xf7, 0x9c, 0xf7, 0x9c, 0xf7, 0x9c, 0xf7,
    0x9c, 0xf7, 0x9c, 0xf7, 0x9c, 0xf7, 0x9c, 0xf7, 0x7c, 0xf7, 0x7c, 0xf7, 0x7c, 0xf7, 0x7c, 0xf7,
    0x7c, 0xf7, 0x7c, 0xf7, 0x7c, 0xf7, 0x7c, 0xf7, 0x7c, 0xf7, 0x7c, 0xf7, 0x7c, 0xf7, 0x7c, 0xf7,
    0x7c, 0xf7, 0x7c, 0xf7, 0x7c, 0xf7, 0x7c, 0xf7, 0x7c, 0xf7, 0x7c, 0xf7, 0x7c, 0xf7, 0x7c, 0xf7,
    0x7c, 0xf7, 0x7c, 0xf7, 0x7c, 0xf7, 0x7c, 0xf7, 0x7c, 0xf7, 0x7c, 0xf7, 0x5c, 0xef, 0x5c, 0xef,
    0x5c, 0xef, 0x5c, 0xef, 0x5c, 0xef, 0x5c, 0xef, 0x5c, 0xef, 0x5c, 0xef, 0x5c, 0xef, 0x5b, 0xef,
    0x5b, 0xef, 0x5b, 0xef, 0x3b, 0xef, 0x3b, 0xef, 0x3b, 0xef, 0x3b, 0xef, 0x3b, 0xef, 0x3b, 0xef,
    0x3b, 0xef, 0x3b, 0xe7, 0x3b, 0xef, 0x3b, 0xef, 0x3b, 0xef, 0x3b, 0xef, 0x3b, 0xef, 0x3b, 0xef,
    0x3b, 0xef, 0x3b, 0xe7, 0x3b, 0xef, 0x3b, 0xe7, 0x3b, 0xe7, 0x3b, 0xe7, 0x3b, 0xe7, 0x3b, 0xe7,
    0x3b, 0xe7, 0x1b, 0xe7, 0x1b, 0xe7, 0x1b, 0xe7, 0x1b, 0xe7, 0x1b, 0xe7, 0x1b, 0xe7, 0x1b, 0xe7,
    0x1b, 0xe7, 0x1b, 0xe7, 0x1b, 0xe7, 0x1b, 0xe7, 0x1b, 0xe7, 0xfb, 0xde, 0xfb, 0xde, 0xfb, 0xde,
    0xfb, 0xde, 0xfb, 0xde, 0xfb, 0xde, 0xfb, 0xde, 0xfb, 0xde, 0xdb, 0xde, 0xda, 0xde, 0xda, 0xde,
    0xda, 0xde, 0xda, 0xde, 0xda, 0xde, 0xda, 0xde, 0xda, 0xde, 0xda, 0xde, 0xda, 0xde, 0xda, 0xde,
    0xda, 0xde, 0xda, 0xde, 0xda, 0xd6, 0xba, 0xd6, 0xba, 0xd6, 0xdb, 0xd6, 0xda, 0xd6, 0xb9, 0xd6,
    0xba, 0xd6, 0xba, 0xd6, 0xba, 0xd6, 0xbb, 0xd6, 0xba, 0xd6, 0xba, 0xd6, 0xba, 0xd6, 0xba, 0xd6,
    0xba, 0xd6, 0xba, 0xd6, 0xba, 0xd6, 0xdb, 0xd6, 0xdb, 0xd6, 0xba, 0xce, 0xdb, 0xd6, 0xdb, 0xde,
    0xda, 0xd6, 0xda, 0xd6, 0x39, 0xbe, 0x19, 0xb6, 0xbb, 0xce, 0xdb, 0xd6, 0xdb, 0xd6, 0xdb, 0xd6,
    0xda, 0xd6, 0xda, 0xd6, 0xda, 0xd6, 0xba, 0xd6, 0xba, 0xd6, 0xba, 0xd6, 0xba, 0xd6, 0xba, 0xd6,
    0xff, 0xff, 0xff, 0xff, 0xff, 0xff, 0xff, 0xff, 0xff, 0xff, 0xff, 0xff, 0xff, 0xff, 0xff, 0xff,
    0xff, 0xff, 0xff, 0xff, 0xff, 0xff, 0x1d, 0xd7, 0x5e, 0xe7, 0xff, 0xff, 0xff, 0xf7, 0xff, 0xff,
    0xff, 0xff, 0xde, 0xf7, 0xbe, 0xf7, 0xde, 0xf7, 0xff, 0xff, 0xff, 0xff, 0xff, 0xff, 0xff, 0xff,
    0xff, 0xff, 0xff, 0xff, 0xfe, 0xff, 0xfe, 0xff, 0xfe, 0xff, 0xff, 0xff, 0xfe, 0xff, 0xfe, 0xff,
    0xfe, 0xff, 0xfe, 0xff, 0xfe, 0xff, 0xfe, 0xff, 0xfe, 0xff, 0xfe, 0xff, 0xfe, 0xff, 0xfe, 0xff,
    0xfe, 0xff, 0xfe, 0xff, 0xfe, 0xff, 0xfe, 0xff, 0xfe, 0xff, 0xfe, 0xff, 0xfe, 0xff, 0xfe, 0xff,
    0xfe, 0xff, 0xfe, 0xff, 0xfe, 0xff, 0xfe, 0xff, 0xfe, 0xff, 0xfe, 0xff, 0xfe, 0xff, 0xfe, 0xff,
    0xfe, 0xff, 0xfe, 0xff, 0xfe, 0xff, 0xfe, 0xff, 0xfe, 0xff, 0xfe, 0xff, 0xfe, 0xff, 0xfe, 0xff,
    0xfe, 0xff, 0xfe, 0xff, 0xfe, 0xff, 0xfe, 0xff, 0xfe, 0xff, 0xfe, 0xff, 0xfe, 0xff, 0xfe, 0xff,
    0xfe, 0xff, 0xfd, 0xff, 0xfe, 0xff, 0xfe, 0xff, 0xfe, 0xff, 0xfe, 0xff, 0xfe, 0xff, 0xfe, 0xff,
    0xfe, 0xff, 0xfe, 0xff, 0xfe, 0xff, 0xfe, 0xff, 0xfe, 0xff, 0xfe, 0xff, 0xfe, 0xff, 0xfe, 0xff,
    0xfe, 0xff, 0xfe, 0xff, 0xfe, 0xff, 0xfe, 0xff, 0xfe, 0xff, 0xfe, 0xff, 0xde, 0xff, 0xfd, 0xff,
    0xdd, 0xff, 0xdd, 0xff, 0xdd, 0xff, 0xdd, 0xff, 0xdd, 0xff, 0xdd, 0xff, 0xdd, 0xff, 0xdd, 0xff,
    0xdd, 0xff, 0xdd, 0xff, 0xdd, 0xff, 0xdd, 0xff, 0xdd, 0xff, 0xdd, 0xff, 0xdd, 0xff, 0xdd, 0xff,
    0xdd, 0xff, 0xdd, 0xff, 0xdd, 0xff, 0xdd, 0xff, 0xdd, 0xff, 0xdd, 0xff, 0xdd, 0xff, 0xdd, 0xff,
    0xdd, 0xff, 0xdd, 0xff, 0xdd, 0xff, 0xdd, 0xff, 0xdd, 0xff, 0xdd, 0xff, 0xdd, 0xff, 0xdd, 0xff,
    0xdd, 0xff, 0xdd, 0xff, 0xdd, 0xff, 0xdd, 0xff, 0xdd, 0xff, 0xdd, 0xff, 0xdd, 0xff, 0xdd, 0xff,
    0xbd, 0xff, 0xbd, 0xff, 0xbd, 0xff, 0xbd, 0xff, 0xbd, 0xff, 0xbd, 0xff, 0xbd, 0xff, 0xbd, 0xff,
    0xbd, 0xff, 0xbd, 0xff, 0xbd, 0xff, 0xbd, 0xff, 0xbd, 0xff, 0xbd, 0xff, 0xbd, 0xff, 0xbd, 0xff,
    0xbd, 0xff, 0xbd, 0xff, 0xbd, 0xff, 0xbd, 0xff, 0xbd, 0xff, 0xbd, 0xff, 0xbd, 0xff, 0xbd, 0xff,
    0xbd, 0xff, 0xbd, 0xff, 0xbd, 0xff, 0xbd, 0xff, 0xbd, 0xff, 0x9d, 0xff, 0x9d, 0xff, 0x9d, 0xff,
    0x9d, 0xff, 0x9d, 0xff, 0x9d, 0xf7, 0x9d, 0xf7, 0x9d, 0xff, 0x9c, 0xf7, 0x9c, 0xf7, 0x9c, 0xf7,
    0x9c, 0xf7, 0x9d, 0xf7, 0x9c, 0xf7, 0x9c, 0xf7, 0x9c, 0xf7, 0x9c, 0xf7, 0x9c, 0xf7, 0x9c, 0xf7,
    0x9c, 0xf7, 0x9c, 0xf7, 0x9c, 0xf7, 0x9c, 0xf7, 0x7c, 0xf7, 0x7c, 0xf7, 0x7c, 0xf7, 0x7c, 0xf7,
    0x7c, 0xf7, 0x7c, 0xf7, 0x7c, 0xf7, 0x7c, 0xf7, 0x7c, 0xf7, 0x7c, 0xf7, 0x7c, 0xf7, 0x7c, 0xf7,
    0x7c, 0xf7, 0x7c, 0xf7, 0x7c, 0xf7, 0x7c, 0xf7, 0x7c, 0xf7, 0x7c, 0xf7, 0x7c, 0xf7, 0x7c, 0xf7,
    0x7c, 0xf7, 0x7c, 0xf7, 0x7c, 0xf7, 0x7c, 0xf7, 0x7c, 0xef, 0x7c, 0xef, 0x5c, 0xef, 0x5c, 0xef,
    0x5c, 0xef, 0x5c, 0xef, 0x5c, 0xef, 0x5c, 0xef, 0x5c, 0xef, 0x5c, 0xef, 0x5b, 0xef, 0x5c, 0xef,
    0x5b, 0xef, 0x5b, 0xef, 0x5b, 0xef, 0x5b, 0xef, 0x3b, 0xef, 0x3b, 0xef, 0x3b, 0xef, 0x3b, 0xef,
    0x3b, 0xef, 0x3b, 0xef, 0x3b, 0xef, 0x3b, 0xef, 0x3b, 0xef, 0x3b, 0xef, 0x3c, 0xef, 0x3b, 0xef,
    0x3c, 0xef, 0x3b, 0xef, 0x3b, 0xef, 0x3b, 0xef, 0x3b, 0xe7, 0x3b, 0xe7, 0x3b, 0xe7, 0x3b, 0xe7,
    0x1b, 0xe7, 0x1b, 0xe7, 0x1b, 0xe7, 0x1b, 0xe7, 0x1b, 0xe7, 0x1b, 0xe7, 0x1b, 0xe7, 0x1b, 0xe7,
    0x1b, 0xe7, 0x1b, 0xe7, 0x1b, 0xe7, 0x1b, 0xe7, 0x1b, 0xe7, 0x1b, 0xe7, 0xfb, 0xde, 0xfb, 0xde,
    0xfb, 0xde, 0xfb, 0xde, 0xfb, 0xde, 0xfb, 0xde, 0xfb, 0xde, 0xfb, 0xde, 0xdb, 0xde, 0xdb, 0xde,
    0xdb, 0xde, 0xda, 0xde, 0xda, 0xde, 0xda, 0xde, 0xda, 0xde, 0xda, 0xde, 0xda, 0xde, 0xda, 0xde,
    0xda, 0xde, 0xda, 0xde, 0xda, 0xd6, 0xba, 0xd6, 0xba, 0xd6, 0xdb, 0xd6, 0xba, 0xd6, 0xba, 0xd6,
    0xba, 0xd6, 0xba, 0xd6, 0xb9, 0xd6, 0xba, 0xd6, 0xba, 0xd6, 0xba, 0xd6, 0xba, 0xd6, 0xba, 0xd6,
    0xba, 0xd6, 0xba, 0xd6, 0xba, 0xd6, 0xba, 0xd6, 0xdb, 0xd6, 0xdb, 0xd6, 0xba, 0xd6, 0xdb, 0xd6,
    0xba, 0xd6, 0xda, 0xd6, 0xda, 0xd6, 0x39, 0xbe, 0x3a, 0xb6, 0xbb, 0xce, 0xdb, 0xd6, 0xdb, 0xde,
    0xda, 0xd6, 0xda, 0xd6, 0xda, 0xd6, 0xda, 0xd6, 0xba, 0xd6, 0xba, 0xd6, 0xba, 0xd6, 0xba, 0xd6,
    0xff, 0xff, 0xff, 0xff, 0xff, 0xff, 0xff, 0xff, 0xff, 0xff, 0xff, 0xff, 0xff, 0xff, 0xff, 0xff,
    0xff, 0xf7, 0xff, 0xff, 0x3d, 0xdf, 0x3d, 0xdf, 0xff, 0xff, 0xff, 0xf7, 0xff, 0xff, 0xff, 0xff,
    0xde, 0xff, 0xbe, 0xf7, 0xde, 0xf7, 0xff, 0xff, 0xff, 0xff, 0xff, 0xff, 0xff, 0xff, 0xff, 0xff,
    0xff, 0xff, 0xff, 0xff, 0xff, 0xff, 0xfe, 0xff, 0xff, 0xff, 0xff, 0xff, 0xfe, 0xff, 0xff, 0xff,
    0xfe, 0xff, 0xfe, 0xff, 0xfe, 0xff, 0xfe, 0xff, 0xfe, 0xff, 0xfe, 0xff, 0xfe, 0xff, 0xfe, 0xff,
    0xfe, 0xff, 0xfe, 0xff, 0xfe, 0xff, 0xfe, 0xff, 0xfe, 0xff, 0xfe, 0xff, 0xfe, 0xff, 0xfe, 0xff,
    0xfe, 0xff, 0xfe, 0xff, 0xfe, 0xff, 0xfe, 0xff, 0xfe, 0xff, 0xfe, 0xff, 0xfe, 0xff, 0xfe, 0xff,
    0xfe, 0xff, 0xfe, 0xff, 0xfe, 0xff, 0xfe, 0xff, 0xfe, 0xff, 0xfe, 0xff, 0xfe, 0xff, 0xfe, 0xff,
    0xfe, 0xff, 0xfe, 0xff, 0xfe, 0xff, 0xfe, 0xff, 0xfd, 0xff, 0xfd, 0xff, 0xfe, 0xff, 0xfe, 0xff,
    0xfe, 0xff, 0xfe, 0xff, 0xfe, 0xff, 0xfe, 0xff, 0xfe, 0xff, 0xfe, 0xff, 0xfe, 0xff, 0xfe, 0xff,
    0xfe, 0xff, 0xfe, 0xff, 0xfe, 0xff, 0xfe, 0xff, 0xfe, 0xff, 0xfe, 0xff, 0xfe, 0xff, 0xfe, 0xff,
    0xfe, 0xff, 0xfe, 0xff, 0xfe, 0xff, 0xfe, 0xff, 0xfe, 0xff, 0xfe, 0xff, 0xfe, 0xff, 0xfe, 0xff,
    0xde, 0xff, 0xfd, 0xff, 0xde, 0xff, 0xdd, 0xff, 0xdd, 0xff, 0xdd, 0xff, 0xdd, 0xff, 0xdd, 0xff,
    0xdd, 0xff, 0xdd, 0xff, 0xdd, 0xff, 0xdd, 0xff, 0xdd, 0xff, 0xdd, 0xff, 0xdd, 0xff, 0xdd, 0xff,
    0xdd, 0xff, 0xdd, 0xff, 0xdd, 0xff, 0xdd, 0xff, 0xdd, 0xff, 0xdd, 0xff, 0xdd, 0xff, 0xdd, 0xff,
    0xdd, 0xff, 0xdd, 0xff, 0xdd, 0xff, 0xdd, 0xff, 0xdd, 0xff, 0xdd, 0xff, 0xdd, 0xff, 0xdd, 0xff,
    0xdd, 0xff, 0xdd, 0xff, 0xdd, 0xff, 0xdd, 0xff, 0xdd, 0xff, 0xdd, 0xff, 0xdd, 0xff, 0xdd, 0xff,
    0xdd, 0xff, 0xbd, 0xff, 0xbd, 0xff, 0xbd, 0xff, 0xbd, 0xff, 0xbd, 0xff, 0xbd, 0xff, 0xbd, 0xff,
    0xbd, 0xff, 0xbd, 0xff, 0xbd, 0xff, 0xbd, 0xff, 0xbd, 0xff, 0xbd, 0xff, 0xbd, 0xff, 0xbd, 0xff,
    0xbd, 0xff, 0xbd, 0xff, 0xbd, 0xff, 0xbd, 0xff, 0xbd, 0xff, 0xbd, 0xff, 0x9d, 0xff, 0x9d, 0xff,
    0x9d, 0xff, 0x9d, 0xff, 0xbd, 0xff, 0x9d, 0xff, 0xbd, 0xff, 0x9d, 0xff, 0x9d, 0xff, 0x9d, 0xff,
    0x9d, 0xff, 0x9d, 0xff, 0x9d, 0xff, 0x9d, 0xf7, 0x9d, 0xf7, 0x9c, 0xf7, 0x9c, 0xf7, 0x9c, 0xf7,
    0x9d, 0xf7, 0x9c, 0xf7, 0x9c, 0xf7, 0x9c, 0xf7, 0x9c, 0xf7, 0x9b, 0xf7, 0x9c, 0xf7, 0x9c, 0xf7,
    0x9c, 0xf7, 0x7c, 0xf7, 0x7c, 0xf7, 0x7c, 0xf7, 0x7c, 0xf7, 0x7c, 0xf7, 0x7c, 0xf7, 0x7c, 0xf7,
    0x7c, 0xf7, 0x7c, 0xf7, 0x7c, 0xf7, 0x7c, 0xf7, 0x7c, 0xf7, 0x7c, 0xf7, 0x7c, 0xf7, 0x7c, 0xf7,
    0x7c, 0xf7, 0x7c, 0xf7, 0x7c, 0xf7, 0x7c, 0xf7, 0x7c, 0xf7, 0x7c, 0xf7, 0x7c, 0xf7, 0x7c, 0xf7,
    0x7c, 0xf7, 0x7c, 0xf7, 0x7c, 0xf7, 0x7c, 0xf7, 0x7c, 0xef, 0x7c, 0xef, 0x5c, 0xef, 0x5c, 0xef,
    0x5c, 0xef, 0x5c, 0xef, 0x5c, 0xef, 0x5c, 0xef, 0x5c, 0xef, 0x5c, 0xef, 0x5b, 0xef, 0x5b, 0xef,
    0x5b, 0xef, 0x5b, 0xef, 0x5b, 0xef, 0x5b, 0xef, 0x5b, 0xef, 0x3c, 0xef, 0x3b, 0xef, 0x3b, 0xef,
    0x3b, 0xef, 0x3b, 0xef, 0x3b, 0xef, 0x3b, 0xef, 0x3b, 0xef, 0x3b, 0xef, 0x3c, 0xef, 0x3b, 0xef,
    0x3c, 0xef, 0x3b, 0xef, 0x3b, 0xef, 0x3b, 0xe7, 0x3b, 0xe7, 0x3b, 0xe7, 0x3b, 0xe7, 0x3b, 0xe7,
    0x1b, 0xe7, 0x3b, 0xe7, 0x1b, 0xe7, 0x1b, 0xe7, 0x1b, 0xe7, 0x1b, 0xe7, 0x1b, 0xe7, 0x1b, 0xe7,
    0x1b, 0xe7, 0x1b, 0xe7, 0x1b, 0xe7, 0x1b, 0xe7, 0x1b, 0xe7, 0x1b, 0xe7, 0x1b, 0xdf, 0xfb, 0xde,
    0xfb, 0xde, 0xfb, 0xde, 0xfb, 0xde, 0xfb, 0xde, 0xfb, 0xde, 0xfb, 0xde, 0xfb, 0xde, 0xdb, 0xde,
    0xdb, 0xde, 0xdb, 0xde, 0xdb, 0xde, 0xda, 0xde, 0xda, 0xde, 0xda, 0xde, 0xda, 0xde, 0xda, 0xde,
    0xda, 0xde, 0xda, 0xde, 0xda, 0xde, 0xba, 0xd6, 0xba, 0xd6, 0xba, 0xd6, 0xba, 0xd6, 0xba, 0xd6,
    0xba, 0xd6, 0xba, 0xd6, 0xba, 0xd6, 0xba, 0xd6, 0xba, 0xd6, 0xba, 0xd6, 0xba, 0xd6, 0xba, 0xd6,
    0xba, 0xd6, 0xba, 0xd6, 0xba, 0xd6, 0xba, 0xd6, 0xba, 0xd6, 0xdb, 0xd6, 0xdb, 0xd6, 0xba, 0xd6,
    0xbb, 0xd6, 0xbb, 0xd6, 0xba, 0xd6, 0xba, 0xce, 0x19, 0xb6, 0x5a, 0xbe, 0xbb, 0xd6, 0xda, 0xde,
    0xdb, 0xde, 0xdb, 0xd6, 0xda, 0xd6, 0xda, 0xd6, 0xba, 0xd6, 0xba, 0xd6, 0xba, 0xd6, 0xba, 0xd6,
    0xff, 0xff, 0xff, 0xff, 0xff, 0xff, 0xff, 0xff, 0xff, 0xff, 0xff, 0xff, 0xff, 0xff, 0xff, 0xf7,
    0xff, 0xff, 0x9e, 0xef, 0x1d, 0xd7, 0xff, 0xff, 0xff, 0xff, 0xff, 0xff, 0xff, 0xff, 0xff, 0xff,
    0xbe, 0xf7, 0xde, 0xf7, 0xff, 0xff, 0xff, 0xff, 0xff, 0xff, 0xff, 0xff, 0xff, 0xff, 0xfe, 0xff,
    0xff, 0xff, 0xff, 0xff, 0xff, 0xff, 0xfe, 0xff, 0xfe, 0xff, 0xfe, 0xff, 0xfe, 0xff, 0xfe, 0xff,
    0xfe, 0xff, 0xfe, 0xff, 0xfe, 0xff, 0xfe, 0xff, 0xfe, 0xff, 0xfe, 0xff, 0xfe, 0xff, 0xfe, 0xff,
    0xfe, 0xff, 0xfe, 0xff, 0xfe, 0xff, 0xfe, 0xff, 0xfe, 0xff, 0xfe, 0xff, 0xfe, 0xff, 0xfe, 0xff,
    0xfe, 0xff, 0xfe, 0xff, 0xfe, 0xff, 0xfe, 0xff, 0xfe, 0xff, 0xfe, 0xff, 0xfe, 0xff, 0xfe, 0xff,
    0xfe, 0xff, 0xfe, 0xff, 0xfe, 0xff, 0xfe, 0xff, 0xfe, 0xff, 0xfe, 0xff, 0xfe, 0xff, 0xfe, 0xff,
    0xfe, 0xff, 0xfe, 0xff, 0xfe, 0xff, 0xfe, 0xff, 0xde, 0xff, 0xde, 0xff, 0xfd, 0xff, 0xfd, 0xff,
    0xfe, 0xff, 0xfe, 0xff, 0xfe, 0xff, 0xfe, 0xff, 0xfe, 0xff, 0xfe, 0xff, 0xfe, 0xff, 0xfe, 0xff,
    0xfe, 0xff, 0xfe, 0xff, 0xfe, 0xff, 0xfe, 0xff, 0xfe, 0xff, 0xfe, 0xff, 0xfe, 0xff, 0xfe, 0xff,
    0xfe, 0xff, 0xfe, 0xff, 0xfe, 0xff, 0xde, 0xff, 0xfe, 0xff, 0xfe, 0xff, 0xfe, 0xff, 0xfe, 0xff,
    0xfe, 0xff, 0xfe, 0xff, 0xdd, 0xff, 0xdd, 0xff, 0xdd, 0xff, 0xdd, 0xff, 0xdd, 0xff, 0xdd, 0xff,
    0xdd, 0xff, 0xdd, 0xff, 0xdd, 0xff, 0xdd, 0xff, 0xdd, 0xff, 0xdd, 0xff, 0xdd, 0xff, 0xdd, 0xff,
    0xdd, 0xff, 0xdd, 0xff, 0xdd, 0xff, 0xdd, 0xff, 0xdd, 0xff, 0xdd, 0xff, 0xdd, 0xff, 0xdd, 0xff,
    0xdd, 0xff, 0xdd, 0xff, 0xdd, 0xff, 0xdd, 0xff, 0xdd, 0xff, 0xdd, 0xff, 0xdd, 0xff, 0xdd, 0xff,
    0xdd, 0xff, 0xdd, 0xff, 0xdd, 0xff, 0xdd, 0xff, 0xdd, 0xff, 0xdd, 0xff, 0xdd, 0xff, 0xdd, 0xff,
    0xbd, 0xff, 0xbd, 0xff, 0xbd, 0xff, 0xbd, 0xff, 0xbd, 0xff, 0xbd, 0xff, 0xbd, 0xff, 0xbd, 0xff,
    0xbd, 0xff, 0xbd, 0xff, 0xbd, 0xff, 0xbd, 0xff, 0xbd, 0xff, 0xbd, 0xff, 0xbd, 0xff, 0xbd, 0xff,
    0xbd, 0xff, 0xbd, 0xff, 0xbd, 0xff, 0xbd, 0xff, 0xbd, 0xff, 0x9d, 0xff, 0xbd, 0xff, 0x9d, 0xff,
    0x9d, 0xff, 0xbd, 0xff, 0x9d, 0xff, 0x9d, 0xff, 0x9d, 0xff, 0x9d, 0xff, 0x9d, 0xff, 0x9d, 0xff,
    0x9d, 0xff, 0x9d, 0xff, 0x9d, 0xff, 0x9d, 0xf7, 0x9d, 0xf7, 0x9c, 0xf7, 0x9c, 0xf7, 0x9c, 0xf7,
    0x9c, 0xf7, 0x9c, 0xf7, 0x9c, 0xf7, 0x9c, 0xf7, 0x9c, 0xf7, 0x9c, 0xf7, 0x7c, 0xf7, 0x7c, 0xf7,
    0x7c, 0xf7, 0x7c, 0xf7, 0x7c, 0xf7, 0x7c, 0xf7, 0x7c, 0xf7, 0x7c, 0xf7, 0x7c, 0xf7, 0x7c, 0xf7,
    0x7c, 0xf7, 0x7c, 0xf7, 0x7c, 0xf7, 0x7c, 0xf7, 0x7c, 0xf7, 0x7c, 0xf7, 0x7c, 0xf7, 0x7c, 0xf7,
    0x7c, 0xf7, 0x7c, 0xf7, 0x7c, 0xf7, 0x7c, 0xf7, 0x7c, 0xf7, 0x7c, 0xf7, 0x7c, 0xf7, 0x7c, 0xf7,
    0x7c, 0xf7, 0x7c, 0xf7, 0x7c, 0xf7, 0x7c, 0xf7, 0x7c, 0xef, 0x5c, 0xef, 0x5c, 0xef, 0x5c, 0xef,
    0x5c, 0xef, 0x5c, 0xef, 0x5c, 0xef, 0x5c, 0xef, 0x5c, 0xef, 0x5c, 0xef, 0x5c, 0xef, 0x5c, 0xef,
    0x5c, 0xef, 0x5c, 0xef, 0x5c, 0xef, 0x5b, 0xef, 0x5b, 0xef, 0x3c, 0xef, 0x3b, 0xef, 0x3b, 0xef,
    0x3c, 0xef, 0x3c, 0xef, 0x3b, 0xef, 0x3b, 0xef, 0x3b, 0xef, 0x3b, 0xef, 0x3c, 0xef, 0x3b, 0xef,
    0x3b, 0xef, 0x3b, 0xef, 0x3b, 0xef, 0x3b, 0xef, 0x3b, 0xef, 0x3b, 0xe7, 0x3b, 0xe7, 0x3b, 0xe7,
    0x3b, 0xe7, 0x1b, 0xe7, 0x1b, 0xe7, 0x1b, 0xe7, 0x1b, 0xe7, 0x1b, 0xe7, 0x1b, 0xe7, 0x1b, 0xe7,
    0x1b, 0xe7, 0x1b, 0xe7, 0x1b, 0xe7, 0x1b, 0xe7, 0x1b, 0xe7, 0x1b, 0xe7, 0x1b, 0xe7, 0xfb, 0xde,
    0xfb, 0xde, 0xfb, 0xde, 0xfb, 0xde, 0xfb, 0xde, 0xfb, 0xde, 0xfb, 0xde, 0xfb, 0xde, 0xfa, 0xde,
    0xdb, 0xde, 0xdb, 0xde, 0xdb, 0xde, 0xda, 0xde, 0xda, 0xde, 0xda, 0xde, 0xda, 0xde, 0xda, 0xde,
    0xda, 0xde, 0xda, 0xde, 0xda, 0xde, 0xda, 0xd6, 0xba, 0xd6, 0xba, 0xd6, 0xba, 0xd6, 0xba, 0xd6,
    0xba, 0xd6, 0xba, 0xd6, 0xba, 0xd6, 0xba, 0xd6, 0xba, 0xd6, 0xba, 0xd6, 0xba, 0xd6, 0xba, 0xd6,
    0xba, 0xd6, 0xba, 0xd6, 0xba, 0xd6, 0xba, 0xd6, 0xba, 0xd6, 0x9a, 0xce, 0xdb, 0xd6, 0xdb, 0xd6,
    0x9a, 0xce, 0xba, 0xd6, 0xba, 0xd6, 0xba, 0xd6, 0x9a, 0xce, 0x19, 0xb6, 0x7a, 0xc6, 0xdb, 0xd6,
    0xdb, 0xd6, 0xdb, 0xd6, 0xda, 0xd6, 0xda, 0xd6, 0xda, 0xd6, 0xdb, 0xd6, 0xba, 0xd6, 0xbb, 0xd6,
    0xff, 0xff, 0xff, 0xff, 0xff, 0xff, 0xff, 0xff, 0xff, 0xff, 0xff, 0xff, 0xff, 0xff, 0xff, 0xff,
    0xde, 0xf7, 0xfd, 0xd6, 0xbe, 0xf7, 0xff, 0xff, 0xff, 0xf7, 0xff, 0xff, 0xff, 0xff, 0xbe, 0xf7,
    0xde, 0xf7, 0xff, 0xff, 0xff, 0xff, 0xff, 0xff, 0xff, 0xff, 0xff, 0xff, 0xfe, 0xff, 0xff, 0xff,
    0xff, 0xff, 0xfe, 0xff, 0xfe, 0xff, 0xfe, 0xff, 0xfe, 0xff, 0xfd, 0xff, 0xfe, 0xff, 0xfe, 0xff,
    0xfe, 0xff, 0xfe, 0xff, 0xfe, 0xff, 0xfe, 0xff, 0xfe, 0xff, 0xfe, 0xff, 0xfe, 0xff, 0xfe, 0xff,
    0xfe, 0xff, 0xfe, 0xff, 0xfe, 0xff, 0xfe, 0xff, 0xfe, 0xff, 0xfe, 0xff, 0xfe, 0xff, 0xfe, 0xff,
    0xfe, 0xff, 0xfe, 0xff, 0xfe, 0xff, 0xfe, 0xff, 0xfe, 0xff, 0xfe, 0xff, 0xfe, 0xff, 0xfe, 0xff,
    0xfe, 0xff, 0xfe, 0xff, 0xfe, 0xff, 0xfe, 0xff, 0xfe, 0xff, 0xfe, 0xff, 0xfe, 0xff, 0xfe, 0xff,
    0xfe, 0xff, 0xfe, 0xff, 0xfe, 0xff, 0xfe, 0xff, 0xfe, 0xff, 0xfd, 0xff, 0xdd, 0xff, 0xfe, 0xff,
    0xfe, 0xff, 0xfe, 0xff, 0xfe, 0xff, 0xfe, 0xff, 0xfe, 0xff, 0xfe, 0xff, 0xfe, 0xff, 0xfe, 0xff,
    0xfe, 0xff, 0xfe, 0xff, 0xfe, 0xff, 0xfe, 0xff, 0xfe, 0xff, 0xfe, 0xff, 0xfe, 0xff, 0xfe, 0xff,
    0xde, 0xff, 0xfe, 0xff, 0xfe, 0xff, 0xfe, 0xff, 0xfe, 0xff, 0xfe, 0xff, 0xfe, 0xff, 0xde, 0xff,
    0xdd, 0xff, 0xde, 0xff, 0xdd, 0xff, 0xdd, 0xff, 0xdd, 0xff, 0xdd, 0xff, 0xdd, 0xff, 0xdd, 0xff,
    0xdd, 0xff, 0xdd, 0xff, 0xdd, 0xff, 0xdd, 0xff, 0xdd, 0xff, 0xdd, 0xff, 0xdd, 0xff, 0xdd, 0xff,
    0xdd, 0xff, 0xdd, 0xff, 0xdd, 0xff, 0xdd, 0xff, 0xdd, 0xff, 0xdd, 0xff, 0xdd, 0xff, 0xdd, 0xff,
    0xdd, 0xff, 0xdd, 0xff, 0xdd, 0xff, 0xdd, 0xff, 0xdd, 0xff, 0xdd, 0xff, 0xdd, 0xff, 0xdd, 0xff,
    0xdd, 0xff, 0xdd, 0xff, 0xdd, 0xff, 0xdd, 0xff, 0xdd, 0xff, 0xdd, 0xff, 0xdd, 0xff, 0xdd, 0xff,
    0xbd, 0xff, 0xdd, 0xff, 0xbd, 0xff, 0xbd, 0xff, 0xbd, 0xff, 0xbd, 0xff, 0xbd, 0xff, 0xbd, 0xff,
    0xbd, 0xff, 0xbd, 0xff, 0xbd, 0xff, 0xbd, 0xff, 0xbd, 0xff, 0xbd, 0xff, 0xbd, 0xff, 0xbd, 0xff,
    0xbd, 0xff, 0xbd, 0xff, 0xbd, 0xff, 0xbd, 0xff, 0xbd, 0xff, 0x9d, 0xff, 0xbd, 0xff, 0xbd, 0xff,
    0x9d, 0xff, 0x9d, 0xff, 0x9d, 0xff, 0x9d, 0xff, 0x9d, 0xff, 0x9d, 0xff, 0x9d, 0xff, 0x9d, 0xff,
    0x9d, 0xff, 0x9d, 0xf7, 0x9d, 0xf7, 0x9d, 0xf7, 0x9d, 0xff, 0x9c, 0xf7, 0x9c, 0xf7, 0x9c, 0xf7,
    0x9c, 0xf7, 0x9c, 0xf7, 0x9c, 0xf7, 0x9c, 0xf7, 0x9c, 0xf7, 0x9c, 0xf7, 0x7c, 0xf7, 0x7c, 0xf7,
    0x7c, 0xf7, 0x7c, 0xf7, 0x7c, 0xf7, 0x7c, 0xf7, 0x7c, 0xf7, 0x7c, 0xf7, 0x7c, 0xf7, 0x7c, 0xf7,
    0x7c, 0xf7, 0x7c, 0xf7, 0x7c, 0xf7, 0x7c, 0xf7, 0x7c, 0xf7, 0x7c, 0xf7, 0x7c, 0xf7, 0x7c, 0xf7,
    0x7c, 0xf7, 0x7c, 0xf7, 0x7c, 0xf7, 0x7c, 0xf7, 0x7c, 0xf7, 0x7c, 0xf7, 0x7c, 0xf7, 0x7c, 0xf7,
    0x7c, 0xf7, 0x7c, 0xf7, 0x7c, 0xf7, 0x7c, 0xf7, 0x7c, 0xef, 0x5c, 0xef, 0x5c, 0xef, 0x5c, 0xf7,
    0x5c, 0xef, 0x5c, 0xef, 0x5c, 0xef, 0x5c, 0xef, 0x5c, 0xef, 0x5c, 0xef, 0x5c, 0xef, 0x5c, 0xef,
    0x5c, 0xef, 0x5c, 0xef, 0x5b, 0xef, 0x5b, 0xef, 0x5b, 0xef, 0x3b, 0xef, 0x3b, 0xef, 0x3b, 0xef,
    0x3c, 0xef, 0x3b, 0xef, 0x3b, 0xef, 0x3b, 0xef, 0x3b, 0xef, 0x3b, 0xef, 0x3c, 0xef, 0x3c, 0xef,
    0x3c, 0xef, 0x3b, 0xef, 0x3b, 0xef, 0x3b, 0xe7, 0x3b, 0xef, 0x3b, 0xe7, 0x3b, 0xe7, 0x3b, 0xe7,
    0x3b, 0xe7, 0x1b, 0xe7, 0x1b, 0xe7, 0x1b, 0xe7, 0x1b, 0xe7, 0x1b, 0xe7, 0x1b, 0xe7, 0x1b, 0xe7,
    0x1b, 0xe7, 0x1b, 0xe7, 0x1b, 0xe7, 0x1b, 0xe7, 0x1b, 0xe7, 0x1b, 0xe7, 0x1b, 0xe7, 0xfb, 0xe6,
    0xfb, 0xde, 0xfb, 0xde, 0xfb, 0xde, 0xfb, 0xde, 0xfb, 0xde, 0xfb, 0xde, 0xfb, 0xde, 0xfb, 0xde,
    0xda, 0xde, 0xdb, 0xde, 0xdb, 0xde, 0xda, 0xde, 0xda, 0xde, 0xda, 0xde, 0xda, 0xde, 0xda, 0xde,
    0xda, 0xde, 0xda, 0xde, 0xda, 0xde, 0xda, 0xde, 0xda, 0xd6, 0xba, 0xd6, 0xba, 0xd6, 0xba, 0xd6,
    0xba, 0xd6, 0xba, 0xd6, 0xba, 0xd6, 0xba, 0xd6, 0xba, 0xd6, 0xba, 0xd6, 0xba, 0xd6, 0xba, 0xd6,
    0xba, 0xd6, 0xba, 0xd6, 0xba, 0xd6, 0xba, 0xd6, 0xba, 0xd6, 0xba, 0xd6, 0x9a, 0xce, 0xfb, 0xd6,
    0xbb, 0xd6, 0x99, 0xce, 0xba, 0xd6, 0xba, 0xd6, 0xba, 0xd6, 0x7a, 0xc6, 0xf9, 0xb5, 0x9a, 0xce,
    0xdb, 0xd6, 0xdb, 0xd6, 0xdb, 0xd6, 0xdb, 0xd6, 0xda, 0xd6, 0xda, 0xd6, 0xba, 0xd6, 0xba, 0xd6,
    0xff, 0xff, 0xff, 0xff, 0xff, 0xff, 0xff, 0xff, 0xff, 0xff, 0xff, 0xff, 0xff, 0xf7, 0xff, 0xff,
    0x1d, 0xd7, 0x7e, 0xe7, 0xff, 0xff, 0xff, 0xf7, 0xff, 0xff, 0xff, 0xff, 0xde, 0xf7, 0xde, 0xf7,
    0xff, 0xff, 0xff, 0xff, 0xff, 0xff, 0xff, 0xff, 0xff, 0xff, 0xfe, 0xff, 0xfe, 0xff, 0xff, 0xff,
    0xfe, 0xff, 0xfe, 0xff, 0xfe, 0xff, 0xfe, 0xff, 0xfe, 0xff, 0xfe, 0xff, 0xfe, 0xff, 0xfe, 0xff,
    0xfe, 0xff, 0xfe, 0xff, 0xfe, 0xff, 0xfe, 0xff, 0xfe, 0xff, 0xfe, 0xff, 0xfe, 0xff, 0xfe, 0xff,
    0xfe, 0xff, 0xfe, 0xff, 0xfe, 0xff, 0xfe, 0xff, 0xfe, 0xff, 0xfe, 0xff, 0xfe, 0xff, 0xfe, 0xff,
    0xfe, 0xff, 0xfe, 0xff, 0xfe, 0xff, 0xfe, 0xff, 0xfe, 0xff, 0xfe, 0xff, 0xfd, 0xff, 0xfe, 0xff,
    0xfe, 0xff, 0xfe, 0xff, 0xfd, 0xff, 0xfe, 0xff, 0xfe, 0xff, 0xfe, 0xff, 0xfd, 0xff, 0xfe, 0xff,
    0xfe, 0xff, 0xfd, 0xff, 0xfd, 0xff, 0xfd, 0xff, 0xdd, 0xff, 0xdd, 0xff, 0xdd, 0xff, 0xdd, 0xff,
    0xde, 0xff, 0xde, 0xff, 0xfe, 0xff, 0xfe, 0xff, 0xfe, 0xff, 0xfe, 0xff, 0xfe, 0xff, 0xfe, 0xff,
    0xfe, 0xff, 0xfe, 0xff, 0xfe, 0xff, 0xfe, 0xff, 0xfe, 0xff, 0xfe, 0xff, 0xfe, 0xff, 0xde, 0xff,
    0xde, 0xff, 0xdd, 0xff, 0xde, 0xff, 0xfe, 0xff, 0xfe, 0xff, 0xde, 0xff, 0xfe, 0xff, 0xde, 0xff,
    0xde, 0xff, 0xde, 0xff, 0xdd, 0xff, 0xdd, 0xff, 0xdd, 0xff, 0xdd, 0xff, 0xdd, 0xff, 0xdd, 0xff,
    0xdd, 0xff, 0xdd, 0xff, 0xdd, 0xff, 0xdd, 0xff, 0xdd, 0xff, 0xdd, 0xff, 0xdd, 0xff, 0xdd, 0xff,
    0xdd, 0xff, 0xdd, 0xff, 0xdd, 0xff, 0xdd, 0xff, 0xdd, 0xff, 0xdd, 0xff, 0xdd, 0xff, 0xdd, 0xff,
    0xdd, 0xff, 0xdd, 0xff, 0xdd, 0xff, 0xdd, 0xff, 0xdd, 0xff, 0xdd, 0xff, 0xdd, 0xff, 0xdd, 0xff,
    0xdd, 0xff, 0xdd, 0xff, 0xdd, 0xff, 0xdd, 0xff, 0xdd, 0xff, 0xdd, 0xff, 0xdd, 0xff, 0xdd, 0xff,
    0xdd, 0xff, 0xdd, 0xff, 0xbd, 0xff, 0xbd, 0xff, 0xbd, 0xff, 0xbd, 0xff, 0xbd, 0xff, 0xbd, 0xff,
    0xbd, 0xff, 0xbd, 0xff, 0xbd, 0xff, 0xbd, 0xff, 0xbd, 0xff, 0xbd, 0xff, 0xbd, 0xff, 0xbd, 0xff,
    0xbd, 0xff, 0xbd, 0xff, 0xbd, 0xff, 0xbd, 0xff, 0xbd, 0xff, 0xbd, 0xff, 0xbd, 0xff, 0xbd, 0xff,
    0xbd, 0xff, 0x9d, 0xff, 0x9d, 0xff, 0x9d, 0xff, 0x9d, 0xff, 0x9d, 0xff, 0x9d, 0xff, 0x9d, 0xff,
    0x9d, 0xff, 0x9d, 0xf7, 0x9d, 0xf7, 0x9d, 0xf7, 0x9d, 0xff, 0x9d, 0xf7, 0x9c, 0xf7, 0x9c, 0xf7,
    0x9d, 0xf7, 0x9c, 0xf7, 0x9c, 0xf7, 0x9d, 0xf7, 0x9c, 0xf7, 0x7c, 0xf7, 0x7c, 0xf7, 0x7c, 0xf7,
    0x7c, 0xf7, 0x7c, 0xf7, 0x7c, 0xf7, 0x7c, 0xf7, 0x7c, 0xf7, 0x7c, 0xf7, 0x7c, 0xf7, 0x7c, 0xf7,
    0x7c, 0xf7, 0x7c, 0xf7, 0x7c, 0xf7, 0x7c, 0xf7, 0x7c, 0xf7, 0x7c, 0xf7, 0x7c, 0xf7, 0x7c, 0xf7,
    0x7c, 0xf7, 0x7c, 0xf7, 0x7c, 0xf7, 0x7c, 0xf7, 0x7c, 0xf7, 0x7c, 0xf7, 0x7c, 0xf7, 0x7c, 0xf7,
    0x7c, 0xf7, 0x7c, 0xf7, 0x7c, 0xf7, 0x5c, 0xf7, 0x7c, 0xef, 0x5c, 0xf7, 0x5c, 0xef, 0x5c, 0xef,
    0x5c, 0xef, 0x5c, 0xef, 0x5c, 0xef, 0x5c, 0xef, 0x5c, 0xef, 0x5c, 0xef, 0x5c, 0xef, 0x5c, 0xef,
    0x5c, 0xef, 0x5c, 0xef, 0x5b, 0xef, 0x5b, 0xef, 0x3b, 0xef, 0x3b, 0xef, 0x3b, 0xef, 0x3b, 0xef,
    0x3b, 0xef, 0x3b, 0xef, 0x3b, 0xef, 0x3c, 0xef, 0x3b, 0xef, 0x3c, 0xef, 0x3c, 0xef, 0x3b, 0xef,
    0x3c, 0xef, 0x3c, 0xef, 0x3b, 0xef, 0x3b, 0xef, 0x3b, 0xe7, 0x3b, 0xe7, 0x3b, 0xe7, 0x3b, 0xe7,
    0x3b, 0xe7, 0x1b, 0xe7, 0x1b, 0xe7, 0x1b, 0xe7, 0x1b, 0xe7, 0x1b, 0xe7, 0x1b, 0xe7, 0x1b, 0xe7,
    0x1b, 0xe7, 0x1b, 0xe7, 0x1b, 0xe7, 0x1b, 0xe7, 0x1b, 0xe7, 0x1b, 0xe7, 0x1b, 0xe7, 0x1b, 0xe7,
    0xfb, 0xe6, 0xfb, 0xde, 0xfb, 0xde, 0xfb, 0xde, 0xfb, 0xde, 0xfb, 0xde, 0xfb, 0xde, 0xfb, 0xde,
    0xdb, 0xde, 0xdb, 0xde, 0xdb, 0xde, 0xda, 0xde, 0xda, 0xde, 0xda, 0xde, 0xda, 0xde, 0xda, 0xde,
    0xda, 0xde, 0xda, 0xde, 0xda, 0xde, 0xda, 0xde, 0xda, 0xde, 0xda, 0xde, 0xba, 0xd6, 0xba, 0xd6,
    0xba, 0xd6, 0xba, 0xd6, 0xba, 0xd6, 0xba, 0xd6, 0xba, 0xd6, 0xba, 0xd6, 0xba, 0xd6, 0xba, 0xd6,
    0xba, 0xd6, 0xba, 0xd6, 0xba, 0xd6, 0xba, 0xd6, 0xba, 0xd6, 0xba, 0xd6, 0xb9, 0xd6, 0xba, 0xd6,
    0xfb, 0xd6, 0xba, 0xd6, 0x99, 0xce, 0xba, 0xd6, 0xb9, 0xd6, 0xba, 0xd6, 0x39, 0xbe, 0x19, 0xb6,
    0xbb, 0xce, 0xdb, 0xd6, 0xdb, 0xd6, 0xdb, 0xd6, 0xdb, 0xd6, 0xda, 0xd6, 0xda, 0xd6, 0xba, 0xd6,
    0xff, 0xff, 0xff, 0xff, 0xff, 0xff, 0xff, 0xff, 0xff, 0xff, 0xff, 0xf7, 0xff, 0xff, 0x9e, 0xef,
    0x1d, 0xd7, 0xff, 0xff, 0xff, 0xff, 0xff, 0xff, 0xff, 0xff, 0xde, 0xf7, 0xde, 0xf7, 0xff, 0xff,
    0xff, 0xff, 0xff, 0xff, 0xff, 0xff, 0xff, 0xff, 0xff, 0xff, 0xff, 0xff, 0xfe, 0xff, 0xfe, 0xff,
    0xfe, 0xff, 0xfe, 0xff, 0xfe, 0xff, 0xfe, 0xff, 0xfe, 0xff, 0xfe, 0xff, 0xfe, 0xff, 0xfe, 0xff,
    0xfe, 0xff, 0xfe, 0xff, 0xfe, 0xff, 0xfe, 0xff, 0xfe, 0xff, 0xfe, 0xff, 0xfe, 0xff, 0xfe, 0xff,
    0xfe, 0xff, 0xfe, 0xff, 0xfe, 0xff, 0xfe, 0xff, 0xfe, 0xff, 0xfe, 0xff, 0xfe, 0xff, 0xfe, 0xff,
    0xfe, 0xff, 0xfe, 0xff, 0xfe, 0xff, 0xfe, 0xff, 0xfe, 0xff, 0xfe, 0xff, 0xfd, 0xff, 0xfe, 0xff,
    0xfe, 0xff, 0xfe, 0xff, 0xfd, 0xff, 0xfd, 0xff, 0xfd, 0xff, 0xfe, 0xff, 0xfd, 0xff, 0xfd, 0xff,
    0xfe, 0xff, 0xfd, 0xff, 0xdd, 0xff, 0xdd, 0xff, 0xfe, 0xff, 0xdd, 0xff, 0xfd, 0xff, 0xfd, 0xff,
    0xfe, 0xff, 0xfe, 0xff, 0xfe, 0xff, 0xfe, 0xff, 0xfe, 0xff, 0xfe, 0xff, 0xfe, 0xff, 0xfe, 0xff,
    0xfe, 0xff, 0xfe, 0xff, 0xfe, 0xff, 0xfe, 0xff, 0xfe, 0xff, 0xfe, 0xff, 0xfe, 0xff, 0xfe, 0xff,
    0xde, 0xff, 0xde, 0xff, 0xdd, 0xff, 0xfd, 0xff, 0xde, 0xff, 0xde, 0xff, 0xde, 0xff, 0xdd, 0xff,
    0xfd, 0xff, 0xdd, 0xff, 0xfd, 0xff, 0xfd, 0xff, 0xdd, 0xff, 0xdd, 0xff, 0xdd, 0xff, 0xdd, 0xff,
    0xdd, 0xff, 0xdd, 0xff, 0xdd, 0xff, 0xdd, 0xff, 0xdd, 0xff, 0xdd, 0xff, 0xdd, 0xff, 0xdd, 0xff,
    0xdd, 0xff, 0xdd, 0xff, 0xdd, 0xff, 0xdd, 0xff, 0xdd, 0xff, 0xdd, 0xff, 0xdd, 0xff, 0xdd, 0xff,
    0xdd, 0xff, 0xdd, 0xff, 0xdd, 0xff, 0xdd, 0xff, 0xdd, 0xff, 0xdd, 0xff, 0xdd, 0xff, 0xdd, 0xff,
    0xdc, 0xff, 0xdd, 0xff, 0xdd, 0xff, 0xdd, 0xff, 0xdd, 0xff, 0xdd, 0xff, 0xdd, 0xff, 0xdd, 0xff,
    0xdd, 0xff, 0xbd, 0xff, 0xbd, 0xff, 0xbd, 0xff, 0xbd, 0xff, 0xbd, 0xff, 0xbd, 0xff, 0xbd, 0xff,
    0xbd, 0xff, 0xbd, 0xff, 0xbd, 0xff, 0xbd, 0xff, 0xbd, 0xff, 0xbd, 0xff, 0xbd, 0xff, 0xbd, 0xff,
    0xbd, 0xff, 0xbd, 0xff, 0xbd, 0xff, 0xbd, 0xff, 0xbd, 0xff, 0xbd, 0xff, 0x9d, 0xff, 0x9d, 0xff,
    0xbd, 0xff, 0xbd, 0xff, 0xbd, 0xff, 0x9d, 0xff, 0x9d, 0xff, 0x9d, 0xff, 0x9d, 0xff, 0x9d, 0xff,
    0x9d, 0xff, 0x9d, 0xff, 0x9d, 0xff, 0x9d, 0xf7, 0x9c, 0xf7, 0x9c, 0xf7, 0x9c, 0xf7, 0x9c, 0xf7,
    0x9c, 0xf7, 0x9c, 0xf7, 0x9c, 0xf7, 0x9d, 0xf7, 0x9c, 0xf7, 0x7c, 0xf7, 0x7c, 0xf7, 0x7c, 0xf7,
    0x7c, 0xf7, 0x7c, 0xf7, 0x7c, 0xf7, 0x7c, 0xf7, 0x7c, 0xf7, 0x7c, 0xf7, 0x7c, 0xf7, 0x7c, 0xf7,
    0x9c, 0xf7, 0x7c, 0xf7, 0x7c, 0xf7, 0x7c, 0xf7, 0x7c, 0xf7, 0x7c, 0xf7, 0x7c, 0xf7, 0x7c, 0xf7,
    0x7c, 0xf7, 0x7c, 0xf7, 0x7c, 0xf7, 0x7c, 0xf7, 0x7c, 0xf7, 0x7c, 0xf7, 0x7c, 0xf7, 0x7c, 0xf7,
    0x7c, 0xf7, 0x7c, 0xf7, 0x7c, 0xf7, 0x5c, 0xf7, 0x5c, 0xef, 0x5c, 0xef, 0x5c, 0xef, 0x5c, 0xef,
    0x5c, 0xef, 0x5c, 0xef, 0x5c, 0xef, 0x5c, 0xef, 0x5c, 0xef, 0x5c, 0xef, 0x5b, 0xef, 0x5b, 0xef,
    0x5c, 0xef, 0x5c, 0xef, 0x5c, 0xef, 0x3b, 0xef, 0x3c, 0xef, 0x3c, 0xef, 0x3b, 0xef, 0x3c, 0xef,
    0x3b, 0xef, 0x3b, 0xef, 0x3b, 0xef, 0x3b, 0xef, 0x3b, 0xef, 0x3b, 0xef, 0x3b, 0xef, 0x3b, 0xef,
    0x3b, 0xef, 0x3c, 0xef, 0x3c, 0xef, 0x3c, 0xef, 0x3b, 0xe7, 0x3b, 0xe7, 0x3b, 0xe7, 0x3b, 0xe7,
    0x1b, 0xe7, 0x1b, 0xe7, 0x3b, 0xe7, 0x1b, 0xe7, 0x1b, 0xe7, 0x1b, 0xe7, 0x1b, 0xe7, 0x1b, 0xe7,
    0x1b, 0xe7, 0x1b, 0xe7, 0x1b, 0xe7, 0x1b, 0xe7, 0x1b, 0xe7, 0x1b, 0xe7, 0x1b, 0xe7, 0x1b, 0xe7,
    0x1b, 0xdf, 0xfb, 0xde, 0xfb, 0xde, 0xfb, 0xde, 0xfb, 0xde, 0xfb, 0xde, 0xfb, 0xde, 0xfb, 0xde,
    0xfb, 0xde, 0xdb, 0xde, 0xdb, 0xde, 0xda, 0xde, 0xda, 0xde, 0xda, 0xde, 0xda, 0xde, 0xda, 0xde,
    0xda, 0xde, 0xda, 0xde, 0xda, 0xde, 0xda, 0xde, 0xda, 0xde, 0xda, 0xde, 0xda, 0xde, 0xba, 0xd6,
    0xba, 0xd6, 0xba, 0xd6, 0xba, 0xd6, 0xba, 0xd6, 0xba, 0xd6, 0xba, 0xd6, 0xba, 0xd6, 0xba, 0xd6,
    0xba, 0xd6, 0xba, 0xd6, 0xba, 0xd6, 0xba, 0xd6, 0xba, 0xd6, 0xba, 0xd6, 0xba, 0xd6, 0x99, 0xd6,
    0xba, 0xd6, 0xdb, 0xd6, 0x9a, 0xce, 0xba, 0xd6, 0xba, 0xd6, 0xba, 0xd6, 0x9a, 0xce, 0x19, 0xb6,
    0x7a, 0xc6, 0xdb, 0xd6, 0xdb, 0xd6, 0xdb, 0xd6, 0xdb, 0xd6, 0xdb, 0xd6, 0xdb, 0xd6, 0xba, 0xd6,
    0xff, 0xff, 0xff, 0xff, 0xff, 0xff, 0xff, 0xff, 0xff, 0xff, 0xff, 0xff, 0xde, 0xf7, 0x1d, 0xd7,
    0xbe, 0xef, 0xff, 0xff, 0xff, 0xff, 0xff, 0xff, 0xde, 0xf7, 0xbe, 0xf7, 0xff, 0xff, 0xff, 0xff,
    0xff, 0xff, 0xff, 0xff, 0xff, 0xff, 0xff, 0xff, 0xfe, 0xff, 0xfe, 0xff, 0xfe, 0xff, 0xfe, 0xff,
    0xfe, 0xff, 0xfe, 0xff, 0xfe, 0xff, 0xfe, 0xff, 0xfe, 0xff, 0xfe, 0xff, 0xfe, 0xff, 0xfe, 0xff,
    0xfe, 0xff, 0xfe, 0xff, 0xfe, 0xff, 0xfe, 0xff, 0xfe, 0xff, 0xfe, 0xff, 0xfe, 0xff, 0xfe, 0xff,
    0xfe, 0xff, 0xfe, 0xff, 0xfe, 0xff, 0xfe, 0xff, 0xfe, 0xff, 0xfe, 0xff, 0xfe, 0xff, 0xfe, 0xff,
    0xfe, 0xff, 0xfe, 0xff, 0xfe, 0xff, 0xfe, 0xff, 0xfe, 0xff, 0xfe, 0xff, 0xfd, 0xff, 0xfe, 0xff,
    0xfe, 0xff, 0xfe, 0xff, 0xfe, 0xff, 0xfd, 0xff, 0xfe, 0xff, 0xfe, 0xff, 0xfe, 0xff, 0xfe, 0xff,
    0xfe, 0xff, 0xfe, 0xff, 0xdd, 0xff, 0xdd, 0xff, 0xfe, 0xff, 0xfe, 0xff, 0xfe, 0xff, 0xfe, 0xff,
    0xfd, 0xff, 0xde, 0xff, 0xfe, 0xff, 0xfe, 0xff, 0xfe, 0xff, 0xfe, 0xff, 0xfe, 0xff, 0xfe, 0xff,
    0xfe, 0xff, 0xfe, 0xff, 0xfe, 0xff, 0xfe, 0xff, 0xfe, 0xff, 0xdd, 0xff, 0xfe, 0xff, 0xfe, 0xff,
    0xdd, 0xff, 0xfd, 0xff, 0xfd, 0xff, 0xdd, 0xff, 0xdd, 0xff, 0xfe, 0xff, 0xfd, 0xff, 0xdd, 0xff,
    0xdd, 0xff, 0xdd, 0xff, 0xdd, 0xff, 0xdd, 0xff, 0xdd, 0xff, 0xdd, 0xff, 0xdd, 0xff, 0xdd, 0xff,
    0xdd, 0xff, 0xdd, 0xff, 0xdd, 0xff, 0xdd, 0xff, 0xdd, 0xff, 0xdd, 0xff, 0xdd, 0xff, 0xdd, 0xff,
    0xdd, 0xff, 0xdd, 0xff, 0xdd, 0xff, 0xdd, 0xff, 0xdd, 0xff, 0xdd, 0xff, 0xdd, 0xff, 0xdd, 0xff,
    0xdd, 0xff, 0xdd, 0xff, 0xdd, 0xff, 0xdd, 0xff, 0xdd, 0xff, 0xdd, 0xff, 0xdd, 0xff, 0xdd, 0xff,
    0xdd, 0xff, 0xdd, 0xff, 0xdd, 0xff, 0xdd, 0xff, 0xdd, 0xff, 0xdd, 0xff, 0xdd, 0xff, 0xdd, 0xff,
    0xbd, 0xff, 0xbd, 0xff, 0xbd, 0xff, 0xbd, 0xff, 0xbd, 0xff, 0xbd, 0xff, 0xbd, 0xff, 0xbd, 0xff,
    0xbd, 0xff, 0xbd, 0xff, 0xbd, 0xff, 0xbd, 0xff, 0xbd, 0xff, 0xbd, 0xff, 0xbd, 0xff, 0xbd, 0xff,
    0xbd, 0xff, 0xbd, 0xff, 0xbd, 0xff, 0xbd, 0xff, 0xbd, 0xff, 0xbd, 0xff, 0xbd, 0xff, 0xbd, 0xff,
    0xbd, 0xff, 0xbd, 0xff, 0x9d, 0xff, 0x9d, 0xff, 0x9d, 0xff, 0x9d, 0xff, 0x9d, 0xff, 0x9d, 0xf7,
    0x9d, 0xff, 0x9d, 0xff, 0x9d, 0xff, 0x9c, 0xf7, 0x9c, 0xf7, 0x9c, 0xf7, 0x9c, 0xf7, 0x9c, 0xf7,
    0x9c, 0xf7, 0x9c, 0xf7, 0x9c, 0xf7, 0x9c, 0xf7, 0x9c, 0xf7, 0x7c, 0xf7, 0x7c, 0xf7, 0x7c, 0xf7,
    0x7c, 0xf7, 0x7c, 0xf7, 0x7c, 0xf7, 0x7c, 0xf7, 0x7c, 0xf7, 0x7c, 0xf7, 0x7c, 0xf7, 0x7c, 0xf7,
    0x9c, 0xf7, 0x7c, 0xf7, 0x9c, 0xf7, 0x7c, 0xf7, 0x7c, 0xf7, 0x7c, 0xf7, 0x7c, 0xf7, 0x7c, 0xf7,
    0x7c, 0xf7, 0x7c, 0xf7, 0x7c, 0xf7, 0x7c, 0xf7, 0x7c, 0xf7, 0x7c, 0xf7, 0x7c, 0xf7, 0x7c, 0xf7,
    0x7c, 0xf7, 0x7c, 0xf7, 0x7c, 0xf7, 0x7c, 0xf7, 0x7c, 0xef, 0x5c, 0xf7, 0x5c, 0xf7, 0x5c, 0xef,
    0x5c, 0xef, 0x5c, 0xef, 0x5c, 0xef, 0x5c, 0xef, 0x5c, 0xef, 0x5c, 0xef, 0x5b, 0xef, 0x5b, 0xef,
    0x5b, 0xef, 0x5b, 0xef, 0x5c, 0xef, 0x3b, 0xef, 0x3b, 0xef, 0x3b, 0xef, 0x3b, 0xef, 0x3b, 0xef,
    0x3b, 0xef, 0x3b, 0xef, 0x3b, 0xef, 0x3b, 0xef, 0x3b, 0xef, 0x3b, 0xef, 0x3b, 0xef, 0x3b, 0xef,
    0x3c, 0xef, 0x3b, 0xef, 0x3c, 0xef, 0x3b, 0xef, 0x3b, 0xef, 0x3b, 0xe7, 0x3b, 0xe7, 0x3b, 0xe7,
    0x3b, 0xe7, 0x3b, 0xe7, 0x3b, 0xe7, 0x1b, 0xe7, 0x1b, 0xe7, 0x1b, 0xe7, 0x1b, 0xe7, 0x1b, 0xe7,
    0x1b, 0xe7, 0x1b, 0xe7, 0x1b, 0xe7, 0x1b, 0xe7, 0x1b, 0xe7, 0x1b, 0xe7, 0x1b, 0xe7, 0x1b, 0xe7,
    0x1b, 0xdf, 0xfb, 0xde, 0xfb, 0xde, 0xfb, 0xde, 0xfb, 0xde, 0xfb, 0xde, 0xfb, 0xde, 0xfb, 0xde,
    0xfb, 0xde, 0xfb, 0xde, 0xfb, 0xde, 0xdb, 0xde, 0xdb, 0xde, 0xdb, 0xde, 0xda, 0xde, 0xda, 0xde,
    0xda, 0xde, 0xda, 0xde, 0xda, 0xde, 0xda, 0xde, 0xda, 0xde, 0xda, 0xde, 0xda, 0xde, 0xda, 0xde,
    0xba, 0xd6, 0xba, 0xd6, 0xba, 0xd6, 0xba, 0xd6, 0xba, 0xd6, 0xba, 0xd6, 0xba, 0xd6, 0xba, 0xd6,
    0xba, 0xd6, 0xba, 0xd6, 0xba, 0xd6, 0xba, 0xd6, 0xba, 0xd6, 0xba, 0xd6, 0xba, 0xd6, 0xba, 0xd6,
    0x99, 0xce, 0xbb, 0xd6, 0xdb, 0xd6, 0x99, 0xce, 0xba, 0xd6, 0xba, 0xd6, 0xba, 0xd6, 0x7a, 0xc6,
    0x19, 0xb6, 0xbb, 0xce, 0xdb, 0xd6, 0xdb, 0xd6, 0xdb, 0xd6, 0xdb, 0xd6, 0xda, 0xd6, 0xda, 0xd6,
    0xff, 0xff, 0xff, 0xff, 0xff, 0xff, 0xff, 0xff, 0xff, 0xf7, 0xff, 0xff, 0x5e, 0xe7, 0x5e, 0xdf,
    0xff, 0xff, 0xff, 0xf7, 0xff, 0xff, 0xff, 0xff, 0xbe, 0xf7, 0xde, 0xf7, 0xff, 0xff, 0xff, 0xff,
    0xff, 0xff, 0xff, 0xff, 0xff, 0xff, 0xff, 0xff, 0xfe, 0xff, 0xfe, 0xff, 0xfe, 0xff, 0xfe, 0xff,
    0xfe, 0xff, 0xfe, 0xff, 0xfe, 0xff, 0xfe, 0xff, 0xfe, 0xff, 0xfe, 0xff, 0xfe, 0xff, 0xfe, 0xff,
    0xfe, 0xff, 0xfe, 0xff, 0xfe, 0xff, 0xfe, 0xff, 0xfe, 0xff, 0xfe, 0xff, 0xfe, 0xff, 0xfd, 0xff,
    0xfe, 0xff, 0xfe, 0xff, 0xfe, 0xff, 0xfe, 0xff, 0xfe, 0xff, 0xfe, 0xff, 0xfe, 0xff, 0xfe, 0xff,
    0xfe, 0xff, 0xfe, 0xff, 0xfe, 0xff, 0xfe, 0xff, 0xfe, 0xff, 0xfe, 0xff, 0xfe, 0xff, 0xfe, 0xff,
    0xfe, 0xff, 0xfe, 0xff, 0xfe, 0xff, 0xfe, 0xff, 0xfe, 0xff, 0xfe, 0xff, 0xfd, 0xff, 0xde, 0xff,
    0xfe, 0xff, 0xfe, 0xff, 0xfe, 0xff, 0xfd, 0xff, 0xfe, 0xff, 0xfe, 0xff, 0xfe, 0xff, 0xfe, 0xff,
    0xfe, 0xff, 0xde, 0xff, 0xfe, 0xff, 0xfe, 0xff, 0xfe, 0xff, 0xfe, 0xff, 0xfd, 0xff, 0xdd, 0xff,
    0xdd, 0xff, 0xfe, 0xff, 0xfe, 0xff, 0xfe, 0xff, 0xfe, 0xff, 0xfe, 0xff, 0xfe, 0xff, 0xfd, 0xff,
    0xdd, 0xff, 0xdd, 0xff, 0xdd, 0xff, 0xde, 0xff, 0xdd, 0xff, 0xdd, 0xff, 0xdd, 0xff, 0xdd, 0xff,
    0xdd, 0xff, 0xdd, 0xff, 0xdd, 0xff, 0xdd, 0xff, 0xdd, 0xff, 0xdd, 0xff, 0xdd, 0xff, 0xdd, 0xff,
    0xdd, 0xff, 0xdd, 0xff, 0xdd, 0xff, 0xdd, 0xff, 0xdd, 0xff, 0xdd, 0xff, 0xdd, 0xff, 0xdd, 0xff,
    0xdd, 0xff, 0xdd, 0xff, 0xdd, 0xff, 0xdd, 0xff, 0xdd, 0xff, 0xdd, 0xff, 0xdd, 0xff, 0xdd, 0xff,
    0xdd, 0xff, 0xdd, 0xff, 0xdd, 0xff, 0xdd, 0xff, 0xdd, 0xff, 0xdd, 0xff, 0xdd, 0xff, 0xdd, 0xff,
    0xdd, 0xff, 0xdd, 0xff, 0xdd, 0xff, 0xdd, 0xff, 0xdd, 0xff, 0xdd, 0xff, 0xdd, 0xff, 0xdd, 0xff,
    0xdd, 0xff, 0xdd, 0xff, 0xbd, 0xff, 0xbd, 0xff, 0xbd, 0xff, 0xbd, 0xff, 0xbd, 0xff, 0xbd, 0xff,
    0xbd, 0xff, 0xbd, 0xff, 0xbd, 0xff, 0xbd, 0xff, 0xbd, 0xff, 0xbd, 0xff, 0xbd, 0xff, 0xbd, 0xff,
    0xbd, 0xff, 0xbd, 0xff, 0xbd, 0xff, 0xbd, 0xff, 0xbd, 0xff, 0xbd, 0xff, 0xbd, 0xff, 0xbd, 0xff,
    0xbd, 0xff, 0xbd, 0xff, 0x9d, 0xff, 0x9d, 0xff, 0x9d, 0xff, 0x9d, 0xff, 0x9d, 0xff, 0x9d, 0xff,
    0x9d, 0xff, 0x9d, 0xff, 0x9c, 0xf7, 0x9c, 0xf7, 0x9d, 0xf7, 0x9c, 0xf7, 0x9c, 0xf7, 0x9c, 0xf7,
    0x9c, 0xf7, 0x9c, 0xf7, 0x9c, 0xf7, 0x9c, 0xf7, 0x7c, 0xf7, 0x7c, 0xf7, 0x7c, 0xf7, 0x7c, 0xf7,
    0x7c, 0xf7, 0x7c, 0xf7, 0x7c, 0xf7, 0x7c, 0xf7, 0x7c, 0xf7, 0x7c, 0xf7, 0x7c, 0xf7, 0x7c, 0xf7,
    0x9c, 0xf7, 0x9c, 0xf7, 0x7c, 0xf7, 0x7c, 0xf7, 0x7c, 0xf7, 0x7c, 0xf7, 0x7c, 0xf7, 0x7c, 0xf7,
    0x7c, 0xf7, 0x9c, 0xf7, 0x7c, 0xf7, 0x7c, 0xf7, 0x7c, 0xf7, 0x7c, 0xf7, 0x7c, 0xf7, 0x7c, 0xf7,
    0x7c, 0xf7, 0x7c, 0xf7, 0x7c, 0xf7, 0x7c, 0xf7, 0x5c, 0xf7, 0x5c, 0xef, 0x5c, 0xef, 0x5c, 0xf7,
    0x5c, 0xef, 0x5c, 0xef, 0x5c, 0xef, 0x5c, 0xef, 0x5c, 0xef, 0x5b, 0xef, 0x5c, 0xef, 0x5c, 0xef,
    0x5c, 0xef, 0x5b, 0xef, 0x5b, 0xef, 0x5b, 0xef, 0x3b, 0xef, 0x3b, 0xef, 0x3b, 0xef, 0x3b, 0xef,
    0x3b, 0xef, 0x3b, 0xef, 0x3b, 0xef, 0x3b, 0xef, 0x3b, 0xef, 0x3b, 0xef, 0x3b, 0xef, 0x3c, 0xef,
    0x3b, 0xef, 0x3c, 0xef, 0x3c, 0xef, 0x3b, 0xef, 0x3b, 0xe7, 0x3b, 0xe7, 0x3b, 0xe7, 0x3b, 0xe7,
    0x3b, 0xe7, 0x3b, 0xe7, 0x3b, 0xe7, 0x3b, 0xe7, 0x1b, 0xe7, 0x1b, 0xe7, 0x1b, 0xe7, 0x1b, 0xe7,
    0x1b, 0xe7, 0x1b, 0xe7, 0x1b, 0xe7, 0x1b, 0xe7, 0x1b, 0xe7, 0x1b, 0xe7, 0x1b, 0xe7, 0x1b, 0xe7,
    0xfb, 0xe6, 0xfb, 0xde, 0xfb, 0xde, 0xfb, 0xde, 0xfb, 0xde, 0xfb, 0xde, 0xfb, 0xde, 0xfb, 0xde,
    0xfb, 0xde, 0xfb, 0xde, 0xfb, 0xde, 0xdb, 0xde, 0xda, 0xde, 0xda, 0xde, 0xda, 0xde, 0xda, 0xde,
    0xda, 0xde, 0xda, 0xde, 0xda, 0xde, 0xda, 0xde, 0xda, 0xde, 0xda, 0xde, 0xda, 0xde, 0xda, 0xde,
    0xba, 0xd6, 0xba, 0xd6, 0xba, 0xd6, 0xba, 0xd6, 0xba, 0xd6, 0xba, 0xd6, 0xba, 0xd6, 0xba, 0xd6,
    0xba, 0xd6, 0xba, 0xd6, 0xba, 0xd6, 0xba, 0xd6, 0xba, 0xd6, 0xba, 0xd6, 0xba, 0xd6, 0xba, 0xd6,
    0xba, 0xd6, 0x9a, 0xce, 0xdb, 0xd6, 0xbb, 0xd6, 0x9a, 0xce, 0xba, 0xd6, 0xba, 0xd6, 0xba, 0xd6,
    0x3a, 0xbe, 0x5a, 0xbe, 0xdb, 0xd6, 0xdb, 0xd6, 0xdb, 0xd6, 0xdb, 0xd6, 0xdb, 0xd6, 0xdb, 0xd6,
    0xff, 0xff, 0xff, 0xff, 0xff, 0xff, 0xff, 0xff, 0xff, 0xff, 0xde, 0xf7, 0x1d, 0xd7, 0xde, 0xf7,
    0xff, 0xff, 0xff, 0xff, 0xff, 0xff, 0xde, 0xf7, 0xde, 0xf7, 0xff, 0xff, 0xff, 0xff, 0xff, 0xff,
    0xff, 0xff, 0xff, 0xff, 0xfe, 0xff, 0xfe, 0xff, 0xff, 0xff, 0xfe, 0xff, 0xfe, 0xff, 0xfe, 0xff,
    0xfe, 0xff, 0xfe, 0xff, 0xfe, 0xff, 0xfe, 0xff, 0xfe, 0xff, 0xfe, 0xff, 0xfe, 0xff, 0xfe, 0xff,
    0xfe, 0xff, 0xfe, 0xff, 0xfe, 0xff, 0xfe, 0xff, 0xfe, 0xff, 0xfe, 0xff, 0xfe, 0xff, 0xfe, 0xff,
    0xfe, 0xff, 0xfe, 0xff, 0xfe, 0xff, 0xfe, 0xff, 0xfe, 0xff, 0xfe, 0xff, 0xfe, 0xff, 0xfe, 0xff,
    0xfe, 0xff, 0xfe, 0xff, 0xfe, 0xff, 0xfe, 0xff, 0xfe, 0xff, 0xfe, 0xff, 0xfe, 0xff, 0xfe, 0xff,
    0xfe, 0xff, 0xfe, 0xff, 0xfe, 0xff, 0xfd, 0xff, 0xfe, 0xff, 0xfe, 0xff, 0xfe, 0xff, 0xfe, 0xff,
    0xfe, 0xff, 0xfe, 0xff, 0xfe, 0xff, 0xfe, 0xff, 0xfe, 0xff, 0xfe, 0xff, 0xfe, 0xff, 0xfe, 0xff,
    0xfe, 0xff, 0xfe, 0xff, 0xde, 0xff, 0xfe, 0xff, 0xfe, 0xff, 0xfe, 0xff, 0xfd, 0xff, 0xfd, 0xff,
    0xfe, 0xff, 0xfe, 0xff, 0xfe, 0xff, 0xfe, 0xff, 0xfe, 0xff, 0xfe, 0xff, 0xfe, 0xff, 0xfd, 0xff,
    0xdd, 0xff, 0xdd, 0xff, 0xdd, 0xff, 0xfd, 0xff, 0xdd, 0xff, 0xdd, 0xff, 0xdd, 0xff, 0xdd, 0xff,
    0xdd, 0xff, 0xdd, 0xff, 0xdd, 0xff, 0xdd, 0xff, 0xdd, 0xff, 0xdd, 0xff, 0xdd, 0xff, 0xdd, 0xff,
    0xfd, 0xff, 0xdd, 0xff, 0xdd, 0xff, 0xdd, 0xff, 0xdd, 0xff, 0xdd, 0xff, 0xdd, 0xff, 0xdd, 0xff,
    0xdd, 0xff, 0xdd, 0xff, 0xdd, 0xff, 0xdd, 0xff, 0xdd, 0xff, 0xdd, 0xff, 0xdd, 0xff, 0xdd, 0xff,
    0xdd, 0xff, 0xdd, 0xff, 0xdd, 0xff, 0xdd, 0xff, 0xdd, 0xff, 0xdd, 0xff, 0xdd, 0xff, 0xdd, 0xff,
    0xdd, 0xff, 0xdd, 0xff, 0xdd, 0xff, 0xdd, 0xff, 0xdd, 0xff, 0xdd, 0xff, 0xdd, 0xff, 0xdd, 0xff,
    0xdd, 0xff, 0xbd, 0xff, 0xbd, 0xff, 0xbd, 0xff, 0xbd, 0xff, 0xbd, 0xff, 0xbd, 0xff, 0xbd, 0xff,
    0xbd, 0xff, 0xbd, 0xff, 0xbd, 0xff, 0xbd, 0xff, 0xbd, 0xff, 0xbd, 0xff, 0xbd, 0xff, 0xbd, 0xff,
    0xbd, 0xff, 0xbd, 0xff, 0xbd, 0xff, 0xbd, 0xff, 0xbd, 0xff, 0xbd, 0xff, 0xbd, 0xff, 0xbd, 0xff,
    0xbd, 0xff, 0xbd, 0xff, 0x9d, 0xff, 0x9d, 0xff, 0x9d, 0xff, 0x9d, 0xff, 0x9d, 0xff, 0x9c, 0xf7,
    0x9d, 0xff, 0x9d, 0xf7, 0x9d, 0xf7, 0x9c, 0xf7, 0x9c, 0xf7, 0x9c, 0xf7, 0x9c, 0xf7, 0x9c, 0xf7,
    0x9c, 0xf7, 0x9c, 0xf7, 0x9c, 0xf7, 0x9c, 0xf7, 0x9c, 0xf7, 0x7c, 0xf7, 0x7c, 0xf7, 0x7c, 0xf7,
    0x7c, 0xf7, 0x7c, 0xf7, 0x7c, 0xf7, 0x7c, 0xf7, 0x7c, 0xf7, 0x7c, 0xf7, 0x7c, 0xf7, 0x7c, 0xf7,
    0x7c, 0xf7, 0x7c, 0xf7, 0x7c, 0xf7, 0x7c, 0xf7, 0x7c, 0xf7, 0x7c, 0xf7, 0x7c, 0xf7, 0x7c, 0xf7,
    0x7c, 0xf7, 0x7c, 0xf7, 0x7c, 0xf7, 0x7c, 0xf7, 0x7c, 0xf7, 0x7c, 0xf7, 0x7c, 0xf7, 0x7c, 0xf7,
    0x7c, 0xf7, 0x7c, 0xf7, 0x7c, 0xf7, 0x7c, 0xf7, 0x7c, 0xef, 0x5c, 0xef, 0x5c, 0xef, 0x5c, 0xef,
    0x5c, 0xef, 0x5c, 0xef, 0x5c, 0xef, 0x5c, 0xef, 0x5c, 0xef, 0x5c, 0xef, 0x5c, 0xef, 0x5b, 0xef,
    0x5b, 0xef, 0x5b, 0xef, 0x5b, 0xef, 0x5b, 0xef, 0x5b, 0xef, 0x3c, 0xef, 0x3b, 0xef, 0x3b, 0xef,
    0x3b, 0xef, 0x3b, 0xef, 0x3c, 0xef, 0x3b, 0xef, 0x3b, 0xef, 0x3b, 0xef, 0x3b, 0xef, 0x3c, 0xef,
    0x3b, 0xef, 0x3c, 0xef, 0x3b, 0xef, 0x3b, 0xef, 0x3b, 0xef, 0x3b, 0xe7, 0x3b, 0xe7, 0x3b, 0xe7,
    0x3b, 0xe7, 0x3b, 0xe7, 0x1b, 0xe7, 0x1b, 0xe7, 0x1b, 0xe7, 0x1b, 0xe7, 0x1b, 0xe7, 0x1b, 0xe7,
    0x1b, 0xe7, 0x1b, 0xe7, 0x1b, 0xe7, 0x1b, 0xe7, 0x1b, 0xe7, 0x1b, 0xe7, 0x1b, 0xe7, 0x1b, 0xe7,
    0xfb, 0xde, 0xfb, 0xde, 0xfb, 0xde, 0xfb, 0xde, 0xfb, 0xde, 0xfb, 0xde, 0xfb, 0xde, 0xfb, 0xde,
    0xfb, 0xde, 0xfb, 0xde, 0xdb, 0xde, 0xdb, 0xde, 0xda, 0xde, 0xda, 0xde, 0xda, 0xde, 0xda, 0xde,
    0xda, 0xde, 0xda, 0xde, 0xda, 0xde, 0xda, 0xde, 0xda, 0xde, 0xda, 0xde, 0xda, 0xde, 0xda, 0xde,
    0xda, 0xde, 0xba, 0xd6, 0xba, 0xd6, 0xba, 0xd6, 0xba, 0xd6, 0xba, 0xd6, 0xba, 0xd6, 0xba, 0xd6,
    0xba, 0xd6, 0xba, 0xd6, 0xba, 0xd6, 0xba, 0xd6, 0xba, 0xd6, 0xba, 0xd6, 0xba, 0xd6, 0xba, 0xd6,
    0xba, 0xd6, 0xb9, 0xd6, 0xba, 0xd6, 0xfc, 0xd6, 0x9a, 0xce, 0xba, 0xd6, 0xba, 0xd6, 0xba, 0xd6,
    0x9a, 0xce, 0x3a, 0xb6, 0x9a, 0xc6, 0xdb, 0xd6, 0xdb, 0xd6, 0xdb, 0xd6, 0xdb, 0xd6, 0xdb, 0xd6,
    0xff, 0xff, 0xff, 0xff, 0xff, 0xff, 0xff, 0xf7, 0xff, 0xff, 0x5d, 0xe7, 0x7d, 0xe7, 0xff, 0xff,
    0xff, 0xf7, 0xff, 0xff, 0xff, 0xff, 0xde, 0xf7, 0xff, 0xff, 0xff, 0xff, 0xff, 0xff, 0xff, 0xff,
    0xff, 0xff, 0xff, 0xff, 0xfe, 0xff, 0xfe, 0xff, 0xfe, 0xff, 0xfe, 0xff, 0xfd, 0xff, 0xfe, 0xff,
    0xfe, 0xff, 0xfe, 0xff, 0xfe, 0xff, 0xfe, 0xff, 0xfe, 0xff, 0xfe, 0xff, 0xfe, 0xff, 0xfe, 0xff,
    0xfe, 0xff, 0xfe, 0xff, 0xfe, 0xff, 0xfe, 0xff, 0xfe, 0xff, 0xfe, 0xff, 0xfe, 0xff, 0xfe, 0xff,
    0xfe, 0xff, 0xfe, 0xff, 0xfe, 0xff, 0xfe, 0xff, 0xfe, 0xff, 0xfe, 0xff, 0xfe, 0xff, 0xfe, 0xff,
    0xfe, 0xff, 0xfe, 0xff, 0xfe, 0xff, 0xfe, 0xff, 0xfe, 0xff, 0xfe, 0xff, 0xfe, 0xff, 0xfe, 0xff,
    0xfe, 0xff, 0xfe, 0xff, 0xfe, 0xff, 0xfe, 0xff, 0xfe, 0xff, 0xfe, 0xff, 0xfe, 0xff, 0xfe, 0xff,
    0xfe, 0xff, 0xfe, 0xff, 0xfe, 0xff, 0xfe, 0xff, 0xfe, 0xff, 0xfe, 0xff, 0xfe, 0xff, 0xfe, 0xff,
    0xfe, 0xff, 0xfe, 0xff, 0xfe, 0xff, 0xfe, 0xff, 0xfe, 0xff, 0xfe, 0xff, 0xfe, 0xff, 0xfe, 0xff,
    0xfe, 0xff, 0xfe, 0xff, 0xfe, 0xff, 0xfe, 0xff, 0xfe, 0xff, 0xfe, 0xff, 0xfe, 0xff, 0xfe, 0xff,
    0xfe, 0xff, 0xfd, 0xff, 0xdd, 0xff, 0xdd, 0xff, 0xdd, 0xff, 0xdd, 0xff, 0xdd, 0xff, 0xdd, 0xff,
    0xdd, 0xff, 0xdd, 0xff, 0xdd, 0xff, 0xdd, 0xff, 0xdd, 0xff, 0xdd, 0xff, 0xdd, 0xff, 0xdd, 0xff,
    0xdd, 0xff, 0xdd, 0xff, 0xdd, 0xff, 0xdd, 0xff, 0xdd, 0xff, 0xdd, 0xff, 0xdd, 0xff, 0xdd, 0xff,
    0xdd, 0xff, 0xdd, 0xff, 0xdd, 0xff, 0xdd, 0xff, 0xdd, 0xff, 0xdd, 0xff, 0xdd, 0xff, 0xdd, 0xff,
    0xdd, 0xff, 0xdd, 0xff, 0xdd, 0xff, 0xdd, 0xff, 0xdd, 0xff, 0xdd, 0xff, 0xdd, 0xff, 0xdd, 0xff,
    0xdd, 0xff, 0xdd, 0xff, 0xdd, 0xff, 0xdd, 0xff, 0xdd, 0xff, 0xdd, 0xff, 0xdd, 0xff, 0xdd, 0xff,
    0xdd, 0xff, 0xdd, 0xff, 0xbd, 0xff, 0xbd, 0xff, 0xbd, 0xff, 0xbd, 0xff, 0xbd, 0xff, 0xbd, 0xff,
    0xbd, 0xff, 0xdd, 0xff, 0xbd, 0xff, 0xbd, 0xff, 0xbd, 0xff, 0xbd, 0xff, 0xbd, 0xff, 0xbd, 0xff,
    0xbd, 0xff, 0xbd, 0xff, 0xbd, 0xff, 0xbd, 0xff, 0xbd, 0xff, 0xbd, 0xff, 0xbd, 0xff, 0xbd, 0xff,
    0xbd, 0xff, 0x9d, 0xff, 0x9d, 0xff, 0x9d, 0xff, 0x9d, 0xff, 0x9d, 0xff, 0x9d, 0xff, 0x9d, 0xff,
    0x9d, 0xff, 0x9d, 0xf7, 0x9c, 0xf7, 0x9c, 0xf7, 0x9c, 0xf7, 0x9c, 0xf7, 0x9c, 0xf7, 0x9c, 0xf7,
    0x9c, 0xf7, 0x9c, 0xf7, 0x9c, 0xf7, 0x9c, 0xf7, 0x9c, 0xf7, 0x9c, 0xf7, 0x9c, 0xf7, 0x9c, 0xf7,
    0x7c, 0xf7, 0x7c, 0xf7, 0x7c, 0xf7, 0x7c, 0xf7, 0x7c, 0xf7, 0x7c, 0xf7, 0x7c, 0xf7, 0x7c, 0xf7,
    0x7c, 0xf7, 0x7c, 0xf7, 0x7c, 0xf7, 0x7c, 0xf7, 0x7c, 0xf7, 0x7c, 0xf7, 0x7c, 0xf7, 0x7c, 0xf7,
    0x7c, 0xf7, 0x7c, 0xf7, 0x7c, 0xf7, 0x7c, 0xf7, 0x7c, 0xf7, 0x7c, 0xf7, 0x7c, 0xf7, 0x7c, 0xf7,
    0x7c, 0xf7, 0x7c, 0xf7, 0x7c, 0xf7, 0x7c, 0xf7, 0x7c, 0xef, 0x5c, 0xef, 0x5c, 0xef, 0x5c, 0xef,
    0x5c, 0xef, 0x5c, 0xef, 0x5c, 0xef, 0x5c, 0xef, 0x5c, 0xef, 0x5c, 0xef, 0x5b, 0xef, 0x5c, 0xef,
    0x5b, 0xef, 0x5b, 0xef, 0x5b, 0xef, 0x5b, 0xef, 0x5b, 0xef, 0x3c, 0xef, 0x3b, 0xef, 0x3b, 0xef,
    0x3c, 0xef, 0x3b, 0xef, 0x3c, 0xef, 0x3b, 0xef, 0x3b, 0xef, 0x3b, 0xef, 0x3b, 0xef, 0x3b, 0xef,
    0x3c, 0xef, 0x3c, 0xef, 0x3b, 0xef, 0x3b, 0xef, 0x3b, 0xef, 0x3b, 0xef, 0x3b, 0xe7, 0x3b, 0xe7,
    0x3b, 0xe7, 0x3b, 0xe7, 0x1b, 0xe7, 0x1b, 0xe7, 0x1b, 0xe7, 0x1b, 0xe7, 0x1b, 0xe7, 0x1b, 0xe7,
    0x1b, 0xe7, 0x1b, 0xe7, 0x1b, 0xe7, 0x1b, 0xe7, 0x1b, 0xe7, 0x1b, 0xe7, 0x1b, 0xe7, 0x1b, 0xe7,
    0xfb, 0xe6, 0xfb, 0xde, 0xfb, 0xde, 0xfb, 0xde, 0xfb, 0xde, 0xfb, 0xde, 0xfb, 0xde, 0xfb, 0xde,
    0xfb, 0xde, 0xfb, 0xde, 0xda, 0xde, 0xdb, 0xde, 0xdb, 0xde, 0xdb, 0xde, 0xda, 0xde, 0xda, 0xde,
    0xda, 0xde, 0xda, 0xde, 0xda, 0xde, 0xda, 0xde, 0xda, 0xde, 0xda, 0xde, 0xda, 0xde, 0xda, 0xde,
    0xda, 0xde, 0xda, 0xd6, 0xba, 0xd6, 0xba, 0xd6, 0xba, 0xd6, 0xba, 0xd6, 0xba, 0xd6, 0xba, 0xd6,
    0xba, 0xd6, 0xba, 0xd6, 0xba, 0xd6, 0xba, 0xd6, 0xba, 0xd6, 0xba, 0xd6, 0xba, 0xd6, 0xba, 0xd6,
    0xba, 0xd6, 0xba, 0xd6, 0x99, 0xce, 0xdb, 0xd6, 0xdb, 0xd6, 0x99, 0xce, 0xba, 0xd6, 0xba, 0xd6,
    0xba, 0xd6, 0x5a, 0xbe, 0x3a, 0xbe, 0xdb, 0xd6, 0xdb, 0xd6, 0xdb, 0xd6, 0xdb, 0xde, 0xdb, 0xd6,
    0xff, 0xff, 0xff, 0xff, 0xff, 0xff, 0xff, 0xff, 0xde, 0xf7, 0x3d, 0xdf, 0xde, 0xf7, 0xff, 0xff,
    0xff, 0xff, 0xff, 0xff, 0xde, 0xf7, 0xde, 0xf7, 0xff, 0xff, 0xff, 0xff, 0xff, 0xff, 0xff, 0xff,
    0xff, 0xff, 0xff, 0xff, 0xfe, 0xff, 0xfe, 0xff, 0xfe, 0xff, 0xfe, 0xff, 0xfe, 0xff, 0xfe, 0xff,
    0xfe, 0xff, 0xfe, 0xff, 0xfe, 0xff, 0xfe, 0xff, 0xfe, 0xff, 0xfe, 0xff, 0xfe, 0xff, 0xfe, 0xff,
    0xfe, 0xff, 0xfe, 0xff, 0xfe, 0xff, 0xfe, 0xff, 0xfe, 0xff, 0xfe, 0xff, 0xfe, 0xff, 0xfe, 0xff,
    0xfe, 0xff, 0xfe, 0xff, 0xfe, 0xff, 0xfe, 0xff, 0xfe, 0xff, 0xfe, 0xff, 0xfe, 0xff, 0xfe, 0xff,
    0xfe, 0xff, 0xfe, 0xff, 0xfe, 0xff, 0xfe, 0xff, 0xfe, 0xff, 0xfe, 0xff, 0xfe, 0xff, 0xfe, 0xff,
    0xfe, 0xff, 0xfe, 0xff, 0xfe, 0xff, 0xfe, 0xff, 0xfe, 0xff, 0xfe, 0xff, 0xfe, 0xff, 0xfe, 0xff,
    0xfe, 0xff, 0xfe, 0xff, 0xfe, 0xff, 0xfe, 0xff, 0xfe, 0xff, 0xfe, 0xff, 0xfe, 0xff, 0xfe, 0xff,
    0xfe, 0xff, 0xfe, 0xff, 0xfe, 0xff, 0xfe, 0xff, 0xfe, 0xff, 0xfe, 0xff, 0xfe, 0xff, 0xfe, 0xff,
    0xfe, 0xff, 0xfe, 0xff, 0xfd, 0xff, 0xfe, 0xff, 0xfe, 0xff, 0xfe, 0xff, 0xfe, 0xff, 0xfe, 0xff,
    0xfe, 0xff, 0xfe, 0xff, 0xdd, 0xff, 0xde, 0xff, 0xfd, 0xff, 0xdd, 0xff, 0xdd, 0xff, 0xdd, 0xff,
    0xdd, 0xff, 0xdd, 0xff, 0xdd, 0xff, 0xdd, 0xff, 0xdd, 0xff, 0xdd, 0xff, 0xdd, 0xff, 0xdd, 0xff,
    0xdd, 0xff, 0xdd, 0xff, 0xdd, 0xff, 0xdd, 0xff, 0xdd, 0xff, 0xdd, 0xff, 0xdd, 0xff, 0xdd, 0xff,
    0xdd, 0xff, 0xdd, 0xff, 0xdd, 0xff, 0xdd, 0xff, 0xdd, 0xff, 0xdd, 0xff, 0xdd, 0xff, 0xdd, 0xff,
    0xdd, 0xff, 0xdd, 0xff, 0xdd, 0xff, 0xdd, 0xff, 0xdd, 0xff, 0xdd, 0xff, 0xdd, 0xff, 0xdd, 0xff,
    0xdd, 0xff, 0xdd, 0xff, 0xdd, 0xff, 0xdd, 0xff, 0xdd, 0xff, 0xdd, 0xff, 0xdd, 0xff, 0xdd, 0xff,
    0xdd, 0xff, 0xdd, 0xff, 0xbd, 0xff, 0xbd, 0xff, 0xbd, 0xff, 0xdd, 0xff, 0xbd, 0xff, 0xbd, 0xff,
    0xbd, 0xff, 0xbd, 0xff, 0xbd, 0xff, 0xbd, 0xff, 0xbd, 0xff, 0xbd, 0xff, 0xbd, 0xff, 0xbd, 0xff,
    0xbd, 0xff, 0xbd, 0xff, 0xbd, 0xff, 0xbd, 0xff, 0xbd, 0xff, 0xbd, 0xff, 0xbd, 0xff, 0xbd, 0xff,
    0x9d, 0xff, 0x9d, 0xff, 0x9d, 0xff, 0x9d, 0xff, 0x9d, 0xff, 0x9d, 0xff, 0x9d, 0xf7, 0x9d, 0xf7,
    0x9d, 0xff, 0x9c, 0xf7, 0x9c, 0xf7, 0x9c, 0xf7, 0x9c, 0xf7, 0x9c, 0xf7, 0x9c, 0xf7, 0x9c, 0xf7,
    0x9c, 0xf7, 0x9c, 0xf7, 0x9c, 0xf7, 0x7c, 0xf7, 0x9c, 0xf7, 0x7c, 0xf7, 0x9c, 0xf7, 0x9c, 0xf7,
    0x7c, 0xf7, 0x7c, 0xf7, 0x7c, 0xf7, 0x7c, 0xf7, 0x7c, 0xf7, 0x7c, 0xf7, 0x7c, 0xf7, 0x7c, 0xf7,
    0x7c, 0xf7, 0x7c, 0xf7, 0x7c, 0xf7, 0x7c, 0xf7, 0x7c, 0xf7, 0x7c, 0xf7, 0x7c, 0xf7, 0x7c, 0xf7,
    0x7c, 0xf7, 0x7c, 0xf7, 0x7c, 0xf7, 0x7c, 0xf7, 0x7c, 0xf7, 0x7c, 0xf7, 0x7c, 0xf7, 0x7c, 0xf7,
    0x7c, 0xf7, 0x7c, 0xf7, 0x7c, 0xef, 0x7c, 0xef, 0x5c, 0xef, 0x5c, 0xef, 0x5c, 0xf7, 0x5c, 0xef,
    0x5c, 0xef, 0x5c, 0xef, 0x5c, 0xef, 0x5c, 0xef, 0x5c, 0xef, 0x5b, 0xef, 0x5b, 0xef, 0x5b, 0xef,
    0x5c, 0xef, 0x5c, 0xef, 0x5b, 0xef, 0x5b, 0xef, 0x3b, 0xef, 0x3c, 0xef, 0x3b, 0xef, 0x3b, 0xef,
    0x3b, 0xef, 0x3b, 0xef, 0x3b, 0xef, 0x3c, 0xef, 0x3b, 0xef, 0x3c, 0xef, 0x3b, 0xef, 0x3c, 0xef,
    0x3c, 0xef, 0x3b, 0xef, 0x3c, 0xef, 0x3c, 0xef, 0x3c, 0xef, 0x3b, 0xef, 0x3b, 0xe7, 0x3b, 0xe7,
    0x3b, 0xe7, 0x3b, 0xe7, 0x1b, 0xe7, 0x1b, 0xe7, 0x1b, 0xe7, 0x1b, 0xe7, 0x1b, 0xe7, 0x1b, 0xe7,
    0x1b, 0xe7, 0x1b, 0xe7, 0x1b, 0xe7, 0x1b, 0xe7, 0x1b, 0xe7, 0x1b, 0xe7, 0x1b, 0xe7, 0x1b, 0xe7,
    0xfb, 0xde, 0xfb, 0xe6, 0xfb, 0xde, 0xfb, 0xde, 0xfb, 0xde, 0xfb, 0xde, 0xfb, 0xde, 0xfb, 0xde,
    0xfb, 0xde, 0xfb, 0xde, 0xda, 0xde, 0xda, 0xde, 0xda, 0xde, 0xda, 0xde, 0xdb, 0xde, 0xda, 0xde,
    0xda, 0xde, 0xda, 0xde, 0xda, 0xde, 0xda, 0xde, 0xda, 0xde, 0xda, 0xde, 0xda, 0xde, 0xda, 0xde,
    0xdb, 0xde, 0xda, 0xd6, 0xba, 0xd6, 0xba, 0xd6, 0xba, 0xd6, 0xba, 0xd6, 0xba, 0xd6, 0xba, 0xd6,
    0xba, 0xd6, 0xba, 0xd6, 0xba, 0xd6, 0xba, 0xd6, 0xba, 0xd6, 0xba, 0xd6, 0xba, 0xd6, 0xba, 0xd6,
    0xba, 0xd6, 0xba, 0xd6, 0xba, 0xd6, 0xba, 0xd6, 0xfc, 0xd6, 0xba, 0xd6, 0xba, 0xd6, 0xba, 0xd6,
    0xba, 0xd6, 0xba, 0xce, 0x19, 0xb6, 0x9a, 0xc6, 0xdb, 0xde, 0xdb, 0xd6, 0xdb, 0xd6, 0xdb, 0xd6,
    0xff, 0xff, 0xff, 0xff, 0xff, 0xf7, 0xff, 0xff, 0x7e, 0xe7, 0x7e, 0xe7, 0xff, 0xff, 0xff, 0xff,
    0xff, 0xff, 0xff, 0xff, 0xde, 0xf7, 0xff, 0xff, 0xff, 0xff, 0xff, 0xff, 0xff, 0xff, 0xff, 0xff,
    0xff, 0xff, 0xff, 0xff, 0xff, 0xff, 0xfe, 0xff, 0xfe, 0xff, 0xfe, 0xff, 0xfe, 0xff, 0xfe, 0xff,
    0xfe, 0xff, 0xfe, 0xff, 0xfe, 0xff, 0xfe, 0xff, 0xfe, 0xff, 0xfe, 0xff, 0xfe, 0xff, 0xfe, 0xff,
    0xfe, 0xff, 0xfe, 0xff, 0xfe, 0xff, 0xfe, 0xff, 0xfe, 0xff, 0xfe, 0xff, 0xfe, 0xff, 0xfe, 0xff,
    0xfe, 0xff, 0xfe, 0xff, 0xfe, 0xff, 0xfe, 0xff, 0xfe, 0xff, 0xfe, 0xff, 0xfe, 0xff, 0xfe, 0xff,
    0xfe, 0xff, 0xfe, 0xff, 0xfe, 0xff, 0xfe, 0xff, 0xfe, 0xff, 0xfe, 0xff, 0xfe, 0xff, 0xfe, 0xff,
    0xfe, 0xff, 0xfe, 0xff, 0xfe, 0xff, 0xfe, 0xff, 0xfe, 0xff, 0xfe, 0xff, 0xfe, 0xff, 0xfe, 0xff,
    0xfe, 0xff, 0xfe, 0xff, 0xfe, 0xff, 0xfe, 0xff, 0xfe, 0xff, 0xfe, 0xff, 0xfe, 0xff, 0xfe, 0xff,
    0xfe, 0xff, 0xfe, 0xff, 0xfe, 0xff, 0xfe, 0xff, 0xfe, 0xff, 0xfe, 0xff, 0xfe, 0xff, 0xfe, 0xff,
    0xde, 0xff, 0xfe, 0xff, 0xfe, 0xff, 0xfe, 0xff, 0xfe, 0xff, 0xfe, 0xff, 0xfe, 0xff, 0xfe, 0xff,
    0xfd, 0xff, 0xfd, 0xff, 0xfe, 0xff, 0xde, 0xff, 0xde, 0xff, 0xfe, 0xff, 0xdd, 0xff, 0xdd, 0xff,
    0xdd, 0xff, 0xdd, 0xff, 0xdd, 0xff, 0xdd, 0xff, 0xde, 0xff, 0xdd, 0xff, 0xdd, 0xff, 0xdd, 0xff,
    0xdd, 0xff, 0xdd, 0xff, 0xdd, 0xff, 0xdd, 0xff, 0xdd, 0xff, 0xdd, 0xff, 0xdc, 0xff, 0xdd, 0xff,
    0xdd, 0xff, 0xdd, 0xff, 0xdd, 0xff, 0xdd, 0xff, 0xdd, 0xff, 0xdd, 0xff, 0xdd, 0xff, 0xdd, 0xff,
    0xdd, 0xff, 0xdd, 0xff, 0xdd, 0xff, 0xdd, 0xff, 0xdd, 0xff, 0xdd, 0xff, 0xdd, 0xff, 0xdd, 0xff,
    0xdd, 0xff, 0xdd, 0xff, 0xdd, 0xff, 0xdd, 0xff, 0xdd, 0xff, 0xdd, 0xff, 0xdd, 0xff, 0xdd, 0xff,
    0xdd, 0xff, 0xbd, 0xff, 0xbd, 0xff, 0xbd, 0xff, 0xbd, 0xff, 0xbd, 0xff, 0xbd, 0xff, 0xbd, 0xff,
    0xbd, 0xff, 0xbd, 0xff, 0xbd, 0xff, 0xbd, 0xff, 0xbd, 0xff, 0xbd, 0xff, 0xbd, 0xff, 0xbd, 0xff,
    0xbd, 0xff, 0xbd, 0xff, 0xbd, 0xff, 0xbd, 0xff, 0xbd, 0xff, 0xbd, 0xff, 0xbd, 0xff, 0x9d, 0xff,
    0xbd, 0xff, 0x9d, 0xff, 0x9d, 0xff, 0x9d, 0xff, 0x9d, 0xff, 0x9d, 0xff, 0x9d, 0xff, 0x9d, 0xff,
    0x9d, 0xf7, 0x9c, 0xf7, 0x9d, 0xf7, 0x9c, 0xf7, 0x9c, 0xf7, 0x9c, 0xf7, 0x9c, 0xf7, 0x9c, 0xf7,
    0x9c, 0xf7, 0x9c, 0xf7, 0x9c, 0xf7, 0x9c, 0xf7, 0x9c, 0xf7, 0x9c, 0xf7, 0x7c, 0xf7, 0x9c, 0xf7,
    0x7c, 0xf7, 0x7c, 0xf7, 0x7c, 0xf7, 0x7c, 0xf7, 0x9c, 0xf7, 0x7c, 0xf7, 0x7c, 0xf7, 0x7c, 0xf7,
    0x7c, 0xf7, 0x7c, 0xf7, 0x7c, 0xf7, 0x7c, 0xf7, 0x7c, 0xf7, 0x7c, 0xf7, 0x7c, 0xf7, 0x7c, 0xf7,
    0x7c, 0xf7, 0x7c, 0xf7, 0x7c, 0xf7, 0x7c, 0xf7, 0x7c, 0xf7, 0x7c, 0xf7, 0x7c, 0xf7, 0x7c, 0xf7,
    0x7c, 0xf7, 0x7c, 0xef, 0x7c, 0xef, 0x5c, 0xef, 0x5c, 0xef, 0x5c, 0xef, 0x5c, 0xef, 0x5c, 0xef,
    0x5c, 0xef, 0x5c, 0xef, 0x5c, 0xef, 0x5c, 0xef, 0x5c, 0xef, 0x5b, 0xef, 0x5b, 0xef, 0x5b, 0xef,
    0x5b, 0xef, 0x5b, 0xef, 0x5b, 0xef, 0x5b, 0xef, 0x3b, 0xef, 0x3b, 0xef, 0x3b, 0xef, 0x3b, 0xef,
    0x3b, 0xef, 0x3c, 0xef, 0x3b, 0xef, 0x3c, 0xef, 0x3b, 0xef, 0x3c, 0xef, 0x3b, 0xef, 0x3c, 0xef,
    0x3b, 0xef, 0x3c, 0xef, 0x3b, 0xef, 0x3c, 0xef, 0x3b, 0xef, 0x3c, 0xef, 0x3c, 0xef, 0x3b, 0xe7,
    0x3b, 0xe7, 0x3b, 0xe7, 0x1b, 0xe7, 0x1b, 0xe7, 0x1b, 0xe7, 0x1b, 0xe7, 0x1b, 0xe7, 0x1b, 0xe7,
    0x1b, 0xe7, 0x1b, 0xe7, 0x1b, 0xe7, 0x1b, 0xe7, 0x1b, 0xe7, 0x1b, 0xe7, 0x1b, 0xe7, 0x1b, 0xe7,
    0x1b, 0xe7, 0xfb, 0xe6, 0xfb, 0xe6, 0xfb, 0xde, 0xfb, 0xde, 0xfb, 0xde, 0xfb, 0xde, 0xfb, 0xde,
    0xfb, 0xde, 0xda, 0xde, 0xdb, 0xde, 0xda, 0xde, 0xda, 0xde, 0xda, 0xde, 0xda, 0xde, 0xda, 0xde,
    0xda, 0xde, 0xda, 0xde, 0xda, 0xde, 0xda, 0xde, 0xda, 0xde, 0xda, 0xde, 0xda, 0xde, 0xda, 0xde,
    0xda, 0xde, 0xda, 0xde, 0xda, 0xde, 0xba, 0xd6, 0xba, 0xd6, 0xba, 0xd6, 0xba, 0xd6, 0xba, 0xd6,
    0xba, 0xd6, 0xba, 0xd6, 0xba, 0xd6, 0xba, 0xd6, 0xba, 0xd6, 0xba, 0xd6, 0xba, 0xd6, 0xba, 0xd6,
    0xba, 0xd6, 0xba, 0xd6, 0xba, 0xd6, 0x99, 0xce, 0xdb, 0xd6, 0xfb, 0xd6, 0x9a, 0xce, 0xbb, 0xd6,
    0xbb, 0xd6, 0xdb, 0xd6, 0x5a, 0xc6, 0x3a, 0xbe, 0xdb, 0xd6, 0xdb, 0xd6, 0xdb, 0xd6, 0xdb, 0xd6,
    0xff, 0xff, 0xff, 0xff, 0xff, 0xff, 0xde, 0xf7, 0x5d, 0xdf, 0xde, 0xf7, 0xff, 0xff, 0xff, 0xff,
    0xff, 0xff, 0xfe, 0xff, 0xfe, 0xff, 0xff, 0xff, 0xff, 0xff, 0xff, 0xff, 0xff, 0xff, 0xff, 0xff,
    0xff, 0xff, 0xfe, 0xff, 0xfe, 0xff, 0xfe, 0xff, 0xfe, 0xff, 0xfe, 0xff, 0xfe, 0xff, 0xfe, 0xff,
    0xfe, 0xff, 0xfe, 0xff, 0xfe, 0xff, 0xfe, 0xff, 0xfe, 0xff, 0xfe, 0xff, 0xfe, 0xff, 0xfe, 0xff,
    0xfe, 0xff, 0xfe, 0xff, 0xfe, 0xff, 0xfe, 0xff, 0xfe, 0xff, 0xfe, 0xff, 0xfe, 0xff, 0xfe, 0xff,
    0xfe, 0xff, 0xfe, 0xff, 0xfe, 0xff, 0xfe, 0xff, 0xfe, 0xff, 0xfe, 0xff, 0xfe, 0xff, 0xfe, 0xff,
    0xfe, 0xff, 0xfe, 0xff, 0xfe, 0xff, 0xfe, 0xff, 0xfe, 0xff, 0xfe, 0xff, 0xfe, 0xff, 0xfe, 0xff,
    0xfe, 0xff, 0xfe, 0xff, 0xfe, 0xff, 0xfe, 0xff, 0xfe, 0xff, 0xfe, 0xff, 0xfe, 0xff, 0xfe, 0xff,
    0xfe, 0xff, 0xfe, 0xff, 0xfe, 0xff, 0xfe, 0xff, 0xfe, 0xff, 0xfe, 0xff, 0xfe, 0xff, 0xfe, 0xff,
    0xfe, 0xff, 0xfe, 0xff, 0xfe, 0xff, 0xfe, 0xff, 0xfe, 0xff, 0xfe, 0xff, 0xfe, 0xff, 0xfe, 0xff,
    0xfe, 0xff, 0xfe, 0xff, 0xde, 0xff, 0xfd, 0xff, 0xfd, 0xff, 0xfe, 0xff, 0xfe, 0xff, 0xde, 0xff,
    0xdd, 0xff, 0xdd, 0xff, 0xde, 0xff, 0xdd, 0xff, 0xdd, 0xff, 0xdd, 0xff, 0xdd, 0xff, 0xdd, 0xff,
    0xdd, 0xff, 0xdd, 0xff, 0xdd, 0xff, 0xdd, 0xff, 0xdd, 0xff, 0xdd, 0xff, 0xdd, 0xff, 0xdd, 0xff,
    0xdd, 0xff, 0xdd, 0xff, 0xdd, 0xff, 0xdd, 0xff, 0xdd, 0xff, 0xdd, 0xff, 0xdd, 0xff, 0xdd, 0xff,
    0xdd, 0xff, 0xdd, 0xff, 0xdd, 0xff, 0xdd, 0xff, 0xdd, 0xff, 0xdd, 0xff, 0xdd, 0xff, 0xdd, 0xff,
    0xdd, 0xff, 0xdd, 0xff, 0xdd, 0xff, 0xdd, 0xff, 0xdd, 0xff, 0xdd, 0xff, 0xdd, 0xff, 0xdd, 0xff,
    0xdd, 0xff, 0xdd, 0xff, 0xdd, 0xff, 0xdd, 0xff, 0xdd, 0xff, 0xdd, 0xff, 0xdd, 0xff, 0xdd, 0xff,
    0xbd, 0xff, 0xbd, 0xff, 0xbd, 0xff, 0xbd, 0xff, 0xbd, 0xff, 0xbd, 0xff, 0xbd, 0xff, 0xbd, 0xff,
    0xbd, 0xff, 0xbd, 0xff, 0xbd, 0xff, 0xbd, 0xff, 0xbd, 0xff, 0xbd, 0xff, 0xbd, 0xff, 0xbd, 0xff,
    0xbd, 0xff, 0xbd, 0xff, 0xbd, 0xff, 0xbd, 0xff, 0xbd, 0xff, 0xbd, 0xff, 0xbd, 0xff, 0xbd, 0xff,
    0xbd, 0xff, 0x9d, 0xff, 0x9d, 0xff, 0x9d, 0xff, 0x9d, 0xff, 0x9d, 0xff, 0x9d, 0xf7, 0x9d, 0xf7,
    0x9d, 0xf7, 0x9d, 0xf7, 0x9c, 0xf7, 0x9c, 0xf7, 0x9c, 0xf7, 0x9c, 0xf7, 0x9c, 0xf7, 0x9c, 0xf7,
    0x9c, 0xf7, 0x9c, 0xf7, 0x9c, 0xf7, 0x9c, 0xf7, 0x9c, 0xf7, 0x9c, 0xf7, 0x9c, 0xf7, 0x7c, 0xf7,
    0x9c, 0xf7, 0x9c, 0xf7, 0x7c, 0xf7, 0x7c, 0xf7, 0x7c, 0xf7, 0x7c, 0xf7, 0x7c, 0xf7, 0x7c, 0xf7,
    0x7c, 0xf7, 0x7c, 0xf7, 0x7c, 0xf7, 0x7c, 0xf7, 0x7c, 0xf7, 0x7c, 0xf7, 0x7c, 0xf7, 0x7c, 0xf7,
    0x7c, 0xf7, 0x7c, 0xf7, 0x7c, 0xf7, 0x7c, 0xf7, 0x7c, 0xf7, 0x7c, 0xf7, 0x7c, 0xef, 0x7c, 0xf7,
    0x7c, 0xf7, 0x7c, 0xef, 0x7c, 0xef, 0x7c, 0xef, 0x5c, 0xef, 0x5c, 0xef, 0x5c, 0xef, 0x5c, 0xef,
    0x5c, 0xf7, 0x5c, 0xef, 0x5c, 0xef, 0x5c, 0xef, 0x5c, 0xef, 0x5b, 0xef, 0x5c, 0xef, 0x5c, 0xef,
    0x5b, 0xef, 0x5b, 0xef, 0x5b, 0xef, 0x5c, 0xef, 0x5b, 0xef, 0x3b, 0xef, 0x3b, 0xef, 0x3c, 0xef,
    0x3c, 0xef, 0x3b, 0xef, 0x3b, 0xef, 0x3b, 0xef, 0x3b, 0xef, 0x3b, 0xef, 0x3c, 0xef, 0x3b, 0xef,
    0x3c, 0xef, 0x3c, 0xef, 0x3b, 0xef, 0x3b, 0xef, 0x3c, 0xef, 0x3b, 0xef, 0x3b, 0xef, 0x3b, 0xe7,
    0x3b, 0xe7, 0x3b, 0xe7, 0x1b, 0xe7, 0x1b, 0xe7, 0x1b, 0xe7, 0x1b, 0xe7, 0x1b, 0xe7, 0x1b, 0xe7,
    0x1b, 0xe7, 0x1b, 0xe7, 0x1b, 0xe7, 0x1b, 0xe7, 0x1b, 0xe7, 0x1b, 0xe7, 0x1b, 0xe7, 0x1b, 0xe7,
    0x1b, 0xe7, 0x1b, 0xdf, 0xfb, 0xde, 0xfb, 0xe6, 0xfb, 0xde, 0xfb, 0xde, 0xfb, 0xde, 0xfb, 0xde,
    0xfb, 0xde, 0xfa, 0xde, 0xdb, 0xde, 0xdb, 0xde, 0xda, 0xde, 0xda, 0xde, 0xda, 0xde, 0xda, 0xde,
    0xda, 0xde, 0xda, 0xde, 0xda, 0xde, 0xda, 0xde, 0xda, 0xde, 0xda, 0xde, 0xda, 0xde, 0xda, 0xde,
    0xda, 0xde, 0xdb, 0xde, 0xda, 0xde, 0xda, 0xd6, 0xda, 0xd6, 0xba, 0xd6, 0xba, 0xd6, 0xba, 0xd6,
    0xba, 0xd6, 0xba, 0xd6, 0xba, 0xd6, 0xba, 0xd6, 0xba, 0xd6, 0xba, 0xd6, 0xba, 0xd6, 0xba, 0xd6,
    0xba, 0xd6, 0x9a, 0xd6, 0xba, 0xd6, 0xba, 0xd6, 0x9a, 0xce, 0xfc, 0xd6, 0xbb, 0xd6, 0xba, 0xd6,
    0xdb, 0xd6, 0xdb, 0xd6, 0xba, 0xce, 0x39, 0xb6, 0xbb, 0xce, 0xdb, 0xd6, 0xdb, 0xd6, 0xdb, 0xd6,
    0xff, 0xff, 0xff, 0xff, 0xff, 0xff, 0x9e, 0xef, 0x7e, 0xe7, 0xff, 0xff, 0xff, 0xff, 0xff, 0xff,
    0xff, 0xff, 0xff, 0xff, 0xff, 0xff, 0xff, 0xff, 0xff, 0xff, 0xff, 0xff, 0xff, 0xff, 0xff, 0xff,
    0xff, 0xff, 0xfe, 0xff, 0xfe, 0xff, 0xfe, 0xff, 0xfe, 0xff, 0xfe, 0xff, 0xfe, 0xff, 0xfe, 0xff,
    0xfe, 0xff, 0xfe, 0xff, 0xfe, 0xff, 0xfe, 0xff, 0xfe, 0xff, 0xfe, 0xff, 0xfe, 0xff, 0xfe, 0xff,
    0xfe, 0xff, 0xfe, 0xff, 0xfe, 0xff, 0xfe, 0xff, 0xfe, 0xff, 0xfe, 0xff, 0xfe, 0xff, 0xfe, 0xff,
    0xfe, 0xff, 0xfe, 0xff, 0xfe, 0xff, 0xfe, 0xff, 0xfe, 0xff, 0xfe, 0xff, 0xfe, 0xff, 0xfe, 0xff,
    0xfe, 0xff, 0xfe, 0xff, 0xfe, 0xff, 0xfe, 0xff, 0xfe, 0xff, 0xfe, 0xff, 0xfe, 0xff, 0xfe, 0xff,
    0xfe, 0xff, 0xfe, 0xff, 0xfe, 0xff, 0xfe, 0xff, 0xfe, 0xff, 0xfe, 0xff, 0xfe, 0xff, 0xfe, 0xff,
    0xfe, 0xff, 0xfe, 0xff, 0xfe, 0xff, 0xfe, 0xff, 0xfe, 0xff, 0xfe, 0xff, 0xfe, 0xff, 0xfe, 0xff,
    0xfe, 0xff, 0xfe, 0xff, 0xfe, 0xff, 0xfe, 0xff, 0xfe, 0xff, 0xfe, 0xff, 0xfe, 0xff, 0xfe, 0xff,
    0xfe, 0xff, 0xfe, 0xff, 0xfe, 0xff, 0xfe, 0xff, 0xdd, 0xff, 0xfe, 0xff, 0xfe, 0xff, 0xfe, 0xff,
    0xdd, 0xff, 0xdd, 0xff, 0xfe, 0xff, 0xfe, 0xff, 0xfe, 0xff, 0xdd, 0xff, 0xdd, 0xff, 0xdd, 0xff,
    0xdd, 0xff, 0xdd, 0xff, 0xdd, 0xff, 0xdd, 0xff, 0xdd, 0xff, 0xdd, 0xff, 0xdd, 0xff, 0xdd, 0xff,
    0xdd, 0xff, 0xdd, 0xff, 0xdd, 0xff, 0xdd, 0xff, 0xdd, 0xff, 0xdd, 0xff, 0xdd, 0xff, 0xdd, 0xff,
    0xdd, 0xff, 0xdd, 0xff, 0xdd, 0xff, 0xdd, 0xff, 0xdd, 0xff, 0xdd, 0xff, 0xdd, 0xff, 0xdd, 0xff,
    0xdd, 0xff, 0xdd, 0xff, 0xdd, 0xff, 0xdd, 0xff, 0xdd, 0xff, 0xdd, 0xff, 0xdd, 0xff, 0xdd, 0xff,
    0xdd, 0xff, 0xdd, 0xff, 0xdd, 0xff, 0xdd, 0xff, 0xdd, 0xff, 0xdd, 0xff, 0xdd, 0xff, 0xdd, 0xff,
    0xdd, 0xff, 0xbd, 0xff, 0xbd, 0xff, 0xbd, 0xff, 0xbd, 0xff, 0xbd, 0xff, 0xbd, 0xff, 0xbd, 0xff,
    0xbd, 0xff, 0xbd, 0xff, 0xbd, 0xff, 0xbd, 0xff, 0xbd, 0xff, 0xbd, 0xff, 0xbd, 0xff, 0xbd, 0xff,
    0xbd, 0xff, 0xbd, 0xff, 0xbd, 0xff, 0xbd, 0xff, 0xbd, 0xff, 0xbd, 0xff, 0xbd, 0xff, 0xbd, 0xff,
    0xbd, 0xff, 0xbd, 0xff, 0x9d, 0xff, 0x9d, 0xff, 0x9d, 0xff, 0x9d, 0xff, 0x9d, 0xff, 0x9d, 0xf7,
    0x9d, 0xff, 0x9d, 0xf7, 0x9c, 0xf7, 0x9c, 0xf7, 0x9c, 0xf7, 0x9c, 0xf7, 0x9c, 0xf7, 0x9c, 0xf7,
    0x9c, 0xf7, 0x9c, 0xf7, 0x9c, 0xf7, 0x9c, 0xf7, 0x9c, 0xf7, 0x9c, 0xf7, 0x9c, 0xf7, 0x9c, 0xf7,
    0x7c, 0xf7, 0x9c, 0xf7, 0x7c, 0xf7, 0x7c, 0xf7, 0x7c, 0xf7, 0x7c, 0xf7, 0x7c, 0xf7, 0x7c, 0xf7,
    0x7c, 0xf7, 0x7c, 0xf7, 0x9c, 0xf7, 0x9c, 0xf7, 0x9c, 0xf7, 0x9c, 0xf7, 0x7c, 0xf7, 0x7c, 0xf7,
    0x7c, 0xf7, 0x7c, 0xf7, 0x7c, 0xf7, 0x7c, 0xf7, 0x7c, 0xf7, 0x7c, 0xf7, 0x7c, 0xf7, 0x7c, 0xf7,
    0x7c, 0xf7, 0x7c, 0xf7, 0x7c, 0xef, 0x7c, 0xef, 0x5c, 0xef, 0x5c, 0xf7, 0x5c, 0xef, 0x5c, 0xef,
    0x5c, 0xf7, 0x5c, 0xef, 0x5c, 0xef, 0x5c, 0xef, 0x5c, 0xef, 0x5c, 0xef, 0x5b, 0xef, 0x5c, 0xef,
    0x5b, 0xef, 0x5b, 0xef, 0x5c, 0xef, 0x3c, 0xef, 0x3b, 0xef, 0x5c, 0xef, 0x3b, 0xef, 0x3b, 0xef,
    0x3b, 0xef, 0x3c, 0xef, 0x3b, 0xef, 0x3b, 0xef, 0x3b, 0xef, 0x3b, 0xef, 0x3b, 0xef, 0x3c, 0xef,
    0x3c, 0xef, 0x3c, 0xef, 0x3c, 0xef, 0x3c, 0xef, 0x3c, 0xef, 0x3b, 0xef, 0x3b, 0xef, 0x3b, 0xe7,
    0x3c, 0xe7, 0x3b, 0xe7, 0x3b, 0xe7, 0x3b, 0xe7, 0x1b, 0xe7, 0x1b, 0xe7, 0x1b, 0xe7, 0x1b, 0xe7,
    0x1b, 0xe7, 0x1b, 0xe7, 0x1b, 0xe7, 0x1b, 0xe7, 0x1b, 0xe7, 0x1b, 0xe7, 0x1b, 0xe7, 0x1b, 0xe7,
    0x1b, 0xe7, 0x1b, 0xdf, 0xfb, 0xde, 0xfb, 0xe6, 0xfb, 0xde, 0xfb, 0xde, 0xfb, 0xde, 0xfb, 0xde,
    0xfb, 0xde, 0xdb, 0xde, 0xda, 0xde, 0xdb, 0xde, 0xda, 0xde, 0xda, 0xde, 0xda, 0xde, 0xda, 0xde,
    0xda, 0xde, 0xda, 0xde, 0xda, 0xde, 0xda, 0xde, 0xda, 0xde, 0xda, 0xde, 0xda, 0xde, 0xda, 0xde,
    0xda, 0xde, 0xda, 0xde, 0xda, 0xde, 0xda, 0xd6, 0xba, 0xd6, 0xba, 0xd6, 0xba, 0xd6, 0xba, 0xd6,
    0xba, 0xd6, 0xba, 0xd6, 0xba, 0xd6, 0xba, 0xd6, 0xba, 0xd6, 0xba, 0xd6, 0xba, 0xd6, 0xba, 0xd6,
    0x9a, 0xd6, 0x9a, 0xd6, 0x9a, 0xd6, 0xba, 0xd6, 0x99, 0xce, 0xdb, 0xd6, 0xfc, 0xd6, 0xba, 0xce,
    0xdb, 0xd6, 0xdb, 0xd6, 0xdb, 0xd6, 0x5a, 0xbe, 0x7a, 0xbe, 0xdb, 0xd6, 0xdb, 0xd6, 0xdb, 0xde,
    0xff, 0xff, 0xff, 0xff, 0xff, 0xff, 0x7e, 0xe7, 0xbe, 0xf7, 0xff, 0xff, 0xff, 0xff, 0xff, 0xff,
    0xff, 0xff, 0xff, 0xff, 0xff, 0xff, 0xff, 0xff, 0xff, 0xff, 0xff, 0xff, 0xff, 0xff, 0xff, 0xff,
    0xfe, 0xff, 0xfe, 0xff, 0xfe, 0xff, 0xfe, 0xff, 0xfe, 0xff, 0xfe, 0xff, 0xfe, 0xff, 0xfe, 0xff,
    0xfe, 0xff, 0xfe, 0xff, 0xfe, 0xff, 0xfe, 0xff, 0xfe, 0xff, 0xfe, 0xff, 0xfe, 0xff, 0xfe, 0xff,
    0xfe, 0xff, 0xfe, 0xff, 0xfe, 0xff, 0xfe, 0xff, 0xfe, 0xff, 0xfe, 0xff, 0xfe, 0xff, 0xfe, 0xff,
    0xfe, 0xff, 0xfe, 0xff, 0xfe, 0xff, 0xfe, 0xff, 0xfe, 0xff, 0xfe, 0xff, 0xfe, 0xff, 0xfe, 0xff,
    0xfe, 0xff, 0xfe, 0xff, 0xfe, 0xff, 0xfe, 0xff, 0xfe, 0xff, 0xfe, 0xff, 0xfe, 0xff, 0xfe, 0xff,
    0xfe, 0xff, 0xfe, 0xff, 0xfe, 0xff, 0xfe, 0xff, 0xfe, 0xff, 0xfe, 0xff, 0xfe, 0xff, 0xfe, 0xff,
    0xfe, 0xff, 0xfe, 0xff, 0xfe, 0xff, 0xfe, 0xff, 0xfe, 0xff, 0xfe, 0xff, 0xfe, 0xff, 0xfe, 0xff,
    0xfe, 0xff, 0xfe, 0xff, 0xfe, 0xff, 0xfe, 0xff, 0xfe, 0xff, 0xfe, 0xff, 0xfe, 0xff, 0xfe, 0xff,
    0xfe, 0xff, 0xfe, 0xff, 0xfe, 0xff, 0xfe, 0xff, 0xfe, 0xff, 0xde, 0xff, 0xfe, 0xff, 0xfe, 0xff,
    0xfe, 0xff, 0xde, 0xff, 0xfd, 0xff, 0xfd, 0xff, 0xfe, 0xff, 0xde, 0xff, 0xdd, 0xff, 0xdd, 0xff,
    0xdd, 0xff, 0xfd, 0xff, 0xdd, 0xff, 0xdd, 0xff, 0xdd, 0xff, 0xdd, 0xff, 0xdd, 0xff, 0xdd, 0xff,
    0xdd, 0xff, 0xdd, 0xff, 0xdd, 0xff, 0xdd, 0xff, 0xdd, 0xff, 0xdd, 0xff, 0xdd, 0xff, 0xdd, 0xff,
    0xdd, 0xff, 0xdd, 0xff, 0xdd, 0xff, 0xdd, 0xff, 0xdd, 0xff, 0xdd, 0xff, 0xdd, 0xff, 0xdd, 0xff,
    0xdd, 0xff, 0xdd, 0xff, 0xdd, 0xff, 0xdd, 0xff, 0xdd, 0xff, 0xdd, 0xff, 0xdd, 0xff, 0xdd, 0xff,
    0xdd, 0xff, 0xdd, 0xff, 0xdd, 0xff, 0xdd, 0xff, 0xdd, 0xff, 0xdd, 0xff, 0xdd, 0xff, 0xdd, 0xff,
    0xdd, 0xff, 0xdd, 0xff, 0xbd, 0xff, 0xbd, 0xff, 0xbd, 0xff, 0xbd, 0xff, 0xbd, 0xff, 0xbd, 0xff,
    0xbd, 0xff, 0xbd, 0xff, 0xbd, 0xff, 0xbd, 0xff, 0xbd, 0xff, 0xbd, 0xff, 0xbd, 0xff, 0xbd, 0xff,
    0xbd, 0xff, 0xbd, 0xff, 0xbd, 0xff, 0xbd, 0xff, 0xbd, 0xff, 0xbd, 0xff, 0xbd, 0xff, 0xbd, 0xff,
    0xbd, 0xff, 0xbd, 0xff, 0x9d, 0xff, 0x9d, 0xff, 0x9d, 0xff, 0x9d, 0xff, 0x9d, 0xff, 0x9d, 0xff,
    0x9d, 0xf7, 0x9d, 0xf7, 0x9d, 0xf7, 0x9c, 0xf7, 0x9c, 0xf7, 0x9c, 0xf7, 0x9c, 0xf7, 0x9c, 0xf7,
    0x9c, 0xf7, 0x9c, 0xf7, 0x9c, 0xf7, 0x9c, 0xf7, 0x9c, 0xf7, 0x9c, 0xf7, 0x9c, 0xf7, 0x9c, 0xf7,
    0x9c, 0xf7, 0x9c, 0xf7, 0x7c, 0xf7, 0x7c, 0xf7, 0x7c, 0xf7, 0x7c, 0xf7, 0x7c, 0xf7, 0x7c, 0xf7,
    0x7c, 0xf7, 0x9c, 0xf7, 0x9c, 0xf7, 0x7c, 0xf7, 0x7c, 0xf7, 0x9c, 0xf7, 0x7c, 0xf7, 0x7c, 0xf7,
    0x7c, 0xf7, 0x7c, 0xf7, 0x7c, 0xf7, 0x7c, 0xf7, 0x7c, 0xf7, 0x7c, 0xf7, 0x7c, 0xf7, 0x7c, 0xef,
    0x7c, 0xf7, 0x7c, 0xef, 0x7c, 0xef, 0x7c, 0xf7, 0x5c, 0xef, 0x5c, 0xef, 0x5c, 0xef, 0x5c, 0xf7,
    0x5c, 0xef, 0x5c, 0xef, 0x5c, 0xef, 0x5c, 0xef, 0x5c, 0xef, 0x5b, 0xef, 0x5c, 0xef, 0x5b, 0xef,
    0x5b, 0xef, 0x5b, 0xef, 0x5b, 0xef, 0x3c, 0xef, 0x3b, 0xef, 0x3c, 0xef, 0x3b, 0xef, 0x3b, 0xef,
    0x3c, 0xef, 0x3c, 0xef, 0x3b, 0xef, 0x3b, 0xef, 0x3b, 0xef, 0x3c, 0xef, 0x3b, 0xef, 0x3b, 0xef,
    0x3b, 0xef, 0x3c, 0xef, 0x3c, 0xef, 0x3c, 0xef, 0x3c, 0xef, 0x3b, 0xef, 0x3b, 0xe7, 0x3b, 0xe7,
    0x3b, 0xe7, 0x3b, 0xe7, 0x3b, 0xe7, 0x1b, 0xe7, 0x1b, 0xe7, 0x1b, 0xe7, 0x1b, 0xe7, 0x1b, 0xe7,
    0x1b, 0xe7, 0x1b, 0xe7, 0x1b, 0xe7, 0x1b, 0xe7, 0x1b, 0xe7, 0x1b, 0xe7, 0x1b, 0xe7, 0x1b, 0xe7,
    0x1b, 0xe7, 0x1b, 0xe7, 0x1b, 0xe7, 0xfb, 0xde, 0xfb, 0xde, 0xfb, 0xde, 0xfb, 0xde, 0xfb, 0xde,
    0xfb, 0xde, 0xdb, 0xde, 0xda, 0xde, 0xda, 0xde, 0xda, 0xde, 0xda, 0xde, 0xda, 0xde, 0xda, 0xde,
    0xda, 0xde, 0xda, 0xde, 0xda, 0xde, 0xda, 0xde, 0xda, 0xde, 0xda, 0xde, 0xda, 0xde, 0xda, 0xde,
    0xda, 0xde, 0xda, 0xde, 0xda, 0xde, 0xda, 0xd6, 0xba, 0xd6, 0xba, 0xd6, 0xba, 0xd6, 0xba, 0xd6,
    0xba, 0xd6, 0xba, 0xd6, 0xba, 0xd6, 0xba, 0xd6, 0xba, 0xd6, 0xba, 0xd6, 0xba, 0xd6, 0xba, 0xd6,
    0xba, 0xd6, 0x9a, 0xd6, 0xba, 0xd6, 0xba, 0xd6, 0xba, 0xd6, 0xba, 0xd6, 0xfc, 0xd6, 0xdb, 0xd6,
    0xba, 0xd6, 0xdb, 0xd6, 0xdb, 0xd6, 0x9a, 0xce, 0x3a, 0xbe, 0xbb, 0xce, 0xdb, 0xd6, 0xdb, 0xd6,
    0xff, 0xff, 0xff, 0xff, 0xbe, 0xf7, 0x7e, 0xe7, 0xff, 0xff, 0xff, 0xff, 0xff, 0xff, 0xff, 0xff,
    0xff, 0xff, 0xff, 0xff, 0xff, 0xff, 0xff, 0xff, 0xff, 0xff, 0xff, 0xff, 0xfe, 0xff, 0xff, 0xff,
    0xfe, 0xff, 0xfe, 0xff, 0xfe, 0xff, 0xfe, 0xff, 0xfe, 0xff, 0xfe, 0xff, 0xfe, 0xff, 0xfe, 0xff,
    0xfe, 0xff, 0xfe, 0xff, 0xfe, 0xff, 0xfe, 0xff, 0xfe, 0xff, 0xfe, 0xff, 0xfe, 0xff, 0xfe, 0xff,
    0xfe, 0xff, 0xfe, 0xff, 0xfe, 0xff, 0xfe, 0xff, 0xfe, 0xff, 0xfe, 0xff, 0xfe, 0xff, 0xfe, 0xff,
    0xfe, 0xff, 0xfe, 0xff, 0xfe, 0xff, 0xfe, 0xff, 0xfe, 0xff, 0xfe, 0xff, 0xfe, 0xff, 0xfe, 0xff,
    0xfe, 0xff, 0xfe, 0xff, 0xfe, 0xff, 0xfe, 0xff, 0xfe, 0xff, 0xfe, 0xff, 0xfe, 0xff, 0xfe, 0xff,
    0xfe, 0xff, 0xfe, 0xff, 0xfe, 0xff, 0xfe, 0xff, 0xfe, 0xff, 0xfe, 0xff, 0xfe, 0xff, 0xfe, 0xff,
    0xfe, 0xff, 0xfe, 0xff, 0xfe, 0xff, 0xfe, 0xff, 0xfe, 0xff, 0xfe, 0xff, 0xfe, 0xff, 0xfe, 0xff,
    0xfe, 0xff, 0xfe, 0xff, 0xfe, 0xff, 0xfe, 0xff, 0xfe, 0xff, 0xfe, 0xff, 0xfe, 0xff, 0xfe, 0xff,
    0xfe, 0xff, 0xfe, 0xff, 0xfe, 0xff, 0xfe, 0xff, 0xfe, 0xff, 0xfe, 0xff, 0xfe, 0xff, 0xfe, 0xff,
    0xfe, 0xff, 0xdd, 0xff, 0xfe, 0xff, 0xfd, 0xff, 0xfd, 0xff, 0xde, 0xff, 0xfd, 0xff, 0xdd, 0xff,
    0xdd, 0xff, 0xdd, 0xff, 0xdd, 0xff, 0xdd, 0xff, 0xdd, 0xff, 0xdd, 0xff, 0xdd, 0xff, 0xdd, 0xff,
    0xdd, 0xff, 0xdd, 0xff, 0xdd, 0xff, 0xdd, 0xff, 0xdd, 0xff, 0xdd, 0xff, 0xdd, 0xff, 0xdd, 0xff,
    0xdd, 0xff, 0xdd, 0xff, 0xdd, 0xff, 0xdd, 0xff, 0xdd, 0xff, 0xdd, 0xff, 0xdd, 0xff, 0xdd, 0xff,
    0xdd, 0xff, 0xdd, 0xff, 0xdd, 0xff, 0xdd, 0xff, 0xdd, 0xff, 0xdd, 0xff, 0xdd, 0xff, 0xdd, 0xff,
    0xdd, 0xff, 0xdd, 0xff, 0xdd, 0xff, 0xdd, 0xff, 0xdd, 0xff, 0xdd, 0xff, 0xdd, 0xff, 0xdd, 0xff,
    0xdd, 0xff, 0xbd, 0xff, 0xbd, 0xff, 0xbd, 0xff, 0xbd, 0xff, 0xbd, 0xff, 0xbd, 0xff, 0xbd, 0xff,
    0xbd, 0xff, 0xbd, 0xff, 0xbd, 0xff, 0xbd, 0xff, 0xbd, 0xff, 0xbd, 0xff, 0xbd, 0xff, 0xbd, 0xff,
    0xbd, 0xff, 0xbd, 0xff, 0xbd, 0xff, 0xbd, 0xff, 0xbd, 0xff, 0xbd, 0xff, 0xbd, 0xff, 0xbd, 0xff,
    0xbd, 0xff, 0xbd, 0xff, 0x9d, 0xff, 0x9d, 0xff, 0x9d, 0xff, 0x9d, 0xff, 0x9d, 0xf7, 0x9d, 0xff,
    0x9d, 0xf7, 0x9c, 0xf7, 0x9c, 0xf7, 0x9d, 0xf7, 0x9c, 0xf7, 0x9c, 0xf7, 0x9c, 0xf7, 0x9c, 0xf7,
    0x9c, 0xf7, 0x9c, 0xf7, 0x9c, 0xf7, 0x9c, 0xf7, 0x9c, 0xf7, 0x9c, 0xf7, 0x9c, 0xf7, 0x9c, 0xf7,
    0x9c, 0xf7, 0x7c, 0xf7, 0x7c, 0xf7, 0x7c, 0xf7, 0x7c, 0xf7, 0x7c, 0xf7, 0x7c, 0xf7, 0x7c, 0xf7,
    0x7c, 0xf7, 0x7c, 0xf7, 0x7c, 0xf7, 0x7c, 0xf7, 0x7c, 0xf7, 0x7c, 0xf7, 0x7c, 0xf7, 0x7c, 0xf7,
    0x7c, 0xf7, 0x7c, 0xf7, 0x7c, 0xf7, 0x9c, 0xf7, 0x7c, 0xf7, 0x7c, 0xf7, 0x7c, 0xf7, 0x7c, 0xf7,
    0x7c, 0xf7, 0x7c, 0xf7, 0x7c, 0xef, 0x7c, 0xef, 0x5c, 0xef, 0x5c, 0xef, 0x5c, 0xef, 0x5c, 0xef,
    0x5c, 0xef, 0x5c, 0xef, 0x5c, 0xef, 0x5c, 0xef, 0x5c, 0xef, 0x5c, 0xef, 0x5c, 0xef, 0x5b, 0xef,
    0x5c, 0xef, 0x5c, 0xef, 0x5c, 0xef, 0x5b, 0xef, 0x3b, 0xef, 0x3c, 0xef, 0x3b, 0xef, 0x3c, 0xef,
    0x3b, 0xef, 0x3b, 0xef, 0x3b, 0xef, 0x3c, 0xef, 0x3c, 0xef, 0x3c, 0xef, 0x3c, 0xef, 0x3b, 0xef,
    0x5b, 0xef, 0x3b, 0xef, 0x3c, 0xef, 0x3c, 0xef, 0x3c, 0xef, 0x3b, 0xe7, 0x3b, 0xe7, 0x3b, 0xe7,
    0x3b, 0xe7, 0x3c, 0xe7, 0x3b, 0xe7, 0x1b, 0xe7, 0x1b, 0xe7, 0x1b, 0xe7, 0x1b, 0xe7, 0x1b, 0xe7,
    0x1b, 0xe7, 0x1b, 0xe7, 0x1b, 0xe7, 0x1b, 0xe7, 0x1b, 0xe7, 0x1b, 0xe7, 0x1b, 0xe7, 0x1b, 0xe7,
    0x1b, 0xe7, 0x1b, 0xe7, 0xfb, 0xe6, 0xfb, 0xe6, 0xfb, 0xde, 0xfb, 0xde, 0xfb, 0xde, 0xfb, 0xde,
    0xfb, 0xde, 0xda, 0xde, 0xda, 0xde, 0xda, 0xde, 0xda, 0xde, 0xda, 0xde, 0xda, 0xde, 0xda, 0xde,
    0xda, 0xde, 0xda, 0xde, 0xda, 0xde, 0xda, 0xde, 0xda, 0xde, 0xda, 0xde, 0xda, 0xde, 0xda, 0xde,
    0xda, 0xde, 0xda, 0xde, 0xda, 0xde, 0xba, 0xde, 0xda, 0xd6, 0xba, 0xd6, 0xba, 0xd6, 0xba, 0xd6,
    0xba, 0xd6, 0xba, 0xd6, 0xba, 0xd6, 0xba, 0xd6, 0xba, 0xd6, 0xba, 0xd6, 0xba, 0xd6, 0xba, 0xd6,
    0xba, 0xd6, 0xba, 0xd6, 0xba, 0xd6, 0xba, 0xd6, 0xba, 0xd6, 0x9a, 0xce, 0xdb, 0xd6, 0xfb, 0xd6,
    0xba, 0xce, 0xdb, 0xd6, 0xdb, 0xd6, 0xdb, 0xd6, 0x5a, 0xbe, 0x9b, 0xc6, 0xdb, 0xd6, 0xdb, 0xd6,
    0xff, 0xff, 0xff, 0xff, 0x9e, 0xe7, 0xbe, 0xef, 0xff, 0xff, 0xff, 0xff, 0xff, 0xff, 0xff, 0xff,
    0xff, 0xff, 0xff, 0xff, 0xff, 0xff, 0xff, 0xff, 0xff, 0xff, 0xff, 0xff, 0xfe, 0xff, 0xfe, 0xff,
    0xfe, 0xff, 0xfe, 0xff, 0xfe, 0xff, 0xfe, 0xff, 0xfe, 0xff, 0xfe, 0xff, 0xfe, 0xff, 0xfe, 0xff,
    0xfe, 0xff, 0xfe, 0xff, 0xfe, 0xff, 0xfe, 0xff, 0xfe, 0xff, 0xfe, 0xff, 0xfe, 0xff, 0xfe, 0xff,
    0xfe, 0xff, 0xfe, 0xff, 0xfe, 0xff, 0xfe, 0xff, 0xfe, 0xff, 0xfe, 0xff, 0xfe, 0xff, 0xfe, 0xff,
    0xfe, 0xff, 0xfe, 0xff, 0xfe, 0xff, 0xfe, 0xff, 0xfe, 0xff, 0xfe, 0xff, 0xfe, 0xff, 0xfe, 0xff,
    0xfe, 0xff, 0xfe, 0xff, 0xfe, 0xff, 0xfe, 0xff, 0xfe, 0xff, 0xfe, 0xff, 0xfe, 0xff, 0xfe, 0xff,
    0xfe, 0xff, 0xfe, 0xff, 0xfe, 0xff, 0xfe, 0xff, 0xfe, 0xff, 0xfe, 0xff, 0xfe, 0xff, 0xfe, 0xff,
    0xfe, 0xff, 0xfe, 0xff, 0xfe, 0xff, 0xfe, 0xff, 0xfe, 0xff, 0xfe, 0xff, 0xfe, 0xff, 0xfe, 0xff,
    0xfe, 0xff, 0xfe, 0xff, 0xfe, 0xff, 0xfe, 0xff, 0xfe, 0xff, 0xfd, 0xff, 0xfe, 0xff, 0xfe, 0xff,
    0xfe, 0xff, 0xfe, 0xff, 0xfe, 0xff, 0xfe, 0xff, 0xfe, 0xff, 0xfe, 0xff, 0xfe, 0xff, 0xfe, 0xff,
    0xfe, 0xff, 0xfe, 0xff, 0xfe, 0xff, 0xfd, 0xff, 0xfd, 0xff, 0xfd, 0xff, 0xfd, 0xff, 0xfd, 0xff,
    0xdd, 0xff, 0xdd, 0xff, 0xdd, 0xff, 0xdd, 0xff, 0xdd, 0xff, 0xdc, 0xff, 0xdd, 0xff, 0xdd, 0xff,
    0xdd, 0xff, 0xdd, 0xff, 0xdd, 0xff, 0xdd, 0xff, 0xdd, 0xff, 0xdd, 0xff, 0xdd, 0xff, 0xdd, 0xff,
    0xdd, 0xff, 0xdd, 0xff, 0xdd, 0xff, 0xdd, 0xff, 0xdd, 0xff, 0xdd, 0xff, 0xdd, 0xff, 0xdd, 0xff,
    0xdd, 0xff, 0xdd, 0xff, 0xdd, 0xff, 0xdd, 0xff, 0xdd, 0xff, 0xdd, 0xff, 0xdd, 0xff, 0xdd, 0xff,
    0xdd, 0xff, 0xdd, 0xff, 0xdd, 0xff, 0xdd, 0xff, 0xdd, 0xff, 0xdd, 0xff, 0xdd, 0xff, 0xdd, 0xff,
    0xbd, 0xff, 0xbd, 0xff, 0xbd, 0xff, 0xbd, 0xff, 0xbd, 0xff, 0xbd, 0xff, 0xbd, 0xff, 0xbd, 0xff,
    0xbd, 0xff, 0xbd, 0xff, 0xbd, 0xff, 0xbd, 0xff, 0xbd, 0xff, 0xbd, 0xff, 0xbd, 0xff, 0xbd, 0xff,
    0xbd, 0xff, 0xbd, 0xff, 0xbd, 0xff, 0xbd, 0xff, 0xbd, 0xff, 0xbd, 0xff, 0xbd, 0xff, 0xbd, 0xff,
    0xbd, 0xff, 0xbd, 0xff, 0x9d, 0xff, 0x9d, 0xff, 0x9d, 0xff, 0x9d, 0xff, 0x9d, 0xf7, 0x9d, 0xff,
    0x9d, 0xf7, 0x9c, 0xf7, 0x9d, 0xf7, 0x9c, 0xf7, 0x9c, 0xf7, 0x9c, 0xf7, 0x9c, 0xf7, 0x9c, 0xf7,
    0x9c, 0xf7, 0x9c, 0xf7, 0x9c, 0xf7, 0x9c, 0xf7, 0x9c, 0xf7, 0x9c, 0xf7, 0x9c, 0xf7, 0x9c, 0xf7,
    0x9c, 0xf7, 0x7c, 0xf7, 0x7c, 0xf7, 0x7c, 0xf7, 0x7c, 0xf7, 0x7c, 0xf7, 0x7c, 0xf7, 0x7c, 0xf7,
    0x7c, 0xf7, 0x7c, 0xf7, 0x7c, 0xf7, 0x7c, 0xf7, 0x7c, 0xf7, 0x7c, 0xf7, 0x7c, 0xf7, 0x7c, 0xf7,
    0x7c, 0xf7, 0x7c, 0xf7, 0x7c, 0xf7, 0x7c, 0xf7, 0x7c, 0xf7, 0x7c, 0xf7, 0x7c, 0xf7, 0x7c, 0xf7,
    0x7c, 0xf7, 0x7c, 0xf7, 0x7c, 0xf7, 0x5c, 0xef, 0x5c, 0xef, 0x5c, 0xef, 0x5c, 0xef, 0x5c, 0xef,
    0x5c, 0xf7, 0x5c, 0xf7, 0x5c, 0xef, 0x5c, 0xef, 0x5c, 0xef, 0x5c, 0xef, 0x5c, 0xef, 0x5c, 0xef,
    0x5c, 0xef, 0x5c, 0xef, 0x5b, 0xef, 0x5c, 0xef, 0x3b, 0xef, 0x3c, 0xef, 0x3b, 0xef, 0x3b, 0xef,
    0x3b, 0xef, 0x3b, 0xef, 0x3b, 0xef, 0x3c, 0xef, 0x5c, 0xef, 0x3c, 0xef, 0x3c, 0xef, 0x3c, 0xef,
    0x3c, 0xef, 0x3c, 0xef, 0x3c, 0xef, 0x3c, 0xef, 0x3c, 0xef, 0x3c, 0xef, 0x3b, 0xe7, 0x3c, 0xe7,
    0x3b, 0xe7, 0x3c, 0xe7, 0x3b, 0xe7, 0x3b, 0xe7, 0x1b, 0xe7, 0x1b, 0xe7, 0x1b, 0xe7, 0x1b, 0xe7,
    0x1b, 0xe7, 0x1b, 0xe7, 0x1b, 0xe7, 0x1b, 0xe7, 0x1b, 0xe7, 0x1b, 0xe7, 0x1b, 0xe7, 0x1b, 0xe7,
    0x1b, 0xe7, 0x1b, 0xe7, 0xfb, 0xe6, 0xfb, 0xde, 0xfb, 0xde, 0xfb, 0xde, 0xfb, 0xde, 0xfb, 0xde,
    0xda, 0xde, 0xda, 0xde, 0xda, 0xde, 0xda, 0xde, 0xda, 0xde, 0xda, 0xde, 0xda, 0xde, 0xda, 0xde,
    0xda, 0xde, 0xda, 0xde, 0xda, 0xde, 0xda, 0xde, 0xda, 0xde, 0xda, 0xde, 0xda, 0xde, 0xda, 0xde,
    0xda, 0xde, 0xda, 0xde, 0xda, 0xde, 0xda, 0xd6, 0xba, 0xd6, 0xba, 0xd6, 0xba, 0xd6, 0xba, 0xd6,
    0xba, 0xd6, 0xba, 0xd6, 0xba, 0xd6, 0xba, 0xd6, 0xba, 0xd6, 0xba, 0xd6, 0xba, 0xd6, 0xba, 0xd6,
    0xba, 0xd6, 0xba, 0xd6, 0xba, 0xd6, 0xba, 0xd6, 0xba, 0xd6, 0xba, 0xd6, 0xba, 0xd6, 0xfc, 0xd6,
    0xbb, 0xd6, 0xdb, 0xd6, 0xdb, 0xd6, 0xdb, 0xd6, 0x7a, 0xc6, 0x5b, 0xbe, 0xdb, 0xd6, 0xdb, 0xd6,
    0xff, 0xff, 0xdf, 0xf7, 0x7e, 0xe7, 0xde, 0xf7, 0xff, 0xff, 0xff, 0xff, 0xff, 0xff, 0xff, 0xff,
    0xff, 0xff, 0xff, 0xff, 0xff, 0xff, 0xff, 0xff, 0xff, 0xff, 0xff, 0xff, 0xfe, 0xff, 0xfe, 0xff,
    0xfe, 0xff, 0xfe, 0xff, 0xfe, 0xff, 0xfe, 0xff, 0xfe, 0xff, 0xfe, 0xff, 0xfe, 0xff, 0xfe, 0xff,
    0xfe, 0xff, 0xfe, 0xff, 0xfe, 0xff, 0xfe, 0xff, 0xfe, 0xff, 0xfe, 0xff, 0xfe, 0xff, 0xfe, 0xff,
    0xfe, 0xff, 0xfe, 0xff, 0xfe, 0xff, 0xfe, 0xff, 0xfe, 0xff, 0xfe, 0xff, 0xfe, 0xff, 0xfe, 0xff,
    0xfe, 0xff, 0xfe, 0xff, 0xfe, 0xff, 0xfe, 0xff, 0xfe, 0xff, 0xfe, 0xff, 0xfe, 0xff, 0xfe, 0xff,
    0xfe, 0xff, 0xfe, 0xff, 0xfe, 0xff, 0xfe, 0xff, 0xfe, 0xff, 0xfe, 0xff, 0xfe, 0xff, 0xfe, 0xff,
    0xfe, 0xff, 0xfe, 0xff, 0xfe, 0xff, 0xfe, 0xff, 0xfe, 0xff, 0xfe, 0xff, 0xfe, 0xff, 0xfe, 0xff,
    0xfe, 0xff, 0xfe, 0xff, 0xfe, 0xff, 0xfe, 0xff, 0xfe, 0xff, 0xfe, 0xff, 0xfe, 0xff, 0xfe, 0xff,
    0xfe, 0xff, 0xfe, 0xff, 0xfd, 0xff, 0xfd, 0xff, 0xfd, 0xff, 0xfe, 0xff, 0xfe, 0xff, 0xfe, 0xff,
    0xfe, 0xff, 0xfe, 0xff, 0xfe, 0xff, 0xfe, 0xff, 0xfe, 0xff, 0xfe, 0xff, 0xfe, 0xff, 0xfe, 0xff,
    0xfe, 0xff, 0xfd, 0xff, 0xfe, 0xff, 0xfe, 0xff, 0xfd, 0xff, 0xdd, 0xff, 0xdd, 0xff, 0xdd, 0xff,
    0xdd, 0xff, 0xdd, 0xff, 0xdd, 0xff, 0xdd, 0xff, 0xdd, 0xff, 0xdd, 0xff, 0xdd, 0xff, 0xdd, 0xff,
    0xdd, 0xff, 0xdd, 0xff, 0xdd, 0xff, 0xdd, 0xff, 0xdd, 0xff, 0xdd, 0xff, 0xdd, 0xff, 0xdd, 0xff,
    0xdd, 0xff, 0xde, 0xff, 0xde, 0xff, 0xdd, 0xff, 0xde, 0xff, 0xdd, 0xff, 0xdd, 0xff, 0xdc, 0xff,
    0xdd, 0xff, 0xdd, 0xff, 0xdd, 0xff, 0xdd, 0xff, 0xdd, 0xff, 0xdd, 0xff, 0xdd, 0xff, 0xdd, 0xff,
    0xdd, 0xff, 0xdd, 0xff, 0xdd, 0xff, 0xdd, 0xff, 0xdd, 0xff, 0xdd, 0xff, 0xdd, 0xff, 0xdd, 0xff,
    0xdd, 0xff, 0xbd, 0xff, 0xbd, 0xff, 0xbd, 0xff, 0xbd, 0xff, 0xbd, 0xff, 0xbd, 0xff, 0xbd, 0xff,
    0xbd, 0xff, 0xbd, 0xff, 0xbd, 0xff, 0xbd, 0xff, 0xbd, 0xff, 0xbd, 0xff, 0xbd, 0xff, 0xbd, 0xff,
    0xbd, 0xff, 0xbd, 0xff, 0xbd, 0xff, 0xbd, 0xff, 0xbd, 0xff, 0xbd, 0xff, 0xbd, 0xff, 0xbd, 0xff,
    0x9d, 0xff, 0x9d, 0xff, 0x9d, 0xff, 0x9d, 0xff, 0x9d, 0xff, 0x9d, 0xff, 0x9d, 0xf7, 0x9d, 0xf7,
    0x9d, 0xf7, 0x9d, 0xf7, 0x9c, 0xf7, 0x9c, 0xf7, 0x9c, 0xf7, 0x9c, 0xf7, 0x9c, 0xf7, 0x9c, 0xf7,
    0x9c, 0xf7, 0x9c, 0xf7, 0x9c, 0xf7, 0x9c, 0xf7, 0x9c, 0xf7, 0x9c, 0xf7, 0x9c, 0xf7, 0x9c, 0xf7,
    0x9c, 0xf7, 0x9c, 0xf7, 0x9c, 0xf7, 0x7c, 0xf7, 0x7c, 0xf7, 0x7c, 0xf7, 0x7c, 0xf7, 0x7c, 0xf7,
    0x7c, 0xf7, 0x7c, 0xf7, 0x7c, 0xf7, 0x7c, 0xf7, 0x7c, 0xf7, 0x7c, 0xf7, 0x7c, 0xf7, 0x7c, 0xf7,
    0x7c, 0xf7, 0x7c, 0xf7, 0x7c, 0xf7, 0x7c, 0xf7, 0x7c, 0xf7, 0x7c, 0xf7, 0x7c, 0xf7, 0x7c, 0xf7,
    0x7c, 0xef, 0x7c, 0xf7, 0x5c, 0xf7, 0x5c, 0xf7, 0x5c, 0xef, 0x5c, 0xef, 0x5c, 0xef, 0x5c, 0xef,
    0x5c, 0xef, 0x5c, 0xef, 0x5c, 0xef, 0x5c, 0xef, 0x5c, 0xef, 0x5c, 0xef, 0x5c, 0xef, 0x5c, 0xef,
    0x5c, 0xef, 0x5c, 0xef, 0x5c, 0xef, 0x5b, 0xef, 0x5b, 0xef, 0x3c, 0xef, 0x3b, 0xef, 0x3b, 0xef,
    0x3b, 0xef, 0x3c, 0xef, 0x5c, 0xef, 0x3b, 0xef, 0x3c, 0xef, 0x3c, 0xef, 0x3c, 0xef, 0x3c, 0xef,
    0x3c, 0xef, 0x3c, 0xef, 0x3c, 0xef, 0x3c, 0xef, 0x3c, 0xef, 0x3c, 0xef, 0x3c, 0xe7, 0x3b, 0xe7,
    0x3b, 0xe7, 0x3c, 0xe7, 0x3c, 0xe7, 0x3c, 0xe7, 0x1b, 0xe7, 0x1b, 0xe7, 0x1b, 0xe7, 0x1b, 0xe7,
    0x1b, 0xe7, 0x1b, 0xe7, 0x1b, 0xe7, 0x1b, 0xe7, 0x1b, 0xe7, 0x1b, 0xe7, 0x1b, 0xe7, 0x1b, 0xe7,
    0x1b, 0xe7, 0xfb, 0xe6, 0xfb, 0xde, 0xfb, 0xde, 0xfb, 0xde, 0xfb, 0xde, 0xfb, 0xde, 0xfb, 0xde,
    0xda, 0xde, 0xda, 0xde, 0xda, 0xde, 0xdb, 0xde, 0xda, 0xde, 0xda, 0xde, 0xda, 0xde, 0xda, 0xde,
    0xda, 0xde, 0xda, 0xde, 0xda, 0xde, 0xda, 0xde, 0xda, 0xde, 0xda, 0xde, 0xda, 0xde, 0xda, 0xde,
    0xda, 0xde, 0xda, 0xde, 0xda, 0xde, 0xda, 0xde, 0xba, 0xd6, 0xba, 0xd6, 0xba, 0xd6, 0xba, 0xd6,
    0xba, 0xd6, 0xba, 0xd6, 0xba, 0xd6, 0xba, 0xd6, 0xba, 0xd6, 0xba, 0xd6, 0xba, 0xd6, 0xba, 0xd6,
    0xba, 0xd6, 0xba, 0xd6, 0xba, 0xd6, 0xba, 0xd6, 0xba, 0xd6, 0xba, 0xd6, 0x9a, 0xce, 0xfb, 0xd6,
    0xdb, 0xd6, 0xba, 0xce, 0xdb, 0xd6, 0xdb, 0xd6, 0xbb, 0xce, 0x5a, 0xbe, 0xbb, 0xce, 0xdb, 0xd6,
    0xff, 0xff, 0xbe, 0xef, 0x9e, 0xe7, 0xff, 0xff, 0xff, 0xff, 0xff, 0xff, 0xff, 0xff, 0xff, 0xff,
    0xff, 0xff, 0xff, 0xff, 0xff, 0xff, 0xff, 0xff, 0xff, 0xff, 0xff, 0xff, 0xff, 0xff, 0xfe, 0xff,
    0xfe, 0xff, 0xfe, 0xff, 0xfe, 0xff, 0xfe, 0xff, 0xfe, 0xff, 0xfe, 0xff, 0xfe, 0xff, 0xfe, 0xff,
    0xfe, 0xff, 0xfe, 0xff, 0xfe, 0xff, 0xfe, 0xff, 0xfe, 0xff, 0xfe, 0xff, 0xfe, 0xff, 0xfe, 0xff,
    0xfe, 0xff, 0xfe, 0xff, 0xfe, 0xff, 0xfe, 0xff, 0xfe, 0xff, 0xfe, 0xff, 0xfe, 0xff, 0xfe, 0xff,
    0xfe, 0xff, 0xfe, 0xff, 0xfe, 0xff, 0xfe, 0xff, 0xfe, 0xff, 0xfe, 0xff, 0xfe, 0xff, 0xfe, 0xff,
    0xfe, 0xff, 0xfe, 0xff, 0xfe, 0xff, 0xfe, 0xff, 0xfe, 0xff, 0xfe, 0xff, 0xfe, 0xff, 0xfe, 0xff,
    0xfe, 0xff, 0xfe, 0xff, 0xfe, 0xff, 0xfe, 0xff, 0xfe, 0xff, 0xfe, 0xff, 0xfe, 0xff, 0xfe, 0xff,
    0xfe, 0xff, 0xfe, 0xff, 0xfe, 0xff, 0xfe, 0xff, 0xfe, 0xff, 0xfe, 0xff, 0xfe, 0xff, 0xfe, 0xff,
    0xfe, 0xff, 0xfd, 0xff, 0xfd, 0xff, 0xfd, 0xff, 0xfe, 0xff, 0xfe, 0xff, 0xfe, 0xff, 0xfe, 0xff,
    0xfe, 0xff, 0xfe, 0xff, 0xfe, 0xff, 0xfe, 0xff, 0xfe, 0xff, 0xfe, 0xff, 0xfe, 0xff, 0xde, 0xff,
    0xdd, 0xff, 0xfd, 0xff, 0xde, 0xff, 0xfd, 0xff, 0xdd, 0xff, 0xfd, 0xff, 0xfd, 0xff, 0xdd, 0xff,
    0xdd, 0xff, 0xdd, 0xff, 0xdd, 0xff, 0xdd, 0xff, 0xdd, 0xff, 0xdd, 0xff, 0xdd, 0xff, 0xdd, 0xff,
    0xdd, 0xff, 0xdd, 0xff, 0xdd, 0xff, 0xdd, 0xff, 0xdd, 0xff, 0xdd, 0xff, 0xdd, 0xff, 0xdd, 0xff,
    0xdd, 0xff, 0xdd, 0xff, 0xdd, 0xff, 0xdd, 0xff, 0xdd, 0xff, 0xdd, 0xff, 0xdd, 0xff, 0xdd, 0xff,
    0xdd, 0xff, 0xdd, 0xff, 0xdd, 0xff, 0xdd, 0xff, 0xdd, 0xff, 0xdd, 0xff, 0xdd, 0xff, 0xdd, 0xff,
    0xdd, 0xff, 0xdd, 0xff, 0xdd, 0xff, 0xdd, 0xff, 0xdd, 0xff, 0xdd, 0xff, 0xdd, 0xff, 0xdd, 0xff,
    0xdd, 0xff, 0xbd, 0xff, 0xbd, 0xff, 0xbd, 0xff, 0xbd, 0xff, 0xbd, 0xff, 0xbd, 0xff, 0xbd, 0xff,
    0xbd, 0xff, 0xbd, 0xff, 0xbd, 0xff, 0xbd, 0xff, 0xbd, 0xff, 0xbd, 0xff, 0xbd, 0xff, 0xbd, 0xff,
    0xbd, 0xff, 0xbd, 0xff, 0xbd, 0xff, 0xbd, 0xff, 0xbd, 0xff, 0xbd, 0xff, 0xbd, 0xff, 0x9d, 0xff,
    0x9d, 0xff, 0x9d, 0xff, 0x9d, 0xff, 0x9d, 0xff, 0x9d, 0xff, 0x9d, 0xff, 0x9d, 0xff, 0x9d, 0xf7,
    0x9c, 0xf7, 0x9c, 0xf7, 0x9c, 0xf7, 0x9c, 0xf7, 0x9c, 0xf7, 0x9c, 0xf7, 0x9c, 0xf7, 0x9c, 0xf7,
    0x9c, 0xf7, 0x9c, 0xf7, 0x9c, 0xf7, 0x9c, 0xf7, 0x9c, 0xf7, 0x9b, 0xf7, 0x9c, 0xf7, 0x9c, 0xf7,
    0x9c, 0xf7, 0x9c, 0xf7, 0x7c, 0xf7, 0x9c, 0xf7, 0x9c, 0xf7, 0x7c, 0xf7, 0x7c, 0xf7, 0x7c, 0xf7,
    0x7c, 0xf7, 0x7c, 0xf7, 0x7c, 0xf7, 0x7c, 0xf7, 0x7c, 0xf7, 0x7c, 0xf7, 0x7c, 0xf7, 0x7c, 0xf7,
    0x7c, 0xf7, 0x7c, 0xf7, 0x7c, 0xf7, 0x7c, 0xf7, 0x7c, 0xf7, 0x7c, 0xf7, 0x5c, 0xf7, 0x7c, 0xf7,
    0x5c, 0xf7, 0x5c, 0xf7, 0x7c, 0xf7, 0x5c, 0xf7, 0x7c, 0xf7, 0x5c, 0xf7, 0x5c, 0xef, 0x5c, 0xef,
    0x5c, 0xef, 0x5c, 0xef, 0x5c, 0xef, 0x5c, 0xef, 0x5c, 0xef, 0x5c, 0xef, 0x5c, 0xef, 0x5c, 0xef,
    0x5c, 0xef, 0x5b, 0xef, 0x5b, 0xef, 0x5b, 0xef, 0x3b, 0xef, 0x3c, 0xef, 0x3b, 0xef, 0x5c, 0xef,
    0x3c, 0xef, 0x3c, 0xef, 0x3c, 0xef, 0x3c, 0xef, 0x3c, 0xef, 0x3c, 0xef, 0x3c, 0xef, 0x3b, 0xef,
    0x3c, 0xef, 0x3c, 0xef, 0x3c, 0xef, 0x3b, 0xef, 0x3c, 0xe7, 0x3b, 0xe7, 0x3b, 0xe7, 0x3b, 0xe7,
    0x3b, 0xe7, 0x3b, 0xe7, 0x3b, 0xe7, 0x3c, 0xe7, 0x1b, 0xe7, 0x1b, 0xe7, 0x1b, 0xe7, 0x1b, 0xe7,
    0x1b, 0xe7, 0x1b, 0xe7, 0x1b, 0xe7, 0x1b, 0xe7, 0x1b, 0xe7, 0x1b, 0xe7, 0x1b, 0xe7, 0x1b, 0xe7,
    0x1b, 0xe7, 0xfb, 0xe6, 0xfb, 0xde, 0xfb, 0xde, 0xfb, 0xde, 0xfb, 0xde, 0xfb, 0xde, 0xda, 0xde,
    0xdb, 0xde, 0xda, 0xde, 0xda, 0xde, 0xda, 0xde, 0xda, 0xde, 0xda, 0xde, 0xda, 0xde, 0xda, 0xde,
    0xda, 0xde, 0xda, 0xde, 0xda, 0xde, 0xda, 0xde, 0xda, 0xde, 0xda, 0xde, 0xda, 0xde, 0xda, 0xde,
    0xda, 0xde, 0xda, 0xde, 0xda, 0xde, 0xda, 0xd6, 0xba, 0xd6, 0xba, 0xd6, 0xba, 0xd6, 0xba, 0xd6,
    0xba, 0xd6, 0xba, 0xd6, 0xba, 0xd6, 0xba, 0xd6, 0xba, 0xd6, 0xba, 0xd6, 0xba, 0xd6, 0xba, 0xd6,
    0xba, 0xd6, 0xba, 0xd6, 0xba, 0xd6, 0xba, 0xd6, 0xba, 0xd6, 0xba, 0xd6, 0xba, 0xce, 0xdb, 0xd6,
    0xfb, 0xd6, 0xba, 0xce, 0xdb, 0xd6, 0xdb, 0xd6, 0xdb, 0xd6, 0x5a, 0xbe, 0x7a, 0xc6, 0xdb, 0xd6,
    0xff, 0xff, 0x9e, 0xe7, 0xde, 0xf7, 0xff, 0xff, 0xff, 0xff, 0xff, 0xff, 0xff, 0xff, 0xff, 0xff,
    0xff, 0xff, 0xff, 0xff, 0xff, 0xff, 0xff, 0xff, 0xff, 0xff, 0xfe, 0xff, 0xfe, 0xff, 0xfe, 0xff,
    0xfe, 0xff, 0xfe, 0xff, 0xfe, 0xff, 0xfe, 0xff, 0xfe, 0xff, 0xfe, 0xff, 0xfe, 0xff, 0xfe, 0xff,
    0xfe, 0xff, 0xfe, 0xff, 0xfe, 0xff, 0xfe, 0xff, 0xfe, 0xff, 0xfe, 0xff, 0xfe, 0xff, 0xfe, 0xff,
    0xfe, 0xff, 0xfe, 0xff, 0xfe, 0xff, 0xfe, 0xff, 0xfe, 0xff, 0xfe, 0xff, 0xfe, 0xff, 0xfe, 0xff,
    0xfe, 0xff, 0xfe, 0xff, 0xfe, 0xff, 0xfe, 0xff, 0xfe, 0xff, 0xfe, 0xff, 0xfe, 0xff, 0xfe, 0xff,
    0xfe, 0xff, 0xfe, 0xff, 0xfe, 0xff, 0xfe, 0xff, 0xfe, 0xff, 0xfe, 0xff, 0xfe, 0xff, 0xfe, 0xff,
    0xfe, 0xff, 0xfe, 0xff, 0xfe, 0xff, 0xfe, 0xff, 0xfe, 0xff, 0xfe, 0xff, 0xfe, 0xff, 0xfe, 0xff,
    0xfe, 0xff, 0xfe, 0xff, 0xfe, 0xff, 0xfe, 0xff, 0xfe, 0xff, 0xfe, 0xff, 0xfe, 0xff, 0xfe, 0xff,
    0xfe, 0xff, 0xde, 0xff, 0xfe, 0xff, 0xfe, 0xff, 0xfe, 0xff, 0xfe, 0xff, 0xfe, 0xff, 0xfe, 0xff,
    0xfe, 0xff, 0xfe, 0xff, 0xfe, 0xff, 0xfe, 0xff, 0xfe, 0xff, 0xde, 0xff, 0xde, 0xff, 0xde, 0xff,
    0xdd, 0xff, 0xfd, 0xff, 0xde, 0xff, 0xdd, 0xff, 0xdd, 0xff, 0xfd, 0xff, 0xfd, 0xff, 0xdd, 0xff,
    0xdd, 0xff, 0xfd, 0xff, 0xdd, 0xff, 0xdd, 0xff, 0xdd, 0xff, 0xdd, 0xff, 0xdd, 0xff, 0xdd, 0xff,
    0xdd, 0xff, 0xdd, 0xff, 0xdd, 0xff, 0xdd, 0xff, 0xdd, 0xff, 0xdd, 0xff, 0xdd, 0xff, 0xdd, 0xff,
    0xdd, 0xff, 0xdd, 0xff, 0xdd, 0xff, 0xdd, 0xff, 0xdd, 0xff, 0xdd, 0xff, 0xdd, 0xff, 0xdd, 0xff,
    0xdd, 0xff, 0xdd, 0xff, 0xdd, 0xff, 0xdd, 0xff, 0xdd, 0xff, 0xdd, 0xff, 0xdd, 0xff, 0xdd, 0xff,
    0xdd, 0xff, 0xdd, 0xff, 0xdd, 0xff, 0xdd, 0xff, 0xdd, 0xff, 0xdd, 0xff, 0xdd, 0xff, 0xdd, 0xff,
    0xdd, 0xff, 0xbd, 0xff, 0xbd, 0xff, 0xbd, 0xff, 0xbd, 0xff, 0xbd, 0xff, 0xbd, 0xff, 0xbd, 0xff,
    0xbd, 0xff, 0xbd, 0xff, 0xbd, 0xff, 0xbd, 0xff, 0xbd, 0xff, 0xbd, 0xff, 0xbd, 0xff, 0xbd, 0xff,
    0xbd, 0xff, 0xbd, 0xff, 0xbd, 0xff, 0x9d, 0xff, 0xbd, 0xff, 0xbd, 0xff, 0xbd, 0xff, 0x9d, 0xff,
    0xbd, 0xff, 0x9d, 0xff, 0x9d, 0xff, 0x9d, 0xff, 0x9d, 0xff, 0x9d, 0xff, 0x9c, 0xf7, 0x9c, 0xf7,
    0x9c, 0xf7, 0x9c, 0xf7, 0x9c, 0xf7, 0x9c, 0xf7, 0x9c, 0xf7, 0x9c, 0xf7, 0x9c, 0xf7, 0x9c, 0xf7,
    0x9c, 0xf7, 0x9c, 0xf7, 0x9c, 0xf7, 0x9c, 0xf7, 0x9c, 0xf7, 0x9c, 0xf7, 0x9c, 0xf7, 0x9c, 0xf7,
    0x9c, 0xf7, 0x9c, 0xf7, 0x9c, 0xf7, 0x9c, 0xf7, 0x9c, 0xf7, 0x7c, 0xf7, 0x7c, 0xf7, 0x7c, 0xf7,
    0x7c, 0xf7, 0x7c, 0xf7, 0x7c, 0xf7, 0x7c, 0xf7, 0x7c, 0xf7, 0x7c, 0xf7, 0x7c, 0xf7, 0x7c, 0xf7,
    0x7c, 0xf7, 0x7c, 0xf7, 0x7c, 0xf7, 0x7c, 0xf7, 0x7c, 0xf7, 0x7c, 0xf7, 0x5c, 0xf7, 0x7c, 0xf7,
    0x7c, 0xf7, 0x5c, 0xef, 0x5c, 0xf7, 0x7c, 0xef, 0x7c, 0xef, 0x5c, 0xef, 0x5c, 0xef, 0x5c, 0xef,
    0x5c, 0xef, 0x5c, 0xef, 0x5c, 0xef, 0x5c, 0xef, 0x5c, 0xef, 0x5c, 0xef, 0x5c, 0xef, 0x5b, 0xef,
    0x5c, 0xef, 0x5c, 0xef, 0x5b, 0xef, 0x5c, 0xef, 0x5c, 0xef, 0x5b, 0xef, 0x3b, 0xef, 0x3c, 0xef,
    0x3b, 0xef, 0x3b, 0xef, 0x3c, 0xef, 0x3b, 0xef, 0x3b, 0xef, 0x3c, 0xef, 0x3c, 0xef, 0x3b, 0xef,
    0x3b, 0xef, 0x3c, 0xef, 0x3c, 0xef, 0x3c, 0xef, 0x3c, 0xef, 0x3b, 0xe7, 0x3b, 0xe7, 0x3b, 0xe7,
    0x3c, 0xe7, 0x1b, 0xe7, 0x3b, 0xe7, 0x1b, 0xe7, 0x1b, 0xe7, 0x1b, 0xe7, 0x1b, 0xe7, 0x1b, 0xe7,
    0x1b, 0xe7, 0x1b, 0xe7, 0x1b, 0xe7, 0x1b, 0xe7, 0x1b, 0xe7, 0x1b, 0xe7, 0x1b, 0xe7, 0x1b, 0xe7,
    0xfb, 0xde, 0xfb, 0xde, 0xfb, 0xde, 0xfb, 0xde, 0xfb, 0xde, 0xfb, 0xde, 0xfb, 0xde, 0xda, 0xde,
    0xda, 0xde, 0xda, 0xde, 0xda, 0xde, 0xda, 0xde, 0xda, 0xde, 0xdb, 0xde, 0xda, 0xde, 0xda, 0xde,
    0xda, 0xde, 0xda, 0xde, 0xda, 0xde, 0xda, 0xde, 0xda, 0xde, 0xda, 0xde, 0xda, 0xde, 0xda, 0xde,
    0xda, 0xde, 0xda, 0xde, 0xda, 0xde, 0xda, 0xde, 0xda, 0xd6, 0xba, 0xd6, 0xba, 0xd6, 0xba, 0xd6,
    0xba, 0xd6, 0xba, 0xd6, 0xba, 0xd6, 0xba, 0xd6, 0xba, 0xd6, 0xba, 0xd6, 0xba, 0xd6, 0xba, 0xd6,
    0xba, 0xd6, 0xba, 0xd6, 0xba, 0xd6, 0xba, 0xd6, 0xba, 0xd6, 0xbb, 0xd6, 0xba, 0xd6, 0xbb, 0xd6,
    0xfc, 0xde, 0xba, 0xd6, 0xdb, 0xd6, 0xdb, 0xd6, 0xdb, 0xd6, 0x7a, 0xc6, 0x5a, 0xbe, 0xdb, 0xd6,
    0xde, 0xf7, 0x9e, 0xe7, 0xff, 0xff, 0xff, 0xff, 0xff, 0xff, 0xff, 0xff, 0xff, 0xff, 0xff, 0xff,
    0xff, 0xff, 0xff, 0xff, 0xfe, 0xff, 0xfe, 0xff, 0xfe, 0xff, 0xfe, 0xff, 0xfe, 0xff, 0xfe, 0xff,
    0xfe, 0xff, 0xfe, 0xff, 0xfe, 0xff, 0xfe, 0xff, 0xfe, 0xff, 0xfe, 0xff, 0xfe, 0xff, 0xfe, 0xff,
    0xfe, 0xff, 0xfe, 0xff, 0xfe, 0xff, 0xfe, 0xff, 0xfe, 0xff, 0xfe, 0xff, 0xfe, 0xff, 0xfe, 0xff,
    0xfe, 0xff, 0xfe, 0xff, 0xfe, 0xff, 0xfe, 0xff, 0xfe, 0xff, 0xfe, 0xff, 0xfe, 0xff, 0xfe, 0xff,
    0xfe, 0xff, 0xfe, 0xff, 0xfe, 0xff, 0xfe, 0xff, 0xfe, 0xff, 0xfe, 0xff, 0xfe, 0xff, 0xfe, 0xff,
    0xfe, 0xff, 0xfe, 0xff, 0xfe, 0xff, 0xfe, 0xff, 0xfe, 0xff, 0xfe, 0xff, 0xfe, 0xff, 0xfe, 0xff,
    0xfe, 0xff, 0xfe, 0xff, 0xfe, 0xff, 0xfe, 0xff, 0xfe, 0xff, 0xfe, 0xff, 0xfe, 0xff, 0xfe, 0xff,
    0xfe, 0xff, 0xfe, 0xff, 0xfe, 0xff, 0xfe, 0xff, 0xfe, 0xff, 0xfe, 0xff, 0xfe, 0xff, 0xfe, 0xff,
    0xfd, 0xff, 0xfe, 0xff, 0xde, 0xff, 0xfe, 0xff, 0xfe, 0xff, 0xfe, 0xff, 0xfe, 0xff, 0xfe, 0xff,
    0xfe, 0xff, 0xfe, 0xff, 0xfe, 0xff, 0xfe, 0xff, 0xfd, 0xff, 0xfd, 0xff, 0xdd, 0xff, 0xfd, 0xff,
    0xdd, 0xff, 0xdd, 0xff, 0xdd, 0xff, 0xde, 0xff, 0xfd, 0xff, 0xfd, 0xff, 0xdd, 0xff, 0xdd, 0xff,
    0xfd, 0xff, 0xdd, 0xff, 0xdd, 0xff, 0xdd, 0xff, 0xdd, 0xff, 0xdd, 0xff, 0xdd, 0xff, 0xdd, 0xff,
    0xdd, 0xff, 0xdd, 0xff, 0xdd, 0xff, 0xdd, 0xff, 0xdd, 0xff, 0xdd, 0xff, 0xdd, 0xff, 0xdd, 0xff,
    0xdd, 0xff, 0xdd, 0xff, 0xdd, 0xff, 0xdd, 0xff, 0xdd, 0xff, 0xdd, 0xff, 0xdd, 0xff, 0xde, 0xff,
    0xdd, 0xff, 0xdd, 0xff, 0xdd, 0xff, 0xdd, 0xff, 0xdd, 0xff, 0xdd, 0xff, 0xdd, 0xff, 0xdd, 0xff,
    0xdd, 0xff, 0xdd, 0xff, 0xdd, 0xff, 0xdd, 0xff, 0xdd, 0xff, 0xdd, 0xff, 0xdd, 0xff, 0xdd, 0xff,
    0xdd, 0xff, 0xdd, 0xff, 0xdd, 0xff, 0xbd, 0xff, 0xbd, 0xff, 0xbd, 0xff, 0xbd, 0xff, 0xbd, 0xff,
    0xbd, 0xff, 0xbd, 0xff, 0xbd, 0xff, 0xbd, 0xff, 0xbd, 0xff, 0xbd, 0xff, 0xbd, 0xff, 0xbd, 0xff,
    0xbd, 0xff, 0x9d, 0xff, 0xbd, 0xff, 0xbd, 0xff, 0x9d, 0xff, 0x9d, 0xff, 0x9d, 0xff, 0x9d, 0xff,
    0x9d, 0xff, 0x9d, 0xff, 0x9d, 0xff, 0x9d, 0xff, 0x9d, 0xff, 0x9c, 0xff, 0x9c, 0xf7, 0x9c, 0xf7,
    0x9c, 0xf7, 0x9c, 0xf7, 0x9c, 0xf7, 0x9c, 0xf7, 0x9c, 0xf7, 0x9d, 0xf7, 0x9c, 0xf7, 0x9c, 0xf7,
    0x9c, 0xf7, 0x9c, 0xf7, 0x9c, 0xf7, 0x9c, 0xf7, 0x9c, 0xf7, 0x9c, 0xf7, 0x9c, 0xf7, 0x9c, 0xf7,
    0x9d, 0xf7, 0x9c, 0xf7, 0x9c, 0xf7, 0x7c, 0xf7, 0x9c, 0xf7, 0x7c, 0xf7, 0x7c, 0xf7, 0x7c, 0xf7,
    0x7c, 0xf7, 0x7c, 0xf7, 0x7c, 0xf7, 0x7c, 0xf7, 0x7c, 0xf7, 0x7c, 0xf7, 0x7c, 0xf7, 0x7c, 0xf7,
    0x7c, 0xf7, 0x7c, 0xf7, 0x7c, 0xf7, 0x7c, 0xf7, 0x7c, 0xf7, 0x7c, 0xf7, 0x5c, 0xf7, 0x5c, 0xf7,
    0x7c, 0xef, 0x5c, 0xef, 0x7c, 0xef, 0x7c, 0xef, 0x5c, 0xef, 0x5c, 0xef, 0x5c, 0xf7, 0x5c, 0xef,
    0x5c, 0xef, 0x5c, 0xef, 0x5c, 0xef, 0x5c, 0xef, 0x5c, 0xef, 0x5c, 0xef, 0x5c, 0xef, 0x5c, 0xef,
    0x5c, 0xef, 0x5b, 0xef, 0x5b, 0xef, 0x5c, 0xef, 0x5c, 0xef, 0x5b, 0xef, 0x5c, 0xef, 0x3c, 0xef,
    0x5c, 0xef, 0x5b, 0xef, 0x3c, 0xef, 0x3c, 0xef, 0x3b, 0xef, 0x3b, 0xef, 0x3b, 0xef, 0x3b, 0xef,
    0x3b, 0xef, 0x3c, 0xef, 0x3c, 0xef, 0x3c, 0xef, 0x3b, 0xe7, 0x3b, 0xe7, 0x3b, 0xe7, 0x3b, 0xe7,
    0x3b, 0xe7, 0x1b, 0xe7, 0x1b, 0xe7, 0x1b, 0xe7, 0x1b, 0xe7, 0x1b, 0xe7, 0x1b, 0xe7, 0x1b, 0xe7,
    0x1b, 0xe7, 0x1b, 0xe7, 0x1b, 0xe7, 0x1b, 0xe7, 0x1b, 0xe7, 0x1b, 0xe7, 0xfb, 0xde, 0xfb, 0xe6,
    0xfb, 0xde, 0xfb, 0xde, 0xfb, 0xe6, 0xfb, 0xde, 0xfb, 0xde, 0xfb, 0xde, 0xfb, 0xde, 0xfa, 0xde,
    0xda, 0xde, 0xda, 0xde, 0xda, 0xde, 0xda, 0xde, 0xdb, 0xde, 0xda, 0xde, 0xda, 0xde, 0xdb, 0xde,
    0xda, 0xde, 0xda, 0xde, 0xda, 0xde, 0xda, 0xde, 0xda, 0xde, 0xda, 0xde, 0xda, 0xde, 0xda, 0xde,
    0xda, 0xde, 0xda, 0xde, 0xda, 0xde, 0xda, 0xde, 0xda, 0xd6, 0xda, 0xde, 0xba, 0xd6, 0xba, 0xd6,
    0xba, 0xd6, 0xba, 0xd6, 0xba, 0xd6, 0xba, 0xd6, 0xba, 0xd6, 0xba, 0xd6, 0xba, 0xd6, 0xba, 0xd6,
    0xba, 0xd6, 0xba, 0xd6, 0xba, 0xd6, 0xba, 0xd6, 0xba, 0xd6, 0xbb, 0xd6, 0xbb, 0xd6, 0xba, 0xd6,
    0xfc, 0xde, 0xdb, 0xd6, 0xda, 0xd6, 0xdb, 0xd6, 0xdb, 0xd6, 0xbb, 0xce, 0x5a, 0xbe, 0xbb, 0xd6,
    0xbe, 0xef, 0xbe, 0xef, 0xff, 0xff, 0xff, 0xff, 0xff, 0xff, 0xff, 0xff, 0xff, 0xff, 0xff, 0xff,
    0xff, 0xff, 0xff, 0xff, 0xfe, 0xff, 0xfe, 0xff, 0xfe, 0xff, 0xfe, 0xff, 0xfe, 0xff, 0xfe, 0xff,
    0xfe, 0xff, 0xfe, 0xff, 0xfe, 0xff, 0xfe, 0xff, 0xfe, 0xff, 0xfe, 0xff, 0xfe, 0xff, 0xfe, 0xff,
    0xfe, 0xff, 0xfe, 0xff, 0xfe, 0xff, 0xfe, 0xff, 0xfe, 0xff, 0xfe, 0xff, 0xfe, 0xff, 0xfe, 0xff,
    0xfe, 0xff, 0xfe, 0xff, 0xfe, 0xff, 0xfe, 0xff, 0xfe, 0xff, 0xfe, 0xff, 0xfe, 0xff, 0xfe, 0xff,
    0xfe, 0xff, 0xfe, 0xff, 0xfe, 0xff, 0xfe, 0xff, 0xfe, 0xff, 0xfe, 0xff, 0xfe, 0xff, 0xfe, 0xff,
    0xfe, 0xff, 0xfe, 0xff, 0xfe, 0xff, 0xfe, 0xff, 0xfe, 0xff, 0xfe, 0xff, 0xfe, 0xff, 0xfe, 0xff,
    0xfe, 0xff, 0xfe, 0xff, 0xfe, 0xff, 0xfe, 0xff, 0xfe, 0xff, 0xfe, 0xff, 0xfe, 0xff, 0xfe, 0xff,
    0xfe, 0xff, 0xfe, 0xff, 0xfe, 0xff, 0xfe, 0xff, 0xfe, 0xff, 0xfe, 0xff, 0xfe, 0xff, 0xfd, 0xff,
    0xfe, 0xff, 0xfd, 0xff, 0xdd, 0xff, 0xde, 0xff, 0xfe, 0xff, 0xfd, 0xff, 0xfe, 0xff, 0xfe, 0xff,
    0xde, 0xff, 0xfd, 0xff, 0xfe, 0xff, 0xfd, 0xff, 0xdd, 0xff, 0xfd, 0xff, 0xdd, 0xff, 0xde, 0xff,
    0xfe, 0xff, 0xdd, 0xff, 0xdd, 0xff, 0xfd, 0xff, 0xdd, 0xff, 0xfd, 0xff, 0xdd, 0xff, 0xfd, 0xff,
    0xfd, 0xff, 0xfd, 0xff, 0xdd, 0xff, 0xdd, 0xff, 0xdd, 0xff, 0xdd, 0xff, 0xdd, 0xff, 0xdd, 0xff,
    0xdd, 0xff, 0xdd, 0xff, 0xdd, 0xff, 0xdd, 0xff, 0xdd, 0xff, 0xdd, 0xff, 0xdd, 0xff, 0xdd, 0xff,
    0xdd, 0xff, 0xdd, 0xff, 0xdd, 0xff, 0xdd, 0xff, 0xdd, 0xff, 0xdd, 0xff, 0xde, 0xff, 0xdd, 0xff,
    0xdd, 0xff, 0xdc, 0xff, 0xdd, 0xff, 0xdd, 0xff, 0xdd, 0xff, 0xdd, 0xff, 0xdd, 0xff, 0xdd, 0xff,
    0xdd, 0xff, 0xdd, 0xff, 0xdd, 0xff, 0xdd, 0xff, 0xdd, 0xff, 0xdd, 0xff, 0xdd, 0xff, 0xdd, 0xff,
    0xdd, 0xff, 0xdd, 0xff, 0xdd, 0xff, 0xbd, 0xff, 0xbd, 0xff, 0xbd, 0xff, 0xbd, 0xff, 0xbd, 0xff,
    0xbd, 0xff, 0xbd, 0xff, 0xbd, 0xff, 0xbd, 0xff, 0xbd, 0xff, 0xbd, 0xff, 0xbd, 0xff, 0xbd, 0xff,
    0x9d, 0xff, 0xbd, 0xff, 0xbd, 0xff, 0xbd, 0xff, 0xbd, 0xff, 0x9d, 0xff, 0x9d, 0xff, 0x9d, 0xff,
    0x9d, 0xff, 0x9d, 0xff, 0x9d, 0xff, 0x9d, 0xff, 0x9d, 0xff, 0x9c, 0xf7, 0x9c, 0xf7, 0x9c, 0xf7,
    0x9c, 0xf7, 0x9c, 0xf7, 0x9c, 0xf7, 0x9c, 0xf7, 0x9c, 0xf7, 0x9c, 0xf7, 0x9c, 0xf7, 0x9c, 0xf7,
    0x9c, 0xf7, 0x9c, 0xf7, 0x9c, 0xf7, 0x9c, 0xf7, 0x9c, 0xf7, 0x9c, 0xf7, 0x9c, 0xf7, 0x9c, 0xf7,
    0x9c, 0xf7, 0x9c, 0xf7, 0x9c, 0xf7, 0x9c, 0xf7, 0x9c, 0xf7, 0x7c, 0xf7, 0x7c, 0xf7, 0x9c, 0xf7,
    0x7c, 0xf7, 0x7c, 0xf7, 0x7c, 0xf7, 0x7c, 0xf7, 0x7c, 0xf7, 0x7c, 0xf7, 0x7c, 0xf7, 0x7c, 0xf7,
    0x7c, 0xf7, 0x7c, 0xf7, 0x7c, 0xf7, 0x7c, 0xf7, 0x7c, 0xf7, 0x7c, 0xf7, 0x7c, 0xf7, 0x7c, 0xf7,
    0x7c, 0xf7, 0x5c, 0xf7, 0x5c, 0xf7, 0x5c, 0xf7, 0x5c, 0xf7, 0x5c, 0xef, 0x5c, 0xf7, 0x5c, 0xf7,
    0x5c, 0xf7, 0x5c, 0xf7, 0x5c, 0xef, 0x5c, 0xef, 0x5c, 0xef, 0x5c, 0xef, 0x5c, 0xef, 0x5c, 0xef,
    0x5b, 0xef, 0x5b, 0xef, 0x5c, 0xef, 0x3c, 0xef, 0x5c, 0xef, 0x5c, 0xef, 0x5c, 0xef, 0x5c, 0xef,
    0x3c, 0xef, 0x3c, 0xef, 0x3c, 0xef, 0x3c, 0xef, 0x3c, 0xef, 0x3b, 0xef, 0x3b, 0xef, 0x3b, 0xef,
    0x3c, 0xef, 0x3b, 0xef, 0x3b, 0xef, 0x3b, 0xe7, 0x3c, 0xe7, 0x3b, 0xe7, 0x3b, 0xe7, 0x3b, 0xe7,
    0x1b, 0xe7, 0x1b, 0xe7, 0x1b, 0xe7, 0x1b, 0xe7, 0x1b, 0xe7, 0x1b, 0xe7, 0x1b, 0xe7, 0x1b, 0xe7,
    0x1b, 0xe7, 0x1b, 0xe7, 0x1b, 0xe7, 0x1b, 0xe7, 0x1b, 0xe7, 0x1b, 0xe7, 0x1b, 0xe7, 0xfb, 0xe6,
    0xfb, 0xde, 0xfb, 0xde, 0xfb, 0xe6, 0xfb, 0xde, 0xfb, 0xde, 0xfb, 0xde, 0xfb, 0xde, 0xfb, 0xde,
    0xdb, 0xde, 0xda, 0xde, 0xda, 0xde, 0xda, 0xde, 0xda, 0xde, 0xda, 0xde, 0xda, 0xde, 0xdb, 0xde,
    0xda, 0xde, 0xda, 0xde, 0xda, 0xde, 0xda, 0xde, 0xda, 0xde, 0xda, 0xde, 0xda, 0xde, 0xda, 0xde,
    0xda, 0xde, 0xda, 0xde, 0xda, 0xd6, 0xda, 0xde, 0xda, 0xde, 0xda, 0xde, 0xba, 0xd6, 0xda, 0xd6,
    0xba, 0xd6, 0xba, 0xd6, 0xba, 0xd6, 0xba, 0xd6, 0xba, 0xd6, 0xba, 0xd6, 0xba, 0xd6, 0xba, 0xd6,
    0xba, 0xd6, 0xba, 0xd6, 0xba, 0xd6, 0xba, 0xd6, 0xbb, 0xd6, 0xbb, 0xd6, 0xbb, 0xd6, 0xba, 0xce,
    0xdb, 0xd6, 0xdb, 0xd6, 0xba, 0xce, 0xdb, 0xd6, 0xdb, 0xd6, 0xdb, 0xd6, 0x5b, 0xc6, 0x9a, 0xce,
    0xbe, 0xef, 0xde, 0xf7, 0xff, 0xff, 0xff, 0xff, 0xff, 0xff, 0xff, 0xff, 0xff, 0xff, 0xff, 0xff,
    0xff, 0xff, 0xff, 0xff, 0xfe, 0xff, 0xfe, 0xff, 0xfe, 0xff, 0xfe, 0xff, 0xfe, 0xff, 0xfe, 0xff,
    0xfe, 0xff, 0xfd, 0xff, 0xfe, 0xff, 0xfe, 0xff, 0xfe, 0xff, 0xfe, 0xff, 0xfe, 0xff, 0xfe, 0xff,
    0xfe, 0xff, 0xfe, 0xff, 0xfe, 0xff, 0xfe, 0xff, 0xfe, 0xff, 0xfe, 0xff, 0xfe, 0xff, 0xfe, 0xff,
    0xfe, 0xff, 0xfe, 0xff, 0xfe, 0xff, 0xfe, 0xff, 0xfe, 0xff, 0xfe, 0xff, 0xfe, 0xff, 0xfe, 0xff,
    0xfe, 0xff, 0xfe, 0xff, 0xfe, 0xff, 0xfe, 0xff, 0xfe, 0xff, 0xfe, 0xff, 0xfe, 0xff, 0xfe, 0xff,
    0xfe, 0xff, 0xfe, 0xff, 0xfe, 0xff, 0xfe, 0xff, 0xfe, 0xff, 0xfe, 0xff, 0xfe, 0xff, 0xfe, 0xff,
    0xfe, 0xff, 0xfe, 0xff, 0xfe, 0xff, 0xfe, 0xff, 0xfe, 0xff, 0xfe, 0xff, 0xfe, 0xff, 0xfe, 0xff,
    0xfe, 0xff, 0xfe, 0xff, 0xfe, 0xff, 0xfe, 0xff, 0xfe, 0xff, 0xfe, 0xff, 0xfe, 0xff, 0xfe, 0xff,
    0xfe, 0xff, 0xfd, 0xff, 0xfe, 0xff, 0xde, 0xff, 0xfe, 0xff, 0xfe, 0xff, 0xfe, 0xff, 0xfe, 0xff,
    0xfe, 0xff, 0xdd, 0xff, 0xdd, 0xff, 0xfd, 0xff, 0xdd, 0xff, 0xfd, 0xff, 0xfd, 0xff, 0xdd, 0xff,
    0xdd, 0xff, 0xdd, 0xff, 0xfd, 0xff, 0xde, 0xff, 0xdd, 0xff, 0xdd, 0xff, 0xfd, 0xff, 0xfd, 0xff,
    0xdd, 0xff, 0xdd, 0xff, 0xdd, 0xff, 0xdd, 0xff, 0xdd, 0xff, 0xdd, 0xff, 0xdd, 0xff, 0xdd, 0xff,
    0xdd, 0xff, 0xdd, 0xff, 0xdd, 0xff, 0xdd, 0xff, 0xdd, 0xff, 0xdd, 0xff, 0xdd, 0xff, 0xdd, 0xff,
    0xdd, 0xff, 0xdd, 0xff, 0xdd, 0xff, 0xdd, 0xff, 0xdd, 0xff, 0xdd, 0xff, 0xdd, 0xff, 0xdd, 0xff,
    0xdd, 0xff, 0xdd, 0xff, 0xdd, 0xff, 0xdd, 0xff, 0xdd, 0xff, 0xdd, 0xff, 0xdd, 0xff, 0xdd, 0xff,
    0xdd, 0xff, 0xdd, 0xff, 0xdd, 0xff, 0xdd, 0xff, 0xdd, 0xff, 0xdd, 0xff, 0xdd, 0xff, 0xdd, 0xff,
    0xdd, 0xff, 0xdd, 0xff, 0xdd, 0xff, 0xdd, 0xff, 0xbd, 0xff, 0xbd, 0xff, 0xbd, 0xff, 0xbd, 0xff,
    0xbd, 0xff, 0xbd, 0xff, 0xbd, 0xff, 0xbd, 0xff, 0xbd, 0xff, 0xbd, 0xff, 0xbd, 0xff, 0xbd, 0xff,
    0xbd, 0xff, 0xbd, 0xff, 0xbd, 0xff, 0x9d, 0xff, 0x9d, 0xff, 0xbd, 0xff, 0xbd, 0xff, 0x9d, 0xff,
    0x9d, 0xff, 0x9d, 0xff, 0x9d, 0xff, 0x9d, 0xff, 0x9d, 0xff, 0x9d, 0xff, 0x9d, 0xff, 0x9d, 0xff,
    0x9d, 0xff, 0x9d, 0xff, 0x9c, 0xf7, 0x9c, 0xf7, 0x9c, 0xf7, 0x9c, 0xf7, 0x9c, 0xf7, 0x9c, 0xf7,
    0x9c, 0xf7, 0x9c, 0xf7, 0x9c, 0xf7, 0x9c, 0xf7, 0x9c, 0xf7, 0x9c, 0xf7, 0x9c, 0xf7, 0x9c, 0xf7,
    0x9c, 0xf7, 0x9c, 0xf7, 0x9c, 0xf7, 0x9c, 0xf7, 0x9c, 0xf7, 0x9c, 0xf7, 0x7c, 0xf7, 0x7c, 0xf7,
    0x7c, 0xf7, 0x7c, 0xf7, 0x7c, 0xf7, 0x7c, 0xf7, 0x7c, 0xf7, 0x7c, 0xf7, 0x9c, 0xf7, 0x9c, 0xf7,
    0x7c, 0xf7, 0x7c, 0xf7, 0x7c, 0xf7, 0x7c, 0xf7, 0x7c, 0xf7, 0x7c, 0xf7, 0x7c, 0xf7, 0x7c, 0xf7,
    0x7c, 0xf7, 0x5c, 0xf7, 0x5c, 0xf7, 0x5c, 0xf7, 0x5c, 0xf7, 0x5c, 0xef, 0x5c, 0xf7, 0x5c, 0xef,
    0x5c, 0xf7, 0x5c, 0xef, 0x5c, 0xef, 0x5c, 0xef, 0x5c, 0xef, 0x5c, 0xef, 0x5c, 0xef, 0x5c, 0xef,
    0x5c, 0xef, 0x5b, 0xef, 0x5b, 0xef, 0x5c, 0xef, 0x5b, 0xef, 0x5c, 0xef, 0x5c, 0xef, 0x5c, 0xef,
    0x5c, 0xef, 0x3b, 0xef, 0x3c, 0xef, 0x3b, 0xef, 0x3b, 0xef, 0x3b, 0xef, 0x3c, 0xef, 0x3c, 0xef,
    0x3b, 0xef, 0x3c, 0xef, 0x3b, 0xe7, 0x3c, 0xe7, 0x3b, 0xe7, 0x3b, 0xe7, 0x3b, 0xe7, 0x1c, 0xe7,
    0x1b, 0xe7, 0x1b, 0xe7, 0x1b, 0xe7, 0x1b, 0xe7, 0x1b, 0xe7, 0x1b, 0xe7, 0x1b, 0xe7, 0x1b, 0xe7,
    0x1b, 0xe7, 0x1b, 0xe7, 0x1b, 0xe7, 0x1b, 0xe7, 0x1b, 0xe7, 0x1b, 0xe7, 0xfb, 0xe6, 0xfb, 0xe6,
    0xfb, 0xe6, 0xfb, 0xde, 0xfb, 0xde, 0xfb, 0xde, 0xfb, 0xde, 0xfb, 0xde, 0xfb, 0xde, 0xdb, 0xde,
    0xdb, 0xde, 0xda, 0xde, 0xda, 0xde, 0xda, 0xde, 0xda, 0xde, 0xdb, 0xde, 0xda, 0xde, 0xda, 0xde,
    0xda, 0xde, 0xdb, 0xde, 0xdb, 0xde, 0xda, 0xde, 0xda, 0xde, 0xda, 0xde, 0xda, 0xde, 0xda, 0xde,
    0xda, 0xde, 0xda, 0xde, 0xda, 0xde, 0xda, 0xde, 0xda, 0xde, 0xda, 0xd6, 0xba, 0xd6, 0xba, 0xd6,
    0xba, 0xd6, 0xba, 0xd6, 0xba, 0xd6, 0xba, 0xd6, 0xba, 0xd6, 0xba, 0xd6, 0xba, 0xd6, 0xba, 0xd6,
    0xba, 0xd6, 0xba, 0xd6, 0xba, 0xd6, 0xba, 0xd6, 0xba, 0xd6, 0xba, 0xd6, 0xba, 0xd6, 0xba, 0xd6,
    0xdb, 0xd6, 0xdb, 0xd6, 0xba, 0xce, 0xdb, 0xd6, 0xdb, 0xd6, 0xdb, 0xd6, 0x9a, 0xc6, 0x7a, 0xc6,
    0xbe, 0xef, 0xff, 0xff, 0xff, 0xff, 0xff, 0xff, 0xff, 0xff, 0xff, 0xff, 0xff, 0xff, 0xff, 0xff,
    0xff, 0xff, 0xff, 0xff, 0xff, 0xff, 0xfe, 0xff, 0xfe, 0xff, 0xfd, 0xff, 0xfe, 0xff, 0xfe, 0xff,
    0xfe, 0xff, 0xfe, 0xff, 0xfe, 0xff, 0xfe, 0xff, 0xfe, 0xff, 0xfe, 0xff, 0xfe, 0xff, 0xfe, 0xff,
    0xfe, 0xff, 0xfe, 0xff, 0xfe, 0xff, 0xfe, 0xff, 0xfe, 0xff, 0xfe, 0xff, 0xfe, 0xff, 0xfe, 0xff,
    0xfe, 0xff, 0xfe, 0xff, 0xfe, 0xff, 0xfe, 0xff, 0xfe, 0xff, 0xfe, 0xff, 0xfe, 0xff, 0xfe, 0xff,
    0xfe, 0xff, 0xfe, 0xff, 0xfe, 0xff, 0xfe, 0xff, 0xfe, 0xff, 0xfe, 0xff, 0xfe, 0xff, 0xfe, 0xff,
    0xfe, 0xff, 0xfe, 0xff, 0xfe, 0xff, 0xfe, 0xff, 0xfe, 0xff, 0xfe, 0xff, 0xfe, 0xff, 0xfe, 0xff,
    0xfe, 0xff, 0xfe, 0xff, 0xfe, 0xff, 0xfe, 0xff, 0xfe, 0xff, 0xfe, 0xff, 0xfe, 0xff, 0xfe, 0xff,
    0xfe, 0xff, 0xfe, 0xff, 0xfe, 0xff, 0xfe, 0xff, 0xfe, 0xff, 0xfe, 0xff, 0xfe, 0xff, 0xfe, 0xff,
    0xfe, 0xff, 0xfe, 0xff, 0xfe, 0xff, 0xfe, 0xff, 0xde, 0xff, 0xfe, 0xff, 0xfe, 0xff, 0xde, 0xff,
    0xde, 0xff, 0xde, 0xff, 0xfd, 0xff, 0xfd, 0xff, 0xdd, 0xff, 0xde, 0xff, 0xfd, 0xff, 0xfd, 0xff,
    0xfd, 0xff, 0xdd, 0xff, 0xdd, 0xff, 0xdd, 0xff, 0xdd, 0xff, 0xdd, 0xff, 0xdd, 0xff, 0xfd, 0xff,
    0xfd, 0xff, 0xdd, 0xff, 0xdd, 0xff, 0xdd, 0xff, 0xdd, 0xff, 0xdd, 0xff, 0xdd, 0xff, 0xdd, 0xff,
    0xdd, 0xff, 0xdd, 0xff, 0xdd, 0xff, 0xdd, 0xff, 0xdd, 0xff, 0xdd, 0xff, 0xdd, 0xff, 0xdd, 0xff,
    0xdd, 0xff, 0xdd, 0xff, 0xdd, 0xff, 0xdd, 0xff, 0xdd, 0xff, 0xdd, 0xff, 0xdd, 0xff, 0xdd, 0xff,
    0xdd, 0xff, 0xdd, 0xff, 0xdd, 0xff, 0xdd, 0xff, 0xdd, 0xff, 0xdd, 0xff, 0xdd, 0xff, 0xdd, 0xff,
    0xdd, 0xff, 0xdd, 0xff, 0xdd, 0xff, 0xdd, 0xff, 0xdd, 0xff, 0xdd, 0xff, 0xdd, 0xff, 0xdd, 0xff,
    0xdd, 0xff, 0xdd, 0xff, 0xdd, 0xff, 0xbd, 0xff, 0xbd, 0xff, 0xbd, 0xff, 0xbd, 0xff, 0xbd, 0xff,
    0xbd, 0xff, 0xbd, 0xff, 0xbd, 0xff, 0xbd, 0xff, 0xbd, 0xff, 0xbd, 0xff, 0xbd, 0xff, 0xbd, 0xff,
    0xbd, 0xff, 0x9d, 0xff, 0x9d, 0xff, 0x9d, 0xff, 0x9d, 0xff, 0xbd, 0xff, 0xbd, 0xff, 0xbd, 0xff,
    0xbd, 0xff, 0x9d, 0xff, 0x9d, 0xff, 0x9d, 0xff, 0x9d, 0xff, 0x9d, 0xff, 0x9c, 0xff, 0x9d, 0xff,
    0x9c, 0xf7, 0x9c, 0xf7, 0x9c, 0xf7, 0x9c, 0xf7, 0x9c, 0xf7, 0x9c, 0xf7, 0x9c, 0xf7, 0x9c, 0xf7,
    0x9c, 0xf7, 0x9c, 0xf7, 0x9c, 0xf7, 0x9d, 0xf7, 0x9c, 0xf7, 0x9c, 0xf7, 0x9c, 0xf7, 0x9c, 0xf7,
    0x9c, 0xf7, 0x9c, 0xf7, 0x9c, 0xf7, 0x9c, 0xf7, 0x9c, 0xf7, 0x9c, 0xf7, 0x7c, 0xf7, 0x7c, 0xf7,
    0x9c, 0xf7, 0x9c, 0xf7, 0x9c, 0xf7, 0x9c, 0xf7, 0x7c, 0xf7, 0x7c, 0xf7, 0x7c, 0xf7, 0x7c, 0xf7,
    0x7c, 0xf7, 0x7c, 0xf7, 0x7c, 0xf7, 0x7c, 0xf7, 0x7c, 0xf7, 0x7c, 0xf7, 0x7c, 0xf7, 0x7c, 0xf7,
    0x7c, 0xef, 0x7c, 0xef, 0x5c, 0xf7, 0x7c, 0xf7, 0x5c, 0xef, 0x5c, 0xf7, 0x5c, 0xf7, 0x5c, 0xf7,
    0x5c, 0xf7, 0x5c, 0xef, 0x5c, 0xef, 0x5c, 0xef, 0x5c, 0xef, 0x5c, 0xef, 0x5c, 0xef, 0x5c, 0xef,
    0x5c, 0xef, 0x5c, 0xef, 0x5c, 0xef, 0x5b, 0xef, 0x5b, 0xef, 0x5c, 0xef, 0x3c, 0xef, 0x3c, 0xef,
    0x3b, 0xef, 0x3c, 0xef, 0x3c, 0xef, 0x3c, 0xef, 0x3b, 0xef, 0x3b, 0xef, 0x3c, 0xef, 0x3c, 0xef,
    0x3c, 0xef, 0x3c, 0xe7, 0x3b, 0xe7, 0x3b, 0xe7, 0x3b, 0xe7, 0x3b, 0xe7, 0x3c, 0xe7, 0x1c, 0xe7,
    0x1b, 0xe7, 0x1b, 0xe7, 0x1b, 0xe7, 0x1b, 0xe7, 0x1b, 0xe7, 0x1b, 0xe7, 0x1b, 0xe7, 0x1b, 0xe7,
    0x1b, 0xe7, 0x1b, 0xe7, 0x1b, 0xe7, 0x1b, 0xe7, 0x1b, 0xe7, 0x1b, 0xe7, 0x1b, 0xe7, 0xfb, 0xde,
    0xfb, 0xe6, 0xfb, 0xde, 0xfb, 0xde, 0xfb, 0xde, 0xfb, 0xde, 0xfb, 0xde, 0xfb, 0xde, 0xda, 0xde,
    0xdb, 0xde, 0xda, 0xde, 0xda, 0xde, 0xda, 0xde, 0xda, 0xde, 0xda, 0xde, 0xda, 0xde, 0xda, 0xde,
    0xda, 0xde, 0xda, 0xde, 0xda, 0xde, 0xda, 0xde, 0xda, 0xde, 0xda, 0xde, 0xda, 0xde, 0xda, 0xde,
    0xda, 0xde, 0xda, 0xde, 0xda, 0xde, 0xda, 0xde, 0xda, 0xd6, 0xba, 0xd6, 0xba, 0xd6, 0xba, 0xd6,
    0xba, 0xd6, 0xba, 0xd6, 0xba, 0xd6, 0xba, 0xd6, 0xba, 0xd6, 0xba, 0xd6, 0xba, 0xd6, 0xba, 0xd6,
    0xba, 0xd6, 0xba, 0xd6, 0xba, 0xd6, 0xba, 0xd6, 0xba, 0xd6, 0xba, 0xd6, 0xba, 0xd6, 0xba, 0xd6,
    0xba, 0xd6, 0xdb, 0xd6, 0xbb, 0xd6, 0xdb, 0xd6, 0xdb, 0xd6, 0xdb, 0xd6, 0x9a, 0xce, 0x5a, 0xbe,
    0xdf, 0xf7, 0xff, 0xff, 0xff, 0xff, 0xff, 0xff, 0xff, 0xff, 0xff, 0xff, 0xff, 0xff, 0xff, 0xff,
    0xff, 0xff, 0xff, 0xff, 0xff, 0xff, 0xfe, 0xff, 0xfe, 0xff, 0xfe, 0xff, 0xfe, 0xff, 0xfe, 0xff,
    0xfe, 0xff, 0xfe, 0xff, 0xfe, 0xff, 0xfe, 0xff, 0xfe, 0xff, 0xfe, 0xff, 0xfe, 0xff, 0xfe, 0xff,
    0xfe, 0xff, 0xfe, 0xff, 0xfe, 0xff, 0xfe, 0xff, 0xfe, 0xff, 0xfe, 0xff, 0xfe, 0xff, 0xfe, 0xff,
    0xfe, 0xff, 0xfe, 0xff, 0xfe, 0xff, 0xfe, 0xff, 0xfe, 0xff, 0xfe, 0xff, 0xfe, 0xff, 0xfe, 0xff,
    0xfe, 0xff, 0xfe, 0xff, 0xfe, 0xff, 0xfe, 0xff, 0xfe, 0xff, 0xfe, 0xff, 0xfe, 0xff, 0xfe, 0xff,
    0xfe, 0xff, 0xfe, 0xff, 0xfe, 0xff, 0xfe, 0xff, 0xfe, 0xff, 0xfe, 0xff, 0xfe, 0xff, 0xfe, 0xff,
    0xfe, 0xff, 0xfe, 0xff, 0xfe, 0xff, 0xfe, 0xff, 0xfe, 0xff, 0xfe, 0xff, 0xfe, 0xff, 0xfe, 0xff,
    0xfe, 0xff, 0xfe, 0xff, 0xfe, 0xff, 0xfe, 0xff, 0xfe, 0xff, 0xfe, 0xff, 0xfe, 0xff, 0xfe, 0xff,
    0xfe, 0xff, 0xfe, 0xff, 0xfe, 0xff, 0xde, 0xff, 0xde, 0xff, 0xfe, 0xff, 0xde, 0xff, 0xde, 0xff,
    0xfe, 0xff, 0xfe, 0xff, 0xfe, 0xff, 0xde, 0xff, 0xdd, 0xff, 0xdd, 0xff, 0xdd, 0xff, 0xdd, 0xff,
    0xdd, 0xff, 0xdd, 0xff, 0xdd, 0xff, 0xdd, 0xff, 0xdd, 0xff, 0xdd, 0xff, 0xdd, 0xff, 0xdd, 0xff,
    0xdd, 0xff, 0xdd, 0xff, 0xdd, 0xff, 0xdd, 0xff, 0xdd, 0xff, 0xdd, 0xff, 0xdd, 0xff, 0xdd, 0xff,
    0xdd, 0xff, 0xdd, 0xff, 0xdd, 0xff, 0xdd, 0xff, 0xdd, 0xff, 0xdd, 0xff, 0xdd, 0xff, 0xdd, 0xff,
    0xdd, 0xff, 0xdd, 0xff, 0xdd, 0xff, 0xdd, 0xff, 0xdd, 0xff, 0xdd, 0xff, 0xdd, 0xff, 0xdd, 0xff,
    0xdd, 0xff, 0xdd, 0xff, 0xdd, 0xff, 0xdd, 0xff, 0xdd, 0xff, 0xdd, 0xff, 0xdd, 0xff, 0xdd, 0xff,
    0xdd, 0xff, 0xdd, 0xff, 0xdd, 0xff, 0xdd, 0xff, 0xdd, 0xff, 0xdd, 0xff, 0xdd, 0xff, 0xdd, 0xff,
    0xdd, 0xff, 0xdd, 0xff, 0xdd, 0xff, 0xbd, 0xff, 0xbd, 0xff, 0xbd, 0xff, 0xbd, 0xff, 0xbd, 0xff,
    0xbd, 0xff, 0xbd, 0xff, 0xbd, 0xff, 0xbd, 0xff, 0xbd, 0xff, 0xbd, 0xff, 0xbd, 0xff, 0xbd, 0xff,
    0xbd, 0xff, 0x9d, 0xff, 0x9d, 0xff, 0xbd, 0xff, 0xbd, 0xff, 0xbd, 0xff, 0xbd, 0xff, 0xbd, 0xff,
    0x9d, 0xff, 0x9d, 0xff, 0xbd, 0xff, 0x9d, 0xff, 0x9d, 0xff, 0x9d, 0xff, 0x9d, 0xff, 0x9d, 0xff,
    0x9c, 0xf7, 0x9c, 0xf7, 0x9c, 0xf7, 0x9c, 0xf7, 0x9c, 0xf7, 0x9c, 0xf7, 0x9c, 0xf7, 0x9d, 0xf7,
    0x9c, 0xf7, 0x9c, 0xf7, 0x9d, 0xf7, 0x9d, 0xf7, 0x9d, 0xf7, 0x9c, 0xf7, 0x9c, 0xf7, 0x9c, 0xf7,
    0x9d, 0xf7, 0x9d, 0xf7, 0x9c, 0xf7, 0x9d, 0xf7, 0x9c, 0xf7, 0x9c, 0xf7, 0x9c, 0xf7, 0x9c, 0xf7,
    0x9c, 0xf7, 0x9c, 0xf7, 0x7c, 0xf7, 0x9c, 0xf7, 0x9c, 0xf7, 0x9c, 0xf7, 0x7c, 0xf7, 0x7c, 0xf7,
    0x7c, 0xf7, 0x7c, 0xf7, 0x7c, 0xf7, 0x7c, 0xf7, 0x7c, 0xf7, 0x7c, 0xf7, 0x7c, 0xf7, 0x7c, 0xf7,
    0x7c, 0xf7, 0x7c, 0xef, 0x5c, 0xef, 0x5c, 0xf7, 0x5c, 0xf7, 0x5c, 0xef, 0x5c, 0xef, 0x5c, 0xf7,
    0x5c, 0xef, 0x5c, 0xef, 0x5c, 0xef, 0x5c, 0xef, 0x5b, 0xef, 0x5c, 0xef, 0x5c, 0xef, 0x5c, 0xef,
    0x5c, 0xef, 0x5c, 0xef, 0x5c, 0xef, 0x5b, 0xef, 0x5c, 0xef, 0x5c, 0xef, 0x3b, 0xef, 0x3b, 0xef,
    0x3c, 0xef, 0x3c, 0xef, 0x3c, 0xef, 0x3c, 0xef, 0x3b, 0xef, 0x3c, 0xef, 0x3c, 0xef, 0x3c, 0xef,
    0x3c, 0xef, 0x3c, 0xe7, 0x3b, 0xe7, 0x3b, 0xe7, 0x3b, 0xe7, 0x3b, 0xe7, 0x3c, 0xe7, 0x3b, 0xe7,
    0x1b, 0xe7, 0x1b, 0xe7, 0x1b, 0xe7, 0x1b, 0xe7, 0x1b, 0xe7, 0x1b, 0xe7, 0x1b, 0xe7, 0x1b, 0xe7,
    0x1b, 0xe7, 0x1b, 0xe7, 0x1b, 0xe7, 0x1b, 0xe7, 0x1b, 0xe7, 0x1b, 0xe7, 0x1b, 0xe7, 0x1b, 0xe7,
    0xfb, 0xe6, 0xfb, 0xde, 0xfb, 0xde, 0xfb, 0xde, 0xfb, 0xde, 0xfb, 0xde, 0xfb, 0xde, 0xfb, 0xde,
    0xdb, 0xde, 0xda, 0xde, 0xdb, 0xde, 0xda, 0xde, 0xda, 0xde, 0xda, 0xde, 0xda, 0xde, 0xda, 0xde,
    0xdb, 0xde, 0xdb, 0xde, 0xda, 0xde, 0xda, 0xde, 0xda, 0xde, 0xda, 0xde, 0xda, 0xde, 0xda, 0xde,
    0xda, 0xde, 0xda, 0xde, 0xda, 0xde, 0xda, 0xde, 0xda, 0xde, 0xda, 0xd6, 0xba, 0xd6, 0xba, 0xd6,
    0xba, 0xd6, 0xba, 0xd6, 0xba, 0xd6, 0xba, 0xd6, 0xba, 0xd6, 0xba, 0xd6, 0xba, 0xd6, 0xba, 0xd6,
    0xba, 0xd6, 0xba, 0xd6, 0xba, 0xd6, 0xba, 0xd6, 0xba, 0xd6, 0xba, 0xd6, 0xba, 0xd6, 0xba, 0xd6,
    0xba, 0xd6, 0xdb, 0xd6, 0xdb, 0xd6, 0xdb, 0xd6, 0xdb, 0xd6, 0xdb, 0xd6, 0xba, 0xce, 0x5a, 0xbe,
    0xdf, 0xf7, 0xff, 0xff, 0xff, 0xff, 0xff, 0xff, 0xff, 0xff, 0xff, 0xff, 0xff, 0xff, 0xff, 0xff,
    0xff, 0xff, 0xfe, 0xff, 0xfe, 0xff, 0xfe, 0xff, 0xfe, 0xff, 0xfe, 0xff, 0xfe, 0xff, 0xfe, 0xff,
    0xfe, 0xff, 0xfe, 0xff, 0xfe, 0xff, 0xfe, 0xff, 0xfe, 0xff, 0xfe, 0xff, 0xfe, 0xff, 0xfe, 0xff,
    0xfe, 0xff, 0xfe, 0xff, 0xfe, 0xff, 0xfe, 0xff, 0xfe, 0xff, 0xfe, 0xff, 0xfe, 0xff, 0xfe, 0xff,
    0xfe, 0xff, 0xfe, 0xff, 0xfe, 0xff, 0xfe, 0xff, 0xfe, 0xff, 0xfe, 0xff, 0xfe, 0xff, 0xfe, 0xff,
    0xfe, 0xff, 0xfe, 0xff, 0xfe, 0xff, 0xfe, 0xff, 0xfe, 0xff, 0xfe, 0xff, 0xfe, 0xff, 0xfe, 0xff,
    0xfe, 0xff, 0xfe, 0xff, 0xfe, 0xff, 0xfe, 0xff, 0xfe, 0xff, 0xfe, 0xff, 0xfe, 0xff, 0xfe, 0xff,
    0xfe, 0xff, 0xfe, 0xff, 0xfe, 0xff, 0xfe, 0xff, 0xfe, 0xff, 0xfe, 0xff, 0xfe, 0xff, 0xfe, 0xff,
    0xfe, 0xff, 0xfe, 0xff, 0xfe, 0xff, 0xfe, 0xff, 0xfe, 0xff, 0xfd, 0xff, 0xfe, 0xff, 0xfd, 0xff,
    0xfe, 0xff, 0xfe, 0xff, 0xfe, 0xff, 0xdd, 0xff, 0xfd, 0xff, 0xfe, 0xff, 0xfe, 0xff, 0xde, 0xff,
    0xfe, 0xff, 0xfe, 0xff, 0xdd, 0xff, 0xdd, 0xff, 0xdd, 0xff, 0xfd, 0xff, 0xde, 0xff, 0xde, 0xff,
    0xdd, 0xff, 0xdd, 0xff, 0xdd, 0xff, 0xdd, 0xff, 0xdd, 0xff, 0xdd, 0xff, 0xdd, 0xff, 0xdd, 0xff,
    0xde, 0xff, 0xde, 0xff, 0xdd, 0xff, 0xdd, 0xff, 0xdd, 0xff, 0xdd, 0xff, 0xdd, 0xff, 0xdd, 0xff,
    0xdd, 0xff, 0xdd, 0xff, 0xdd, 0xff, 0xdd, 0xff, 0xdd, 0xff, 0xdd, 0xff, 0xdd, 0xff, 0xdd, 0xff,
    0xdd, 0xff, 0xdd, 0xff, 0xdd, 0xff, 0xdd, 0xff, 0xdd, 0xff, 0xdd, 0xff, 0xdd, 0xff, 0xdd, 0xff,
    0xdd, 0xff, 0xdd, 0xff, 0xdd, 0xff, 0xdd, 0xff, 0xdd, 0xff, 0xdd, 0xff, 0xdd, 0xff, 0xdd, 0xff,
    0xdd, 0xff, 0xdd, 0xff, 0xdd, 0xff, 0xdd, 0xff, 0xdd, 0xff, 0xdd, 0xff, 0xdd, 0xff, 0xdd, 0xff,
    0xdd, 0xff, 0xbd, 0xff, 0xbd, 0xff, 0xbd, 0xff, 0xbd, 0xff, 0xbd, 0xff, 0xbd, 0xff, 0xbd, 0xff,
    0xbd, 0xff, 0xbd, 0xff, 0xbd, 0xff, 0xbd, 0xff, 0xbd, 0xff, 0xbd, 0xff, 0xbd, 0xff, 0xbd, 0xff,
    0xbd, 0xff, 0x9d, 0xff, 0xbd, 0xff, 0xbd, 0xff, 0xbd, 0xff, 0xbd, 0xff, 0xbd, 0xff, 0x9d, 0xff,
    0x9d, 0xff, 0x9d, 0xff, 0x9d, 0xff, 0x9d, 0xff, 0x9d, 0xff, 0x9d, 0xff, 0x9d, 0xff, 0x9d, 0xff,
    0x9c, 0xff, 0x9c, 0xf7, 0x9c, 0xf7, 0x9c, 0xf7, 0x9c, 0xf7, 0x9c, 0xf7, 0x9c, 0xf7, 0x9d, 0xf7,
    0x9c, 0xf7, 0x9d, 0xf7, 0x9c, 0xf7, 0x9d, 0xf7, 0x9c, 0xf7, 0x9c, 0xf7, 0x9c, 0xf7, 0x9c, 0xf7,
    0x9d, 0xf7, 0x9d, 0xf7, 0x9d, 0xf7, 0x9d, 0xf7, 0x9d, 0xf7, 0x9c, 0xf7, 0x9d, 0xf7, 0x9d, 0xf7,
    0x9c, 0xf7, 0x9c, 0xf7, 0x7c, 0xf7, 0x7c, 0xf7, 0x9c, 0xf7, 0x7c, 0xf7, 0x7c, 0xf7, 0x7c, 0xf7,
    0x7c, 0xf7, 0x7c, 0xf7, 0x7c, 0xf7, 0x7c, 0xf7, 0x7c, 0xf7, 0x7c, 0xf7, 0x7c, 0xf7, 0x5c, 0xf7,
    0x5c, 0xf7, 0x5c, 0xef, 0x7c, 0xef, 0x7c, 0xf7, 0x5c, 0xef, 0x5c, 0xef, 0x5c, 0xef, 0x5c, 0xef,
    0x5c, 0xef, 0x5c, 0xef, 0x5c, 0xef, 0x5c, 0xef, 0x5c, 0xef, 0x5c, 0xef, 0x5c, 0xef, 0x5c, 0xef,
    0x5c, 0xef, 0x5b, 0xef, 0x5c, 0xef, 0x5c, 0xef, 0x5c, 0xef, 0x5c, 0xef, 0x3c, 0xef, 0x3c, 0xef,
    0x3c, 0xef, 0x3c, 0xef, 0x3c, 0xef, 0x3c, 0xef, 0x3b, 0xef, 0x3c, 0xef, 0x3c, 0xef, 0x3c, 0xef,
    0x3b, 0xe7, 0x3b, 0xe7, 0x3b, 0xe7, 0x3b, 0xe7, 0x3b, 0xe7, 0x3b, 0xe7, 0x1b, 0xe7, 0x1b, 0xe7,
    0x1b, 0xe7, 0x1b, 0xe7, 0x1b, 0xe7, 0x1b, 0xe7, 0x1b, 0xe7, 0x1b, 0xe7, 0x1b, 0xe7, 0x1b, 0xe7,
    0x1b, 0xe7, 0x1b, 0xe7, 0x1b, 0xe7, 0x1b, 0xe7, 0x1b, 0xe7, 0x1b, 0xe7, 0x1b, 0xe7, 0x1b, 0xe7,
    0xfb, 0xde, 0xfb, 0xe6, 0xfb, 0xde, 0xfb, 0xde, 0xfb, 0xde, 0xfb, 0xde, 0xfb, 0xde, 0xfb, 0xde,
    0xfb, 0xde, 0xdb, 0xde, 0xdb, 0xde, 0xdb, 0xde, 0xdb, 0xde, 0xdb, 0xde, 0xdb, 0xde, 0xda, 0xde,
    0xda, 0xde, 0xda, 0xde, 0xda, 0xde, 0xda, 0xde, 0xda, 0xde, 0xda, 0xde, 0xda, 0xde, 0xda, 0xde,
    0xda, 0xde, 0xda, 0xde, 0xda, 0xde, 0xda, 0xde, 0xda, 0xde, 0xda, 0xde, 0xda, 0xd6, 0xba, 0xd6,
    0xba, 0xd6, 0xba, 0xd6, 0xba, 0xd6, 0xba, 0xd6, 0xba, 0xd6, 0xba, 0xd6, 0xba, 0xd6, 0xba, 0xd6,
    0xba, 0xd6, 0xba, 0xd6, 0xba, 0xd6, 0xba, 0xd6, 0xba, 0xd6, 0xba, 0xd6, 0xba, 0xd6, 0xba, 0xd6,
    0xba, 0xce, 0xdb, 0xd6, 0xdb, 0xd6, 0xda, 0xd6, 0xdb, 0xd6, 0xba, 0xd6, 0xbb, 0xd6, 0x7a, 0xc6,
    0xff, 0xff, 0xff, 0xff, 0xff, 0xff, 0xff, 0xff, 0xff, 0xff, 0xff, 0xff, 0xff, 0xff, 0xff, 0xff,
    0xff, 0xff, 0xfe, 0xff, 0xfe, 0xff, 0xfe, 0xff, 0xfe, 0xff, 0xfe, 0xff, 0xfe, 0xff, 0xfe, 0xff,
    0xfe, 0xff, 0xfe, 0xff, 0xfe, 0xff, 0xfe, 0xff, 0xfe, 0xff, 0xfe, 0xff, 0xfe, 0xff, 0xfe, 0xff,
    0xfe, 0xff, 0xfe, 0xff, 0xfe, 0xff, 0xfe, 0xff, 0xfe, 0xff, 0xfe, 0xff, 0xfe, 0xff, 0xfe, 0xff,
    0xfe, 0xff, 0xfe, 0xff, 0xfe, 0xff, 0xfe, 0xff, 0xfe, 0xff, 0xfe, 0xff, 0xfe, 0xff, 0xfe, 0xff,
    0xfe, 0xff, 0xfe, 0xff, 0xfe, 0xff, 0xfe, 0xff, 0xfe, 0xff, 0xfe, 0xff, 0xfe, 0xff, 0xfe, 0xff,
    0xfe, 0xff, 0xfe, 0xff, 0xfe, 0xff, 0xfe, 0xff, 0xfe, 0xff, 0xfe, 0xff, 0xfe, 0xff, 0xfe, 0xff,
    0xfe, 0xff, 0xfe, 0xff, 0xfe, 0xff, 0xfe, 0xff, 0xfe, 0xff, 0xfe, 0xff, 0xfe, 0xff, 0xfe, 0xff,
    0xfe, 0xff, 0xfe, 0xff, 0xfe, 0xff, 0xfe, 0xff, 0xfe, 0xff, 0xfe, 0xff, 0xfe, 0xff, 0xfe, 0xff,
    0xfe, 0xff, 0xfe, 0xff, 0xfe, 0xff, 0xfe, 0xff, 0xfe, 0xff, 0xfe, 0xff, 0xfe, 0xff, 0xfe, 0xff,
    0xfe, 0xff, 0xfe, 0xff, 0xde, 0xff, 0xfd, 0xff, 0xfe, 0xff, 0xdd, 0xff, 0xdd, 0xff, 0xdd, 0xff,
    0xdd, 0xff, 0xdd, 0xff, 0xdd, 0xff, 0xfd, 0xff, 0xdd, 0xff, 0xdd, 0xff, 0xde, 0xff, 0xde, 0xff,
    0xdd, 0xff, 0xdd, 0xff, 0xde, 0xff, 0xdd, 0xff, 0xdd, 0xff, 0xdd, 0xff, 0xdd, 0xff, 0xdd, 0xff,
    0xdd, 0xff, 0xdd, 0xff, 0xdd, 0xff, 0xdd, 0xff, 0xdd, 0xff, 0xdd, 0xff, 0xdd, 0xff, 0xdd, 0xff,
    0xdd, 0xff, 0xdd, 0xff, 0xdd, 0xff, 0xdd, 0xff, 0xdd, 0xff, 0xdd, 0xff, 0xdd, 0xff, 0xdd, 0xff,
    0xdd, 0xff, 0xdd, 0xff, 0xdd, 0xff, 0xdd, 0xff, 0xdd, 0xff, 0xdd, 0xff, 0xdd, 0xff, 0xdd, 0xff,
    0xdd, 0xff, 0xbd, 0xff, 0xbd, 0xff, 0xdd, 0xff, 0xdd, 0xff, 0xbd, 0xff, 0xbd, 0xff, 0xdd, 0xff,
    0xdd, 0xff, 0xbd, 0xff, 0xbd, 0xff, 0xbd, 0xff, 0xbd, 0xff, 0xbd, 0xff, 0xbd, 0xff, 0xbd, 0xff,
    0xbd, 0xff, 0xbd, 0xff, 0xbd, 0xff, 0xbd, 0xff, 0xbd, 0xff, 0xbd, 0xff, 0xbd, 0xff, 0xbd, 0xff,
    0xbd, 0xff, 0xbd, 0xff, 0xbd, 0xff, 0xbd, 0xff, 0x9d, 0xff, 0x9d, 0xff, 0xbd, 0xff, 0x9d, 0xff,
    0x9d, 0xff, 0x9d, 0xff, 0x9d, 0xff, 0x9d, 0xff, 0x9d, 0xff, 0x9d, 0xff, 0x9d, 0xff, 0x9d, 0xff,
    0x9d, 0xff, 0x9c, 0xf7, 0x9c, 0xf7, 0x9c, 0xf7, 0x9c, 0xf7, 0x9c, 0xf7, 0x9c, 0xf7, 0x9d, 0xf7,
    0x9c, 0xf7, 0x9c, 0xf7, 0x9c, 0xf7, 0x9c, 0xf7, 0x9c, 0xf7, 0x9c, 0xf7, 0x9c, 0xf7, 0x9c, 0xf7,
    0x9d, 0xf7, 0x9d, 0xf7, 0x9d, 0xf7, 0x9d, 0xf7, 0x9d, 0xf7, 0x9c, 0xf7, 0x9d, 0xf7, 0x9c, 0xf7,
    0x9c, 0xf7, 0x9c, 0xf7, 0x9c, 0xf7, 0x9c, 0xf7, 0x9c, 0xf7, 0x7c, 0xf7, 0x7c, 0xf7, 0x7c, 0xf7,
    0x7c, 0xf7, 0x7c, 0xf7, 0x7c, 0xf7, 0x7c, 0xf7, 0x7c, 0xf7, 0x7c, 0xf7, 0x7c, 0xf7, 0x7c, 0xef,
    0x5c, 0xef, 0x5c, 0xef, 0x5c, 0xef, 0x7c, 0xf7, 0x7c, 0xef, 0x5c, 0xef, 0x5c, 0xef, 0x5c, 0xef,
    0x5c, 0xef, 0x5c, 0xef, 0x5c, 0xef, 0x5c, 0xef, 0x5c, 0xef, 0x5b, 0xef, 0x5c, 0xef, 0x5b, 0xef,
    0x5b, 0xef, 0x5b, 0xef, 0x5b, 0xef, 0x5b, 0xef, 0x3b, 0xef, 0x3c, 0xef, 0x3c, 0xef, 0x3c, 0xef,
    0x3c, 0xef, 0x3c, 0xef, 0x3c, 0xef, 0x3c, 0xef, 0x3c, 0xef, 0x3c, 0xef, 0x3c, 0xef, 0x3c, 0xe7,
    0x3c, 0xe7, 0x3b, 0xe7, 0x3b, 0xe7, 0x3b, 0xe7, 0x3b, 0xe7, 0x3b, 0xe7, 0x1b, 0xe7, 0x1b, 0xe7,
    0x1b, 0xe7, 0x1b, 0xe7, 0x1b, 0xe7, 0x1b, 0xe7, 0x1b, 0xe7, 0x1b, 0xe7, 0x1b, 0xe7, 0x1b, 0xe7,
    0x1b, 0xe7, 0x1b, 0xe7, 0x1b, 0xe7, 0x1b, 0xe7, 0x1b, 0xe7, 0x1b, 0xe7, 0x1b, 0xe7, 0xfb, 0xde,
    0xfb, 0xde, 0xfb, 0xe6, 0xfb, 0xde, 0xfb, 0xde, 0xfb, 0xde, 0xfb, 0xde, 0xfb, 0xde, 0xfb, 0xde,
    0xfb, 0xde, 0xfb, 0xde, 0xfb, 0xde, 0xdb, 0xde, 0xdb, 0xde, 0xdb, 0xde, 0xdb, 0xde, 0xdb, 0xde,
    0xda, 0xde, 0xda, 0xde, 0xdb, 0xde, 0xda, 0xde, 0xda, 0xde, 0xda, 0xde, 0xda, 0xde, 0xda, 0xde,
    0xda, 0xde, 0xda, 0xde, 0xda, 0xde, 0xda, 0xd6, 0xda, 0xd6, 0xda, 0xd6, 0xda, 0xde, 0xba, 0xd6,
    0xba, 0xd6, 0xba, 0xd6, 0xba, 0xd6, 0xba, 0xd6, 0xba, 0xd6, 0xba, 0xd6, 0xba, 0xd6, 0xba, 0xd6,
    0xba, 0xd6, 0xba, 0xd6, 0xba, 0xd6, 0xba, 0xd6, 0xba, 0xd6, 0xba, 0xd6, 0xba, 0xd6, 0xba, 0xd6,
    0xba, 0xce, 0xdb, 0xd6, 0xdb, 0xd6, 0xba, 0xce, 0xbb, 0xd6, 0xba, 0xd6, 0xba, 0xd6, 0x9a, 0xce,
    0xff, 0xff, 0xff, 0xff, 0xff, 0xff, 0xff, 0xff, 0xff, 0xff, 0xff, 0xff, 0xff, 0xff, 0xff, 0xff,
    0xff, 0xff, 0xff, 0xff, 0xfe, 0xff, 0xfe, 0xff, 0xfe, 0xff, 0xfe, 0xff, 0xfe, 0xff, 0xfe, 0xff,
    0xfe, 0xff, 0xfe, 0xff, 0xfe, 0xff, 0xfe, 0xff, 0xfe, 0xff, 0xfe, 0xff, 0xfe, 0xff, 0xfe, 0xff,
    0xfe, 0xff, 0xfe, 0xff, 0xfe, 0xff, 0xfe, 0xff, 0xfe, 0xff, 0xfe, 0xff, 0xfe, 0xff, 0xfe, 0xff,
    0xfe, 0xff, 0xfe, 0xff, 0xfe, 0xff, 0xfe, 0xff, 0xfe, 0xff, 0xfe, 0xff, 0xfe, 0xff, 0xfe, 0xff,
    0xfe, 0xff, 0xfe, 0xff, 0xfe, 0xff, 0xfe, 0xff, 0xfe, 0xff, 0xfe, 0xff, 0xfe, 0xff, 0xfe, 0xff,
    0xfe, 0xff, 0xfe, 0xff, 0xfe, 0xff, 0xfd, 0xff, 0xfd, 0xff, 0xfe, 0xff, 0xfe, 0xff, 0xfe, 0xff,
    0xfe, 0xff, 0xfe, 0xff, 0xfe, 0xff, 0xfe, 0xff, 0xfe, 0xff, 0xfe, 0xff, 0xfe, 0xff, 0xfe, 0xff,
    0xfe, 0xff, 0xfe, 0xff, 0xfe, 0xff, 0xfe, 0xff, 0xfe, 0xff, 0xfe, 0xff, 0xfd, 0xff, 0xfd, 0xff,
    0xfe, 0xff, 0xfd, 0xff, 0xfe, 0xff, 0xfe, 0xff, 0xfe, 0xff, 0xdd, 0xff, 0xfe, 0xff, 0xfe, 0xff,
    0xfe, 0xff, 0xfe, 0xff, 0xfd, 0xff, 0xfe, 0xff, 0xde, 0xff, 0xfd, 0xff, 0xdd, 0xff, 0xdd, 0xff,
    0xdd, 0xff, 0xdd, 0xff, 0xdd, 0xff, 0xde, 0xff, 0xde, 0xff, 0xfe, 0xff, 0xdd, 0xff, 0xdd, 0xff,
    0xdd, 0xff, 0xdd, 0xff, 0xdd, 0xff, 0xdd, 0xff, 0xdd, 0xff, 0xdd, 0xff, 0xdd, 0xff, 0xdd, 0xff,
    0xdd, 0xff, 0xdd, 0xff, 0xdd, 0xff, 0xdd, 0xff, 0xdd, 0xff, 0xdd, 0xff, 0xdd, 0xff, 0xdd, 0xff,
    0xdd, 0xff, 0xdd, 0xff, 0xdd, 0xff, 0xdd, 0xff, 0xdd, 0xff, 0xdd, 0xff, 0xdd, 0xff, 0xdd, 0xff,
    0xdd, 0xff, 0xdd, 0xff, 0xdd, 0xff, 0xdd, 0xff, 0xdd, 0xff, 0xdd, 0xff, 0xdd, 0xff, 0xdd, 0xff,
    0xdd, 0xff, 0xbd, 0xff, 0xbd, 0xff, 0xdd, 0xff, 0xbd, 0xff, 0xdd, 0xff, 0xbd, 0xff, 0xdd, 0xff,
    0xbd, 0xff, 0xdd, 0xff, 0xbd, 0xff, 0xbd, 0xff, 0xbd, 0xff, 0xdd, 0xff, 0xbd, 0xff, 0xbd, 0xff,
    0xdd, 0xff, 0xdd, 0xff, 0xbd, 0xff, 0xbd, 0xff, 0xbd, 0xff, 0xbd, 0xff, 0xbd, 0xff, 0xbd, 0xff,
    0xbd, 0xff, 0xbd, 0xff, 0xbd, 0xff, 0xbd, 0xff, 0xbd, 0xff, 0x9d, 0xff, 0x9d, 0xff, 0x9d, 0xff,
    0x9d, 0xff, 0x9d, 0xff, 0xbd, 0xff, 0x9d, 0xff, 0x9d, 0xff, 0x9d, 0xff, 0x9d, 0xff, 0x9d, 0xff,
    0x9d, 0xff, 0x9d, 0xf7, 0x9d, 0xff, 0x9d, 0xf7, 0x9c, 0xf7, 0x9c, 0xf7, 0x9d, 0xf7, 0x9c, 0xf7,
    0x9c, 0xf7, 0x9c, 0xef, 0x9c, 0xf7, 0x9c, 0xf7, 0x9c, 0xf7, 0x9c, 0xf7, 0x9d, 0xf7, 0x9d, 0xf7,
    0x9d, 0xf7, 0x9d, 0xf7, 0x9d, 0xf7, 0x9d, 0xf7, 0x9d, 0xf7, 0x9d, 0xf7, 0x9d, 0xf7, 0x9d, 0xf7,
    0x9c, 0xf7, 0x9c, 0xf7, 0x9c, 0xf7, 0x7c, 0xf7, 0x7c, 0xf7, 0x7c, 0xf7, 0x7c, 0xf7, 0x7c, 0xf7,
    0x7c, 0xf7, 0x7c, 0xf7, 0x7c, 0xf7, 0x7c, 0xf7, 0x7c, 0xf7, 0x7c, 0xf7, 0x7c, 0xf7, 0x7c, 0xf7,
    0x5c, 0xef, 0x5c, 0xef, 0x5c, 0xef, 0x5c, 0xef, 0x5c, 0xef, 0x7c, 0xef, 0x5c, 0xef, 0x5c, 0xf7,
    0x5c, 0xef, 0x5c, 0xef, 0x5c, 0xef, 0x5c, 0xef, 0x5c, 0xef, 0x5c, 0xef, 0x5c, 0xef, 0x5c, 0xef,
    0x5c, 0xef, 0x5c, 0xef, 0x5c, 0xef, 0x5c, 0xef, 0x3b, 0xef, 0x3b, 0xef, 0x3c, 0xef, 0x3c, 0xef,
    0x3c, 0xef, 0x3b, 0xef, 0x3b, 0xef, 0x5c, 0xef, 0x3b, 0xef, 0x3c, 0xef, 0x3c, 0xef, 0x3c, 0xef,
    0x3c, 0xe7, 0x3c, 0xe7, 0x3c, 0xe7, 0x3b, 0xe7, 0x3b, 0xe7, 0x3b, 0xe7, 0x1c, 0xe7, 0x3b, 0xe7,
    0x1b, 0xe7, 0x1b, 0xe7, 0x1b, 0xe7, 0x1b, 0xe7, 0x1b, 0xe7, 0x1b, 0xe7, 0x1b, 0xe7, 0x1b, 0xe7,
    0x1b, 0xe7, 0x1b, 0xe7, 0x1b, 0xe7, 0x1b, 0xe7, 0x1b, 0xe7, 0x1b, 0xe7, 0x1b, 0xe7, 0xfb, 0xde,
    0xfb, 0xde, 0xfb, 0xde, 0xfb, 0xde, 0xfb, 0xde, 0xfb, 0xde, 0xfb, 0xde, 0xfb, 0xde, 0xfb, 0xde,
    0xfb, 0xde, 0xfb, 0xde, 0xfb, 0xde, 0xdb, 0xde, 0xdb, 0xde, 0xdb, 0xde, 0xdb, 0xde, 0xdb, 0xde,
    0xda, 0xde, 0xdb, 0xde, 0xda, 0xde, 0xda, 0xde, 0xda, 0xde, 0xda, 0xde, 0xda, 0xde, 0xda, 0xde,
    0xda, 0xde, 0xda, 0xde, 0xda, 0xde, 0xda, 0xde, 0xda, 0xde, 0xda, 0xde, 0xba, 0xd6, 0xba, 0xd6,
    0xba, 0xd6, 0xba, 0xd6, 0xba, 0xd6, 0xba, 0xd6, 0xba, 0xd6, 0xba, 0xd6, 0xba, 0xd6, 0xba, 0xd6,
    0xba, 0xd6, 0xba, 0xd6, 0xba, 0xd6, 0xba, 0xd6, 0xba, 0xd6, 0xba, 0xd6, 0xba, 0xd6, 0xba, 0xd6,
    0xba, 0xd6, 0xda, 0xd6, 0xdb, 0xd6, 0xba, 0xce, 0xbb, 0xd6, 0xba, 0xd6, 0xba, 0xd6, 0x9a, 0xce,
    0xff, 0xff, 0xff, 0xff, 0xff, 0xff, 0xff, 0xff, 0xff, 0xff, 0xff, 0xff, 0xff, 0xff, 0xff, 0xff,
    0xfe, 0xff, 0xfe, 0xff, 0xfe, 0xff, 0xfe, 0xff, 0xfe, 0xff, 0xfe, 0xff, 0xfe, 0xff, 0xfe, 0xff,
    0xfe, 0xff, 0xfe, 0xff, 0xfe, 0xff, 0xfe, 0xff, 0xfe, 0xff, 0xfe, 0xff, 0xfe, 0xff, 0xfe, 0xff,
    0xfe, 0xff, 0xfe, 0xff, 0xfe, 0xff, 0xfe, 0xff, 0xfe, 0xff, 0xfe, 0xff, 0xfe, 0xff, 0xfe, 0xff,
    0xfe, 0xff, 0xfe, 0xff, 0xfe, 0xff, 0xfe, 0xff, 0xfe, 0xff, 0xfe, 0xff, 0xfe, 0xff, 0xfe, 0xff,
    0xfe, 0xff, 0xfe, 0xff, 0xfe, 0xff, 0xfe, 0xff, 0xfe, 0xff, 0xfe, 0xff, 0xfe, 0xff, 0xfe, 0xff,
    0xfe, 0xff, 0xfe, 0xff, 0xfe, 0xff, 0xfe, 0xff, 0xfe, 0xff, 0xfe, 0xff, 0xfe, 0xff, 0xfe, 0xff,
    0xfe, 0xff, 0xfe, 0xff, 0xfe, 0xff, 0xfe, 0xff, 0xfe, 0xff, 0xfe, 0xff, 0xfe, 0xff, 0xfe, 0xff,
    0xfd, 0xff, 0xfd, 0xff, 0xfe, 0xff, 0xfe, 0xff, 0xfe, 0xff, 0xfe, 0xff, 0xfe, 0xff, 0xfe, 0xff,
    0xfe, 0xff, 0xfe, 0xff, 0xfe, 0xff, 0xfe, 0xff, 0xfe, 0xff, 0xfe, 0xff, 0xde, 0xff, 0xfe, 0xff,
    0xfd, 0xff, 0xfd, 0xff, 0xfe, 0xff, 0xde, 0xff, 0xfd, 0xff, 0xde, 0xff, 0xdd, 0xff, 0xfd, 0xff,
    0xdd, 0xff, 0xdd, 0xff, 0xdd, 0xff, 0xfe, 0xff, 0xfe, 0xff, 0xde, 0xff, 0xdd, 0xff, 0xdd, 0xff,
    0xde, 0xff, 0xdd, 0xff, 0xdd, 0xff, 0xdd, 0xff, 0xdd, 0xff, 0xdd, 0xff, 0xdd, 0xff, 0xdd, 0xff,
    0xdd, 0xff, 0xdd, 0xff, 0xdd, 0xff, 0xdd, 0xff, 0xdd, 0xff, 0xdd, 0xff, 0xdd, 0xff, 0xdd, 0xff,
    0xdd, 0xff, 0xdd, 0xff, 0xdd, 0xff, 0xdd, 0xff, 0xdd, 0xff, 0xdd, 0xff, 0xdd, 0xff, 0xdd, 0xff,
    0xdd, 0xff, 0xdd, 0xff, 0xdd, 0xff, 0xdd, 0xff, 0xdd, 0xff, 0xdd, 0xff, 0xdd, 0xff, 0xdd, 0xff,
    0xdd, 0xff, 0xdd, 0xff, 0xdd, 0xff, 0xdd, 0xff, 0xdd, 0xff, 0xdd, 0xff, 0xdd, 0xff, 0xdd, 0xff,
    0xbd, 0xff, 0xbd, 0xff, 0xdd, 0xff, 0xdd, 0xff, 0xdd, 0xff, 0xbd, 0xff, 0xbd, 0xff, 0xdd, 0xff,
    0xdd, 0xff, 0xbd, 0xff, 0xbd, 0xff, 0xbd, 0xff, 0xbd, 0xff, 0xbd, 0xff, 0xbd, 0xff, 0xbd, 0xff,
    0xbd, 0xff, 0xbd, 0xff, 0xbd, 0xff, 0xbd, 0xff, 0xbd, 0xff, 0xbd, 0xff, 0x9d, 0xff, 0x9d, 0xff,
    0x9d, 0xff, 0x9d, 0xff, 0x9d, 0xff, 0x9d, 0xff, 0x9d, 0xff, 0x9d, 0xff, 0x9d, 0xff, 0x9d, 0xff,
    0x9d, 0xff, 0x9d, 0xf7, 0x9c, 0xf7, 0x9d, 0xf7, 0x9d, 0xf7, 0x9c, 0xf7, 0x9d, 0xf7, 0x9c, 0xf7,
    0x9c, 0xf7, 0x9c, 0xf7, 0x9c, 0xf7, 0x9c, 0xf7, 0x9c, 0xf7, 0x9c, 0xf7, 0x9d, 0xf7, 0x9d, 0xf7,
    0x9d, 0xf7, 0x9d, 0xf7, 0x9d, 0xf7, 0x9d, 0xf7, 0x9d, 0xf7, 0x9c, 0xf7, 0x9d, 0xf7, 0x9c, 0xf7,
    0x9c, 0xf7, 0x9d, 0xf7, 0x9c, 0xf7, 0x7c, 0xf7, 0x7c, 0xf7, 0x7c, 0xf7, 0x7c, 0xf7, 0x7c, 0xf7,
    0x7c, 0xf7, 0x7c, 0xf7, 0x7c, 0xf7, 0x7c, 0xf7, 0x7c, 0xf7, 0x7c, 0xf7, 0x7c, 0xf7, 0x7c, 0xf7,
    0x7c, 0xf7, 0x7c, 0xf7, 0x5c, 0xef, 0x7c, 0xef, 0x5c, 0xf7, 0x5c, 0xf7, 0x5c, 0xef, 0x5c, 0xef,
    0x5c, 0xef, 0x5c, 0xef, 0x5c, 0xef, 0x5c, 0xef, 0x5c, 0xef, 0x5c, 0xef, 0x5c, 0xef, 0x5c, 0xef,
    0x5c, 0xef, 0x5b, 0xef, 0x5c, 0xef, 0x5c, 0xef, 0x5b, 0xef, 0x3b, 0xef, 0x3c, 0xef, 0x3b, 0xef,
    0x3b, 0xef, 0x3b, 0xef, 0x3b, 0xef, 0x3c, 0xef, 0x3c, 0xef, 0x3c, 0xef, 0x3b, 0xef, 0x3b, 0xef,
    0x3c, 0xef, 0x3c, 0xef, 0x3c, 0xe7, 0x3c, 0xe7, 0x3b, 0xe7, 0x3c, 0xe7, 0x3c, 0xe7, 0x1b, 0xe7,
    0x3b, 0xe7, 0x1b, 0xe7, 0x1b, 0xe7, 0x1b, 0xe7, 0x1b, 0xe7, 0x1b, 0xe7, 0x1b, 0xe7, 0x1b, 0xe7,
    0x1b, 0xe7, 0x1b, 0xe7, 0x1b, 0xe7, 0x1b, 0xe7, 0x1b, 0xe7, 0x1b, 0xe7, 0xfb, 0xe6, 0xfb, 0xde,
    0xfb, 0xde, 0xfb, 0xde, 0xfb, 0xde, 0xfb, 0xde, 0xfb, 0xde, 0xfb, 0xde, 0xfb, 0xde, 0xfb, 0xde,
    0xfb, 0xde, 0xfb, 0xde, 0xfb, 0xde, 0xdb, 0xde, 0xfb, 0xde, 0xdb, 0xde, 0xda, 0xde, 0xda, 0xde,
    0xdb, 0xde, 0xdb, 0xde, 0xda, 0xde, 0xda, 0xde, 0xda, 0xde, 0xda, 0xde, 0xda, 0xde, 0xda, 0xde,
    0xda, 0xde, 0xda, 0xde, 0xda, 0xd6, 0xda, 0xde, 0xba, 0xd6, 0xba, 0xd6, 0xba, 0xd6, 0xba, 0xd6,
    0xba, 0xd6, 0xda, 0xd6, 0xba, 0xd6, 0xba, 0xd6, 0xba, 0xd6, 0xba, 0xd6, 0xba, 0xd6, 0xba, 0xd6,
    0xba, 0xd6, 0xba, 0xd6, 0xba, 0xd6, 0xba, 0xd6, 0xba, 0xd6, 0xba, 0xd6, 0xba, 0xd6, 0xba, 0xd6,
    0xba, 0xd6, 0xda, 0xd6, 0xdb, 0xd6, 0xba, 0xd6, 0xba, 0xd6, 0xba, 0xd6, 0xba, 0xd6, 0xba, 0xd6,
    0xff, 0xff, 0xff, 0xff, 0xff, 0xff, 0xff, 0xff, 0xff, 0xff, 0xff, 0xff, 0xff, 0xff, 0xff, 0xff,
    0xfe, 0xff, 0xfe, 0xff, 0xfe, 0xff, 0xfe, 0xff, 0xfe, 0xff, 0xfe, 0xff, 0xfe, 0xff, 0xfe, 0xff,
    0xfe, 0xff, 0xfe, 0xff, 0xfe, 0xff, 0xfe, 0xff, 0xfe, 0xff, 0xfe, 0xff, 0xfe, 0xff, 0xfe, 0xff,
    0xfe, 0xff, 0xfe, 0xff, 0xfe, 0xff, 0xfe, 0xff, 0xfe, 0xff, 0xfe, 0xff, 0xfe, 0xff, 0xfe, 0xff,
    0xfe, 0xff, 0xfe, 0xff, 0xfe, 0xff, 0xfe, 0xff, 0xfe, 0xff, 0xfe, 0xff, 0xfe, 0xff, 0xfe, 0xff,
    0xfe, 0xff, 0xfe, 0xff, 0xfe, 0xff, 0xfe, 0xff, 0xfe, 0xff, 0xfe, 0xff, 0xfe, 0xff, 0xfe, 0xff,
    0xfe, 0xff, 0xfe, 0xff, 0xfe, 0xff, 0xfe, 0xff, 0xfe, 0xff, 0xfe, 0xff, 0xfe, 0xff, 0xfe, 0xff,
    0xfe, 0xff, 0xfe, 0xff, 0xfe, 0xff, 0xfe, 0xff, 0xfe, 0xff, 0xfe, 0xff, 0xfe, 0xff, 0xfe, 0xff,
    0xfe, 0xff, 0xfe, 0xff, 0xfe, 0xff, 0xfe, 0xff, 0xfe, 0xff, 0xfe, 0xff, 0xfe, 0xff, 0xfe, 0xff,
    0xfe, 0xff, 0xfe, 0xff, 0xfe, 0xff, 0xfe, 0xff, 0xfe, 0xff, 0xfe, 0xff, 0xfe, 0xff, 0xfd, 0xff,
    0xfe, 0xff, 0xfe, 0xff, 0xfe, 0xff, 0xde, 0xff, 0xdd, 0xff, 0xdd, 0xff, 0xfd, 0xff, 0xfd, 0xff,
    0xde, 0xff, 0xfe, 0xff, 0xfd, 0xff, 0xfd, 0xff, 0xfe, 0xff, 0xde, 0xff, 0xdd, 0xff, 0xdd, 0xff,
    0xdd, 0xff, 0xdd, 0xff, 0xdd, 0xff, 0xdd, 0xff, 0xdd, 0xff, 0xdd, 0xff, 0xdd, 0xff, 0xdd, 0xff,
    0xdd, 0xff, 0xdd, 0xff, 0xdd, 0xff, 0xdd, 0xff, 0xdd, 0xff, 0xdd, 0xff, 0xdd, 0xff, 0xdd, 0xff,
    0xdd, 0xff, 0xdd, 0xff, 0xdd, 0xff, 0xdd, 0xff, 0xdd, 0xff, 0xdd, 0xff, 0xdd, 0xff, 0xdd, 0xff,
    0xdd, 0xff, 0xdd, 0xff, 0xdd, 0xff, 0xdd, 0xff, 0xdd, 0xff, 0xdd, 0xff, 0xdd, 0xff, 0xdd, 0xff,
    0xdd, 0xff, 0xbd, 0xff, 0xdd, 0xff, 0xdd, 0xff, 0xdd, 0xff, 0xbd, 0xff, 0xdd, 0xff, 0xdd, 0xff,
    0xbd, 0xff, 0xbd, 0xff, 0xbd, 0xff, 0xdd, 0xff, 0xbd, 0xff, 0xdd, 0xff, 0xdd, 0xff, 0xdd, 0xff,
    0xdd, 0xff, 0xdd, 0xff, 0xbd, 0xff, 0xbd, 0xff, 0xbd, 0xff, 0xbd, 0xff, 0xbd, 0xff, 0xbd, 0xff,
    0xbd, 0xff, 0xbd, 0xff, 0xbd, 0xff, 0xbd, 0xff, 0xbd, 0xff, 0xbd, 0xff, 0xbd, 0xff, 0x9d, 0xff,
    0x9d, 0xff, 0x9d, 0xff, 0x9d, 0xff, 0x9d, 0xff, 0x9d, 0xff, 0x9d, 0xff, 0x9d, 0xff, 0x9d, 0xff,
    0x9d, 0xff, 0x9d, 0xff, 0x9d, 0xf7, 0x9c, 0xf7, 0x9d, 0xf7, 0x9d, 0xf7, 0x9c, 0xf7, 0x9c, 0xf7,
    0x9c, 0xf7, 0x9c, 0xf7, 0x9c, 0xf7, 0x9c, 0xf7, 0x9c, 0xf7, 0x9d, 0xf7, 0x9d, 0xf7, 0x9d, 0xf7,
    0x9d, 0xf7, 0x9d, 0xf7, 0x9d, 0xf7, 0x9d, 0xf7, 0x9d, 0xf7, 0x9d, 0xf7, 0x9d, 0xf7, 0x9c, 0xf7,
    0x9d, 0xf7, 0x9d, 0xf7, 0x9c, 0xf7, 0x7c, 0xf7, 0x7c, 0xf7, 0x7c, 0xf7, 0x7c, 0xf7, 0x7c, 0xf7,
    0x7c, 0xf7, 0x7c, 0xf7, 0x7c, 0xf7, 0x7c, 0xf7, 0x7c, 0xf7, 0x7c, 0xf7, 0x7c, 0xf7, 0x7c, 0xf7,
    0x7c, 0xf7, 0x7c, 0xf7, 0x7c, 0xef, 0x5c, 0xf7, 0x7c, 0xef, 0x5c, 0xef, 0x5c, 0xf7, 0x5c, 0xef,
    0x5c, 0xef, 0x5c, 0xef, 0x5c, 0xef, 0x5c, 0xef, 0x5c, 0xef, 0x5c, 0xef, 0x5c, 0xef, 0x5c, 0xef,
    0x5c, 0xef, 0x5c, 0xef, 0x5c, 0xef, 0x5b, 0xef, 0x3c, 0xef, 0x3c, 0xef, 0x3b, 0xef, 0x3b, 0xef,
    0x3c, 0xef, 0x3b, 0xef, 0x3c, 0xef, 0x3c, 0xef, 0x3c, 0xef, 0x3c, 0xef, 0x3c, 0xef, 0x3b, 0xef,
    0x3c, 0xe7, 0x3c, 0xe7, 0x3c, 0xe7, 0x3c, 0xe7, 0x3c, 0xe7, 0x3b, 0xe7, 0x3c, 0xe7, 0x3b, 0xe7,
    0x3c, 0xe7, 0x1b, 0xe7, 0x1b, 0xe7, 0x1b, 0xe7, 0x1b, 0xe7, 0x1b, 0xe7, 0x1b, 0xe7, 0x1b, 0xe7,
    0x1b, 0xe7, 0x1b, 0xe7, 0x1b, 0xe7, 0x1b, 0xe7, 0x1b, 0xe7, 0x1b, 0xe7, 0x1b, 0xdf, 0xfb, 0xde,
    0xfb, 0xde, 0xfb, 0xde, 0xfb, 0xde, 0xfb, 0xde, 0xfb, 0xde, 0xfb, 0xde, 0xfb, 0xde, 0xfb, 0xde,
    0xfb, 0xde, 0xfb, 0xde, 0xfb, 0xde, 0xfb, 0xde, 0xdb, 0xde, 0xdb, 0xde, 0xdb, 0xde, 0xda, 0xde,
    0xda, 0xde, 0xdb, 0xde, 0xda, 0xde, 0xda, 0xde, 0xda, 0xde, 0xda, 0xde, 0xda, 0xde, 0xda, 0xde,
    0xda, 0xde, 0xba, 0xde, 0xda, 0xde, 0xda, 0xd6, 0xba, 0xde, 0xba, 0xd6, 0xba, 0xd6, 0xba, 0xd6,
    0xba, 0xd6, 0xba, 0xd6, 0xba, 0xd6, 0xba, 0xd6, 0xba, 0xd6, 0xba, 0xd6, 0xba, 0xd6, 0xba, 0xd6,
    0xba, 0xd6, 0xba, 0xd6, 0xba, 0xd6, 0xba, 0xd6, 0xba, 0xd6, 0xba, 0xd6, 0xba, 0xd6, 0xda, 0xd6,
    0xba, 0xd6, 0xbb, 0xd6, 0xdb, 0xd6, 0xba, 0xd6, 0xbb, 0xd6, 0xba, 0xd6, 0xba, 0xd6, 0xba, 0xd6,
    0xff, 0xff, 0xff, 0xff, 0xff, 0xff, 0xff, 0xff, 0xff, 0xff, 0xff, 0xff, 0xff, 0xff, 0xfe, 0xff,
    0xfe, 0xff, 0xfe, 0xff, 0xfe, 0xff, 0xfe, 0xff, 0xfe, 0xff, 0xfe, 0xff, 0xfe, 0xff, 0xfe, 0xff,
    0xfe, 0xff, 0xfe, 0xff, 0xfe, 0xff, 0xfe, 0xff, 0xfe, 0xff, 0xfe, 0xff, 0xfe, 0xff, 0xfe, 0xff,
    0xfe, 0xff, 0xfe, 0xff, 0xfe, 0xff, 0xfe, 0xff, 0xfe, 0xff, 0xfe, 0xff, 0xfe, 0xff, 0xfe, 0xff,
    0xfe, 0xff, 0xfe, 0xff, 0xfe, 0xff, 0xfe, 0xff, 0xfe, 0xff, 0xfe, 0xff, 0xfe, 0xff, 0xfe, 0xff,
    0xfe, 0xff, 0xfe, 0xff, 0xfe, 0xff, 0xfe, 0xff, 0xfe, 0xff, 0xfe, 0xff, 0xfe, 0xff, 0xfe, 0xff,
    0xfe, 0xff, 0xfe, 0xff, 0xfe, 0xff, 0xfe, 0xff, 0xfe, 0xff, 0xfe, 0xff, 0xfe, 0xff, 0xfe, 0xff,
    0xfe, 0xff, 0xfe, 0xff, 0xfe, 0xff, 0xfe, 0xff, 0xfe, 0xff, 0xfe, 0xff, 0xfe, 0xff, 0xde, 0xff,
    0xfe, 0xff, 0xfe, 0xff, 0xfd, 0xff, 0xfe, 0xff, 0xfe, 0xff, 0xfe, 0xff, 0xfe, 0xff, 0xfe, 0xff,
    0xfe, 0xff, 0xfe, 0xff, 0xfe, 0xff, 0xfe, 0xff, 0xfe, 0xff, 0xfd, 0xff, 0xfd, 0xff, 0xfd, 0xff,
    0xdd, 0xff, 0xfd, 0xff, 0xfe, 0xff, 0xfe, 0xff, 0xfe, 0xff, 0xdd, 0xff, 0xdd, 0xff, 0xdd, 0xff,
    0xdd, 0xff, 0xfe, 0xff, 0xfd, 0xff, 0xdd, 0xff, 0xdd, 0xff, 0xdd, 0xff, 0xdd, 0xff, 0xdd, 0xff,
    0xdd, 0xff, 0xdd, 0xff, 0xde, 0xff, 0xdd, 0xff, 0xdd, 0xff, 0xdd, 0xff, 0xdd, 0xff, 0xdd, 0xff,
    0xdd, 0xff, 0xdd, 0xff, 0xdd, 0xff, 0xdd, 0xff, 0xdd, 0xff, 0xdd, 0xff, 0xdd, 0xff, 0xdd, 0xff,
    0xdd, 0xff, 0xdd, 0xff, 0xdd, 0xff, 0xdd, 0xff, 0xdd, 0xff, 0xdd, 0xff, 0xdd, 0xff, 0xdd, 0xff,
    0xdd, 0xff, 0xdd, 0xff, 0xdd, 0xff, 0xdd, 0xff, 0xdd, 0xff, 0xdd, 0xff, 0xdd, 0xff, 0xdd, 0xff,
    0xdd, 0xff, 0xdd, 0xff, 0xdd, 0xff, 0xdd, 0xff, 0xbd, 0xff, 0xdd, 0xff, 0xdd, 0xff, 0xdd, 0xff,
    0xdd, 0xff, 0xdd, 0xff, 0xdd, 0xff, 0xdd, 0xff, 0xdd, 0xff, 0xbd, 0xff, 0xdd, 0xff, 0xbd, 0xff,
    0xbd, 0xff, 0xbd, 0xff, 0xbd, 0xff, 0xbd, 0xff, 0xbd, 0xff, 0xbd, 0xff, 0xbd, 0xff, 0xbd, 0xff,
    0xbd, 0xff, 0xbd, 0xff, 0xbd, 0xff, 0xbd, 0xff, 0xbd, 0xff, 0xbd, 0xff, 0xbd, 0xff, 0x9d, 0xff,
    0x9d, 0xff, 0x9d, 0xff, 0x9d, 0xff, 0x9d, 0xff, 0x9d, 0xff, 0x9d, 0xff, 0x9d, 0xff, 0x9d, 0xff,
    0x9d, 0xff, 0x9c, 0xf7, 0x9c, 0xf7, 0x9d, 0xf7, 0x9c, 0xf7, 0x9c, 0xf7, 0x9c, 0xf7, 0x9c, 0xf7,
    0x9c, 0xf7, 0x9c, 0xf7, 0x9c, 0xf7, 0x9c, 0xf7, 0x9c, 0xf7, 0x9c, 0xf7, 0x9d, 0xf7, 0x9d, 0xf7,
    0x9d, 0xf7, 0x9d, 0xff, 0x9d, 0xf7, 0x9d, 0xf7, 0x9d, 0xf7, 0x9d, 0xf7, 0x9d, 0xf7, 0x9d, 0xf7,
    0x9d, 0xf7, 0x9d, 0xf7, 0x9c, 0xf7, 0x9c, 0xf7, 0x7c, 0xf7, 0x7c, 0xf7, 0x7c, 0xf7, 0x7c, 0xf7,
    0x7c, 0xf7, 0x7c, 0xf7, 0x7c, 0xf7, 0x7c, 0xf7, 0x7c, 0xf7, 0x7c, 0xf7, 0x7c, 0xf7, 0x7c, 0xef,
    0x7c, 0xf7, 0x7c, 0xf7, 0x7c, 0xf7, 0x7c, 0xef, 0x7c, 0xef, 0x5c, 0xef, 0x5c, 0xf7, 0x5c, 0xef,
    0x5c, 0xef, 0x5c, 0xef, 0x5c, 0xef, 0x5c, 0xef, 0x5c, 0xef, 0x5c, 0xef, 0x5c, 0xef, 0x5c, 0xef,
    0x5b, 0xef, 0x5b, 0xef, 0x5c, 0xef, 0x5b, 0xef, 0x5c, 0xef, 0x3b, 0xef, 0x3b, 0xef, 0x3c, 0xef,
    0x3b, 0xef, 0x3c, 0xef, 0x3c, 0xef, 0x3c, 0xef, 0x3c, 0xef, 0x3c, 0xef, 0x3b, 0xef, 0x3b, 0xef,
    0x3c, 0xe7, 0x3c, 0xe7, 0x3c, 0xe7, 0x3c, 0xe7, 0x3b, 0xe7, 0x3b, 0xe7, 0x3c, 0xe7, 0x3c, 0xe7,
    0x3b, 0xe7, 0x1b, 0xe7, 0x1b, 0xe7, 0x1b, 0xe7, 0x1b, 0xe7, 0x1b, 0xe7, 0x1b, 0xe7, 0x1b, 0xe7,
    0x1b, 0xe7, 0x1b, 0xe7, 0x1b, 0xe7, 0x1b, 0xe7, 0x1b, 0xe7, 0xfb, 0xe6, 0xfb, 0xde, 0xfb, 0xe6,
    0xfb, 0xe6, 0xfb, 0xde, 0xfb, 0xde, 0xfb, 0xde, 0xfb, 0xde, 0xfb, 0xde, 0xfb, 0xde, 0xfb, 0xde,
    0xfb, 0xde, 0xfb, 0xde, 0xfb, 0xde, 0xfb, 0xde, 0xdb, 0xde, 0xdb, 0xde, 0xdb, 0xde, 0xda, 0xde,
    0xda, 0xde, 0xda, 0xde, 0xda, 0xde, 0xda, 0xde, 0xda, 0xde, 0xda, 0xde, 0xda, 0xde, 0xda, 0xde,
    0xda, 0xde, 0xba, 0xde, 0xda, 0xd6, 0xda, 0xde, 0xda, 0xd6, 0xba, 0xd6, 0xba, 0xd6, 0xba, 0xd6,
    0xba, 0xd6, 0xba, 0xd6, 0xba, 0xd6, 0xba, 0xd6, 0xba, 0xd6, 0xba, 0xd6, 0xba, 0xd6, 0xba, 0xd6,
    0xba, 0xd6, 0xba, 0xd6, 0xba, 0xd6, 0xba, 0xd6, 0xba, 0xd6, 0xba, 0xd6, 0xba, 0xd6, 0xba, 0xd6,
    0xba, 0xd6, 0xba, 0xd6, 0xdb, 0xd6, 0xba, 0xd6, 0xba, 0xd6, 0xba, 0xd6, 0xba, 0xd6, 0xba, 0xd6,
    0xff, 0xff, 0xff, 0xff, 0xff, 0xff, 0xff, 0xff, 0xff, 0xff, 0xff, 0xff, 0xff, 0xff, 0xff, 0xff,
    0xfe, 0xff, 0xfe, 0xff, 0xfe, 0xff, 0xfe, 0xff, 0xfe, 0xff, 0xfe, 0xff, 0xfe, 0xff, 0xfe, 0xff,
    0xfe, 0xff, 0xfe, 0xff, 0xfe, 0xff, 0xfe, 0xff, 0xfe, 0xff, 0xfe, 0xff, 0xfe, 0xff, 0xfe, 0xff,
    0xfe, 0xff, 0xfe, 0xff, 0xfe, 0xff, 0xfe, 0xff, 0xfe, 0xff, 0xfe, 0xff, 0xfe, 0xff, 0xfe, 0xff,
    0xfe, 0xff, 0xfe, 0xff, 0xfe, 0xff, 0xfe, 0xff, 0xfe, 0xff, 0xfe, 0xff, 0xfe, 0xff, 0xfe, 0xff,
    0xfe, 0xff, 0xfe, 0xff, 0xfe, 0xff, 0xfe, 0xff, 0xfe, 0xff, 0xfe, 0xff, 0xfe, 0xff, 0xfe, 0xff,
    0xfe, 0xff, 0xfe, 0xff, 0xfe, 0xff, 0xfe, 0xff, 0xfe, 0xff, 0xfe, 0xff, 0xfe, 0xff, 0xfe, 0xff,
    0xfe, 0xff, 0xfe, 0xff, 0xfe, 0xff, 0xfe, 0xff, 0xfe, 0xff, 0xfe, 0xff, 0xfe, 0xff, 0xfe, 0xff,
    0xfe, 0xff, 0xfe, 0xff, 0xfe, 0xff, 0xfe, 0xff, 0xfe, 0xff, 0xfe, 0xff, 0xfe, 0xff, 0xfe, 0xff,
    0xfe, 0xff, 0xfe, 0xff, 0xfe, 0xff, 0xfe, 0xff, 0xfd, 0xff, 0xdd, 0xff, 0xfd, 0xff, 0xdd, 0xff,
    0xdd, 0xff, 0xfe, 0xff, 0xfd, 0xff, 0xdd, 0xff, 0xdd, 0xff, 0xfd, 0xff, 0xdd, 0xff, 0xdd, 0xff,
    0xdd, 0xff, 0xdd, 0xff, 0xdd, 0xff, 0xde, 0xff, 0xdd, 0xff, 0xdd, 0xff, 0xdd, 0xff, 0xdd, 0xff,
    0xdd, 0xff, 0xdd, 0xff, 0xdd, 0xff, 0xde, 0xff, 0xdd, 0xff, 0xdd, 0xff, 0xdd, 0xff, 0xdd, 0xff,
    0xdd, 0xff, 0xdd, 0xff, 0xdd, 0xff, 0xdd, 0xff, 0xdd, 0xff, 0xdd, 0xff, 0xdd, 0xff, 0xdd, 0xff,
    0xdd, 0xff, 0xdd, 0xff, 0xdd, 0xff, 0xdd, 0xff, 0xdd, 0xff, 0xdd, 0xff, 0xdd, 0xff, 0xdd, 0xff,
    0xdd, 0xff, 0xdd, 0xff, 0xdd, 0xff, 0xdd, 0xff, 0xdd, 0xff, 0xdd, 0xff, 0xdd, 0xff, 0xdd, 0xff,
    0xdd, 0xff, 0xdd, 0xff, 0xdd, 0xff, 0xdd, 0xff, 0xdd, 0xff, 0xdd, 0xff, 0xdd, 0xff, 0xdd, 0xff,
    0xdd, 0xff, 0xdd, 0xff, 0xbd, 0xff, 0xdd, 0xff, 0xdd, 0xff, 0xbd, 0xff, 0xbd, 0xff, 0xdd, 0xff,
    0xbd, 0xff, 0xbd, 0xff, 0xbd, 0xff, 0xbd, 0xff, 0xbd, 0xff, 0xbd, 0xff, 0xbd, 0xff, 0xbd, 0xff,
    0xbd, 0xff, 0xbd, 0xff, 0xbd, 0xff, 0xbd, 0xff, 0xbd, 0xff, 0xbd, 0xff, 0xbd, 0xff, 0x9d, 0xff,
    0x9d, 0xff, 0x9d, 0xff, 0x9d, 0xff, 0x9d, 0xff, 0x9d, 0xff, 0x9d, 0xff, 0x9d, 0xff, 0x9d, 0xff,
    0x9d, 0xff, 0x9d, 0xff, 0x9c, 0xf7, 0x9c, 0xf7, 0x9c, 0xf7, 0x9c, 0xf7, 0x9c, 0xf7, 0x9c, 0xf7,
    0x9c, 0xf7, 0x9c, 0xf7, 0x9c, 0xf7, 0x9c, 0xf7, 0x9d, 0xf7, 0x9c, 0xf7, 0x9d, 0xf7, 0x9d, 0xf7,
    0x9c, 0xf7, 0x9d, 0xff, 0x9d, 0xff, 0x9d, 0xf7, 0x9d, 0xf7, 0x9d, 0xf7, 0x9d, 0xff, 0x9d, 0xf7,
    0x9d, 0xf7, 0x9d, 0xf7, 0x9d, 0xf7, 0x9c, 0xf7, 0x9c, 0xf7, 0x7c, 0xf7, 0x7c, 0xf7, 0x7c, 0xf7,
    0x7c, 0xf7, 0x7c, 0xf7, 0x9c, 0xf7, 0x9c, 0xf7, 0x7c, 0xf7, 0x7c, 0xf7, 0x7c, 0xf7, 0x7c, 0xf7,
    0x7c, 0xf7, 0x7c, 0xf7, 0x7c, 0xef, 0x7c, 0xef, 0x5c, 0xf7, 0x5c, 0xef, 0x5c, 0xef, 0x5c, 0xef,
    0x5c, 0xef, 0x5c, 0xef, 0x5c, 0xef, 0x5c, 0xef, 0x5c, 0xef, 0x5c, 0xef, 0x5c, 0xef, 0x5c, 0xef,
    0x5b, 0xef, 0x5b, 0xef, 0x5c, 0xef, 0x5b, 0xef, 0x3c, 0xef, 0x3b, 0xef, 0x3c, 0xef, 0x3c, 0xef,
    0x3b, 0xef, 0x3c, 0xef, 0x3c, 0xef, 0x3b, 0xef, 0x3c, 0xef, 0x3c, 0xef, 0x3c, 0xef, 0x3c, 0xef,
    0x3c, 0xef, 0x3c, 0xe7, 0x3c, 0xe7, 0x3c, 0xe7, 0x3c, 0xe7, 0x3c, 0xe7, 0x3c, 0xe7, 0x3c, 0xe7,
    0x1b, 0xe7, 0x1b, 0xe7, 0x1b, 0xe7, 0x1b, 0xe7, 0x1b, 0xe7, 0x1b, 0xe7, 0x1b, 0xe7, 0x1b, 0xe7,
    0x1b, 0xe7, 0x1b, 0xe7, 0x1b, 0xe7, 0x1b, 0xe7, 0x1b, 0xe7, 0x1b, 0xe7, 0x1b, 0xdf, 0xfb, 0xde,
    0xfb, 0xde, 0xfb, 0xde, 0xfb, 0xde, 0xfb, 0xde, 0xfb, 0xde, 0xfb, 0xde, 0xfb, 0xde, 0xfb, 0xde,
    0xfb, 0xde, 0xfb, 0xde, 0xfb, 0xde, 0xfb, 0xde, 0xfb, 0xde, 0xdb, 0xde, 0xda, 0xde, 0xdb, 0xde,
    0xda, 0xde, 0xda, 0xde, 0xda, 0xde, 0xda, 0xde, 0xda, 0xde, 0xda, 0xde, 0xda, 0xde, 0xda, 0xde,
    0xda, 0xde, 0xda, 0xde, 0xda, 0xde, 0xda, 0xde, 0xda, 0xd6, 0xba, 0xd6, 0xda, 0xd6, 0xba, 0xde,
    0xba, 0xd6, 0xba, 0xd6, 0xba, 0xd6, 0xba, 0xd6, 0xba, 0xd6, 0xba, 0xd6, 0xba, 0xd6, 0xba, 0xd6,
    0xba, 0xd6, 0xba, 0xd6, 0xba, 0xd6, 0xba, 0xd6, 0xba, 0xd6, 0xba, 0xd6, 0xba, 0xd6, 0xba, 0xd6,
    0xba, 0xd6, 0xba, 0xd6, 0xdb, 0xd6, 0xbb, 0xd6, 0xba, 0xd6, 0xba, 0xd6, 0xba, 0xd6, 0xba, 0xd6,
    0xff, 0xff, 0xff, 0xff, 0xff, 0xff, 0xff, 0xff, 0xff, 0xff, 0xff, 0xff, 0xff, 0xff, 0xff, 0xff,
    0xfe, 0xff, 0xfe, 0xff, 0xfe, 0xff, 0xfe, 0xff, 0xfe, 0xff, 0xfe, 0xff, 0xfe, 0xff, 0xfe, 0xff,
    0xfe, 0xff, 0xfe, 0xff, 0xfe, 0xff, 0xfe, 0xff, 0xfe, 0xff, 0xfe, 0xff, 0xfe, 0xff, 0xfe, 0xff,
    0xfe, 0xff, 0xfe, 0xff, 0xfe, 0xff, 0xfe, 0xff, 0xfe, 0xff, 0xfe, 0xff, 0xfe, 0xff, 0xfe, 0xff,
    0xfe, 0xff, 0xfe, 0xff, 0xfe, 0xff, 0xfe, 0xff, 0xfe, 0xff, 0xfe, 0xff, 0xfe, 0xff, 0xfe, 0xff,
    0xfe, 0xff, 0xfe, 0xff, 0xfe, 0xff, 0xfe, 0xff, 0xfe, 0xff, 0xfe, 0xff, 0xfe, 0xff, 0xfe, 0xff,
    0xfe, 0xff, 0xfe, 0xff, 0xfe, 0xff, 0xfe, 0xff, 0xfe, 0xff, 0xfe, 0xff, 0xfe, 0xff, 0xfe, 0xff,
    0xfe, 0xff, 0xfe, 0xff, 0xfe, 0xff, 0xfe, 0xff, 0xfe, 0xff, 0xfe, 0xff, 0xfe, 0xff, 0xfe, 0xff,
    0xfe, 0xff, 0xfe, 0xff, 0xfe, 0xff, 0xfe, 0xff, 0xfe, 0xff, 0xfe, 0xff, 0xfe, 0xff, 0xfe, 0xff,
    0xfe, 0xff, 0xfe, 0xff, 0xfe, 0xff, 0xfe, 0xff, 0xfe, 0xff, 0xfe, 0xff, 0xfe, 0xff, 0xfe, 0xff,
    0xde, 0xff, 0xdd, 0xff, 0xdd, 0xff, 0xfd, 0xff, 0xdd, 0xff, 0xdd, 0xff, 0xdd, 0xff, 0xfd, 0xff,
    0xdd, 0xff, 0xdd, 0xff, 0xdd, 0xff, 0xde, 0xff, 0xdd, 0xff, 0xdd, 0xff, 0xfd, 0xff, 0xfd, 0xff,
    0xdd, 0xff, 0xdd, 0xff, 0xdd, 0xff, 0xdd, 0xff, 0xdd, 0xff, 0xdd, 0xff, 0xdd, 0xff, 0xdd, 0xff,
    0xdd, 0xff, 0xdd, 0xff, 0xdd, 0xff, 0xdd, 0xff, 0xdd, 0xff, 0xdd, 0xff, 0xdd, 0xff, 0xdd, 0xff,
    0xdd, 0xff, 0xdd, 0xff, 0xdd, 0xff, 0xdd, 0xff, 0xdd, 0xff, 0xdd, 0xff, 0xdd, 0xff, 0xdd, 0xff,
    0xdd, 0xff, 0xdd, 0xff, 0xdd, 0xff, 0xdd, 0xff, 0xdd, 0xff, 0xdd, 0xff, 0xdd, 0xff, 0xdd, 0xff,
    0xdd, 0xff, 0xdd, 0xff, 0xdd, 0xff, 0xdd, 0xff, 0xdd, 0xff, 0xdd, 0xff, 0xdd, 0xff, 0xdd, 0xff,
    0xdd, 0xff, 0xdd, 0xff, 0xdd, 0xff, 0xbd, 0xff, 0xbd, 0xff, 0xbd, 0xff, 0xdd, 0xff, 0xdd, 0xff,
    0xdd, 0xff, 0xbd, 0xff, 0xbd, 0xff, 0xbd, 0xff, 0xbd, 0xff, 0xbd, 0xff, 0xbd, 0xff, 0xbd, 0xff,
    0xbd, 0xff, 0xbd, 0xff, 0xbd, 0xff, 0xbd, 0xff, 0xbd, 0xff, 0xbd, 0xff, 0xbd, 0xff, 0x9d, 0xff,
    0x9d, 0xff, 0x9d, 0xff, 0x9d, 0xff, 0x9d, 0xff, 0x9d, 0xff, 0x9d, 0xff, 0x9d, 0xff, 0x9d, 0xff,
    0x9d, 0xff, 0x9c, 0xf7, 0x9c, 0xf7, 0x9c, 0xf7, 0x9c, 0xf7, 0x9c, 0xf7, 0x9c, 0xf7, 0x9c, 0xf7,
    0x9c, 0xf7, 0x9c, 0xf7, 0x9c, 0xf7, 0x9c, 0xf7, 0x9d, 0xf7, 0x9d, 0xf7, 0x9d, 0xf7, 0x9d, 0xf7,
    0x9d, 0xf7, 0x9d, 0xf7, 0x9d, 0xf7, 0x9d, 0xf7, 0x9d, 0xf7, 0x9d, 0xf7, 0x9d, 0xf7, 0x9d, 0xf7,
    0x9d, 0xf7, 0x9d, 0xf7, 0x9d, 0xf7, 0x9c, 0xf7, 0x9c, 0xf7, 0x9c, 0xf7, 0x7c, 0xf7, 0x7c, 0xf7,
    0x7c, 0xf7, 0x7c, 0xf7, 0x7c, 0xf7, 0x9c, 0xf7, 0x7c, 0xf7, 0x7c, 0xf7, 0x7c, 0xf7, 0x7c, 0xf7,
    0x7c, 0xf7, 0x7c, 0xf7, 0x7c, 0xef, 0x5c, 0xef, 0x5c, 0xef, 0x5c, 0xef, 0x5c, 0xef, 0x5c, 0xef,
    0x5c, 0xef, 0x5c, 0xef, 0x5c, 0xef, 0x5c, 0xef, 0x5c, 0xef, 0x5c, 0xef, 0x5c, 0xef, 0x5c, 0xef,
    0x5c, 0xef, 0x5c, 0xef, 0x5c, 0xef, 0x3c, 0xef, 0x3c, 0xef, 0x5b, 0xef, 0x3b, 0xef, 0x3c, 0xef,
    0x3c, 0xef, 0x3b, 0xef, 0x3b, 0xef, 0x3c, 0xef, 0x3c, 0xef, 0x3b, 0xef, 0x3c, 0xef, 0x3c, 0xef,
    0x3c, 0xef, 0x3c, 0xe7, 0x3c, 0xe7, 0x3c, 0xe7, 0x3c, 0xe7, 0x3c, 0xe7, 0x3c, 0xe7, 0x3c, 0xe7,
    0x3c, 0xe7, 0x1b, 0xe7, 0x1b, 0xe7, 0x1b, 0xe7, 0x1b, 0xe7, 0x1b, 0xe7, 0x1b, 0xe7, 0x1b, 0xe7,
    0x1b, 0xe7, 0x1b, 0xe7, 0x1b, 0xe7, 0x1b, 0xe7, 0x1b, 0xe7, 0xfb, 0xe6, 0xfb, 0xde, 0xfb, 0xde,
    0xfb, 0xe6, 0xfb, 0xde, 0xfb, 0xde, 0xfb, 0xde, 0xfb, 0xde, 0xfb, 0xde, 0xfb, 0xde, 0xfb, 0xde,
    0xfb, 0xde, 0xfb, 0xde, 0xfb, 0xde, 0xdb, 0xde, 0xdb, 0xde, 0xdb, 0xde, 0xdb, 0xde, 0xda, 0xde,
    0xda, 0xde, 0xda, 0xde, 0xda, 0xde, 0xda, 0xde, 0xda, 0xde, 0xda, 0xde, 0xda, 0xde, 0xdb, 0xde,
    0xda, 0xde, 0xda, 0xde, 0xda, 0xde, 0xda, 0xde, 0xba, 0xd6, 0xba, 0xd6, 0xba, 0xd6, 0xba, 0xde,
    0xda, 0xd6, 0xba, 0xd6, 0xba, 0xd6, 0xba, 0xd6, 0xba, 0xd6, 0xba, 0xd6, 0xba, 0xd6, 0xba, 0xd6,
    0xba, 0xd6, 0xba, 0xd6, 0xba, 0xd6, 0xba, 0xd6, 0xba, 0xd6, 0xba, 0xd6, 0xba, 0xd6, 0xba, 0xd6,
    0xba, 0xd6, 0xba, 0xd6, 0xdb, 0xd6, 0xbb, 0xd6, 0xba, 0xd6, 0xbb, 0xd6, 0xba, 0xd6, 0xba, 0xd6,
    0xff, 0xff, 0xff, 0xff, 0xff, 0xff, 0xff, 0xff, 0xff, 0xff, 0xff, 0xff, 0xff, 0xff, 0xff, 0xff,
    0xfe, 0xff, 0xfe, 0xff, 0xfe, 0xff, 0xfe, 0xff, 0xfe, 0xff, 0xfe, 0xff, 0xfe, 0xff, 0xfe, 0xff,
    0xfe, 0xff, 0xfe, 0xff, 0xfe, 0xff, 0xfe, 0xff, 0xfe, 0xff, 0xfe, 0xff, 0xfe, 0xff, 0xfe, 0xff,
    0xfe, 0xff, 0xfe, 0xff, 0xfe, 0xff, 0xfe, 0xff, 0xfe, 0xff, 0xfe, 0xff, 0xfe, 0xff, 0xfe, 0xff,
    0xfe, 0xff, 0xfe, 0xff, 0xfe, 0xff, 0xfe, 0xff, 0xfe, 0xff, 0xfe, 0xff, 0xfe, 0xff, 0xfe, 0xff,
    0xfe, 0xff, 0xfe, 0xff, 0xfe, 0xff, 0xfe, 0xff, 0xfe, 0xff, 0xfe, 0xff, 0xfe, 0xff, 0xfe, 0xff,
    0xfe, 0xff, 0xfe, 0xff, 0xfe, 0xff, 0xfe, 0xff, 0xfe, 0xff, 0xfe, 0xff, 0xfe, 0xff, 0xfe, 0xff,
    0xfe, 0xff, 0xfe, 0xff, 0xfe, 0xff, 0xfe, 0xff, 0xfe, 0xff, 0xfe, 0xff, 0xfe, 0xff, 0xfe, 0xff,
    0xfe, 0xff, 0xfe, 0xff, 0xfe, 0xff, 0xfe, 0xff, 0xfe, 0xff, 0xfe, 0xff, 0xfe, 0xff, 0xfe, 0xff,
    0xfe, 0xff, 0xfe, 0xff, 0xfe, 0xff, 0xfe, 0xff, 0xfe, 0xff, 0xfe, 0xff, 0xde, 0xff, 0xfe, 0xff,
    0xde, 0xff, 0xfd, 0xff, 0xdd, 0xff, 0xde, 0xff, 0xfd, 0xff, 0xdd, 0xff, 0xdd, 0xff, 0xdd, 0xff,
    0xdd, 0xff, 0xdd, 0xff, 0xfd, 0xff, 0xdd, 0xff, 0xfd, 0xff, 0xfd, 0xff, 0xdd, 0xff, 0xdd, 0xff,
    0xdc, 0xff, 0xdd, 0xff, 0xdd, 0xff, 0xdd, 0xff, 0xdd, 0xff, 0xdd, 0xff, 0xdd, 0xff, 0xdd, 0xff,
    0xdd, 0xff, 0xdd, 0xff, 0xdd, 0xff, 0xdd, 0xff, 0xdd, 0xff, 0xdd, 0xff, 0xdd, 0xff, 0xdd, 0xff,
    0xdd, 0xff, 0xdd, 0xff, 0xdd, 0xff, 0xdd, 0xff, 0xdd, 0xff, 0xdd, 0xff, 0xdd, 0xff, 0xdd, 0xff,
    0xdd, 0xff, 0xdd, 0xff, 0xdd, 0xff, 0xdd, 0xff, 0xdd, 0xff, 0xdd, 0xff, 0xdd, 0xff, 0xdd, 0xff,
    0xdd, 0xff, 0xdd, 0xff, 0xdd, 0xff, 0xdd, 0xff, 0xdd, 0xff, 0xdd, 0xff, 0xdd, 0xff, 0xdd, 0xff,
    0xdd, 0xff, 0xbd, 0xff, 0xdd, 0xff, 0xbd, 0xff, 0xdd, 0xff, 0xdd, 0xff, 0xdd, 0xff, 0xbd, 0xff,
    0xbd, 0xff, 0xbd, 0xff, 0xbd, 0xff, 0xbd, 0xff, 0xbd, 0xff, 0xbd, 0xff, 0xbd, 0xff, 0xbd, 0xff,
    0xbd, 0xff, 0xbd, 0xff, 0xbd, 0xff, 0xbd, 0xff, 0xbd, 0xff, 0xbd, 0xff, 0x9d, 0xff, 0x9d, 0xff,
    0x9d, 0xff, 0xbd, 0xff, 0x9d, 0xff, 0x9d, 0xff, 0x9d, 0xff, 0x9d, 0xff, 0x9d, 0xff, 0x9d, 0xff,
    0x9c, 0xf7, 0x9c, 0xf7, 0x9c, 0xf7, 0x9c, 0xf7, 0x9c, 0xf7, 0x9c, 0xf7, 0x9c, 0xf7, 0x9c, 0xf7,
    0x9c, 0xf7, 0x9d, 0xf7, 0x9c, 0xf7, 0x9c, 0xf7, 0x9c, 0xf7, 0x9c, 0xf7, 0x9c, 0xf7, 0x9d, 0xf7,
    0x9d, 0xf7, 0x9d, 0xf7, 0x9d, 0xf7, 0x9d, 0xf7, 0x9d, 0xf7, 0x9d, 0xf7, 0x9c, 0xf7, 0x9d, 0xf7,
    0x9d, 0xf7, 0x9d, 0xf7, 0x9c, 0xf7, 0x9c, 0xf7, 0x9c, 0xf7, 0x9c, 0xf7, 0x7c, 0xf7, 0x7c, 0xf7,
    0x7c, 0xf7, 0x7c, 0xf7, 0x7c, 0xf7, 0x7c, 0xf7, 0x7c, 0xf7, 0x7c, 0xf7, 0x7c, 0xf7, 0x7c, 0xf7,
    0x7c, 0xef, 0x7c, 0xef, 0x7c, 0xef, 0x5c, 0xf7, 0x5c, 0xef, 0x5c, 0xef, 0x5c, 0xef, 0x5c, 0xef,
    0x5c, 0xef, 0x5c, 0xef, 0x5c, 0xef, 0x5b, 0xef, 0x5b, 0xef, 0x5b, 0xef, 0x5c, 0xef, 0x5c, 0xef,
    0x5c, 0xef, 0x5c, 0xef, 0x5b, 0xef, 0x3c, 0xef, 0x3c, 0xef, 0x5c, 0xef, 0x3c, 0xef, 0x3c, 0xef,
    0x3c, 0xef, 0x3b, 0xef, 0x3b, 0xef, 0x3c, 0xef, 0x3c, 0xef, 0x3b, 0xef, 0x3c, 0xef, 0x3c, 0xe7,
    0x3c, 0xe7, 0x3c, 0xe7, 0x3c, 0xe7, 0x3c, 0xe7, 0x3c, 0xe7, 0x3c, 0xe7, 0x3c, 0xe7, 0x3b, 0xe7,
    0x1b, 0xe7, 0x1c, 0xe7, 0x1b, 0xe7, 0x1b, 0xe7, 0x1b, 0xe7, 0x1b, 0xe7, 0x1b, 0xe7, 0x1b, 0xe7,
    0x1b, 0xe7, 0x1b, 0xe7, 0x1b, 0xe7, 0x1b, 0xe7, 0x1b, 0xe7, 0xfb, 0xde, 0xfb, 0xde, 0xfb, 0xde,
    0xfb, 0xde, 0xfb, 0xde, 0xfb, 0xde, 0xfb, 0xde, 0xfb, 0xde, 0xfb, 0xde, 0xfb, 0xde, 0xfb, 0xde,
    0xfb, 0xde, 0xfb, 0xde, 0xfb, 0xde, 0xfb, 0xde, 0xdb, 0xde, 0xdb, 0xde, 0xdb, 0xde, 0xda, 0xde,
    0xda, 0xde, 0xda, 0xde, 0xda, 0xde, 0xda, 0xde, 0xda, 0xde, 0xda, 0xde, 0xda, 0xde, 0xda, 0xde,
    0xda, 0xde, 0xda, 0xde, 0xda, 0xde, 0xda, 0xde, 0xda, 0xde, 0xda, 0xde, 0xba, 0xd6, 0xba, 0xd6,
    0xba, 0xd6, 0xba, 0xd6, 0xba, 0xd6, 0xba, 0xd6, 0xba, 0xd6, 0xba, 0xd6, 0xba, 0xd6, 0xba, 0xd6,
    0xba, 0xd6, 0xba, 0xd6, 0xba, 0xd6, 0xba, 0xd6, 0xba, 0xd6, 0xba, 0xd6, 0xba, 0xd6, 0xba, 0xd6,
    0xda, 0xd6, 0xda, 0xd6, 0xdb, 0xd6, 0xba, 0xd6, 0xba, 0xd6, 0xba, 0xd6, 0xba, 0xd6, 0xba, 0xd6,
    0xff, 0xff, 0xff, 0xff, 0xff, 0xff, 0xff, 0xff, 0xff, 0xff, 0xff, 0xff, 0xff, 0xff, 0xff, 0xff,
    0xfe, 0xff, 0xfe, 0xff, 0xfe, 0xff, 0xfe, 0xff, 0xfe, 0xff, 0xfe, 0xff, 0xfe, 0xff, 0xfe, 0xff,
    0xfe, 0xff, 0xfe, 0xff, 0xfe, 0xff, 0xfe, 0xff, 0xfe, 0xff, 0xfe, 0xff, 0xfe, 0xff, 0xfe, 0xff,
    0xfe, 0xff, 0xfe, 0xff, 0xfe, 0xff, 0xfe, 0xff, 0xfe, 0xff, 0xfe, 0xff, 0xfe, 0xff, 0xfe, 0xff,
    0xfe, 0xff, 0xfe, 0xff, 0xfe, 0xff, 0xfe, 0xff, 0xfe, 0xff, 0xfe, 0xff, 0xfe, 0xff, 0xfe, 0xff,
    0xfe, 0xff, 0xfe, 0xff, 0xfe, 0xff, 0xfe, 0xff, 0xfe, 0xff, 0xfe, 0xff, 0xfe, 0xff, 0xfe, 0xff,
    0xfe, 0xff, 0xfe, 0xff, 0xfe, 0xff, 0xfe, 0xff, 0xfe, 0xff, 0xfe, 0xff, 0xfe, 0xff, 0xfe, 0xff,
    0xfe, 0xff, 0xfe, 0xff, 0xfe, 0xff, 0xfe, 0xff, 0xfe, 0xff, 0xfe, 0xff, 0xfe, 0xff, 0xfe, 0xff,
    0xde, 0xff, 0xfe, 0xff, 0xfe, 0xff, 0xfe, 0xff, 0xfe, 0xff, 0xfe, 0xff, 0xfe, 0xff, 0xfe, 0xff,
    0xfe, 0xff, 0xfe, 0xff, 0xfe, 0xff, 0xfe, 0xff, 0xfe, 0xff, 0xfe, 0xff, 0xde, 0xff, 0xfe, 0xff,
    0xfe, 0xff, 0xfe, 0xff, 0xde, 0xff, 0xde, 0xff, 0xde, 0xff, 0xdd, 0xff, 0xdd, 0xff, 0xfd, 0xff,
    0xfd, 0xff, 0xfd, 0xff, 0xfd, 0xff, 0xfd, 0xff, 0xdd, 0xff, 0xdd, 0xff, 0xdd, 0xff, 0xdd, 0xff,
    0xdd, 0xff, 0xdd, 0xff, 0xdd, 0xff, 0xdd, 0xff, 0xdd, 0xff, 0xdd, 0xff, 0xdd, 0xff, 0xdd, 0xff,
    0xdd, 0xff, 0xdd, 0xff, 0xdd, 0xff, 0xdd, 0xff, 0xdd, 0xff, 0xdd, 0xff, 0xdd, 0xff, 0xdd, 0xff,
    0xdd, 0xff, 0xdd, 0xff, 0xdd, 0xff, 0xdd, 0xff, 0xdd, 0xff, 0xdd, 0xff, 0xdd, 0xff, 0xdd, 0xff,
    0xdd, 0xff, 0xdd, 0xff, 0xdd, 0xff, 0xdd, 0xff, 0xdd, 0xff, 0xdd, 0xff, 0xdd, 0xff, 0xdd, 0xff,
    0xdd, 0xff, 0xdd, 0xff, 0xdd, 0xff, 0xdd, 0xff, 0xdd, 0xff, 0xdd, 0xff, 0xdd, 0xff, 0xdd, 0xff,
    0xdd, 0xff, 0xdd, 0xff, 0xdd, 0xff, 0xdd, 0xff, 0xdd, 0xff, 0xdd, 0xff, 0xbd, 0xff, 0xdd, 0xff,
    0xbd, 0xff, 0xbd, 0xff, 0xbd, 0xff, 0xbd, 0xff, 0xbd, 0xff, 0xbd, 0xff, 0xbd, 0xff, 0xbd, 0xff,
    0xbd, 0xff, 0xbd, 0xff, 0xbd, 0xff, 0xbd, 0xff, 0xbd, 0xff, 0xbd, 0xff, 0xbd, 0xff, 0x9d, 0xff,
    0x9d, 0xff, 0x9d, 0xff, 0x9d, 0xff, 0x9d, 0xff, 0x9d, 0xff, 0x9d, 0xff, 0x9d, 0xff, 0x9d, 0xff,
    0x9d, 0xff, 0x9c, 0xf7, 0x9c, 0xf7, 0x9c, 0xf7, 0x9c, 0xf7, 0x9c, 0xf7, 0x9c, 0xf7, 0x9c, 0xf7,
    0x9c, 0xf7, 0x9c, 0xf7, 0x9d, 0xf7, 0x9d, 0xf7, 0x9c, 0xf7, 0x9c, 0xf7, 0x9d, 0xf7, 0x9d, 0xf7,
    0x9c, 0xf7, 0x9c, 0xf7, 0x9c, 0xf7, 0x9d, 0xf7, 0x9d, 0xf7, 0x9d, 0xf7, 0x9d, 0xf7, 0x9c, 0xf7,
    0x9c, 0xf7, 0x9d, 0xf7, 0x9d, 0xf7, 0x9c, 0xf7, 0x9c, 0xf7, 0x9c, 0xf7, 0x7c, 0xf7, 0x7c, 0xf7,
    0x7c, 0xf7, 0x7c, 0xf7, 0x7c, 0xf7, 0x7c, 0xf7, 0x7c, 0xf7, 0x7c, 0xf7, 0x7c, 0xf7, 0x7c, 0xef,
    0x7c, 0xef, 0x7c, 0xef, 0x7c, 0xef, 0x5c, 0xef, 0x5c, 0xef, 0x5c, 0xef, 0x5c, 0xf7, 0x5c, 0xef,
    0x5c, 0xef, 0x5c, 0xef, 0x5c, 0xef, 0x5c, 0xef, 0x5c, 0xef, 0x5c, 0xef, 0x5b, 0xef, 0x5c, 0xef,
    0x5c, 0xef, 0x3c, 0xef, 0x3c, 0xef, 0x3b, 0xef, 0x3b, 0xef, 0x3c, 0xef, 0x3c, 0xef, 0x5c, 0xef,
    0x3b, 0xef, 0x3b, 0xef, 0x3b, 0xef, 0x3c, 0xef, 0x3c, 0xef, 0x3c, 0xef, 0x3b, 0xe7, 0x3b, 0xe7,
    0x3c, 0xe7, 0x3c, 0xe7, 0x3b, 0xe7, 0x3b, 0xe7, 0x3c, 0xe7, 0x3c, 0xe7, 0x3c, 0xe7, 0x1b, 0xe7,
    0x1b, 0xe7, 0x1b, 0xe7, 0x1b, 0xe7, 0x1b, 0xe7, 0x1b, 0xe7, 0x1b, 0xe7, 0x1b, 0xe7, 0x1b, 0xe7,
    0x1b, 0xe7, 0x1b, 0xe7, 0x1b, 0xe7, 0x1b, 0xe7, 0xfb, 0xe6, 0xfb, 0xde, 0xfb, 0xde, 0xfb, 0xde,
    0xfb, 0xde, 0xfb, 0xde, 0xfb, 0xde, 0xfb, 0xde, 0xfb, 0xde, 0xfb, 0xde, 0xfb, 0xde, 0xfb, 0xde,
    0xfb, 0xde, 0xfb, 0xde, 0xfb, 0xde, 0xfb, 0xde, 0xdb, 0xde, 0xdb, 0xde, 0xdb, 0xde, 0xda, 0xde,
    0xda, 0xde, 0xda, 0xde, 0xda, 0xde, 0xda, 0xde, 0xda, 0xde, 0xda, 0xd6, 0xda, 0xde, 0xda, 0xde,
    0xda, 0xde, 0xda, 0xde, 0xda, 0xde, 0xba, 0xde, 0xda, 0xde, 0xda, 0xde, 0xda, 0xde, 0xba, 0xd6,
    0xba, 0xd6, 0xba, 0xd6, 0xba, 0xd6, 0xba, 0xd6, 0xba, 0xd6, 0xba, 0xd6, 0xba, 0xd6, 0xba, 0xd6,
    0xba, 0xd6, 0xba, 0xd6, 0xba, 0xd6, 0xba, 0xd6, 0xba, 0xd6, 0xba, 0xd6, 0xb9, 0xd6, 0xba, 0xd6,
    0xba, 0xd6, 0xba, 0xd6, 0xbb, 0xd6, 0xba, 0xd6, 0xba, 0xd6, 0xba, 0xd6, 0xba, 0xd6, 0xba, 0xd6,
    0xff, 0xff, 0xff, 0xff, 0xff, 0xff, 0xff, 0xff, 0xff, 0xff, 0xff, 0xff, 0xff, 0xff, 0xfe, 0xff,
    0xfe, 0xff, 0xfe, 0xff, 0xfe, 0xff, 0xfe, 0xff, 0xfe, 0xff, 0xfe, 0xff, 0xfe, 0xff, 0xfe, 0xff,
    0xfe, 0xff, 0xfe, 0xff, 0xfe, 0xff, 0xfe, 0xff, 0xfe, 0xff, 0xfe, 0xff, 0xfe, 0xff, 0xfe, 0xff,
    0xfe, 0xff, 0xfe, 0xff, 0xfe, 0xff, 0xfe, 0xff, 0xfe, 0xff, 0xfe, 0xff, 0xfe, 0xff, 0xfe, 0xff,
    0xfe, 0xff, 0xfe, 0xff, 0xfe, 0xff, 0xfe, 0xff, 0xfe, 0xff, 0xfe, 0xff, 0xfe, 0xff, 0xfe, 0xff,
    0xfe, 0xff, 0xfe, 0xff, 0xfe, 0xff, 0xfe, 0xff, 0xfe, 0xff, 0xfe, 0xff, 0xfe, 0xff, 0xfe, 0xff,
    0xfe, 0xff, 0xfe, 0xff, 0xfe, 0xff, 0xfe, 0xff, 0xfe, 0xff, 0xfe, 0xff, 0xfe, 0xff, 0xfe, 0xff,
    0xfe, 0xff, 0xfe, 0xff, 0xfe, 0xff, 0xfe, 0xff, 0xfe, 0xff, 0xfe, 0xff, 0xfe, 0xff, 0xfe, 0xff,
    0xfe, 0xff, 0xfe, 0xff, 0xfe, 0xff, 0xfe, 0xff, 0xfe, 0xff, 0xfe, 0xff, 0xfe, 0xff, 0xfe, 0xff,
    0xfe, 0xff, 0xfe, 0xff, 0xfe, 0xff, 0xfe, 0xff, 0xfe, 0xff, 0xfe, 0xff, 0xfe, 0xff, 0xfe, 0xff,
    0xfe, 0xff, 0xdd, 0xff, 0xdd, 0xff, 0xfd, 0xff, 0xdd, 0xff, 0xdd, 0xff, 0xdd, 0xff, 0xdd, 0xff,
    0xdd, 0xff, 0xfd, 0xff, 0xfd, 0xff, 0xfd, 0xff, 0xfd, 0xff, 0xdd, 0xff, 0xdd, 0xff, 0xdd, 0xff,
    0xdd, 0xff, 0xfd, 0xff, 0xdd, 0xff, 0xfd, 0xff, 0xdd, 0xff, 0xdd, 0xff, 0xdd, 0xff, 0xdd, 0xff,
    0xdd, 0xff, 0xdd, 0xff, 0xdd, 0xff, 0xdd, 0xff, 0xdd, 0xff, 0xdd, 0xff, 0xdd, 0xff, 0xdd, 0xff,
    0xdd, 0xff, 0xdd, 0xff, 0xdd, 0xff, 0xdd, 0xff, 0xdd, 0xff, 0xdd, 0xff, 0xdd, 0xff, 0xdd, 0xff,
    0xdd, 0xff, 0xdd, 0xff, 0xdd, 0xff, 0xdd, 0xff, 0xdd, 0xff, 0xdd, 0xff, 0xdd, 0xff, 0xdd, 0xff,
    0xdd, 0xff, 0xdd, 0xff, 0xdd, 0xff, 0xdd, 0xff, 0xdd, 0xff, 0xdd, 0xff, 0xdd, 0xff, 0xdd, 0xff,
    0xdd, 0xff, 0xdd, 0xff, 0xdd, 0xff, 0xdd, 0xff, 0xbd, 0xff, 0xbd, 0xff, 0xbd, 0xff, 0xbd, 0xff,
    0xbd, 0xff, 0xbd, 0xff, 0xbd, 0xff, 0xbd, 0xff, 0xbd, 0xff, 0xbd, 0xff, 0xbd, 0xff, 0xbd, 0xff,
    0xbd, 0xff, 0xbd, 0xff, 0xbd, 0xff, 0xbd, 0xff, 0xbd, 0xff, 0xbd, 0xff, 0x9d, 0xff, 0x9d, 0xff,
    0x9d, 0xff, 0x9d, 0xff, 0x9d, 0xff, 0x9d, 0xff, 0x9d, 0xff, 0x9d, 0xff, 0x9d, 0xff, 0x9d, 0xff,
    0x9d, 0xff, 0x9c, 0xf7, 0x9c, 0xf7, 0x9c, 0xf7, 0x9c, 0xf7, 0x9d, 0xf7, 0x9c, 0xf7, 0x9c, 0xf7,
    0x9d, 0xf7, 0x9c, 0xf7, 0x9c, 0xf7, 0x9c, 0xf7, 0x9c, 0xf7, 0x9c, 0xf7, 0x9d, 0xf7, 0x9c, 0xf7,
    0x9d, 0xf7, 0x9c, 0xf7, 0x9c, 0xf7, 0x9c, 0xf7, 0x9c, 0xf7, 0x9c, 0xf7, 0x9d, 0xf7, 0x9d, 0xf7,
    0x9c, 0xf7, 0x9c, 0xf7, 0x9c, 0xf7, 0x9c, 0xf7, 0x9c, 0xf7, 0x9c, 0xf7, 0x9c, 0xf7, 0x7c, 0xf7,
    0x7c, 0xf7, 0x7c, 0xf7, 0x7c, 0xf7, 0x7c, 0xf7, 0x7c, 0xf7, 0x7c, 0xf7, 0x7c, 0xf7, 0x7c, 0xef,
    0x7c, 0xef, 0x7c, 0xef, 0x5c, 0xef, 0x5c, 0xef, 0x5c, 0xef, 0x5c, 0xef, 0x5c, 0xef, 0x5c, 0xef,
    0x5c, 0xef, 0x5c, 0xef, 0x5c, 0xef, 0x5c, 0xef, 0x5c, 0xef, 0x5c, 0xef, 0x5b, 0xef, 0x5c, 0xef,
    0x5c, 0xef, 0x5b, 0xef, 0x3b, 0xef, 0x3b, 0xef, 0x3b, 0xef, 0x3b, 0xef, 0x3c, 0xef, 0x3c, 0xef,
    0x3b, 0xef, 0x3c, 0xef, 0x3b, 0xef, 0x3c, 0xef, 0x3c, 0xef, 0x3c, 0xef, 0x3c, 0xe7, 0x3c, 0xe7,
    0x3c, 0xe7, 0x3c, 0xe7, 0x3b, 0xe7, 0x3c, 0xe7, 0x3b, 0xe7, 0x3b, 0xe7, 0x1b, 0xe7, 0x1b, 0xe7,
    0x1b, 0xe7, 0x1b, 0xe7, 0x1b, 0xe7, 0x1b, 0xe7, 0x1b, 0xe7, 0x1b, 0xe7, 0x1b, 0xe7, 0x1b, 0xe7,
    0x1b, 0xe7, 0x1b, 0xe7, 0x1b, 0xe7, 0xfb, 0xe6, 0xfb, 0xe6, 0xfb, 0xde, 0xfb, 0xde, 0xfb, 0xde,
    0xfb, 0xde, 0xfb, 0xe6, 0xfb, 0xde, 0xfb, 0xde, 0xfb, 0xde, 0xfb, 0xde, 0xfb, 0xde, 0xfb, 0xde,
    0xfb, 0xde, 0xfb, 0xde, 0xdb, 0xde, 0xdb, 0xde, 0xda, 0xde, 0xdb, 0xde, 0xdb, 0xde, 0xda, 0xde,
    0xda, 0xde, 0xda, 0xde, 0xda, 0xde, 0xda, 0xde, 0xda, 0xde, 0xda, 0xde, 0xda, 0xde, 0xda, 0xde,
    0xda, 0xde, 0xda, 0xde, 0xda, 0xde, 0xda, 0xde, 0xda, 0xde, 0xda, 0xde, 0xba, 0xd6, 0xba, 0xd6,
    0xba, 0xd6, 0xba, 0xd6, 0xba, 0xd6, 0xba, 0xd6, 0xba, 0xd6, 0xba, 0xd6, 0xba, 0xd6, 0xba, 0xd6,
    0xba, 0xd6, 0xba, 0xd6, 0xba, 0xd6, 0xba, 0xd6, 0xba, 0xd6, 0xba, 0xd6, 0xba, 0xd6, 0xba, 0xd6,
    0xba, 0xd6, 0xba, 0xd6, 0xba, 0xd6, 0xba, 0xd6, 0xba, 0xd6, 0xba, 0xd6, 0xba, 0xd6, 0xba, 0xd6,
    0xff, 0xff, 0xff, 0xff, 0xff, 0xff, 0xff, 0xff, 0xff, 0xff, 0xff, 0xff, 0xff, 0xff, 0xff, 0xff,
    0xfe, 0xff, 0xfe, 0xff, 0xfe, 0xff, 0xfe, 0xff, 0xfe, 0xff, 0xfe, 0xff, 0xfe, 0xff, 0xfe, 0xff,
    0xfe, 0xff, 0xfe, 0xff, 0xfe, 0xff, 0xfe, 0xff, 0xfe, 0xff, 0xfe, 0xff, 0xfe, 0xff, 0xfe, 0xff,
    0xfe, 0xff, 0xfe, 0xff, 0xfe, 0xff, 0xfe, 0xff, 0xfe, 0xff, 0xfe, 0xff, 0xfe, 0xff, 0xfe, 0xff,
    0xfe, 0xff, 0xfe, 0xff, 0xfe, 0xff, 0xfe, 0xff, 0xfe, 0xff, 0xfe, 0xff, 0xfe, 0xff, 0xfe, 0xff,
    0xfe, 0xff, 0xfe, 0xff, 0xfe, 0xff, 0xfe, 0xff, 0xfe, 0xff, 0xfe, 0xff, 0xfe, 0xff, 0xfe, 0xff,
    0xfe, 0xff, 0xfe, 0xff, 0xfe, 0xff, 0xfe, 0xff, 0xfe, 0xff, 0xfe, 0xff, 0xfe, 0xff, 0xfe, 0xff,
    0xfe, 0xff, 0xfe, 0xff, 0xfd, 0xff, 0xfe, 0xff, 0xfe, 0xff, 0xfe, 0xff, 0xfe, 0xff, 0xfe, 0xff,
    0xfe, 0xff, 0xfe, 0xff, 0xfe, 0xff, 0xfe, 0xff, 0xfe, 0xff, 0xfe, 0xff, 0xfe, 0xff, 0xfe, 0xff,
    0xfe, 0xff, 0xfe, 0xff, 0xfe, 0xff, 0xfe, 0xff, 0xfe, 0xff, 0xfe, 0xff, 0xfe, 0xff, 0xfe, 0xff,
    0xfe, 0xff, 0xdd, 0xff, 0xdd, 0xff, 0xdd, 0xff, 0xfd, 0xff, 0xfd, 0xff, 0xdd, 0xff, 0xdd, 0xff,
    0xdd, 0xff, 0xdd, 0xff, 0xfd, 0xff, 0xfd, 0xff, 0xfd, 0xff, 0xdd, 0xff, 0xdd, 0xff, 0xdd, 0xff,
    0xdd, 0xff, 0xdd, 0xff, 0xdd, 0xff, 0xdd, 0xff, 0xdd, 0xff, 0xdd, 0xff, 0xdd, 0xff, 0xdd, 0xff,
    0xdd, 0xff, 0xdd, 0xff, 0xdd, 0xff, 0xdd, 0xff, 0xdd, 0xff, 0xdd, 0xff, 0xdd, 0xff, 0xdd, 0xff,
    0xdd, 0xff, 0xdd, 0xff, 0xdd, 0xff, 0xdd, 0xff, 0xdd, 0xff, 0xdd, 0xff, 0xdd, 0xff, 0xdd, 0xff,
    0xdd, 0xff, 0xdd, 0xff, 0xdd, 0xff, 0xdd, 0xff, 0xdd, 0xff, 0xdd, 0xff, 0xdd, 0xff, 0xdd, 0xff,
    0xdd, 0xff, 0xdd, 0xff, 0xdd, 0xff, 0xdd, 0xff, 0xdd, 0xff, 0xdd, 0xff, 0xdd, 0xff, 0xdd, 0xff,
    0xdd, 0xff, 0xdd, 0xff, 0xdd, 0xff, 0xdd, 0xff, 0xdd, 0xff, 0xbd, 0xff, 0xbd, 0xff, 0xbd, 0xff,
    0xbd, 0xff, 0xbd, 0xff, 0xbd, 0xff, 0xbd, 0xff, 0xbd, 0xff, 0xbd, 0xff, 0xbd, 0xff, 0xbd, 0xff,
    0xbd, 0xff, 0xbd, 0xff, 0xbd, 0xff, 0xbd, 0xff, 0xbd, 0xff, 0xbd, 0xff, 0x9d, 0xff, 0x9d, 0xff,
    0x9d, 0xff, 0x9d, 0xff, 0x9d, 0xff, 0x9d, 0xff, 0x9d, 0xff, 0x9d, 0xff, 0x9d, 0xff, 0x9d, 0xff,
    0x9d, 0xff, 0x9d, 0xf7, 0x9d, 0xf7, 0x9d, 0xf7, 0x9c, 0xf7, 0x9c, 0xf7, 0x9c, 0xf7, 0x9c, 0xf7,
    0x9d, 0xf7, 0x9c, 0xf7, 0x9c, 0xf7, 0x9c, 0xf7, 0x9c, 0xf7, 0x9c, 0xf7, 0x9c, 0xf7, 0x9d, 0xf7,
    0x9c, 0xf7, 0x9d, 0xf7, 0x9c, 0xf7, 0x9c, 0xf7, 0x9c, 0xf7, 0x9c, 0xf7, 0x9c, 0xf7, 0x9c, 0xf7,
    0x9c, 0xf7, 0x9c, 0xf7, 0x9c, 0xf7, 0x9d, 0xf7, 0x9c, 0xf7, 0x9c, 0xf7, 0x7c, 0xf7, 0x7c, 0xf7,
    0x7c, 0xf7, 0x7c, 0xf7, 0x7c, 0xf7, 0x7c, 0xf7, 0x7c, 0xf7, 0x7c, 0xef, 0x7c, 0xef, 0x7c, 0xf7,
    0x5c, 0xef, 0x5c, 0xef, 0x5c, 0xef, 0x5c, 0xef, 0x5c, 0xef, 0x5c, 0xef, 0x5c, 0xef, 0x5c, 0xef,
    0x5c, 0xef, 0x5c, 0xef, 0x5c, 0xef, 0x5c, 0xef, 0x5b, 0xef, 0x5c, 0xef, 0x5b, 0xef, 0x5b, 0xef,
    0x3b, 0xef, 0x3b, 0xef, 0x3c, 0xef, 0x5c, 0xef, 0x3c, 0xef, 0x3b, 0xef, 0x3b, 0xef, 0x3b, 0xef,
    0x3c, 0xef, 0x3c, 0xef, 0x3b, 0xef, 0x3b, 0xef, 0x3b, 0xef, 0x3b, 0xef, 0x3c, 0xef, 0x3c, 0xe7,
    0x3b, 0xe7, 0x3c, 0xe7, 0x3c, 0xe7, 0x3b, 0xe7, 0x3b, 0xe7, 0x1b, 0xe7, 0x1b, 0xe7, 0x1b, 0xe7,
    0x1b, 0xe7, 0x1b, 0xe7, 0x1b, 0xe7, 0x1b, 0xe7, 0x1b, 0xe7, 0x1b, 0xe7, 0x1b, 0xe7, 0x1b, 0xe7,
    0xfb, 0xe6, 0x1b, 0xe7, 0x1b, 0xe7, 0xfb, 0xde, 0xfb, 0xe6, 0xfb, 0xe6, 0xfb, 0xde, 0xfb, 0xde,
    0xfb, 0xde, 0xfb, 0xde, 0xfb, 0xde, 0xfb, 0xde, 0xfb, 0xde, 0xfb, 0xde, 0xfb, 0xde, 0xfb, 0xde,
    0xfb, 0xde, 0xfa, 0xde, 0xdb, 0xde, 0xdb, 0xde, 0xda, 0xde, 0xda, 0xde, 0xda, 0xde, 0xda, 0xde,
    0xda, 0xde, 0xda, 0xde, 0xda, 0xde, 0xda, 0xde, 0xda, 0xde, 0xda, 0xde, 0xda, 0xde, 0xda, 0xde,
    0xda, 0xde, 0xda, 0xde, 0xda, 0xde, 0xda, 0xde, 0xda, 0xde, 0xda, 0xde, 0xba, 0xd6, 0xba, 0xd6,
    0xba, 0xd6, 0xba, 0xd6, 0xba, 0xd6, 0xba, 0xd6, 0xba, 0xd6, 0xba, 0xd6, 0xba, 0xd6, 0xba, 0xd6,
    0xba, 0xd6, 0xba, 0xd6, 0xba, 0xd6, 0xba, 0xd6, 0xba, 0xd6, 0xba, 0xd6, 0xba, 0xd6, 0xba, 0xd6,
    0xba, 0xd6, 0xba, 0xd6, 0xba, 0xd6, 0xba, 0xd6, 0xbb, 0xd6, 0xba, 0xd6, 0xba, 0xd6, 0xba, 0xd6,
    0xff, 0xff, 0xff, 0xff, 0xff, 0xff, 0xff, 0xff, 0xff, 0xff, 0xff, 0xff, 0xff, 0xff, 0xfe, 0xff,
    0xfe, 0xff, 0xfe, 0xff, 0xfe, 0xff, 0xfe, 0xff, 0xfe, 0xff, 0xfe, 0xff, 0xfe, 0xff, 0xfe, 0xff,
    0xfe, 0xff, 0xfe, 0xff, 0xfe, 0xff, 0xfe, 0xff, 0xfe, 0xff, 0xfe, 0xff, 0xfe, 0xff, 0xfe, 0xff,
    0xfe, 0xff, 0xfe, 0xff, 0xfe, 0xff, 0xfe, 0xff, 0xfe, 0xff, 0xfe, 0xff, 0xfe, 0xff, 0xfe, 0xff,
    0xfe, 0xff, 0xfe, 0xff, 0xfe, 0xff, 0xfe, 0xff, 0xfe, 0xff, 0xfe, 0xff, 0xfe, 0xff, 0xfe, 0xff,
    0xfe, 0xff, 0xfe, 0xff, 0xfe, 0xff, 0xfe, 0xff, 0xfe, 0xff, 0xfe, 0xff, 0xfe, 0xff, 0xfe, 0xff,
    0xfe, 0xff, 0xfe, 0xff, 0xfe, 0xff, 0xfe, 0xff, 0xfe, 0xff, 0xfe, 0xff, 0xfe, 0xff, 0xfe, 0xff,
    0xfe, 0xff, 0xfe, 0xff, 0xfe, 0xff, 0xfe, 0xff, 0xfe, 0xff, 0xfe, 0xff, 0xfd, 0xff, 0xfe, 0xff,
    0xfe, 0xff, 0xfe, 0xff, 0xfe, 0xff, 0xfe, 0xff, 0xfe, 0xff, 0xfe, 0xff, 0xfe, 0xff, 0xfe, 0xff,
    0xfe, 0xff, 0xfe, 0xff, 0xfe, 0xff, 0xfe, 0xff, 0xfe, 0xff, 0xfe, 0xff, 0xde, 0xff, 0xde, 0xff,
    0xdd, 0xff, 0xfd, 0xff, 0xfd, 0xff, 0xdd, 0xff, 0xdd, 0xff, 0xdd, 0xff, 0xfe, 0xff, 0xdd, 0xff,
    0xde, 0xff, 0xdd, 0xff, 0xde, 0xff, 0xdd, 0xff, 0xdd, 0xff, 0xdd, 0xff, 0xdd, 0xff, 0xdd, 0xff,
    0xdd, 0xff, 0xfd, 0xff, 0xdd, 0xff, 0xdd, 0xff, 0xdd, 0xff, 0xdd, 0xff, 0xdd, 0xff, 0xdd, 0xff,
    0xdd, 0xff, 0xdd, 0xff, 0xdd, 0xff, 0xdd, 0xff, 0xdd, 0xff, 0xdd, 0xff, 0xdd, 0xff, 0xdd, 0xff,
    0xdd, 0xff, 0xdd, 0xff, 0xdd, 0xff, 0xdd, 0xff, 0xdd, 0xff, 0xdd, 0xff, 0xdd, 0xff, 0xdd, 0xff,
    0xdd, 0xff, 0xdd, 0xff, 0xdd, 0xff, 0xdd, 0xff, 0xdd, 0xff, 0xdd, 0xff, 0xdd, 0xff, 0xdd, 0xff,
    0xdd, 0xff, 0xdd, 0xff, 0xdd, 0xff, 0xdd, 0xff, 0xdd, 0xff, 0xdd, 0xff, 0xdd, 0xff, 0xdd, 0xff,
    0xdd, 0xff, 0xdd, 0xff, 0xdd, 0xff, 0xdd, 0xff, 0xbd, 0xff, 0xbd, 0xff, 0xbd, 0xff, 0xbd, 0xff,
    0xbd, 0xff, 0xbd, 0xff, 0xbd, 0xff, 0xbd, 0xff, 0xbd, 0xff, 0xbd, 0xff, 0xbd, 0xff, 0xbd, 0xff,
    0xbd, 0xff, 0xbd, 0xff, 0xbd, 0xff, 0xbd, 0xff, 0xbd, 0xff, 0xbd, 0xff, 0xbd, 0xff, 0xbd, 0xff,
    0x9d, 0xff, 0x9d, 0xff, 0x9d, 0xff, 0x9d, 0xff, 0x9d, 0xff, 0x9d, 0xff, 0x9d, 0xff, 0x9d, 0xff,
    0x9d, 0xf7, 0x9d, 0xf7, 0x9d, 0xff, 0x9d, 0xff, 0x9d, 0xf7, 0x9c, 0xf7, 0x9c, 0xf7, 0x9c, 0xf7,
    0x9c, 0xf7, 0x9c, 0xf7, 0x9d, 0xf7, 0x9d, 0xf7, 0x9d, 0xf7, 0x9d, 0xf7, 0x9d, 0xf7, 0x9c, 0xf7,
    0x9c, 0xf7, 0x9d, 0xf7, 0x9c, 0xf7, 0x9c, 0xf7, 0x9c, 0xf7, 0x9d, 0xf7, 0x9c, 0xf7, 0x9c, 0xef,
    0x9c, 0xf7, 0x9c, 0xf7, 0x9c, 0xf7, 0x9c, 0xf7, 0x9c, 0xf7, 0x9c, 0xf7, 0x7c, 0xf7, 0x9c, 0xf7,
    0x9c, 0xf7, 0x7c, 0xf7, 0x7c, 0xf7, 0x7c, 0xf7, 0x7c, 0xf7, 0x7c, 0xf7, 0x7c, 0xf7, 0x5c, 0xf7,
    0x7c, 0xef, 0x5c, 0xf7, 0x5c, 0xf7, 0x5c, 0xef, 0x5c, 0xef, 0x5c, 0xef, 0x5c, 0xef, 0x5c, 0xf7,
    0x5c, 0xef, 0x5c, 0xef, 0x5c, 0xef, 0x5c, 0xef, 0x5b, 0xef, 0x5b, 0xef, 0x5b, 0xef, 0x5b, 0xef,
    0x5b, 0xef, 0x5c, 0xef, 0x3b, 0xef, 0x3b, 0xef, 0x5c, 0xef, 0x3c, 0xef, 0x3c, 0xef, 0x3c, 0xef,
    0x3b, 0xef, 0x3b, 0xef, 0x3c, 0xef, 0x3c, 0xef, 0x3b, 0xef, 0x3c, 0xef, 0x3b, 0xe7, 0x3b, 0xe7,
    0x3b, 0xe7, 0x3b, 0xe7, 0x3b, 0xe7, 0x1b, 0xe7, 0x1c, 0xe7, 0x3c, 0xe7, 0x1b, 0xe7, 0x1b, 0xe7,
    0x1b, 0xe7, 0x1b, 0xe7, 0x1b, 0xe7, 0x1b, 0xe7, 0x1b, 0xe7, 0x1b, 0xe7, 0x1b, 0xe7, 0x1b, 0xe7,
    0x1b, 0xe7, 0x1b, 0xe7, 0xfb, 0xe6, 0xfb, 0xe6, 0xfb, 0xde, 0xfb, 0xe6, 0xfb, 0xde, 0xfb, 0xde,
    0xfb, 0xde, 0xfb, 0xde, 0xfb, 0xde, 0xfb, 0xde, 0xfb, 0xde, 0xfb, 0xde, 0xfb, 0xde, 0xfb, 0xde,
    0xfb, 0xde, 0xfb, 0xde, 0xfb, 0xde, 0xdb, 0xde, 0xdb, 0xde, 0xda, 0xde, 0xda, 0xde, 0xda, 0xde,
    0xda, 0xde, 0xda, 0xde, 0xda, 0xde, 0xda, 0xde, 0xda, 0xde, 0xda, 0xde, 0xda, 0xde, 0xda, 0xde,
    0xda, 0xde, 0xda, 0xde, 0xda, 0xde, 0xda, 0xde, 0xda, 0xd6, 0xba, 0xd6, 0xba, 0xd6, 0xba, 0xd6,
    0xba, 0xd6, 0xba, 0xd6, 0xba, 0xd6, 0xba, 0xd6, 0xba, 0xd6, 0xba, 0xd6, 0xba, 0xd6, 0xba, 0xd6,
    0xba, 0xd6, 0xba, 0xd6, 0xba, 0xd6, 0xba, 0xd6, 0xba, 0xd6, 0xba, 0xd6, 0xba, 0xd6, 0xba, 0xd6,
    0xba, 0xd6, 0xba, 0xd6, 0xba, 0xd6, 0xba, 0xd6, 0xba, 0xd6, 0xba, 0xd6, 0xba, 0xd6, 0xba, 0xd6,
    0xff, 0xff, 0xff, 0xff, 0xff, 0xff, 0xff, 0xff, 0xff, 0xff, 0xff, 0xff, 0xff, 0xff, 0xff, 0xff,
    0xff, 0xff, 0xfe, 0xff, 0xfe, 0xff, 0xfe, 0xff, 0xfe, 0xff, 0xfe, 0xff, 0xfe, 0xff, 0xfe, 0xff,
    0xfe, 0xff, 0xfe, 0xff, 0xfe, 0xff, 0xfe, 0xff, 0xfe, 0xff, 0xfe, 0xff, 0xfe, 0xff, 0xfe, 0xff,
    0xfe, 0xff, 0xfe, 0xff, 0xfe, 0xff, 0xfe, 0xff, 0xfe, 0xff, 0xfe, 0xff, 0xfe, 0xff, 0xfe, 0xff,
    0xfe, 0xff, 0xfe, 0xff, 0xfe, 0xff, 0xfe, 0xff, 0xfe, 0xff, 0xfe, 0xff, 0xfe, 0xff, 0xfe, 0xff,
    0xfe, 0xff, 0xfe, 0xff, 0xfe, 0xff, 0xfe, 0xff, 0xfe, 0xff, 0xfe, 0xff, 0xfe, 0xff, 0xfe, 0xff,
    0xfe, 0xff, 0xfe, 0xff, 0xfe, 0xff, 0xfe, 0xff, 0xfe, 0xff, 0xfe, 0xff, 0xfe, 0xff, 0xfe, 0xff,
    0xfe, 0xff, 0xfe, 0xff, 0xfe, 0xff, 0xfe, 0xff, 0xfe, 0xff, 0xfe, 0xff, 0xfe, 0xff, 0xfe, 0xff,
    0xfe, 0xff, 0xfe, 0xff, 0xfe, 0xff, 0xfe, 0xff, 0xfe, 0xff, 0xfe, 0xff, 0xfe, 0xff, 0xfe, 0xff,
    0xfe, 0xff, 0xfe, 0xff, 0xfe, 0xff, 0xfe, 0xff, 0xfe, 0xff, 0xfe, 0xff, 0xfe, 0xff, 0xde, 0xff,
    0xfe, 0xff, 0xfd, 0xff, 0xdd, 0xff, 0xfd, 0xff, 0xdd, 0xff, 0xdd, 0xff, 0xde, 0xff, 0xde, 0xff,
    0xde, 0xff, 0xde, 0xff, 0xde, 0xff, 0xdd, 0xff, 0xdd, 0xff, 0xdd, 0xff, 0xdd, 0xff, 0xdd, 0xff,
    0xdd, 0xff, 0xdd, 0xff, 0xfd, 0xff, 0xfd, 0xff, 0xdd, 0xff, 0xdd, 0xff, 0xdd, 0xff, 0xdd, 0xff,
    0xdd, 0xff, 0xdd, 0xff, 0xdd, 0xff, 0xdd, 0xff, 0xdd, 0xff, 0xdd, 0xff, 0xdd, 0xff, 0xdd, 0xff,
    0xdd, 0xff, 0xdd, 0xff, 0xdd, 0xff, 0xdd, 0xff, 0xdd, 0xff, 0xdd, 0xff, 0xdd, 0xff, 0xdd, 0xff,
    0xdd, 0xff, 0xdd, 0xff, 0xdd, 0xff, 0xdd, 0xff, 0xdd, 0xff, 0xdd, 0xff, 0xdd, 0xff, 0xdd, 0xff,
    0xdd, 0xff, 0xdd, 0xff, 0xdd, 0xff, 0xdd, 0xff, 0xdd, 0xff, 0xbd, 0xff, 0xbd, 0xff, 0xbd, 0xff,
    0xdd, 0xff, 0xdd, 0xff, 0xdd, 0xff, 0xdd, 0xff, 0xbd, 0xff, 0xbd, 0xff, 0xbd, 0xff, 0xbd, 0xff,
    0xbd, 0xff, 0xbd, 0xff, 0xbd, 0xff, 0xbd, 0xff, 0xbd, 0xff, 0xbd, 0xff, 0xbd, 0xff, 0xbd, 0xff,
    0xbd, 0xff, 0xbd, 0xff, 0xbd, 0xff, 0xbd, 0xff, 0xbd, 0xff, 0xbd, 0xff, 0xbd, 0xff, 0x9d, 0xff,
    0x9d, 0xff, 0x9d, 0xff, 0x9d, 0xff, 0x9d, 0xff, 0x9d, 0xff, 0x9d, 0xff, 0x9d, 0xff, 0x9d, 0xff,
    0x9d, 0xff, 0x9d, 0xff, 0x9d, 0xf7, 0x9d, 0xf7, 0x9d, 0xf7, 0x9c, 0xf7, 0x9c, 0xf7, 0x9c, 0xf7,
    0x9c, 0xf7, 0x9c, 0xf7, 0x9c, 0xf7, 0x9d, 0xf7, 0x9c, 0xf7, 0x9c, 0xf7, 0x9c, 0xf7, 0x9d, 0xf7,
    0x9d, 0xf7, 0x9d, 0xf7, 0x9c, 0xf7, 0x9c, 0xf7, 0x9c, 0xf7, 0x9c, 0xf7, 0x9c, 0xf7, 0x9c, 0xf7,
    0x9c, 0xf7, 0x7c, 0xf7, 0x9c, 0xf7, 0x9c, 0xf7, 0x9c, 0xf7, 0x9c, 0xf7, 0x7c, 0xf7, 0x7c, 0xf7,
    0x7c, 0xf7, 0x7c, 0xf7, 0x7c, 0xf7, 0x7c, 0xf7, 0x7c, 0xf7, 0x7c, 0xef, 0x7c, 0xef, 0x7c, 0xef,
    0x7c, 0xef, 0x7c, 0xef, 0x5c, 0xef, 0x5c, 0xef, 0x5c, 0xef, 0x5c, 0xef, 0x5c, 0xf7, 0x5c, 0xef,
    0x5c, 0xef, 0x5c, 0xef, 0x5c, 0xef, 0x5c, 0xef, 0x5b, 0xef, 0x5c, 0xef, 0x5b, 0xef, 0x5b, 0xef,
    0x5c, 0xef, 0x5c, 0xef, 0x3b, 0xef, 0x3c, 0xef, 0x3c, 0xef, 0x3b, 0xef, 0x3b, 0xef, 0x3c, 0xef,
    0x3c, 0xef, 0x3b, 0xef, 0x3c, 0xef, 0x3b, 0xef, 0x3b, 0xef, 0x3b, 0xef, 0x3b, 0xe7, 0x3b, 0xe7,
    0x3b, 0xe7, 0x3b, 0xe7, 0x1b, 0xe7, 0x1b, 0xe7, 0x1b, 0xe7, 0x1b, 0xe7, 0x1b, 0xe7, 0x1b, 0xe7,
    0x1b, 0xe7, 0x1b, 0xe7, 0x1b, 0xe7, 0x1b, 0xe7, 0x1b, 0xe7, 0x1b, 0xe7, 0x1b, 0xe7, 0x1b, 0xe7,
    0x1b, 0xe7, 0x1b, 0xe7, 0x1b, 0xe7, 0xfb, 0xe6, 0xfb, 0xde, 0xfb, 0xde, 0xfb, 0xde, 0xfb, 0xde,
    0xfb, 0xde, 0xfb, 0xde, 0xfb, 0xde, 0xfb, 0xde, 0xfb, 0xde, 0xfb, 0xde, 0xfb, 0xde, 0xfb, 0xde,
    0xfb, 0xde, 0xfb, 0xde, 0xdb, 0xde, 0xdb, 0xde, 0xdb, 0xde, 0xda, 0xde, 0xda, 0xde, 0xda, 0xde,
    0xda, 0xde, 0xda, 0xde, 0xda, 0xde, 0xda, 0xde, 0xda, 0xd6, 0xda, 0xde, 0xda, 0xde, 0xda, 0xde,
    0xda, 0xd6, 0xda, 0xd6, 0xda, 0xd6, 0xda, 0xde, 0xda, 0xd6, 0xba, 0xd6, 0xba, 0xd6, 0xba, 0xd6,
    0xba, 0xd6, 0xba, 0xd6, 0xba, 0xd6, 0xba, 0xd6, 0xba, 0xd6, 0xba, 0xd6, 0xba, 0xd6, 0xba, 0xd6,
    0xba, 0xd6, 0xba, 0xd6, 0xba, 0xd6, 0xba, 0xd6, 0xba, 0xd6, 0xba, 0xd6, 0xba, 0xd6, 0xba, 0xd6,
    0xba, 0xd6, 0xba, 0xd6, 0xba, 0xd6, 0xba, 0xd6, 0xba, 0xd6, 0xba, 0xd6, 0xba, 0xd6, 0xba, 0xd6,
    0xff, 0xff, 0xff, 0xff, 0xff, 0xff, 0xff, 0xff, 0xff, 0xff, 0xff, 0xff, 0xff, 0xff, 0xfe, 0xff,
    0xfe, 0xff, 0xfe, 0xff, 0xfe, 0xff, 0xfe, 0xff, 0xfe, 0xff, 0xfe, 0xff, 0xfe, 0xff, 0xfe, 0xff,
    0xfe, 0xff, 0xfe, 0xff, 0xfe, 0xff, 0xfe, 0xff, 0xfe, 0xff, 0xfe, 0xff, 0xfe, 0xff, 0xfe, 0xff,
    0xfe, 0xff, 0xfe, 0xff, 0xfe, 0xff, 0xfe, 0xff, 0xfe, 0xff, 0xfe, 0xff, 0xfe, 0xff, 0xfe, 0xff,
    0xfe, 0xff, 0xfe, 0xff, 0xfe, 0xff, 0xfe, 0xff, 0xfe, 0xff, 0xfe, 0xff, 0xfe, 0xff, 0xfe, 0xff,
    0xfe, 0xff, 0xfe, 0xff, 0xfe, 0xff, 0xfe, 0xff, 0xfe, 0xff, 0xfe, 0xff, 0xfe, 0xff, 0xfe, 0xff,
    0xfe, 0xff, 0xfe, 0xff, 0xfe, 0xff, 0xfe, 0xff, 0xfe, 0xff, 0xfe, 0xff, 0xfe, 0xff, 0xfe, 0xff,
    0xfe, 0xff, 0xfe, 0xff, 0xfe, 0xff, 0xfe, 0xff, 0xfe, 0xff, 0xfe, 0xff, 0xfe, 0xff, 0xfe, 0xff,
    0xfe, 0xff, 0xfe, 0xff, 0xfe, 0xff, 0xfe, 0xff, 0xfe, 0xff, 0xfe, 0xff, 0xfe, 0xff, 0xfe, 0xff,
    0xfe, 0xff, 0xfe, 0xff, 0xfe, 0xff, 0xfe, 0xff, 0xdd, 0xff, 0xfe, 0xff, 0xde, 0xff, 0xfe, 0xff,
    0xfe, 0xff, 0xfe, 0xff, 0xfe, 0xff, 0xfd, 0xff, 0xfd, 0xff, 0xfe, 0xff, 0xdd, 0xff, 0xfe, 0xff,
    0xde, 0xff, 0xde, 0xff, 0xfd, 0xff, 0xdd, 0xff, 0xdd, 0xff, 0xdd, 0xff, 0xdd, 0xff, 0xfd, 0xff,
    0xdd, 0xff, 0xdd, 0xff, 0xdd, 0xff, 0xfd, 0xff, 0xdd, 0xff, 0xfd, 0xff, 0xdd, 0xff, 0xdd, 0xff,
    0xdd, 0xff, 0xdd, 0xff, 0xdd, 0xff, 0xdd, 0xff, 0xdd, 0xff, 0xdd, 0xff, 0xdd, 0xff, 0xdd, 0xff,
    0xdd, 0xff, 0xdd, 0xff, 0xdd, 0xff, 0xdd, 0xff, 0xdd, 0xff, 0xdd, 0xff, 0xdd, 0xff, 0xdd, 0xff,
    0xdd, 0xff, 0xdd, 0xff, 0xdd, 0xff, 0xdd, 0xff, 0xdd, 0xff, 0xdd, 0xff, 0xdd, 0xff, 0xdd, 0xff,
    0xdd, 0xff, 0xdd, 0xff, 0xdd, 0xff, 0xdd, 0xff, 0xbd, 0xff, 0xbd, 0xff, 0xbd, 0xff, 0xdd, 0xff,
    0xbd, 0xff, 0xdd, 0xff, 0xdd, 0xff, 0xbd, 0xff, 0xbd, 0xff, 0xbd, 0xff, 0xbd, 0xff, 0xbd, 0xff,
    0xbd, 0xff, 0xbd, 0xff, 0xbd, 0xff, 0xbd, 0xff, 0xbd, 0xff, 0xbd, 0xff, 0xbd, 0xff, 0xbd, 0xff,
    0xbd, 0xff, 0xbd, 0xff, 0xbd, 0xff, 0xbd, 0xff, 0xbd, 0xff, 0xbd, 0xff, 0xbd, 0xff, 0x9d, 0xff,
    0xbd, 0xff, 0xbd, 0xff, 0x9d, 0xff, 0x9d, 0xff, 0x9d, 0xff, 0x9d, 0xff, 0x9d, 0xff, 0x9d, 0xf7,
    0x9c, 0xf7, 0x9d, 0xff, 0x9c, 0xf7, 0x9d, 0xf7, 0x9d, 0xf7, 0x9c, 0xf7, 0x9d, 0xf7, 0x9c, 0xf7,
    0x9c, 0xf7, 0x9c, 0xf7, 0x9c, 0xf7, 0x9d, 0xf7, 0x9c, 0xf7, 0x9d, 0xf7, 0x9d, 0xff, 0x9d, 0xf7,
    0x9d, 0xf7, 0x9d, 0xf7, 0x9c, 0xf7, 0x9c, 0xf7, 0x9d, 0xf7, 0x9d, 0xf7, 0x9c, 0xf7, 0x9c, 0xf7,
    0x9c, 0xf7, 0x9c, 0xf7, 0x7c, 0xf7, 0x9c, 0xf7, 0x7c, 0xf7, 0x7c, 0xf7, 0x7c, 0xf7, 0x7c, 0xf7,
    0x7c, 0xf7, 0x7c, 0xf7, 0x7c, 0xf7, 0x7c, 0xf7, 0x7c, 0xf7, 0x7c, 0xf7, 0x7c, 0xef, 0x7c, 0xf7,
    0x7c, 0xf7, 0x5c, 0xef, 0x5c, 0xef, 0x5c, 0xef, 0x5c, 0xef, 0x5c, 0xef, 0x5c, 0xef, 0x5c, 0xef,
    0x5c, 0xef, 0x5c, 0xef, 0x5c, 0xef, 0x5c, 0xef, 0x5c, 0xef, 0x5c, 0xef, 0x5c, 0xef, 0x5c, 0xef,
    0x5c, 0xef, 0x5c, 0xef, 0x5c, 0xef, 0x3c, 0xef, 0x3c, 0xef, 0x3b, 0xef, 0x3b, 0xef, 0x3c, 0xef,
    0x3c, 0xef, 0x3c, 0xef, 0x3b, 0xef, 0x3b, 0xef, 0x3b, 0xe7, 0x3b, 0xef, 0x3b, 0xe7, 0x3b, 0xe7,
    0x3b, 0xe7, 0x1b, 0xe7, 0x3b, 0xe7, 0x1b, 0xe7, 0x1b, 0xe7, 0x1b, 0xe7, 0x1b, 0xe7, 0x1b, 0xe7,
    0x1b, 0xe7, 0x1b, 0xe7, 0x1b, 0xe7, 0x1b, 0xe7, 0x1b, 0xe7, 0x1b, 0xe7, 0x1b, 0xe7, 0x1b, 0xe7,
    0x1b, 0xe7, 0x1b, 0xe7, 0x1b, 0xe7, 0xfb, 0xe6, 0xfb, 0xe6, 0xfb, 0xde, 0xfb, 0xde, 0xfb, 0xde,
    0xfb, 0xde, 0xfb, 0xde, 0xfb, 0xde, 0xfb, 0xde, 0xfb, 0xde, 0xfb, 0xde, 0xfb, 0xde, 0xfb, 0xde,
    0xfb, 0xde, 0xfb, 0xde, 0xfb, 0xde, 0xda, 0xde, 0xda, 0xde, 0xdb, 0xde, 0xdb, 0xde, 0xda, 0xde,
    0xda, 0xde, 0xda, 0xde, 0xda, 0xde, 0xda, 0xde, 0xda, 0xde, 0xda, 0xde, 0xda, 0xde, 0xda, 0xde,
    0xda, 0xd6, 0xda, 0xd6, 0xba, 0xd6, 0xda, 0xd6, 0xba, 0xd6, 0xba, 0xd6, 0xba, 0xd6, 0xba, 0xd6,
    0xba, 0xd6, 0xba, 0xd6, 0xba, 0xd6, 0xba, 0xd6, 0xba, 0xd6, 0xba, 0xd6, 0xba, 0xd6, 0xba, 0xd6,
    0xba, 0xd6, 0xba, 0xd6, 0xba, 0xd6, 0xba, 0xd6, 0xba, 0xd6, 0xba, 0xd6, 0xba, 0xd6, 0xba, 0xd6,
    0xba, 0xd6, 0xba, 0xd6, 0xba, 0xd6, 0xba, 0xd6, 0xba, 0xd6, 0xba, 0xd6, 0xba, 0xd6, 0xba, 0xd6,
    0xff, 0xff, 0xff, 0xff, 0xff, 0xff, 0xff, 0xff, 0xff, 0xff, 0xff, 0xff, 0xff, 0xff, 0xfe, 0xff,
    0xfe, 0xff, 0xfe, 0xff, 0xfe, 0xff, 0xfe, 0xff, 0xfe, 0xff, 0xfe, 0xff, 0xfe, 0xff, 0xfe, 0xff,
    0xfe, 0xff, 0xfe, 0xff, 0xfe, 0xff, 0xfe, 0xff, 0xfe, 0xff, 0xfe, 0xff, 0xfe, 0xff, 0xfe, 0xff,
    0xfe, 0xff, 0xfe, 0xff, 0xfe, 0xff, 0xfe, 0xff, 0xfe, 0xff, 0xfe, 0xff, 0xfe, 0xff, 0xfe, 0xff,
    0xfe, 0xff, 0xfe, 0xff, 0xfe, 0xff, 0xfe, 0xff, 0xfe, 0xff, 0xfe, 0xff, 0xfe, 0xff, 0xfe, 0xff,
    0xfe, 0xff, 0xfe, 0xff, 0xfe, 0xff, 0xfe, 0xff, 0xfe, 0xff, 0xfe, 0xff, 0xfe, 0xff, 0xfe, 0xff,
    0xfe, 0xff, 0xfe, 0xff, 0xfe, 0xff, 0xfe, 0xff, 0xfe, 0xff, 0xfe, 0xff, 0xfe, 0xff, 0xfe, 0xff,
    0xfe, 0xff, 0xfe, 0xff, 0xfe, 0xff, 0xfe, 0xff, 0xfe, 0xff, 0xfe, 0xff, 0xfe, 0xff, 0xde, 0xff,
    0xfe, 0xff, 0xfe, 0xff, 0xfe, 0xff, 0xfe, 0xff, 0xfe, 0xff, 0xfe, 0xff, 0xfe, 0xff, 0xfe, 0xff,
    0xfe, 0xff, 0xfe, 0xff, 0xfe, 0xff, 0xde, 0xff, 0xdd, 0xff, 0xfd, 0xff, 0xde, 0xff, 0xfe, 0xff,
    0xde, 0xff, 0xfe, 0xff, 0xfe, 0xff, 0xfe, 0xff, 0xfd, 0xff, 0xfd, 0xff, 0xfe, 0xff, 0xfe, 0xff,
    0xde, 0xff, 0xde, 0xff, 0xdd, 0xff, 0xdd, 0xff, 0xdd, 0xff, 0xdd, 0xff, 0xfd, 0xff, 0xdd, 0xff,
    0xde, 0xff, 0xde, 0xff, 0xdd, 0xff, 0xdd, 0xff, 0xdd, 0xff, 0xdd, 0xff, 0xdd, 0xff, 0xdd, 0xff,
    0xdd, 0xff, 0xdd, 0xff, 0xdd, 0xff, 0xdd, 0xff, 0xdd, 0xff, 0xdd, 0xff, 0xdd, 0xff, 0xdd, 0xff,
    0xdd, 0xff, 0xdd, 0xff, 0xdd, 0xff, 0xdd, 0xff, 0xdd, 0xff, 0xdd, 0xff, 0xdd, 0xff, 0xdd, 0xff,
    0xdd, 0xff, 0xdd, 0xff, 0xdd, 0xff, 0xdd, 0xff, 0xdd, 0xff, 0xdd, 0xff, 0xdd, 0xff, 0xdd, 0xff,
    0xdd, 0xff, 0xdd, 0xff, 0xdd, 0xff, 0xdd, 0xff, 0xdd, 0xff, 0xdd, 0xff, 0xdd, 0xff, 0xbd, 0xff,
    0xbd, 0xff, 0xdd, 0xff, 0xdd, 0xff, 0xbd, 0xff, 0xdd, 0xff, 0xbd, 0xff, 0xbd, 0xff, 0xbd, 0xff,
    0xbd, 0xff, 0xbd, 0xff, 0xbd, 0xff, 0xbd, 0xff, 0xbd, 0xff, 0xbd, 0xff, 0xbd, 0xff, 0xbd, 0xff,
    0xbd, 0xff, 0xbd, 0xff, 0xbd, 0xff, 0xbd, 0xff, 0xbd, 0xff, 0xbd, 0xff, 0xbd, 0xff, 0x9d, 0xff,
    0x9d, 0xff, 0x9d, 0xff, 0x9d, 0xff, 0x9d, 0xff, 0x9d, 0xff, 0x9d, 0xff, 0x9d, 0xff, 0x9d, 0xff,
    0x9c, 0xff, 0x9d, 0xf7, 0x9c, 0xf7, 0x9c, 0xf7, 0x9c, 0xf7, 0x9c, 0xf7, 0x9d, 0xf7, 0x9c, 0xf7,
    0x9c, 0xf7, 0x9c, 0xf7, 0x9d, 0xf7, 0x9c, 0xf7, 0x9d, 0xf7, 0x9d, 0xff, 0x9d, 0xf7, 0x9d, 0xf7,
    0x9d, 0xf7, 0x9d, 0xf7, 0x9d, 0xf7, 0x9c, 0xf7, 0x9c, 0xf7, 0x9c, 0xf7, 0x9c, 0xf7, 0x9c, 0xf7,
    0x9c, 0xf7, 0x9c, 0xf7, 0x7c, 0xf7, 0x7c, 0xf7, 0x7c, 0xf7, 0x7c, 0xf7, 0x7c, 0xf7, 0x7c, 0xf7,
    0x7c, 0xf7, 0x7c, 0xf7, 0x7c, 0xf7, 0x7c, 0xf7, 0x7c, 0xf7, 0x7c, 0xf7, 0x7c, 0xf7, 0x7c, 0xef,
    0x7c, 0xef, 0x5c, 0xef, 0x5c, 0xef, 0x5c, 0xef, 0x5c, 0xef, 0x5c, 0xf7, 0x5c, 0xef, 0x5c, 0xf7,
    0x5c, 0xef, 0x5c, 0xef, 0x5c, 0xef, 0x5c, 0xef, 0x5c, 0xef, 0x5c, 0xef, 0x5b, 0xef, 0x5b, 0xef,
    0x5c, 0xef, 0x5c, 0xef, 0x5c, 0xef, 0x5c, 0xef, 0x5c, 0xef, 0x3c, 0xef, 0x3c, 0xef, 0x3c, 0xef,
    0x3c, 0xef, 0x3c, 0xef, 0x3b, 0xef, 0x3b, 0xef, 0x3c, 0xef, 0x3b, 0xe7, 0x3b, 0xe7, 0x3b, 0xe7,
    0x3b, 0xe7, 0x1b, 0xe7, 0x1b, 0xe7, 0x1b, 0xe7, 0x1b, 0xe7, 0x1b, 0xe7, 0x1b, 0xe7, 0x1b, 0xe7,
    0x1b, 0xe7, 0x1b, 0xe7, 0x1b, 0xe7, 0x1b, 0xe7, 0x1b, 0xe7, 0x1b, 0xe7, 0x1b, 0xe7, 0x1b, 0xe7,
    0x1b, 0xe7, 0x1b, 0xe7, 0xfb, 0xe6, 0xfb, 0xe6, 0xfb, 0xde, 0xfb, 0xe6, 0xfb, 0xde, 0xfb, 0xde,
    0xfb, 0xde, 0xfb, 0xde, 0xfb, 0xde, 0xfb, 0xde, 0xfb, 0xde, 0xfb, 0xde, 0xfb, 0xde, 0xfb, 0xde,
    0xfb, 0xde, 0xfb, 0xde, 0xfb, 0xde, 0xdb, 0xde, 0xda, 0xde, 0xda, 0xde, 0xda, 0xde, 0xda, 0xde,
    0xda, 0xde, 0xda, 0xde, 0xda, 0xde, 0xda, 0xde, 0xda, 0xde, 0xda, 0xde, 0xda, 0xde, 0xda, 0xde,
    0xda, 0xde, 0xda, 0xd6, 0xda, 0xd6, 0xba, 0xd6, 0xba, 0xd6, 0xba, 0xd6, 0xba, 0xd6, 0xba, 0xd6,
    0xba, 0xd6, 0xba, 0xd6, 0xba, 0xd6, 0xba, 0xd6, 0xba, 0xd6, 0xba, 0xd6, 0xba, 0xd6, 0xba, 0xd6,
    0xba, 0xd6, 0xba, 0xd6, 0xba, 0xd6, 0xba, 0xd6, 0xba, 0xd6, 0xbb, 0xd6, 0xda, 0xd6, 0xda, 0xd6,
    0xda, 0xd6, 0xba, 0xd6, 0xba, 0xd6, 0xba, 0xd6, 0xba, 0xd6, 0xba, 0xd6, 0xba, 0xd6, 0xba, 0xd6,
    0xff, 0xff, 0xff, 0xff, 0xff, 0xff, 0xff, 0xff, 0xff, 0xff, 0xff, 0xff, 0xff, 0xff, 0xff, 0xff,
    0xfe, 0xff, 0xfe, 0xff, 0xfe, 0xff, 0xfe, 0xff, 0xfe, 0xff, 0xfe, 0xff, 0xfe, 0xff, 0xfe, 0xff,
    0xfe, 0xff, 0xfe, 0xff, 0xfe, 0xff, 0xfe, 0xff, 0xfe, 0xff, 0xfe, 0xff, 0xfe, 0xff, 0xfe, 0xff,
    0xfe, 0xff, 0xfe, 0xff, 0xfe, 0xff, 0xfe, 0xff, 0xfe, 0xff, 0xfe, 0xff, 0xfe, 0xff, 0xfe, 0xff,
    0xfe, 0xff, 0xfe, 0xff, 0xfe, 0xff, 0xfe, 0xff, 0xfe, 0xff, 0xfe, 0xff, 0xfe, 0xff, 0xfe, 0xff,
    0xfe, 0xff, 0xfe, 0xff, 0xfe, 0xff, 0xfe, 0xff, 0xfe, 0xff, 0xfe, 0xff, 0xfe, 0xff, 0xfe, 0xff,
    0xfe, 0xff, 0xfe, 0xff, 0xfe, 0xff, 0xfe, 0xff, 0xfe, 0xff, 0xfe, 0xff, 0xfe, 0xff, 0xfe, 0xff,
    0xfe, 0xff, 0xfe, 0xff, 0xfe, 0xff, 0xfe, 0xff, 0xfe, 0xff, 0xfe, 0xff, 0xfe, 0xff, 0xfe, 0xff,
    0xfd, 0xff, 0xfe, 0xff, 0xfe, 0xff, 0xfe, 0xff, 0xfe, 0xff, 0xfe, 0xff, 0xde, 0xff, 0xde, 0xff,
    0xfe, 0xff, 0xde, 0xff, 0xde, 0xff, 0xde, 0xff, 0xfe, 0xff, 0xfe, 0xff, 0xde, 0xff, 0xde, 0xff,
    0xde, 0xff, 0xfe, 0xff, 0xfe, 0xff, 0xfe, 0xff, 0xfe, 0xff, 0xfe, 0xff, 0xfe, 0xff, 0xfe, 0xff,
    0xfe, 0xff, 0xfe, 0xff, 0xdd, 0xff, 0xdd, 0xff, 0xdd, 0xff, 0xdd, 0xff, 0xdd, 0xff, 0xdd, 0xff,
    0xdd, 0xff, 0xdd, 0xff, 0xfd, 0xff, 0xdd, 0xff, 0xdd, 0xff, 0xdd, 0xff, 0xdd, 0xff, 0xdd, 0xff,
    0xdd, 0xff, 0xdd, 0xff, 0xdd, 0xff, 0xdd, 0xff, 0xdd, 0xff, 0xdd, 0xff, 0xdd, 0xff, 0xdd, 0xff,
    0xdd, 0xff, 0xdd, 0xff, 0xdd, 0xff, 0xdd, 0xff, 0xdd, 0xff, 0xdd, 0xff, 0xdd, 0xff, 0xdd, 0xff,
    0xdd, 0xff, 0xdd, 0xff, 0xdd, 0xff, 0xdd, 0xff, 0xdd, 0xff, 0xdd, 0xff, 0xdd, 0xff, 0xdd, 0xff,
    0xdd, 0xff, 0xdd, 0xff, 0xdd, 0xff, 0xdd, 0xff, 0xdd, 0xff, 0xdd, 0xff, 0xbd, 0xff, 0xdd, 0xff,
    0xbd, 0xff, 0xdd, 0xff, 0xbd, 0xff, 0xbd, 0xff, 0xbd, 0xff, 0xbd, 0xff, 0xbd, 0xff, 0xbd, 0xff,
    0xbd, 0xff, 0xbd, 0xff, 0xbd, 0xff, 0xbd, 0xff, 0xbd, 0xff, 0xbd, 0xff, 0xbd, 0xff, 0xbd, 0xff,
    0xbd, 0xff, 0xbd, 0xff, 0xbd, 0xff, 0xbd, 0xff, 0xbd, 0xff, 0xbd, 0xff, 0xbd, 0xff, 0x9d, 0xff,
    0x9d, 0xff, 0x9d, 0xff, 0x9d, 0xff, 0x9d, 0xff, 0x9d, 0xff, 0x9d, 0xff, 0x9d, 0xff, 0x9d, 0xff,
    0x9c, 0xf7, 0x9d, 0xf7, 0x9c, 0xf7, 0x9c, 0xf7, 0x9c, 0xf7, 0x9c, 0xf7, 0x9c, 0xf7, 0x9c, 0xf7,
    0x9c, 0xf7, 0x9c, 0xf7, 0x9d, 0xf7, 0x9d, 0xf7, 0x9d, 0xf7, 0x9d, 0xf7, 0x9d, 0xf7, 0x9d, 0xf7,
    0x9d, 0xf7, 0x9d, 0xf7, 0x9d, 0xf7, 0x9d, 0xf7, 0x9c, 0xf7, 0x9d, 0xf7, 0x9d, 0xf7, 0x9c, 0xf7,
    0x9c, 0xf7, 0x9c, 0xf7, 0x7c, 0xf7, 0x7c, 0xf7, 0x7c, 0xf7, 0x7c, 0xf7, 0x9c, 0xf7, 0x7c, 0xf7,
    0x9c, 0xf7, 0x7c, 0xf7, 0x7c, 0xf7, 0x7c, 0xf7, 0x7c, 0xf7, 0x7c, 0xf7, 0x7c, 0xef, 0x7c, 0xef,
    0x7c, 0xf7, 0x7c, 0xef, 0x7c, 0xef, 0x5c, 0xef, 0x5c, 0xef, 0x5c, 0xef, 0x5c, 0xf7, 0x5c, 0xef,
    0x5c, 0xef, 0x5c, 0xef, 0x5c, 0xef, 0x5c, 0xef, 0x5c, 0xef, 0x5c, 0xef, 0x5b, 0xef, 0x5b, 0xef,
    0x5c, 0xef, 0x5c, 0xef, 0x5c, 0xef, 0x5c, 0xef, 0x5c, 0xef, 0x5c, 0xef, 0x3c, 0xef, 0x3c, 0xef,
    0x5c, 0xef, 0x3c, 0xef, 0x3b, 0xef, 0x3b, 0xef, 0x3b, 0xef, 0x3b, 0xe7, 0x3b, 0xe7, 0x3b, 0xe7,
    0x3b, 0xe7, 0x3b, 0xe7, 0x1b, 0xe7, 0x1b, 0xe7, 0x1b, 0xe7, 0x1b, 0xe7, 0x1b, 0xe7, 0x1b, 0xe7,
    0x1b, 0xe7, 0x1b, 0xe7, 0x1b, 0xe7, 0x1b, 0xe7, 0x1b, 0xe7, 0x1b, 0xe7, 0x1b, 0xe7, 0x1b, 0xe7,
    0x1b, 0xe7, 0x1b, 0xe7, 0xfb, 0xe6, 0xfb, 0xe6, 0xfb, 0xe6, 0xfb, 0xe6, 0xfb, 0xe6, 0xfb, 0xe6,
    0xfb, 0xe6, 0xfb, 0xde, 0xfb, 0xde, 0xfb, 0xde, 0xfb, 0xde, 0xfb, 0xde, 0xfb, 0xde, 0xfb, 0xde,
    0xfb, 0xde, 0xfb, 0xde, 0xdb, 0xde, 0xdb, 0xde, 0xdb, 0xde, 0xda, 0xde, 0xda, 0xde, 0xda, 0xde,
    0xda, 0xde, 0xda, 0xde, 0xda, 0xde, 0xda, 0xde, 0xda, 0xde, 0xda, 0xde, 0xda, 0xde, 0xda, 0xde,
    0xda, 0xde, 0xba, 0xd6, 0xda, 0xd6, 0xba, 0xd6, 0xba, 0xd6, 0xba, 0xd6, 0xba, 0xd6, 0xba, 0xd6,
    0xba, 0xd6, 0xba, 0xd6, 0xba, 0xd6, 0xba, 0xd6, 0xba, 0xd6, 0xba, 0xd6, 0xba, 0xd6, 0xba, 0xd6,
    0xba, 0xd6, 0xba, 0xd6, 0xba, 0xd6, 0xba, 0xd6, 0xba, 0xd6, 0xba, 0xd6, 0xda, 0xd6, 0xba, 0xd6,
    0xba, 0xd6, 0xba, 0xd6, 0xba, 0xd6, 0xba, 0xd6, 0xba, 0xd6, 0xba, 0xd6, 0xbb, 0xd6, 0xba, 0xd6,
    0xff, 0xff, 0xff, 0xff, 0xff, 0xff, 0xff, 0xff, 0xff, 0xff, 0xff, 0xff, 0xff, 0xff, 0xff, 0xff,
    0xff, 0xff, 0xfe, 0xff, 0xff, 0xff, 0xfe, 0xff, 0xfe, 0xff, 0xfe, 0xff, 0xfe, 0xff, 0xfe, 0xff,
    0xfe, 0xff, 0xfe, 0xff, 0xfe, 0xff, 0xfe, 0xff, 0xfe, 0xff, 0xfe, 0xff, 0xfe, 0xff, 0xfe, 0xff,
    0xfe, 0xff, 0xfe, 0xff, 0xfe, 0xff, 0xfe, 0xff, 0xfe, 0xff, 0xfe, 0xff, 0xfe, 0xff, 0xfe, 0xff,
    0xfe, 0xff, 0xfe, 0xff, 0xfe, 0xff, 0xfe, 0xff, 0xfe, 0xff, 0xfe, 0xff, 0xfe, 0xff, 0xfe, 0xff,
    0xfe, 0xff, 0xfe, 0xff, 0xfe, 0xff, 0xfe, 0xff, 0xfe, 0xff, 0xfe, 0xff, 0xfe, 0xff, 0xfe, 0xff,
    0xfe, 0xff, 0xfe, 0xff, 0xfe, 0xff, 0xfe, 0xff, 0xfe, 0xff, 0xfe, 0xff, 0xfe, 0xff, 0xfe, 0xff,
    0xfe, 0xff, 0xfe, 0xff, 0xfe, 0xff, 0xfe, 0xff, 0xfe, 0xff, 0xfd, 0xff, 0xfe, 0xff, 0xde, 0xff,
    0xfd, 0xff, 0xfe, 0xff, 0xfe, 0xff, 0xfe, 0xff, 0xfe, 0xff, 0xfe, 0xff, 0xfe, 0xff, 0xfe, 0xff,
    0xfe, 0xff, 0xfe, 0xff, 0xde, 0xff, 0xfe, 0xff, 0xfe, 0xff, 0xde, 0xff, 0xdd, 0xff, 0xfe, 0xff,
    0xde, 0xff, 0xdd, 0xff, 0xfe, 0xff, 0xfd, 0xff, 0xfd, 0xff, 0xdd, 0xff, 0xfe, 0xff, 0xfe, 0xff,
    0xfe, 0xff, 0xfd, 0xff, 0xdd, 0xff, 0xdd, 0xff, 0xdd, 0xff, 0xdd, 0xff, 0xdd, 0xff, 0xde, 0xff,
    0xfd, 0xff, 0xfd, 0xff, 0xdd, 0xff, 0xdd, 0xff, 0xdd, 0xff, 0xfd, 0xff, 0xdd, 0xff, 0xdd, 0xff,
    0xdd, 0xff, 0xdd, 0xff, 0xdd, 0xff, 0xdd, 0xff, 0xdd, 0xff, 0xdd, 0xff, 0xdd, 0xff, 0xdd, 0xff,
    0xdd, 0xff, 0xdd, 0xff, 0xdd, 0xff, 0xdd, 0xff, 0xdd, 0xff, 0xdd, 0xff, 0xdd, 0xff, 0xdd, 0xff,
    0xdd, 0xff, 0xdd, 0xff, 0xdd, 0xff, 0xdd, 0xff, 0xdd, 0xff, 0xdd, 0xff, 0xdd, 0xff, 0xdd, 0xff,
    0xdd, 0xff, 0xdd, 0xff, 0xdd, 0xff, 0xdd, 0xff, 0xdd, 0xff, 0xdd, 0xff, 0xbd, 0xff, 0xbd, 0xff,
    0xbd, 0xff, 0xbd, 0xff, 0xbd, 0xff, 0xbd, 0xff, 0xbd, 0xff, 0xbd, 0xff, 0xbd, 0xff, 0xbd, 0xff,
    0xbd, 0xff, 0xbd, 0xff, 0xbd, 0xff, 0xbd, 0xff, 0xbd, 0xff, 0xbd, 0xff, 0xbd, 0xff, 0xbd, 0xff,
    0xbd, 0xff, 0xbd, 0xff, 0xbd, 0xff, 0xbd, 0xff, 0xbd, 0xff, 0xbd, 0xff, 0xbd, 0xff, 0xbd, 0xff,
    0x9d, 0xff, 0x9d, 0xff, 0x9d, 0xff, 0x9c, 0xff, 0x9d, 0xff, 0x9d, 0xff, 0x9d, 0xf7, 0x9c, 0xf7,
    0x9c, 0xf7, 0x9c, 0xf7, 0x9c, 0xf7, 0x9c, 0xf7, 0x9c, 0xf7, 0x9c, 0xf7, 0x9c, 0xf7, 0x9c, 0xf7,
    0x9c, 0xf7, 0x9c, 0xf7, 0x9c, 0xf7, 0x9d, 0xff, 0x9d, 0xf7, 0x9d, 0xff, 0x9d, 0xf7, 0x9d, 0xf7,
    0x9d, 0xf7, 0x9d, 0xf7, 0x9c, 0xf7, 0x9c, 0xf7, 0x9c, 0xf7, 0x9c, 0xf7, 0x9c, 0xf7, 0x9c, 0xf7,
    0x9c, 0xf7, 0x9c, 0xf7, 0x7c, 0xf7, 0x7c, 0xf7, 0x7c, 0xf7, 0x7c, 0xf7, 0x7c, 0xf7, 0x9c, 0xf7,
    0x7c, 0xf7, 0x7c, 0xf7, 0x7c, 0xf7, 0x7c, 0xf7, 0x7c, 0xf7, 0x7c, 0xf7, 0x7c, 0xef, 0x7c, 0xf7,
    0x7c, 0xf7, 0x7c, 0xef, 0x7c, 0xef, 0x5c, 0xf7, 0x5c, 0xef, 0x5c, 0xf7, 0x5c, 0xf7, 0x5c, 0xf7,
    0x5c, 0xef, 0x5c, 0xef, 0x5c, 0xef, 0x5c, 0xef, 0x5c, 0xef, 0x5c, 0xef, 0x5c, 0xef, 0x5c, 0xef,
    0x5c, 0xef, 0x5c, 0xef, 0x5c, 0xef, 0x5c, 0xef, 0x5c, 0xef, 0x5c, 0xef, 0x5c, 0xef, 0x3c, 0xef,
    0x5c, 0xef, 0x3c, 0xef, 0x3b, 0xef, 0x3b, 0xef, 0x3b, 0xe7, 0x3b, 0xe7, 0x3b, 0xe7, 0x3b, 0xe7,
    0x3b, 0xe7, 0x3b, 0xe7, 0x3b, 0xe7, 0x1b, 0xe7, 0x1b, 0xe7, 0x1b, 0xe7, 0x1b, 0xe7, 0x1b, 0xe7,
    0x1b, 0xe7, 0x1b, 0xe7, 0x1b, 0xe7, 0x1b, 0xe7, 0x1b, 0xe7, 0x1b, 0xe7, 0x1b, 0xe7, 0x1b, 0xe7,
    0x1b, 0xe7, 0x1b, 0xe7, 0xfb, 0xde, 0xfb, 0xde, 0xfb, 0xde, 0xfb, 0xde, 0xfb, 0xe6, 0xfb, 0xe6,
    0xfb, 0xe6, 0xfb, 0xde, 0xfb, 0xde, 0xfb, 0xde, 0xfb, 0xde, 0xfb, 0xde, 0xfb, 0xde, 0xfb, 0xde,
    0xfb, 0xde, 0xfb, 0xde, 0xfb, 0xde, 0xdb, 0xde, 0xdb, 0xde, 0xda, 0xde, 0xda, 0xde, 0xda, 0xde,
    0xda, 0xde, 0xda, 0xde, 0xda, 0xde, 0xda, 0xde, 0xda, 0xde, 0xda, 0xde, 0xda, 0xde, 0xda, 0xde,
    0xda, 0xde, 0xda, 0xde, 0xda, 0xd6, 0xba, 0xd6, 0xba, 0xd6, 0xba, 0xd6, 0xba, 0xd6, 0xba, 0xd6,
    0xba, 0xd6, 0xba, 0xd6, 0xba, 0xd6, 0xba, 0xd6, 0xba, 0xd6, 0xba, 0xd6, 0xba, 0xd6, 0xba, 0xd6,
    0xba, 0xd6, 0xba, 0xd6, 0xba, 0xd6, 0xba, 0xd6, 0xda, 0xd6, 0xdb, 0xd6, 0xda, 0xd6, 0xda, 0xd6,
    0xba, 0xd6, 0xda, 0xd6, 0xba, 0xd6, 0xba, 0xd6, 0xba, 0xd6, 0xba, 0xd6, 0xba, 0xd6, 0xba, 0xd6,
    0xff, 0xff, 0xff, 0xff, 0xff, 0xff, 0xff, 0xff, 0xff, 0xff, 0xff, 0xff, 0xff, 0xff, 0xff, 0xff,
    0xfe, 0xff, 0xfe, 0xff, 0xfe, 0xff, 0xfe, 0xff, 0xfe, 0xff, 0xfe, 0xff, 0xfe, 0xff, 0xfe, 0xff,
    0xfe, 0xff, 0xfe, 0xff, 0xfe, 0xff, 0xfe, 0xff, 0xfe, 0xff, 0xfe, 0xff, 0xfe, 0xff, 0xfe, 0xff,
    0xfe, 0xff, 0xfe, 0xff, 0xfe, 0xff, 0xfe, 0xff, 0xfe, 0xff, 0xfe, 0xff, 0xfe, 0xff, 0xfe, 0xff,
    0xfe, 0xff, 0xfe, 0xff, 0xfe, 0xff, 0xfe, 0xff, 0xfe, 0xff, 0xfe, 0xff, 0xfe, 0xff, 0xfe, 0xff,
    0xfe, 0xff, 0xfe, 0xff, 0xfe, 0xff, 0xfe, 0xff, 0xfe, 0xff, 0xfe, 0xff, 0xfe, 0xff, 0xfe, 0xff,
    0xfe, 0xff, 0xfe, 0xff, 0xfe, 0xff, 0xfe, 0xff, 0xfe, 0xff, 0xfe, 0xff, 0xfe, 0xff, 0xfe, 0xff,
    0xfe, 0xff, 0xfe, 0xff, 0xfe, 0xff, 0xfe, 0xff, 0xfe, 0xff, 0xfe, 0xff, 0xfe, 0xff, 0xde, 0xff,
    0xfe, 0xff, 0xfe, 0xff, 0xde, 0xff, 0xfe, 0xff, 0xfe, 0xff, 0xfd, 0xff, 0xfe, 0xff, 0xfe, 0xff,
    0xfe, 0xff, 0xde, 0xff, 0xdd, 0xff, 0xdd, 0xff, 0xfd, 0xff, 0xdd, 0xff, 0xdd, 0xff, 0xde, 0xff,
    0xfe, 0xff, 0xdd, 0xff, 0xdd, 0xff, 0xdd, 0xff, 0xdd, 0xff, 0xfd, 0xff, 0xfe, 0xff, 0xfd, 0xff,
    0xfe, 0xff, 0xdd, 0xff, 0xdd, 0xff, 0xdd, 0xff, 0xdd, 0xff, 0xdd, 0xff, 0xfe, 0xff, 0xdd, 0xff,
    0xdd, 0xff, 0xdd, 0xff, 0xdd, 0xff, 0xdd, 0xff, 0xdd, 0xff, 0xdd, 0xff, 0xdd, 0xff, 0xdd, 0xff,
    0xdd, 0xff, 0xdd, 0xff, 0xdd, 0xff, 0xdd, 0xff, 0xdd, 0xff, 0xdd, 0xff, 0xdd, 0xff, 0xdd, 0xff,
    0xdd, 0xff, 0xdd, 0xff, 0xdd, 0xff, 0xdd, 0xff, 0xdd, 0xff, 0xdd, 0xff, 0xdd, 0xff, 0xdd, 0xff,
    0xdd, 0xff, 0xdd, 0xff, 0xdd, 0xff, 0xdd, 0xff, 0xdd, 0xff, 0xdd, 0xff, 0xdd, 0xff, 0xdd, 0xff,
    0xdd, 0xff, 0xdd, 0xff, 0xdd, 0xff, 0xdd, 0xff, 0xdd, 0xff, 0xbd, 0xff, 0xdd, 0xff, 0xdd, 0xff,
    0xdd, 0xff, 0xbd, 0xff, 0xbd, 0xff, 0xbd, 0xff, 0xbd, 0xff, 0xbd, 0xff, 0xbd, 0xff, 0xbd, 0xff,
    0xbd, 0xff, 0xbd, 0xff, 0xbd, 0xff, 0xbd, 0xff, 0xbd, 0xff, 0xbd, 0xff, 0xbd, 0xff, 0xbd, 0xff,
    0xbd, 0xff, 0xbd, 0xff, 0xbd, 0xff, 0xbd, 0xff, 0xbd, 0xff, 0x9d, 0xff, 0x9d, 0xff, 0x9d, 0xff,
    0x9d, 0xff, 0x9d, 0xff, 0x9d, 0xff, 0x9d, 0xff, 0x9d, 0xff, 0x9d, 0xff, 0x9d, 0xff, 0x9d, 0xff,
    0x9c, 0xf7, 0x9c, 0xf7, 0x9d, 0xf7, 0x9c, 0xf7, 0x9c, 0xf7, 0x9d, 0xf7, 0x9c, 0xf7, 0x9d, 0xf7,
    0x9d, 0xf7, 0x9d, 0xf7, 0x9d, 0xff, 0x9d, 0xff, 0x9d, 0xff, 0x9d, 0xff, 0x9d, 0xf7, 0x9d, 0xf7,
    0x9d, 0xf7, 0x9d, 0xf7, 0x9c, 0xf7, 0x9c, 0xf7, 0x9c, 0xf7, 0x9c, 0xf7, 0x9c, 0xf7, 0x9c, 0xf7,
    0x9c, 0xf7, 0x9c, 0xf7, 0x9c, 0xf7, 0x7c, 0xf7, 0x7c, 0xf7, 0x7c, 0xf7, 0x7c, 0xf7, 0x9c, 0xf7,
    0x7c, 0xf7, 0x7c, 0xf7, 0x7c, 0xf7, 0x7c, 0xf7, 0x7c, 0xf7, 0x7c, 0xf7, 0x7c, 0xf7, 0x7c, 0xf7,
    0x7c, 0xf7, 0x7c, 0xf7, 0x7c, 0xef, 0x7c, 0xef, 0x7c, 0xef, 0x7c, 0xef, 0x5c, 0xf7, 0x5c, 0xef,
    0x5c, 0xef, 0x5c, 0xef, 0x5c, 0xef, 0x5c, 0xef, 0x5c, 0xef, 0x5c, 0xef, 0x5c, 0xef, 0x5c, 0xef,
    0x5c, 0xef, 0x5c, 0xef, 0x5c, 0xef, 0x5c, 0xef, 0x5c, 0xef, 0x5b, 0xef, 0x5b, 0xef, 0x5c, 0xef,
    0x5c, 0xef, 0x5c, 0xef, 0x3b, 0xef, 0x3b, 0xef, 0x3b, 0xe7, 0x3c, 0xe7, 0x3b, 0xe7, 0x3b, 0xe7,
    0x3b, 0xe7, 0x3b, 0xe7, 0x3b, 0xe7, 0x3b, 0xe7, 0x1b, 0xe7, 0x1b, 0xe7, 0x1b, 0xe7, 0x1b, 0xe7,
    0x1b, 0xe7, 0x1b, 0xe7, 0x1b, 0xe7, 0x1b, 0xe7, 0x1b, 0xe7, 0x1b, 0xe7, 0x1b, 0xe7, 0x1b, 0xe7,
    0x1b, 0xe7, 0x1b, 0xe7, 0xfb, 0xde, 0xfb, 0xe6, 0xfb, 0xe6, 0xfb, 0xde, 0xfb, 0xe6, 0xfb, 0xde,
    0xfb, 0xde, 0xfb, 0xde, 0xfb, 0xde, 0xfb, 0xde, 0xfb, 0xde, 0xfb, 0xd6, 0xfb, 0xde, 0xfb, 0xde,
    0xfb, 0xde, 0xfb, 0xde, 0xdb, 0xde, 0xdb, 0xde, 0xda, 0xde, 0xdb, 0xde, 0xda, 0xde, 0xda, 0xde,
    0xda, 0xde, 0xda, 0xde, 0xda, 0xde, 0xda, 0xde, 0xda, 0xde, 0xda, 0xde, 0xda, 0xde, 0xda, 0xde,
    0xda, 0xde, 0xba, 0xde, 0xba, 0xd6, 0xba, 0xd6, 0xba, 0xd6, 0xba, 0xd6, 0xba, 0xd6, 0xba, 0xd6,
    0xba, 0xd6, 0xba, 0xd6, 0xda, 0xd6, 0xba, 0xd6, 0xba, 0xd6, 0xda, 0xd6, 0xba, 0xd6, 0xba, 0xd6,
    0xba, 0xd6, 0xba, 0xd6, 0xba, 0xce, 0xbb, 0xd6, 0xba, 0xd6, 0xda, 0xd6, 0xda, 0xd6, 0xda, 0xd6,
    0xda, 0xd6, 0xda, 0xd6, 0xbb, 0xd6, 0xda, 0xd6, 0xda, 0xd6, 0xba, 0xd6, 0xba, 0xd6, 0xba, 0xd6,
    0xff, 0xff, 0xff, 0xff, 0xff, 0xff, 0xff, 0xff, 0xff, 0xff, 0xff, 0xff, 0xff, 0xff, 0xff, 0xff,
    0xfe, 0xff, 0xfe, 0xff, 0xfe, 0xff, 0xfe, 0xff, 0xfe, 0xff, 0xfe, 0xff, 0xfe, 0xff, 0xfe, 0xff,
    0xfe, 0xff, 0xfe, 0xff, 0xfe, 0xff, 0xfe, 0xff, 0xfe, 0xff, 0xfe, 0xff, 0xfe, 0xff, 0xfe, 0xff,
    0xfe, 0xff, 0xfe, 0xff, 0xfe, 0xff, 0xfe, 0xff, 0xfe, 0xff, 0xfe, 0xff, 0xfe, 0xff, 0xfe, 0xff,
    0xfe, 0xff, 0xfe, 0xff, 0xfe, 0xff, 0xfe, 0xff, 0xfe, 0xff, 0xfe, 0xff, 0xfe, 0xff, 0xfe, 0xff,
    0xfe, 0xff, 0xfe, 0xff, 0xfe, 0xff, 0xfe, 0xff, 0xfe, 0xff, 0xfe, 0xff, 0xfe, 0xff, 0xfe, 0xff,
    0xfe, 0xff, 0xfe, 0xff, 0xfe, 0xff, 0xfe, 0xff, 0xfe, 0xff, 0xfe, 0xff, 0xfe, 0xff, 0xfe, 0xff,
    0xfe, 0xff, 0xfe, 0xff, 0xfe, 0xff, 0xfe, 0xff, 0xfe, 0xff, 0xde, 0xff, 0xfe, 0xff, 0xfd, 0xff,
    0xfe, 0xff, 0xfe, 0xff, 0xfe, 0xff, 0xde, 0xff, 0xde, 0xff, 0xfe, 0xff, 0xfe, 0xff, 0xfe, 0xff,
    0xfe, 0xff, 0xdd, 0xff, 0xdd, 0xff, 0xdd, 0xff, 0xfd, 0xff, 0xdd, 0xff, 0xfe, 0xff, 0xfd, 0xff,
    0xdd, 0xff, 0xfd, 0xff, 0xfe, 0xff, 0xde, 0xff, 0xfe, 0xff, 0xfe, 0xff, 0xfe, 0xff, 0xfe, 0xff,
    0xfe, 0xff, 0xfe, 0xff, 0xfe, 0xff, 0xdd, 0xff, 0xdd, 0xff, 0xfd, 0xff, 0xdd, 0xff, 0xdd, 0xff,
    0xdd, 0xff, 0xdd, 0xff, 0xfd, 0xff, 0xfd, 0xff, 0xdd, 0xff, 0xdd, 0xff, 0xdd, 0xff, 0xdd, 0xff,
    0xdd, 0xff, 0xdd, 0xff, 0xdd, 0xff, 0xdd, 0xff, 0xdd, 0xff, 0xdd, 0xff, 0xdd, 0xff, 0xdd, 0xff,
    0xdd, 0xff, 0xdd, 0xff, 0xdd, 0xff, 0xdd, 0xff, 0xdd, 0xff, 0xdd, 0xff, 0xdd, 0xff, 0xdd, 0xff,
    0xdd, 0xff, 0xdd, 0xff, 0xdd, 0xff, 0xdd, 0xff, 0xdd, 0xff, 0xdd, 0xff, 0xdd, 0xff, 0xdd, 0xff,
    0xdd, 0xff, 0xdd, 0xff, 0xdd, 0xff, 0xdd, 0xff, 0xdd, 0xff, 0xdd, 0xff, 0xdd, 0xff, 0xdd, 0xff,
    0xbd, 0xff, 0xbd, 0xff, 0xdd, 0xff, 0xbd, 0xff, 0xbd, 0xff, 0xbd, 0xff, 0xbd, 0xff, 0xbd, 0xff,
    0xbd, 0xff, 0xbd, 0xff, 0xbd, 0xff, 0xbd, 0xff, 0xbd, 0xff, 0xbd, 0xff, 0xbd, 0xff, 0xbd, 0xff,
    0xbd, 0xff, 0xbd, 0xff, 0xbd, 0xff, 0xbd, 0xff, 0xbd, 0xff, 0xbd, 0xff, 0xbd, 0xff, 0x9d, 0xff,
    0x9d, 0xff, 0x9d, 0xff, 0x9d, 0xff, 0x9d, 0xff, 0x9d, 0xff, 0x9d, 0xff, 0x9d, 0xff, 0x9d, 0xff,
    0x9d, 0xf7, 0x9c, 0xf7, 0x9c, 0xf7, 0x9c, 0xf7, 0x9c, 0xf7, 0x9d, 0xf7, 0x9d, 0xf7, 0x9c, 0xf7,
    0x9c, 0xf7, 0x9d, 0xf7, 0x9d, 0xf7, 0x9d, 0xff, 0x9d, 0xff, 0x9d, 0xff, 0x9d, 0xf7, 0x9d, 0xf7,
    0x9d, 0xf7, 0x9d, 0xf7, 0x9d, 0xf7, 0x9d, 0xf7, 0x9c, 0xf7, 0x9c, 0xf7, 0x9d, 0xf7, 0x9c, 0xf7,
    0x9c, 0xf7, 0x9c, 0xf7, 0x7c, 0xf7, 0x7c, 0xf7, 0x9c, 0xf7, 0x7c, 0xf7, 0x9c, 0xf7, 0x9c, 0xf7,
    0x9c, 0xf7, 0x7c, 0xf7, 0x7c, 0xf7, 0x7c, 0xf7, 0x7c, 0xf7, 0x7c, 0xf7, 0x7c, 0xf7, 0x7c, 0xf7,
    0x7c, 0xf7, 0x7c, 0xf7, 0x7c, 0xf7, 0x7c, 0xef, 0x7c, 0xf7, 0x7c, 0xef, 0x5c, 0xef, 0x5c, 0xf7,
    0x5c, 0xef, 0x5c, 0xf7, 0x5c, 0xef, 0x5c, 0xef, 0x5c, 0xef, 0x5c, 0xef, 0x5c, 0xef, 0x5c, 0xef,
    0x5c, 0xef, 0x5c, 0xef, 0x5c, 0xef, 0x5c, 0xef, 0x5c, 0xef, 0x5b, 0xef, 0x5b, 0xef, 0x5c, 0xef,
    0x3c, 0xef, 0x5c, 0xef, 0x5c, 0xef, 0x3b, 0xef, 0x3c, 0xef, 0x3c, 0xef, 0x3b, 0xe7, 0x3b, 0xe7,
    0x3b, 0xe7, 0x3b, 0xe7, 0x3b, 0xe7, 0x1b, 0xe7, 0x1b, 0xe7, 0x1b, 0xe7, 0x1b, 0xe7, 0x1b, 0xe7,
    0x1b, 0xe7, 0x1b, 0xe7, 0x1b, 0xe7, 0x1b, 0xe7, 0x1b, 0xe7, 0x1b, 0xe7, 0x1b, 0xe7, 0x1b, 0xe7,
    0x1b, 0xe7, 0x1b, 0xe7, 0x1b, 0xe7, 0xfb, 0xe6, 0xfb, 0xe6, 0xfb, 0xde, 0xfb, 0xde, 0xfb, 0xde,
    0xfb, 0xe6, 0xfb, 0xde, 0xfb, 0xde, 0xfb, 0xe6, 0xfb, 0xde, 0xfb, 0xde, 0xfb, 0xde, 0xfb, 0xde,
    0xfb, 0xde, 0xfb, 0xde, 0xdb, 0xde, 0xdb, 0xde, 0xdb, 0xde, 0xdb, 0xde, 0xda, 0xde, 0xda, 0xde,
    0xda, 0xde, 0xda, 0xde, 0xda, 0xde, 0xda, 0xde, 0xda, 0xde, 0xda, 0xde, 0xda, 0xde, 0xda, 0xde,
    0xda, 0xde, 0xda, 0xde, 0xba, 0xd6, 0xba, 0xd6, 0xba, 0xd6, 0xba, 0xd6, 0xba, 0xd6, 0xba, 0xd6,
    0xba, 0xd6, 0xba, 0xd6, 0xba, 0xd6, 0xba, 0xd6, 0xda, 0xd6, 0xda, 0xde, 0xda, 0xd6, 0xba, 0xd6,
    0xba, 0xd6, 0xba, 0xd6, 0xba, 0xd6, 0xba, 0xd6, 0xda, 0xd6, 0xda, 0xd6, 0xda, 0xde, 0xda, 0xd6,
    0xda, 0xd6, 0xda, 0xd6, 0xdb, 0xd6, 0xdb, 0xd6, 0xda, 0xd6, 0xba, 0xd6, 0xda, 0xd6, 0xda, 0xd6,
    0xff, 0xff, 0xff, 0xff, 0xff, 0xff, 0xff, 0xff, 0xff, 0xff, 0xff, 0xff, 0xff, 0xff, 0xff, 0xff,
    0xfe, 0xff, 0xfe, 0xff, 0xff, 0xff, 0xfe, 0xff, 0xfd, 0xff, 0xfe, 0xff, 0xfe, 0xff, 0xfe, 0xff,
    0xfe, 0xff, 0xfe, 0xff, 0xfe, 0xff, 0xfe, 0xff, 0xfe, 0xff, 0xfe, 0xff, 0xfe, 0xff, 0xfd, 0xff,
    0xfe, 0xff, 0xfe, 0xff, 0xfe, 0xff, 0xfe, 0xff, 0xfe, 0xff, 0xfe, 0xff, 0xfe, 0xff, 0xfe, 0xff,
    0xfe, 0xff, 0xfe, 0xff, 0xfe, 0xff, 0xfe, 0xff, 0xfe, 0xff, 0xfe, 0xff, 0xfe, 0xff, 0xfe, 0xff,
    0xfe, 0xff, 0xfe, 0xff, 0xfe, 0xff, 0xfe, 0xff, 0xfe, 0xff, 0xfe, 0xff, 0xfe, 0xff, 0xfe, 0xff,
    0xfe, 0xff, 0xfe, 0xff, 0xfe, 0xff, 0xfe, 0xff, 0xfe, 0xff, 0xfe, 0xff, 0xfe, 0xff, 0xfe, 0xff,
    0xfe, 0xff, 0xfe, 0xff, 0xfe, 0xff, 0xfe, 0xff, 0xfe, 0xff, 0xde, 0xff, 0xfe, 0xff, 0xfd, 0xff,
    0xfd, 0xff, 0xde, 0xff, 0xfe, 0xff, 0xfe, 0xff, 0xfe, 0xff, 0xde, 0xff, 0xfe, 0xff, 0xdd, 0xff,
    0xdd, 0xff, 0xfd, 0xff, 0xdd, 0xff, 0xfd, 0xff, 0xdd, 0xff, 0xfd, 0xff, 0xfe, 0xff, 0xfd, 0xff,
    0xfd, 0xff, 0xfd, 0xff, 0xfd, 0xff, 0xfe, 0xff, 0xfe, 0xff, 0xde, 0xff, 0xfe, 0xff, 0xfe, 0xff,
    0xfe, 0xff, 0xfe, 0xff, 0xdd, 0xff, 0xdd, 0xff, 0xdd, 0xff, 0xdd, 0xff, 0xdd, 0xff, 0xde, 0xff,
    0xdd, 0xff, 0xdd, 0xff, 0xdd, 0xff, 0xdd, 0xff, 0xdd, 0xff, 0xdd, 0xff, 0xdd, 0xff, 0xdd, 0xff,
    0xdd, 0xff, 0xdd, 0xff, 0xdd, 0xff, 0xdd, 0xff, 0xdd, 0xff, 0xdd, 0xff, 0xdd, 0xff, 0xdd, 0xff,
    0xdd, 0xff, 0xdd, 0xff, 0xdd, 0xff, 0xdd, 0xff, 0xdd, 0xff, 0xdd, 0xff, 0xdd, 0xff, 0xdd, 0xff,
    0xdd, 0xff, 0xdd, 0xff, 0xdd, 0xff, 0xdd, 0xff, 0xdd, 0xff, 0xdd, 0xff, 0xdd, 0xff, 0xdd, 0xff,
    0xdd, 0xff, 0xdd, 0xff, 0xdd, 0xff, 0xbd, 0xff, 0xbd, 0xff, 0xbd, 0xff, 0xdd, 0xff, 0xbd, 0xff,
    0xbd, 0xff, 0xbd, 0xff, 0xbd, 0xff, 0xbd, 0xff, 0xbd, 0xff, 0xbd, 0xff, 0xbd, 0xff, 0xbd, 0xff,
    0xbd, 0xff, 0xbd, 0xff, 0xbd, 0xff, 0xbd, 0xff, 0xbd, 0xff, 0xbd, 0xff, 0xbd, 0xff, 0xbd, 0xff,
    0xbd, 0xff, 0xbd, 0xff, 0xbd, 0xff, 0xbd, 0xff, 0x9d, 0xff, 0xbd, 0xff, 0x9d, 0xff, 0x9d, 0xff,
    0x9d, 0xff, 0x9d, 0xff, 0x9d, 0xff, 0x9d, 0xff, 0x9d, 0xff, 0x9d, 0xff, 0x9d, 0xff, 0x9d, 0xff,
    0x9d, 0xf7, 0x9c, 0xf7, 0x9c, 0xf7, 0x9c, 0xf7, 0x9c, 0xf7, 0x9c, 0xf7, 0x9d, 0xf7, 0x9c, 0xf7,
    0x9d, 0xf7, 0x9d, 0xf7, 0x9d, 0xf7, 0x9d, 0xff, 0x9c, 0xf7, 0x9d, 0xf7, 0x9d, 0xff, 0x9c, 0xf7,
    0x9d, 0xf7, 0x9d, 0xf7, 0x9d, 0xf7, 0x9d, 0xf7, 0x9c, 0xf7, 0x9c, 0xf7, 0x9c, 0xf7, 0x9c, 0xf7,
    0x9c, 0xf7, 0x9c, 0xf7, 0x9c, 0xf7, 0x9c, 0xf7, 0x7c, 0xf7, 0x9c, 0xf7, 0x9c, 0xf7, 0x9c, 0xf7,
    0x7c, 0xf7, 0x7c, 0xf7, 0x7c, 0xf7, 0x7c, 0xf7, 0x7c, 0xf7, 0x7c, 0xf7, 0x7c, 0xf7, 0x7c, 0xf7,
    0x7c, 0xf7, 0x7c, 0xf7, 0x7c, 0xf7, 0x7c, 0xef, 0x7c, 0xef, 0x5c, 0xef, 0x5c, 0xf7, 0x5c, 0xf7,
    0x5c, 0xf7, 0x5c, 0xf7, 0x5c, 0xef, 0x5c, 0xef, 0x5c, 0xef, 0x5c, 0xef, 0x5c, 0xef, 0x5c, 0xef,
    0x5c, 0xef, 0x5c, 0xef, 0x5c, 0xef, 0x5c, 0xef, 0x5c, 0xef, 0x5c, 0xef, 0x5c, 0xef, 0x5c, 0xef,
    0x5c, 0xef, 0x5c, 0xef, 0x3c, 0xef, 0x3b, 0xef, 0x3c, 0xef, 0x3c, 0xef, 0x3c, 0xef, 0x3b, 0xe7,
    0x3b, 0xe7, 0x3b, 0xe7, 0x3b, 0xe7, 0x3b, 0xe7, 0x1b, 0xe7, 0x1b, 0xe7, 0x1b, 0xe7, 0x1b, 0xe7,
    0x1b, 0xe7, 0x1b, 0xe7, 0x1b, 0xe7, 0x1b, 0xe7, 0x1b, 0xe7, 0x1b, 0xe7, 0x1b, 0xe7, 0x1b, 0xe7,
    0x1b, 0xe7, 0x1b, 0xe7, 0x1b, 0xdf, 0x1b, 0xdf, 0xfb, 0xde, 0xfb, 0xde, 0xfb, 0xde, 0xfb, 0xde,
    0xfb, 0xde, 0xfb, 0xe6, 0xfb, 0xde, 0xfb, 0xde, 0xfb, 0xde, 0xfb, 0xde, 0xfb, 0xde, 0xfb, 0xde,
    0xfb, 0xde, 0xfb, 0xde, 0xfb, 0xde, 0xfb, 0xde, 0xdb, 0xde, 0xdb, 0xde, 0xdb, 0xde, 0xda, 0xde,
    0xda, 0xde, 0xda, 0xde, 0xda, 0xde, 0xda, 0xde, 0xda, 0xde, 0xda, 0xde, 0xda, 0xde, 0xda, 0xde,
    0xda, 0xde, 0xda, 0xd6, 0xda, 0xd6, 0xda, 0xd6, 0xba, 0xd6, 0xba, 0xd6, 0xda, 0xd6, 0xba, 0xd6,
    0xba, 0xd6, 0xba, 0xd6, 0xba, 0xd6, 0xda, 0xd6, 0xba, 0xd6, 0xda, 0xd6, 0xda, 0xd6, 0xba, 0xd6,
    0xda, 0xd6, 0xba, 0xd6, 0xba, 0xd6, 0xda, 0xd6, 0xda, 0xd6, 0xda, 0xd6, 0xda, 0xde, 0xda, 0xd6,
    0xda, 0xd6, 0xda, 0xd6, 0xdb, 0xd6, 0xda, 0xd6, 0xda, 0xd6, 0xda, 0xd6, 0xda, 0xd6, 0xda, 0xd6,
    0xff, 0xff, 0xff, 0xff, 0xff, 0xff, 0xff, 0xff, 0xff, 0xff, 0xff, 0xff, 0xff, 0xff, 0xff, 0xff,
    0xfe, 0xff, 0xfe, 0xff, 0xfe, 0xff, 0xfe, 0xff, 0xfe, 0xff, 0xfe, 0xff, 0xfe, 0xff, 0xfe, 0xff,
    0xfe, 0xff, 0xfe, 0xff, 0xfe, 0xff, 0xfe, 0xff, 0xfe, 0xff, 0xfe, 0xff, 0xfe, 0xff, 0xfe, 0xff,
    0xfe, 0xff, 0xfe, 0xff, 0xfe, 0xff, 0xfe, 0xff, 0xfe, 0xff, 0xfe, 0xff, 0xfe, 0xff, 0xfe, 0xff,
    0xfe, 0xff, 0xfe, 0xff, 0xfe, 0xff, 0xfe, 0xff, 0xfe, 0xff, 0xfe, 0xff, 0xfe, 0xff, 0xfe, 0xff,
    0xfe, 0xff, 0xfe, 0xff, 0xfe, 0xff, 0xfe, 0xff, 0xfe, 0xff, 0xfe, 0xff, 0xfe, 0xff, 0xfe, 0xff,
    0xfe, 0xff, 0xfe, 0xff, 0xfe, 0xff, 0xfe, 0xff, 0xfe, 0xff, 0xfe, 0xff, 0xfe, 0xff, 0xfe, 0xff,
    0xfe, 0xff, 0xfe, 0xff, 0xfe, 0xff, 0xfe, 0xff, 0xfe, 0xff, 0xfe, 0xff, 0xfe, 0xff, 0xfe, 0xff,
    0xfe, 0xff, 0xfe, 0xff, 0xfe, 0xff, 0xfe, 0xff, 0xfe, 0xff, 0xfe, 0xff, 0xfe, 0xff, 0xde, 0xff,
    0xdd, 0xff, 0xdd, 0xff, 0xdd, 0xff, 0xfd, 0xff, 0xfd, 0xff, 0xfd, 0xff, 0xfe, 0xff, 0xfd, 0xff,
    0xfd, 0xff, 0xfe, 0xff, 0xfe, 0xff, 0xfd, 0xff, 0xfd, 0xff, 0xfe, 0xff, 0xfe, 0xff, 0xfd, 0xff,
    0xfd, 0xff, 0xde, 0xff, 0xfe, 0xff, 0xde, 0xff, 0xdd, 0xff, 0xdd, 0xff, 0xde, 0xff, 0xdd, 0xff,
    0xdd, 0xff, 0xdd, 0xff, 0xdd, 0xff, 0xdd, 0xff, 0xdd, 0xff, 0xdd, 0xff, 0xdd, 0xff, 0xdd, 0xff,
    0xdd, 0xff, 0xdd, 0xff, 0xdd, 0xff, 0xdd, 0xff, 0xdd, 0xff, 0xdd, 0xff, 0xdd, 0xff, 0xdd, 0xff,
    0xdd, 0xff, 0xdd, 0xff, 0xdd, 0xff, 0xdd, 0xff, 0xdd, 0xff, 0xdd, 0xff, 0xdd, 0xff, 0xdd, 0xff,
    0xdd, 0xff, 0xdd, 0xff, 0xdd, 0xff, 0xdd, 0xff, 0xdd, 0xff, 0xdd, 0xff, 0xdd, 0xff, 0xdd, 0xff,
    0xdd, 0xff, 0xdd, 0xff, 0xdd, 0xff, 0xdd, 0xff, 0xdd, 0xff, 0xbd, 0xff, 0xbd, 0xff, 0xbd, 0xff,
    0xbd, 0xff, 0xbd, 0xff, 0xbd, 0xff, 0xbd, 0xff, 0xbd, 0xff, 0xbd, 0xff, 0xbd, 0xff, 0xbd, 0xff,
    0xbd, 0xff, 0xbd, 0xff, 0xbd, 0xff, 0xbd, 0xff, 0xbd, 0xff, 0xbd, 0xff, 0xbd, 0xff, 0xbd, 0xff,
    0x9d, 0xff, 0x9d, 0xff, 0xbd, 0xff, 0xbd, 0xff, 0x9d, 0xff, 0x9d, 0xff, 0x9d, 0xff, 0x9d, 0xff,
    0x9d, 0xff, 0x9d, 0xff, 0x9d, 0xff, 0x9d, 0xff, 0x9d, 0xff, 0x9d, 0xff, 0x9d, 0xff, 0x9d, 0xf7,
    0x9d, 0xf7, 0x9c, 0xf7, 0x9c, 0xf7, 0x9c, 0xf7, 0x9c, 0xf7, 0x9d, 0xf7, 0x9c, 0xf7, 0x9c, 0xf7,
    0x9c, 0xf7, 0x9c, 0xf7, 0x9c, 0xff, 0x9c, 0xf7, 0x9d, 0xf7, 0x9c, 0xf7, 0x9d, 0xf7, 0x9c, 0xf7,
    0x9c, 0xf7, 0x9d, 0xf7, 0x9d, 0xf7, 0x9c, 0xf7, 0x9d, 0xf7, 0x9d, 0xf7, 0x9c, 0xf7, 0x9d, 0xf7,
    0x9c, 0xf7, 0x9c, 0xf7, 0x9c, 0xf7, 0x9c, 0xf7, 0x9c, 0xf7, 0x9c, 0xf7, 0x7c, 0xf7, 0x9c, 0xf7,
    0x7c, 0xf7, 0x7c, 0xf7, 0x7c, 0xf7, 0x7c, 0xf7, 0x7c, 0xf7, 0x7c, 0xf7, 0x7c, 0xf7, 0x7c, 0xf7,
    0x7c, 0xf7, 0x7c, 0xf7, 0x7c, 0xf7, 0x7c, 0xef, 0x7c, 0xef, 0x5c, 0xf7, 0x5c, 0xf7, 0x5c, 0xf7,
    0x5c, 0xf7, 0x5c, 0xef, 0x5c, 0xef, 0x5c, 0xef, 0x5c, 0xef, 0x5c, 0xef, 0x5c, 0xef, 0x5c, 0xef,
    0x5c, 0xef, 0x5c, 0xef, 0x5c, 0xef, 0x5c, 0xef, 0x5c, 0xef, 0x5c, 0xef, 0x5c, 0xef, 0x5c, 0xef,
    0x5c, 0xef, 0x5c, 0xef, 0x3c, 0xef, 0x3c, 0xef, 0x3c, 0xef, 0x3c, 0xe7, 0x3c, 0xef, 0x3c, 0xe7,
    0x3c, 0xe7, 0x3b, 0xe7, 0x3b, 0xe7, 0x1b, 0xe7, 0x1b, 0xe7, 0x1b, 0xe7, 0x1b, 0xe7, 0x1b, 0xe7,
    0x1b, 0xe7, 0x1b, 0xe7, 0x1b, 0xe7, 0x1b, 0xe7, 0x1b, 0xe7, 0x1b, 0xe7, 0x1b, 0xe7, 0x1b, 0xe7,
    0xfb, 0xe6, 0xfb, 0xde, 0xfb, 0xe6, 0xfb, 0xe6, 0xfb, 0xde, 0xfb, 0xe6, 0xfb, 0xde, 0xfb, 0xde,
    0xfb, 0xde, 0xfb, 0xe6, 0xfb, 0xde, 0xfb, 0xde, 0xfb, 0xde, 0xfb, 0xde, 0xfb, 0xde, 0xfb, 0xde,
    0xfb, 0xde, 0xfb, 0xde, 0xdb, 0xde, 0xdb, 0xde, 0xdb, 0xde, 0xdb, 0xde, 0xdb, 0xde, 0xda, 0xde,
    0xda, 0xde, 0xda, 0xde, 0xda, 0xde, 0xda, 0xde, 0xda, 0xde, 0xda, 0xde, 0xda, 0xde, 0xda, 0xde,
    0xda, 0xde, 0xda, 0xde, 0xda, 0xde, 0xda, 0xd6, 0xda, 0xde, 0xba, 0xd6, 0xba, 0xd6, 0xba, 0xd6,
    0xba, 0xd6, 0xba, 0xd6, 0xba, 0xd6, 0xda, 0xd6, 0xba, 0xd6, 0xda, 0xd6, 0xda, 0xd6, 0xba, 0xd6,
    0xba, 0xd6, 0xba, 0xd6, 0xba, 0xd6, 0xda, 0xd6, 0xba, 0xd6, 0xda, 0xd6, 0xda, 0xd6, 0xda, 0xd6,
    0xda, 0xd6, 0xda, 0xd6, 0xda, 0xd6, 0xda, 0xd6, 0xdb, 0xd6, 0xda, 0xd6, 0xda, 0xd6, 0xdb, 0xde,
    0xff, 0xff, 0xff, 0xff, 0xff, 0xff, 0xff, 0xff, 0xff, 0xff, 0xff, 0xff, 0xff, 0xff, 0xfe, 0xff,
    0xfe, 0xff, 0xfe, 0xff, 0xfe, 0xff, 0xfe, 0xff, 0xfe, 0xff, 0xfe, 0xff, 0xfe, 0xff, 0xfe, 0xff,
    0xfe, 0xff, 0xfe, 0xff, 0xfe, 0xff, 0xfe, 0xff, 0xfe, 0xff, 0xfe, 0xff, 0xfe, 0xff, 0xfe, 0xff,
    0xfe, 0xff, 0xfe, 0xff, 0xfe, 0xff, 0xfe, 0xff, 0xfe, 0xff, 0xfe, 0xff, 0xfe, 0xff, 0xfe, 0xff,
    0xfe, 0xff, 0xfe, 0xff, 0xfe, 0xff, 0xfe, 0xff, 0xfe, 0xff, 0xfe, 0xff, 0xfe, 0xff, 0xfe, 0xff,
    0xfe, 0xff, 0xfe, 0xff, 0xfe, 0xff, 0xfe, 0xff, 0xfe, 0xff, 0xfe, 0xff, 0xfe, 0xff, 0xfe, 0xff,
    0xfe, 0xff, 0xfe, 0xff, 0xfe, 0xff, 0xfe, 0xff, 0xfe, 0xff, 0xfe, 0xff, 0xfe, 0xff, 0xfe, 0xff,
    0xfe, 0xff, 0xfe, 0xff, 0xfe, 0xff, 0xfe, 0xff, 0xfe, 0xff, 0xfe, 0xff, 0xfe, 0xff, 0xfe, 0xff,
    0xfd, 0xff, 0xdd, 0xff, 0xfe, 0xff, 0xfe, 0xff, 0xfe, 0xff, 0xfe, 0xff, 0xfe, 0xff, 0xfe, 0xff,
    0xfd, 0xff, 0xfd, 0xff, 0xdd, 0xff, 0xfe, 0xff, 0xdd, 0xff, 0xdd, 0xff, 0xfd, 0xff, 0xfd, 0xff,
    0xdd, 0xff, 0xfd, 0xff, 0xfe, 0xff, 0xfe, 0xff, 0xfd, 0xff, 0xfd, 0xff, 0xfe, 0xff, 0xfd, 0xff,
    0xfd, 0xff, 0xdd, 0xff, 0xdd, 0xff, 0xde, 0xff, 0xde, 0xff, 0xdd, 0xff, 0xfe, 0xff, 0xfe, 0xff,
    0xdd, 0xff, 0xfd, 0xff, 0xdd, 0xff, 0xdd, 0xff, 0xdd, 0xff, 0xdd, 0xff, 0xdd, 0xff, 0xdd, 0xff,
    0xdd, 0xff, 0xdd, 0xff, 0xdd, 0xff, 0xdd, 0xff, 0xdd, 0xff, 0xdd, 0xff, 0xdd, 0xff, 0xdd, 0xff,
    0xdd, 0xff, 0xdd, 0xff, 0xdd, 0xff, 0xdd, 0xff, 0xdd, 0xff, 0xdd, 0xff, 0xdd, 0xff, 0xdd, 0xff,
    0xdd, 0xff, 0xdd, 0xff, 0xdd, 0xff, 0xdd, 0xff, 0xdd, 0xff, 0xdd, 0xff, 0xdd, 0xff, 0xdd, 0xff,
    0xdd, 0xff, 0xdd, 0xff, 0xdd, 0xff, 0xdd, 0xff, 0xbd, 0xff, 0xbd, 0xff, 0xbd, 0xff, 0xbd, 0xff,
    0xbd, 0xff, 0xbd, 0xff, 0xbd, 0xff, 0xbd, 0xff, 0xbd, 0xff, 0xbd, 0xff, 0xbd, 0xff, 0xbd, 0xff,
    0xbd, 0xff, 0xbd, 0xff, 0xbd, 0xff, 0xbd, 0xff, 0xbd, 0xff, 0xbd, 0xff, 0xbd, 0xff, 0xbd, 0xff,
    0xbd, 0xff, 0xbd, 0xff, 0x9d, 0xff, 0xbd, 0xff, 0xbd, 0xff, 0x9c, 0xff, 0x9d, 0xff, 0x9d, 0xff,
    0x9d, 0xff, 0x9d, 0xff, 0x9d, 0xff, 0x9d, 0xff, 0x9d, 0xff, 0x9d, 0xff, 0x9d, 0xff, 0x9d, 0xf7,
    0x9d, 0xf7, 0x9c, 0xf7, 0x9c, 0xf7, 0x9c, 0xf7, 0x9c, 0xf7, 0x9c, 0xf7, 0x9c, 0xf7, 0x9c, 0xf7,
    0x9c, 0xf7, 0x9c, 0xf7, 0x9c, 0xf7, 0x9c, 0xf7, 0x9c, 0xf7, 0x9d, 0xf7, 0x9d, 0xf7, 0x9d, 0xff,
    0x9c, 0xf7, 0x9d, 0xf7, 0x9d, 0xf7, 0x9d, 0xf7, 0x9d, 0xf7, 0x9d, 0xf7, 0x9d, 0xf7, 0x9d, 0xf7,
    0x9c, 0xf7, 0x9c, 0xf7, 0x9c, 0xf7, 0x9c, 0xf7, 0x9c, 0xf7, 0x9c, 0xf7, 0x9c, 0xf7, 0x9c, 0xf7,
    0x9c, 0xf7, 0x7c, 0xf7, 0x7c, 0xf7, 0x7c, 0xf7, 0x7c, 0xf7, 0x7c, 0xf7, 0x7c, 0xf7, 0x7c, 0xef,
    0x7c, 0xf7, 0x7c, 0xf7, 0x7c, 0xf7, 0x7c, 0xf7, 0x7c, 0xef, 0x5c, 0xef, 0x5c, 0xef, 0x5c, 0xf7,
    0x5c, 0xef, 0x5c, 0xf7, 0x5c, 0xef, 0x5c, 0xef, 0x5c, 0xef, 0x5c, 0xf7, 0x5c, 0xef, 0x5c, 0xe7,
    0x5c, 0xef, 0x5c, 0xef, 0x5c, 0xef, 0x5c, 0xef, 0x5c, 0xef, 0x5c, 0xef, 0x5c, 0xef, 0x5c, 0xef,
    0x5c, 0xef, 0x5c, 0xef, 0x3c, 0xef, 0x3c, 0xef, 0x3c, 0xef, 0x3c, 0xef, 0x3c, 0xe7, 0x3c, 0xe7,
    0x3c, 0xe7, 0x3b, 0xe7, 0x3b, 0xe7, 0x3c, 0xe7, 0x3b, 0xe7, 0x1b, 0xe7, 0x1b, 0xe7, 0x1b, 0xe7,
    0x1b, 0xe7, 0x1b, 0xe7, 0x1b, 0xe7, 0x1b, 0xe7, 0x1b, 0xe7, 0x1b, 0xe7, 0x1b, 0xe7, 0x1b, 0xe7,
    0x1b, 0xe7, 0xfb, 0xde, 0xfb, 0xde, 0xfb, 0xe6, 0xfb, 0xe6, 0xfb, 0xde, 0xfb, 0xde, 0xfb, 0xe6,
    0xfb, 0xde, 0x1b, 0xdf, 0xfb, 0xde, 0xfb, 0xde, 0xfb, 0xde, 0xfb, 0xde, 0xfb, 0xd6, 0xfb, 0xde,
    0xfb, 0xde, 0xfb, 0xde, 0xfb, 0xde, 0xdb, 0xde, 0xdb, 0xde, 0xdb, 0xde, 0xdb, 0xde, 0xda, 0xde,
    0xda, 0xde, 0xda, 0xde, 0xda, 0xde, 0xda, 0xde, 0xda, 0xde, 0xda, 0xde, 0xda, 0xde, 0xda, 0xde,
    0xda, 0xde, 0xda, 0xde, 0xda, 0xde, 0xda, 0xde, 0xda, 0xde, 0xda, 0xde, 0xda, 0xd6, 0xba, 0xd6,
    0xba, 0xd6, 0xda, 0xd6, 0xba, 0xd6, 0xba, 0xd6, 0xba, 0xd6, 0xba, 0xd6, 0xba, 0xd6, 0xba, 0xd6,
    0xda, 0xd6, 0xba, 0xd6, 0xba, 0xd6, 0xba, 0xd6, 0xda, 0xd6, 0xda, 0xd6, 0xda, 0xd6, 0xda, 0xd6,
    0xda, 0xd6, 0xda, 0xd6, 0xda, 0xd6, 0xda, 0xd6, 0xda, 0xde, 0xda, 0xd6, 0xda, 0xd6, 0xdb, 0xde,
    0xff, 0xff, 0xff, 0xff, 0xff, 0xff, 0xff, 0xff, 0xff, 0xff, 0xff, 0xff, 0xff, 0xff, 0xff, 0xff,
    0xff, 0xff, 0xfe, 0xff, 0xfe, 0xff, 0xfe, 0xff, 0xfe, 0xff, 0xfe, 0xff, 0xfd, 0xff, 0xfe, 0xff,
    0xfe, 0xff, 0xfe, 0xff, 0xfe, 0xff, 0xfe, 0xff, 0xfe, 0xff, 0xfe, 0xff, 0xfe, 0xff, 0xfe, 0xff,
    0xfe, 0xff, 0xfe, 0xff, 0xfe, 0xff, 0xfe, 0xff, 0xfe, 0xff, 0xfe, 0xff, 0xfe, 0xff, 0xfe, 0xff,
    0xfe, 0xff, 0xfe, 0xff, 0xfe, 0xff, 0xfe, 0xff, 0xfe, 0xff, 0xfe, 0xff, 0xfe, 0xff, 0xfe, 0xff,
    0xfe, 0xff, 0xfe, 0xff, 0xfe, 0xff, 0xfe, 0xff, 0xfe, 0xff, 0xfe, 0xff, 0xfe, 0xff, 0xfe, 0xff,
    0xfe, 0xff, 0xfe, 0xff, 0xfe, 0xff, 0xfe, 0xff, 0xfe, 0xff, 0xfe, 0xff, 0xfe, 0xff, 0xfe, 0xff,
    0xfe, 0xff, 0xfe, 0xff, 0xfe, 0xff, 0xfe, 0xff, 0xfe, 0xff, 0xfe, 0xff, 0xfe, 0xff, 0xfe, 0xff,
    0xfe, 0xff, 0xfd, 0xff, 0xfd, 0xff, 0xfe, 0xff, 0xfe, 0xff, 0xfe, 0xff, 0xfe, 0xff, 0xfd, 0xff,
    0xfd, 0xff, 0xfd, 0xff, 0xdd, 0xff, 0xde, 0xff, 0xfd, 0xff, 0xfd, 0xff, 0xdd, 0xff, 0xdd, 0xff,
    0xdd, 0xff, 0xfd, 0xff, 0xfe, 0xff, 0xfe, 0xff, 0xde, 0xff, 0xdd, 0xff, 0xdd, 0xff, 0xfe, 0xff,
    0xde, 0xff, 0xdd, 0xff, 0xde, 0xff, 0xdd, 0xff, 0xde, 0xff, 0xfe, 0xff, 0xfe, 0xff, 0xfe, 0xff,
    0xdd, 0xff, 0xdd, 0xff, 0xdd, 0xff, 0xdd, 0xff, 0xdd, 0xff, 0xdd, 0xff, 0xdd, 0xff, 0xdd, 0xff,
    0xdd, 0xff, 0xdd, 0xff, 0xdd, 0xff, 0xdd, 0xff, 0xdd, 0xff, 0xdd, 0xff, 0xdd, 0xff, 0xdd, 0xff,
    0xdd, 0xff, 0xdd, 0xff, 0xdd, 0xff, 0xdd, 0xff, 0xdd, 0xff, 0xdd, 0xff, 0xdd, 0xff, 0xdd, 0xff,
    0xdd, 0xff, 0xdd, 0xff, 0xdd, 0xff, 0xdd, 0xff, 0xdd, 0xff, 0xdd, 0xff, 0xdd, 0xff, 0xdd, 0xff,
    0xdd, 0xff, 0xdd, 0xff, 0xdd, 0xff, 0xdd, 0xff, 0xdd, 0xff, 0xdd, 0xff, 0xdd, 0xff, 0xbd, 0xff,
    0xbd, 0xff, 0xbd, 0xff, 0xbd, 0xff, 0xbd, 0xff, 0xbd, 0xff, 0xbd, 0xff, 0xbd, 0xff, 0xbd, 0xff,
    0xbd, 0xff, 0xbd, 0xff, 0xbd, 0xff, 0xbd, 0xff, 0xbd, 0xff, 0xbd, 0xff, 0xbd, 0xff, 0x9d, 0xff,
    0xbd, 0xff, 0xbd, 0xff, 0x9d, 0xff, 0x9d, 0xff, 0x9d, 0xff, 0x9d, 0xff, 0xbd, 0xff, 0x9d, 0xff,
    0x9d, 0xff, 0x9d, 0xff, 0x9d, 0xff, 0x9d, 0xff, 0x9d, 0xff, 0x9d, 0xff, 0x9d, 0xf7, 0x9c, 0xf7,
    0x9d, 0xf7, 0x9c, 0xf7, 0x9c, 0xf7, 0x9c, 0xf7, 0x9c, 0xf7, 0x9c, 0xf7, 0x9c, 0xf7, 0x9c, 0xf7,
    0x9c, 0xf7, 0x9c, 0xf7, 0x9c, 0xf7, 0x9c, 0xf7, 0x9c, 0xf7, 0x9c, 0xf7, 0x9c, 0xf7, 0x9d, 0xf7,
    0x9d, 0xf7, 0x9d, 0xf7, 0x9d, 0xf7, 0x9d, 0xf7, 0x9d, 0xf7, 0x9d, 0xf7, 0x9c, 0xf7, 0x9c, 0xf7,
    0x9c, 0xf7, 0x9c, 0xf7, 0x9c, 0xf7, 0x9c, 0xf7, 0x9c, 0xf7, 0x9c, 0xf7, 0x9c, 0xf7, 0x7c, 0xf7,
    0x9c, 0xf7, 0x7c, 0xf7, 0x7c, 0xf7, 0x7c, 0xf7, 0x7c, 0xf7, 0x7c, 0xf7, 0x7c, 0xf7, 0x7c, 0xf7,
    0x7c, 0xf7, 0x7c, 0xf7, 0x7c, 0xf7, 0x7c, 0xf7, 0x7c, 0xef, 0x5c, 0xf7, 0x5c, 0xf7, 0x5c, 0xf7,
    0x5c, 0xef, 0x5c, 0xef, 0x5c, 0xef, 0x5c, 0xef, 0x5c, 0xef, 0x5c, 0xef, 0x5c, 0xef, 0x5c, 0xef,
    0x5c, 0xe7, 0x5c, 0xef, 0x5c, 0xef, 0x5c, 0xef, 0x5c, 0xef, 0x5c, 0xef, 0x5c, 0xef, 0x5c, 0xef,
    0x5c, 0xef, 0x5c, 0xef, 0x3c, 0xef, 0x3c, 0xef, 0x3c, 0xef, 0x3c, 0xef, 0x3c, 0xef, 0x3c, 0xe7,
    0x3b, 0xe7, 0x3b, 0xe7, 0x3c, 0xe7, 0x3c, 0xe7, 0x3c, 0xe7, 0x3c, 0xe7, 0x3b, 0xe7, 0x1b, 0xe7,
    0x1b, 0xe7, 0x1b, 0xe7, 0x1b, 0xe7, 0x1b, 0xe7, 0x1b, 0xe7, 0x1b, 0xe7, 0x1b, 0xe7, 0x1b, 0xe7,
    0x1b, 0xe7, 0xfb, 0xe6, 0xfb, 0xe6, 0xfb, 0xe6, 0xfb, 0xde, 0xfb, 0xde, 0xfb, 0xe6, 0xfb, 0xde,
    0xfb, 0xde, 0xfb, 0xde, 0xfb, 0xde, 0xfb, 0xde, 0xfb, 0xde, 0xfb, 0xde, 0xfb, 0xde, 0xfb, 0xde,
    0xfb, 0xde, 0xfb, 0xde, 0xfb, 0xde, 0xdb, 0xde, 0xdb, 0xde, 0xdb, 0xde, 0xdb, 0xde, 0xdb, 0xde,
    0xda, 0xde, 0xda, 0xde, 0xda, 0xde, 0xda, 0xde, 0xda, 0xde, 0xda, 0xde, 0xda, 0xde, 0xda, 0xde,
    0xba, 0xde, 0xda, 0xd6, 0xda, 0xde, 0xda, 0xde, 0xba, 0xd6, 0xda, 0xd6, 0xba, 0xd6, 0xba, 0xd6,
    0xba, 0xd6, 0xba, 0xd6, 0xba, 0xd6, 0xba, 0xd6, 0xba, 0xd6, 0xba, 0xd6, 0xba, 0xd6, 0xba, 0xd6,
    0xba, 0xd6, 0xba, 0xd6, 0xba, 0xd6, 0xba, 0xd6, 0xba, 0xd6, 0xda, 0xd6, 0xda, 0xd6, 0xda, 0xd6,
    0xda, 0xd6, 0xda, 0xd6, 0xda, 0xd6, 0xdb, 0xd6, 0xda, 0xde, 0xdb, 0xd6, 0xdb, 0xd6, 0xdb, 0xde,
    0xff, 0xff, 0xff, 0xff, 0xff, 0xff, 0xff, 0xff, 0xff, 0xff, 0xff, 0xff, 0xff, 0xff, 0xff, 0xff,
    0xff, 0xff, 0xfe, 0xff, 0xfe, 0xff, 0xfe, 0xff, 0xfe, 0xff, 0xfe, 0xff, 0xfe, 0xff, 0xfe, 0xff,
    0xfe, 0xff, 0xfe, 0xff, 0xfe, 0xff, 0xfe, 0xff, 0xfe, 0xff, 0xfe, 0xff, 0xfe, 0xff, 0xfe, 0xff,
    0xfe, 0xff, 0xfe, 0xff, 0xfe, 0xff, 0xfe, 0xff, 0xfe, 0xff, 0xfe, 0xff, 0xfe, 0xff, 0xfe, 0xff,
    0xfe, 0xff, 0xfe, 0xff, 0xfe, 0xff, 0xfe, 0xff, 0xfe, 0xff, 0xfe, 0xff, 0xfe, 0xff, 0xfe, 0xff,
    0xfe, 0xff, 0xfe, 0xff, 0xfe, 0xff, 0xfe, 0xff, 0xfe, 0xff, 0xfe, 0xff, 0xfe, 0xff, 0xfe, 0xff,
    0xfe, 0xff, 0xfe, 0xff, 0xfe, 0xff, 0xfe, 0xff, 0xfe, 0xff, 0xfe, 0xff, 0xfe, 0xff, 0xfe, 0xff,
    0xfe, 0xff, 0xfe, 0xff, 0xfe, 0xff, 0xfe, 0xff, 0xfe, 0xff, 0xfe, 0xff, 0xfe, 0xff, 0xfe, 0xff,
    0xfe, 0xff, 0xfe, 0xff, 0xfe, 0xff, 0xfe, 0xff, 0xfe, 0xff, 0xfe, 0xff, 0xfe, 0xff, 0xfe, 0xff,
    0xfd, 0xff, 0xfd, 0xff, 0xdd, 0xff, 0xde, 0xff, 0xde, 0xff, 0xdd, 0xff, 0xdd, 0xff, 0xdd, 0xff,
    0xdd, 0xff, 0xfe, 0xff, 0xfe, 0xff, 0xde, 0xff, 0xdd, 0xff, 0xfd, 0xff, 0xdd, 0xff, 0xdd, 0xff,
    0xdd, 0xff, 0xdd, 0xff, 0xdd, 0xff, 0xdd, 0xff, 0xde, 0xff, 0xfe, 0xff, 0xde, 0xff, 0xde, 0xff,
    0xdd, 0xff, 0xde, 0xff, 0xdd, 0xff, 0xfd, 0xff, 0xdd, 0xff, 0xdd, 0xff, 0xdd, 0xff, 0xdd, 0xff,
    0xdd, 0xff, 0xdd, 0xff, 0xdd, 0xff, 0xdd, 0xff, 0xdd, 0xff, 0xdd, 0xff, 0xdd, 0xff, 0xdd, 0xff,
    0xdd, 0xff, 0xdd, 0xff, 0xdd, 0xff, 0xdd, 0xff, 0xdd, 0xff, 0xdd, 0xff, 0xdd, 0xff, 0xdd, 0xff,
    0xdd, 0xff, 0xdd, 0xff, 0xdd, 0xff, 0xdd, 0xff, 0xdd, 0xff, 0xdd, 0xff, 0xdd, 0xff, 0xdd, 0xff,
    0xdd, 0xff, 0xdd, 0xff, 0xdd, 0xff, 0xdd, 0xff, 0xdd, 0xff, 0xdd, 0xff, 0xdd, 0xff, 0xbd, 0xff,
    0xbd, 0xff, 0xbd, 0xff, 0xbd, 0xff, 0xbd, 0xff, 0xbd, 0xff, 0xbd, 0xff, 0xbd, 0xff, 0xbd, 0xff,
    0xbd, 0xff, 0xbd, 0xff, 0xbd, 0xff, 0xbd, 0xff, 0xbd, 0xff, 0xbd, 0xff, 0xbd, 0xff, 0xbd, 0xff,
    0xbd, 0xff, 0x9d, 0xff, 0x9d, 0xff, 0x9d, 0xff, 0x9d, 0xff, 0x9d, 0xff, 0x9d, 0xff, 0x9d, 0xff,
    0x9d, 0xff, 0xbd, 0xff, 0x9d, 0xff, 0x9d, 0xff, 0x9d, 0xff, 0x9d, 0xff, 0x9d, 0xf7, 0x9d, 0xf7,
    0x9d, 0xff, 0x9d, 0xf7, 0x9d, 0xf7, 0x9c, 0xf7, 0x9c, 0xf7, 0x9c, 0xf7, 0x9c, 0xf7, 0x9c, 0xf7,
    0x9c, 0xf7, 0x9c, 0xf7, 0x9c, 0xf7, 0x9d, 0xf7, 0x9c, 0xf7, 0x9c, 0xf7, 0x9d, 0xf7, 0x9d, 0xf7,
    0x9c, 0xf7, 0x9c, 0xf7, 0x9d, 0xf7, 0x9d, 0xf7, 0x9d, 0xf7, 0x9c, 0xf7, 0x9c, 0xf7, 0x9d, 0xf7,
    0x9c, 0xf7, 0x9c, 0xf7, 0x9d, 0xf7, 0x9c, 0xf7, 0x9c, 0xf7, 0x7c, 0xf7, 0x7c, 0xf7, 0x7c, 0xf7,
    0x7c, 0xf7, 0x7c, 0xf7, 0x7c, 0xf7, 0x7c, 0xf7, 0x7c, 0xf7, 0x7c, 0xf7, 0x7c, 0xf7, 0x7c, 0xf7,
    0x7c, 0xf7, 0x7c, 0xf7, 0x5c, 0xf7, 0x7c, 0xef, 0x5c, 0xf7, 0x5c, 0xf7, 0x5c, 0xef, 0x5c, 0xef,
    0x5c, 0xef, 0x5c, 0xef, 0x5c, 0xef, 0x5c, 0xef, 0x5c, 0xef, 0x5c, 0xef, 0x5c, 0xef, 0x5c, 0xef,
    0x5c, 0xef, 0x5c, 0xef, 0x5c, 0xef, 0x5c, 0xef, 0x5c, 0xef, 0x5c, 0xef, 0x5c, 0xef, 0x5c, 0xef,
    0x5c, 0xef, 0x5c, 0xef, 0x3c, 0xef, 0x3c, 0xef, 0x3c, 0xef, 0x3c, 0xef, 0x3c, 0xe7, 0x3c, 0xe7,
    0x3b, 0xe7, 0x3b, 0xe7, 0x3b, 0xe7, 0x3c, 0xe7, 0x3c, 0xe7, 0x3c, 0xe7, 0x3c, 0xe7, 0x1b, 0xe7,
    0x1b, 0xe7, 0x1b, 0xe7, 0x1b, 0xe7, 0x1b, 0xe7, 0x1b, 0xe7, 0x1b, 0xe7, 0x1b, 0xe7, 0x1b, 0xe7,
    0xfb, 0xe6, 0xfb, 0xe6, 0xfb, 0xe6, 0xfb, 0xe6, 0xfb, 0xde, 0xfb, 0xde, 0xfb, 0xe6, 0xfb, 0xe6,
    0xfb, 0xe6, 0x1b, 0xdf, 0xfb, 0xde, 0xfb, 0xde, 0xfb, 0xde, 0xfb, 0xde, 0xfb, 0xde, 0xfb, 0xde,
    0xfb, 0xde, 0xfb, 0xde, 0xdb, 0xde, 0xdb, 0xde, 0xdb, 0xde, 0xdb, 0xde, 0xdb, 0xde, 0xdb, 0xde,
    0xdb, 0xde, 0xda, 0xde, 0xda, 0xde, 0xda, 0xde, 0xda, 0xde, 0xda, 0xde, 0xda, 0xde, 0xda, 0xde,
    0xda, 0xde, 0xda, 0xde, 0xda, 0xde, 0xda, 0xde, 0xba, 0xd6, 0xba, 0xd6, 0xba, 0xd6, 0xba, 0xd6,
    0xba, 0xd6, 0xba, 0xd6, 0xda, 0xd6, 0xda, 0xde, 0xba, 0xd6, 0xba, 0xd6, 0xba, 0xd6, 0xba, 0xd6,
    0xba, 0xd6, 0xba, 0xd6, 0xba, 0xd6, 0xba, 0xd6, 0xba, 0xd6, 0xba, 0xd6, 0xda, 0xd6, 0xda, 0xd6,
    0xda, 0xd6, 0xda, 0xde, 0xda, 0xd6, 0xda, 0xd6, 0xdb, 0xde, 0xdb, 0xde, 0xdb, 0xd6, 0xdb, 0xde,
    0xff, 0xff, 0xff, 0xff, 0xff, 0xff, 0xff, 0xff, 0xff, 0xff, 0xff, 0xff, 0xff, 0xff, 0xff, 0xff,
    0xfe, 0xff, 0xfe, 0xff, 0xfe, 0xff, 0xfe, 0xff, 0xfe, 0xff, 0xfe, 0xff, 0xfe, 0xff, 0xfe, 0xff,
    0xfe, 0xff, 0xfe, 0xff, 0xfe, 0xff, 0xfe, 0xff, 0xfe, 0xff, 0xfe, 0xff, 0xfe, 0xff, 0xfe, 0xff,
    0xfe, 0xff, 0xfe, 0xff, 0xfe, 0xff, 0xfe, 0xff, 0xfe, 0xff, 0xfe, 0xff, 0xfe, 0xff, 0xfe, 0xff,
    0xfe, 0xff, 0xfe, 0xff, 0xfe, 0xff, 0xfe, 0xff, 0xfe, 0xff, 0xfe, 0xff, 0xfe, 0xff, 0xfe, 0xff,
    0xfe, 0xff, 0xfe, 0xff, 0xfe, 0xff, 0xfe, 0xff, 0xfe, 0xff, 0xfe, 0xff, 0xfe, 0xff, 0xfe, 0xff,
    0xfe, 0xff, 0xfe, 0xff, 0xfe, 0xff, 0xfe, 0xff, 0xfe, 0xff, 0xfe, 0xff, 0xfe, 0xff, 0xfe, 0xff,
    0xfe, 0xff, 0xfe, 0xff, 0xfe, 0xff, 0xfe, 0xff, 0xfe, 0xff, 0xfe, 0xff, 0xfe, 0xff, 0xfe, 0xff,
    0xfe, 0xff, 0xfe, 0xff, 0xfe, 0xff, 0xfe, 0xff, 0xfe, 0xff, 0xfe, 0xff, 0xfe, 0xff, 0xfe, 0xff,
    0xfd, 0xff, 0xfe, 0xff, 0xfd, 0xff, 0xdd, 0xff, 0xdd, 0xff, 0xfd, 0xff, 0xfe, 0xff, 0xfd, 0xff,
    0xdd, 0xff, 0xfe, 0xff, 0xde, 0xff, 0xfd, 0xff, 0xdd, 0xff, 0xdd, 0xff, 0xfe, 0xff, 0xdd, 0xff,
    0xdd, 0xff, 0xdd, 0xff, 0xdd, 0xff, 0xde, 0xff, 0xdd, 0xff, 0xfd, 0xff, 0xde, 0xff, 0xfe, 0xff,
    0xfd, 0xff, 0xdd, 0xff, 0xdd, 0xff, 0xfd, 0xff, 0xdd, 0xff, 0xdd, 0xff, 0xdd, 0xff, 0xdd, 0xff,
    0xdd, 0xff, 0xdd, 0xff, 0xdd, 0xff, 0xdd, 0xff, 0xdd, 0xff, 0xdd, 0xff, 0xdd, 0xff, 0xdd, 0xff,
    0xdd, 0xff, 0xdd, 0xff, 0xdd, 0xff, 0xdd, 0xff, 0xdd, 0xff, 0xdd, 0xff, 0xdd, 0xff, 0xdd, 0xff,
    0xdd, 0xff, 0xdd, 0xff, 0xdd, 0xff, 0xdd, 0xff, 0xdd, 0xff, 0xdd, 0xff, 0xdd, 0xff, 0xdd, 0xff,
    0xdd, 0xff, 0xdd, 0xff, 0xdd, 0xff, 0xdd, 0xff, 0xdd, 0xff, 0xdd, 0xff, 0xdd, 0xff, 0xbd, 0xff,
    0xbd, 0xff, 0xbd, 0xff, 0xbd, 0xff, 0xbd, 0xff, 0xbd, 0xff, 0xbd, 0xff, 0xbd, 0xff, 0xbd, 0xff,
    0xbd, 0xff, 0xbd, 0xff, 0xbd, 0xff, 0xbd, 0xff, 0xbd, 0xff, 0xbd, 0xff, 0xbd, 0xff, 0xbd, 0xff,
    0xbd, 0xff, 0xbd, 0xff, 0x9d, 0xff, 0x9d, 0xff, 0x9d, 0xff, 0x9d, 0xff, 0x9d, 0xff, 0x9d, 0xff,
    0x9d, 0xff, 0x9d, 0xff, 0x9d, 0xff, 0x9d, 0xff, 0x9d, 0xff, 0x9d, 0xff, 0x9d, 0xff, 0x9d, 0xff,
    0x9d, 0xff, 0x9d, 0xff, 0x9d, 0xff, 0x9d, 0xff, 0x9c, 0xf7, 0x9c, 0xf7, 0x9c, 0xf7, 0x9c, 0xf7,
    0x9c, 0xf7, 0x9c, 0xf7, 0x9c, 0xf7, 0x9d, 0xf7, 0x9c, 0xf7, 0x9c, 0xf7, 0x9d, 0xf7, 0x9d, 0xf7,
    0x9c, 0xf7, 0x9c, 0xf7, 0x9c, 0xf7, 0x9c, 0xf7, 0x9d, 0xf7, 0x9c, 0xf7, 0x9c, 0xf7, 0x9c, 0xf7,
    0x9c, 0xf7, 0x9c, 0xf7, 0x9c, 0xf7, 0x9c, 0xf7, 0x9c, 0xf7, 0x7c, 0xf7, 0x7c, 0xf7, 0x7c, 0xf7,
    0x7c, 0xf7, 0x7c, 0xf7, 0x7c, 0xf7, 0x7c, 0xf7, 0x7c, 0xf7, 0x7c, 0xf7, 0x7c, 0xf7, 0x7c, 0xf7,
    0x7c, 0xf7, 0x7c, 0xf7, 0x7c, 0xef, 0x5c, 0xf7, 0x5c, 0xef, 0x7c, 0xef, 0x5c, 0xef, 0x7c, 0xf7,
    0x5c, 0xef, 0x5c, 0xef, 0x5c, 0xef, 0x5c, 0xef, 0x5c, 0xef, 0x5c, 0xef, 0x5c, 0xe7, 0x5c, 0xef,
    0x5c, 0xef, 0x5c, 0xef, 0x5c, 0xef, 0x5c, 0xef, 0x5c, 0xef, 0x5c, 0xef, 0x5c, 0xef, 0x5c, 0xef,
    0x5c, 0xef, 0x5c, 0xef, 0x3c, 0xef, 0x3c, 0xef, 0x3c, 0xef, 0x3c, 0xef, 0x3c, 0xe7, 0x3c, 0xe7,
    0x3c, 0xe7, 0x3b, 0xe7, 0x3b, 0xe7, 0x3b, 0xe7, 0x3c, 0xe7, 0x3c, 0xe7, 0x3b, 0xe7, 0x1b, 0xe7,
    0x1b, 0xe7, 0x1b, 0xe7, 0x1b, 0xe7, 0x1b, 0xe7, 0x1b, 0xe7, 0x1b, 0xe7, 0x1b, 0xe7, 0x1b, 0xe7,
    0x1b, 0xe7, 0x1b, 0xe7, 0x1b, 0xdf, 0x1b, 0xdf, 0xfb, 0xde, 0xfb, 0xde, 0xfb, 0xe6, 0xfb, 0xde,
    0xfb, 0xde, 0xfb, 0xe6, 0xfb, 0xe6, 0xfb, 0xde, 0xfb, 0xde, 0xfb, 0xde, 0xfb, 0xde, 0xfb, 0xde,
    0xfb, 0xde, 0xfb, 0xde, 0xdb, 0xde, 0xdb, 0xde, 0xdb, 0xde, 0xda, 0xde, 0xdb, 0xde, 0xdb, 0xde,
    0xda, 0xde, 0xdb, 0xde, 0xda, 0xde, 0xda, 0xde, 0xda, 0xde, 0xda, 0xde, 0xda, 0xde, 0xda, 0xde,
    0xda, 0xde, 0xda, 0xde, 0xda, 0xde, 0xda, 0xde, 0xda, 0xd6, 0xba, 0xd6, 0xba, 0xd6, 0xba, 0xd6,
    0xba, 0xd6, 0xba, 0xd6, 0xba, 0xd6, 0xba, 0xd6, 0xba, 0xd6, 0xba, 0xd6, 0xba, 0xd6, 0xba, 0xd6,
    0xba, 0xd6, 0xba, 0xd6, 0xba, 0xd6, 0xba, 0xd6, 0xbb, 0xd6, 0xda, 0xd6, 0xda, 0xd6, 0xda, 0xd6,
    0xda, 0xd6, 0xda, 0xde, 0xda, 0xd6, 0xda, 0xd6, 0xda, 0xde, 0xdb, 0xd6, 0xdb, 0xd6, 0xdb, 0xd6,
    0xff, 0xff, 0xff, 0xff, 0xff, 0xff, 0xff, 0xff, 0xff, 0xff, 0xff, 0xff, 0xff, 0xff, 0xfe, 0xff,
    0xfe, 0xff, 0xfe, 0xff, 0xfe, 0xff, 0xfe, 0xff, 0xfe, 0xff, 0xfe, 0xff, 0xfe, 0xff, 0xfe, 0xff,
    0xfe, 0xff, 0xfe, 0xff, 0xfe, 0xff, 0xfe, 0xff, 0xfe, 0xff, 0xfe, 0xff, 0xfe, 0xff, 0xfe, 0xff,
    0xfe, 0xff, 0xfe, 0xff, 0xfe, 0xff, 0xfe, 0xff, 0xfe, 0xff, 0xfe, 0xff, 0xfe, 0xff, 0xfe, 0xff,
    0xfe, 0xff, 0xfe, 0xff, 0xfe, 0xff, 0xfe, 0xff, 0xfe, 0xff, 0xfe, 0xff, 0xfe, 0xff, 0xfe, 0xff,
    0xfe, 0xff, 0xfe, 0xff, 0xfe, 0xff, 0xfe, 0xff, 0xfe, 0xff, 0xfe, 0xff, 0xfe, 0xff, 0xfe, 0xff,
    0xfe, 0xff, 0xfe, 0xff, 0xfe, 0xff, 0xfe, 0xff, 0xfe, 0xff, 0xfe, 0xff, 0xfe, 0xff, 0xfe, 0xff,
    0xfe, 0xff, 0xfe, 0xff, 0xfe, 0xff, 0xfe, 0xff, 0xfe, 0xff, 0xde, 0xff, 0xfe, 0xff, 0xde, 0xff,
    0xfe, 0xff, 0xfe, 0xff, 0xfe, 0xff, 0xfe, 0xff, 0xfe, 0xff, 0xfe, 0xff, 0xfe, 0xff, 0xfe, 0xff,
    0xfe, 0xff, 0xfe, 0xff, 0xfe, 0xff, 0xfe, 0xff, 0xfe, 0xff, 0xfd, 0xff, 0xde, 0xff, 0xdd, 0xff,
    0xdd, 0xff, 0xdd, 0xff, 0xfe, 0xff, 0xdd, 0xff, 0xdd, 0xff, 0xdd, 0xff, 0xdd, 0xff, 0xde, 0xff,
    0xde, 0xff, 0xde, 0xff, 0xde, 0xff, 0xdd, 0xff, 0xde, 0xff, 0xfd, 0xff, 0xdd, 0xff, 0xfe, 0xff,
    0xfd, 0xff, 0xdd, 0xff, 0xdd, 0xff, 0xdd, 0xff, 0xdd, 0xff, 0xdd, 0xff, 0xdd, 0xff, 0xdd, 0xff,
    0xdd, 0xff, 0xdd, 0xff, 0xdd, 0xff, 0xdd, 0xff, 0xdd, 0xff, 0xdd, 0xff, 0xdd, 0xff, 0xdd, 0xff,
    0xdd, 0xff, 0xdd, 0xff, 0xdd, 0xff, 0xdd, 0xff, 0xdd, 0xff, 0xdd, 0xff, 0xdd, 0xff, 0xdd, 0xff,
    0xdd, 0xff, 0xdd, 0xff, 0xdd, 0xff, 0xdd, 0xff, 0xdd, 0xff, 0xdd, 0xff, 0xdd, 0xff, 0xdd, 0xff,
    0xdd, 0xff, 0xdd, 0xff, 0xdd, 0xff, 0xdd, 0xff, 0xdd, 0xff, 0xdd, 0xff, 0xdd, 0xff, 0xbd, 0xff,
    0xbd, 0xff, 0xbd, 0xff, 0xbd, 0xff, 0xbd, 0xff, 0xbd, 0xff, 0xbd, 0xff, 0xbd, 0xff, 0xbd, 0xff,
    0xbd, 0xff, 0xbd, 0xff, 0xbd, 0xff, 0xbd, 0xff, 0xbd, 0xff, 0xbd, 0xff, 0xbd, 0xff, 0xbd, 0xff,
    0xbd, 0xff, 0x9d, 0xff, 0x9d, 0xff, 0x9d, 0xff, 0x9d, 0xff, 0x9d, 0xff, 0x9d, 0xff, 0x9d, 0xff,
    0x9d, 0xff, 0x9d, 0xff, 0x9d, 0xff, 0x9d, 0xff, 0x9d, 0xff, 0x9d, 0xff, 0x9d, 0xff, 0x9d, 0xff,
    0x9d, 0xff, 0x9d, 0xff, 0x9d, 0xff, 0x9c, 0xf7, 0x9c, 0xf7, 0x9c, 0xf7, 0x9c, 0xf7, 0x9c, 0xf7,
    0x9c, 0xf7, 0x9c, 0xf7, 0x9c, 0xf7, 0x9c, 0xf7, 0x9c, 0xf7, 0x9d, 0xf7, 0x9d, 0xf7, 0x9d, 0xf7,
    0x9d, 0xf7, 0x9d, 0xf7, 0x9c, 0xf7, 0x9c, 0xf7, 0x9d, 0xf7, 0x9c, 0xf7, 0x9c, 0xf7, 0x9c, 0xf7,
    0x9c, 0xf7, 0x9c, 0xf7, 0x9c, 0xf7, 0x9c, 0xf7, 0x9c, 0xf7, 0x7c, 0xf7, 0x7c, 0xf7, 0x7c, 0xf7,
    0x7c, 0xf7, 0x7c, 0xf7, 0x7c, 0xf7, 0x7c, 0xf7, 0x7c, 0xf7, 0x7c, 0xf7, 0x7c, 0xf7, 0x7c, 0xf7,
    0x7c, 0xf7, 0x7c, 0xf7, 0x5c, 0xef, 0x5c, 0xef, 0x7c, 0xef, 0x5c, 0xef, 0x7c, 0xef, 0x7c, 0xef,
    0x5c, 0xf7, 0x5c, 0xf7, 0x5c, 0xef, 0x5c, 0xef, 0x5c, 0xef, 0x5c, 0xef, 0x5c, 0xef, 0x5c, 0xef,
    0x5c, 0xef, 0x5c, 0xef, 0x5c, 0xef, 0x5c, 0xef, 0x5c, 0xef, 0x5c, 0xef, 0x5c, 0xef, 0x5c, 0xef,
    0x5c, 0xef, 0x3c, 0xef, 0x3c, 0xef, 0x3c, 0xef, 0x3c, 0xef, 0x3c, 0xe7, 0x3c, 0xe7, 0x3c, 0xe7,
    0x3b, 0xe7, 0x3c, 0xe7, 0x3b, 0xe7, 0x3c, 0xe7, 0x3b, 0xe7, 0x3b, 0xe7, 0x1b, 0xe7, 0x1b, 0xe7,
    0x1b, 0xe7, 0x1b, 0xe7, 0x1b, 0xe7, 0x1b, 0xe7, 0x1b, 0xe7, 0x1b, 0xe7, 0x1b, 0xe7, 0x1b, 0xe7,
    0x1b, 0xe7, 0x1b, 0xe7, 0x1b, 0xe7, 0x1b, 0xe7, 0x1b, 0xe7, 0x1b, 0xdf, 0xfb, 0xde, 0xfb, 0xe6,
    0xfb, 0xde, 0xfb, 0xde, 0xfb, 0xde, 0xfb, 0xde, 0xfb, 0xde, 0xfb, 0xde, 0xfb, 0xde, 0xfb, 0xde,
    0xfb, 0xde, 0xfb, 0xde, 0xdb, 0xde, 0xdb, 0xde, 0xdb, 0xde, 0xdb, 0xde, 0xdb, 0xde, 0xdb, 0xde,
    0xdb, 0xde, 0xdb, 0xde, 0xda, 0xde, 0xda, 0xde, 0xda, 0xde, 0xda, 0xde, 0xda, 0xde, 0xda, 0xde,
    0xda, 0xde, 0xda, 0xde, 0xda, 0xde, 0xda, 0xd6, 0xda, 0xd6, 0xba, 0xd6, 0xba, 0xd6, 0xba, 0xd6,
    0xba, 0xd6, 0xba, 0xd6, 0xba, 0xd6, 0xba, 0xd6, 0xba, 0xd6, 0xba, 0xd6, 0xba, 0xd6, 0xba, 0xd6,
    0xba, 0xd6, 0xba, 0xd6, 0xba, 0xd6, 0xba, 0xd6, 0xba, 0xd6, 0xba, 0xd6, 0xba, 0xde, 0xda, 0xd6,
    0xba, 0xd6, 0xda, 0xde, 0xdb, 0xde, 0xda, 0xde, 0xdb, 0xde, 0xdb, 0xd6, 0xdb, 0xd6, 0xdb, 0xd6,
    0xff, 0xff, 0xff, 0xff, 0xff, 0xff, 0xff, 0xff, 0xff, 0xff, 0xff, 0xff, 0xff, 0xff, 0xfe, 0xff,
    0xfe, 0xff, 0xfe, 0xff, 0xfe, 0xff, 0xfe, 0xff, 0xfe, 0xff, 0xfe, 0xff, 0xfe, 0xff, 0xfe, 0xff,
    0xfe, 0xff, 0xfe, 0xff, 0xfe, 0xff, 0xfe, 0xff, 0xfe, 0xff, 0xfe, 0xff, 0xfe, 0xff, 0xfe, 0xff,
    0xfe, 0xff, 0xfe, 0xff, 0xfe, 0xff, 0xfe, 0xff, 0xfe, 0xff, 0xfe, 0xff, 0xfe, 0xff, 0xfe, 0xff,
    0xfe, 0xff, 0xfe, 0xff, 0xfe, 0xff, 0xfe, 0xff, 0xfe, 0xff, 0xfe, 0xff, 0xfe, 0xff, 0xfe, 0xff,
    0xfe, 0xff, 0xfe, 0xff, 0xfe, 0xff, 0xfe, 0xff, 0xfe, 0xff, 0xfe, 0xff, 0xfe, 0xff, 0xfe, 0xff,
    0xfe, 0xff, 0xfe, 0xff, 0xfe, 0xff, 0xfe, 0xff, 0xfe, 0xff, 0xfe, 0xff, 0xfe, 0xff, 0xfe, 0xff,
    0xfe, 0xff, 0xfe, 0xff, 0xfe, 0xff, 0xfe, 0xff, 0xfe, 0xff, 0xfe, 0xff, 0xfe, 0xff, 0xfe, 0xff,
    0xde, 0xff, 0xfe, 0xff, 0xfe, 0xff, 0xfe, 0xff, 0xfe, 0xff, 0xfe, 0xff, 0xfe, 0xff, 0xfe, 0xff,
    0xfe, 0xff, 0xfe, 0xff, 0xfe, 0xff, 0xfe, 0xff, 0xfe, 0xff, 0xfe, 0xff, 0xde, 0xff, 0xfd, 0xff,
    0xdd, 0xff, 0xde, 0xff, 0xfe, 0xff, 0xde, 0xff, 0xdd, 0xff, 0xfd, 0xff, 0xdd, 0xff, 0xde, 0xff,
    0xde, 0xff, 0xdd, 0xff, 0xdd, 0xff, 0xde, 0xff, 0xdd, 0xff, 0xdd, 0xff, 0xde, 0xff, 0xdd, 0xff,
    0xdd, 0xff, 0xdd, 0xff, 0xde, 0xff, 0xdd, 0xff, 0xdd, 0xff, 0xdd, 0xff, 0xdd, 0xff, 0xdd, 0xff,
    0xdd, 0xff, 0xdd, 0xff, 0xdd, 0xff, 0xdd, 0xff, 0xdd, 0xff, 0xdd, 0xff, 0xdd, 0xff, 0xdd, 0xff,
    0xdd, 0xff, 0xdd, 0xff, 0xdd, 0xff, 0xdd, 0xff, 0xdd, 0xff, 0xdd, 0xff, 0xdd, 0xff, 0xdd, 0xff,
    0xdd, 0xff, 0xdd, 0xff, 0xdd, 0xff, 0xdd, 0xff, 0xdd, 0xff, 0xdd, 0xff, 0xdd, 0xff, 0xdd, 0xff,
    0xdd, 0xff, 0xdd, 0xff, 0xdd, 0xff, 0xdd, 0xff, 0xdd, 0xff, 0xdd, 0xff, 0xbd, 0xff, 0xbd, 0xff,
    0xbd, 0xff, 0xbd, 0xff, 0xbd, 0xff, 0xbd, 0xff, 0xbd, 0xff, 0xbd, 0xff, 0xbd, 0xff, 0xbd, 0xff,
    0xbd, 0xff, 0xbd, 0xff, 0xbd, 0xff, 0xbd, 0xff, 0xbd, 0xff, 0xbd, 0xff, 0xbd, 0xff, 0xbd, 0xff,
    0xbd, 0xff, 0xbd, 0xff, 0x9d, 0xff, 0x9d, 0xff, 0x9d, 0xff, 0x9d, 0xff, 0x9d, 0xff, 0x9d, 0xff,
    0x9d, 0xff, 0x9d, 0xff, 0x9d, 0xff, 0x9d, 0xff, 0x9d, 0xff, 0x9d, 0xff, 0x9d, 0xff, 0x9d, 0xff,
    0x9d, 0xff, 0x9d, 0xff, 0x9d, 0xff, 0x9d, 0xff, 0x9d, 0xf7, 0x9c, 0xf7, 0x9c, 0xf7, 0x9c, 0xf7,
    0x9c, 0xf7, 0x9c, 0xf7, 0x9c, 0xf7, 0x9c, 0xf7, 0x9c, 0xf7, 0x9d, 0xf7, 0x9d, 0xf7, 0x9d, 0xf7,
    0x9d, 0xf7, 0x9d, 0xf7, 0x9c, 0xf7, 0x9c, 0xf7, 0x9d, 0xf7, 0x9c, 0xf7, 0x9c, 0xf7, 0x9c, 0xf7,
    0x9c, 0xf7, 0x9c, 0xf7, 0x9c, 0xf7, 0x9c, 0xf7, 0x7c, 0xf7, 0x7c, 0xf7, 0x7c, 0xf7, 0x7c, 0xf7,
    0x7c, 0xf7, 0x7c, 0xf7, 0x7c, 0xf7, 0x7c, 0xf7, 0x7c, 0xf7, 0x7c, 0xf7, 0x7c, 0xf7, 0x7c, 0xf7,
    0x7c, 0xef, 0x5c, 0xef, 0x5c, 0xf7, 0x5c, 0xef, 0x7c, 0xef, 0x5c, 0xef, 0x5c, 0xef, 0x5c, 0xef,
    0x5c, 0xf7, 0x5c, 0xef, 0x5c, 0xef, 0x5c, 0xef, 0x5c, 0xef, 0x5c, 0xef, 0x5c, 0xef, 0x5c, 0xef,
    0x5c, 0xef, 0x5c, 0xef, 0x5c, 0xef, 0x5c, 0xef, 0x5c, 0xef, 0x5c, 0xef, 0x5c, 0xef, 0x5c, 0xef,
    0x5c, 0xef, 0x5c, 0xef, 0x5c, 0xef, 0x5c, 0xef, 0x3c, 0xef, 0x3c, 0xe7, 0x3c, 0xe7, 0x3c, 0xe7,
    0x3c, 0xe7, 0x3b, 0xe7, 0x3b, 0xe7, 0x3b, 0xe7, 0x3b, 0xe7, 0x3b, 0xe7, 0x1b, 0xe7, 0x1b, 0xe7,
    0x1b, 0xe7, 0x1b, 0xe7, 0x1b, 0xe7, 0x1b, 0xe7, 0x1b, 0xe7, 0x1b, 0xe7, 0x1b, 0xe7, 0x1b, 0xe7,
    0x1b, 0xe7, 0x1b, 0xe7, 0x1b, 0xe7, 0x1b, 0xe7, 0x1b, 0xdf, 0xfb, 0xde, 0xfb, 0xe6, 0xfb, 0xe6,
    0xfb, 0xde, 0xfb, 0xde, 0xfb, 0xde, 0xfb, 0xde, 0xfb, 0xde, 0xfb, 0xd6, 0xfb, 0xde, 0xfb, 0xde,
    0xfb, 0xde, 0xfb, 0xde, 0xdb, 0xde, 0xdb, 0xde, 0xdb, 0xde, 0xdb, 0xde, 0xdb, 0xde, 0xdb, 0xde,
    0xda, 0xde, 0xda, 0xde, 0xda, 0xde, 0xda, 0xde, 0xda, 0xde, 0xda, 0xde, 0xda, 0xde, 0xda, 0xde,
    0xda, 0xde, 0xda, 0xde, 0xda, 0xde, 0xda, 0xde, 0xda, 0xd6, 0xba, 0xd6, 0xba, 0xd6, 0xba, 0xd6,
    0xba, 0xd6, 0xba, 0xd6, 0xba, 0xd6, 0xba, 0xd6, 0xba, 0xd6, 0xba, 0xd6, 0xba, 0xd6, 0xba, 0xd6,
    0xba, 0xd6, 0xba, 0xd6, 0xba, 0xd6, 0xba, 0xd6, 0xda, 0xde, 0xda, 0xd6, 0xba, 0xd6, 0xba, 0xd6,
    0xba, 0xd6, 0xda, 0xd6, 0xda, 0xd6, 0xda, 0xd6, 0xdb, 0xd6, 0xda, 0xd6, 0xda, 0xde, 0xda, 0xd6,
    0xff, 0xff, 0xff, 0xff, 0xff, 0xff, 0xff, 0xff, 0xff, 0xff, 0xff, 0xff, 0xff, 0xff, 0xff, 0xff,
    0xfe, 0xff, 0xfe, 0xff, 0xfe, 0xff, 0xfe, 0xff, 0xfe, 0xff, 0xfe, 0xff, 0xfe, 0xff, 0xfe, 0xff,
    0xfe, 0xff, 0xfe, 0xff, 0xfe, 0xff, 0xfe, 0xff, 0xfe, 0xff, 0xfe, 0xff, 0xfe, 0xff, 0xfe, 0xff,
    0xfe, 0xff, 0xfe, 0xff, 0xfe, 0xff, 0xfe, 0xff, 0xfe, 0xff, 0xfe, 0xff, 0xfe, 0xff, 0xfe, 0xff,
    0xfe, 0xff, 0xfe, 0xff, 0xfe, 0xff, 0xfe, 0xff, 0xfe, 0xff, 0xfe, 0xff, 0xfe, 0xff, 0xfe, 0xff,
    0xfe, 0xff, 0xfe, 0xff, 0xfe, 0xff, 0xfe, 0xff, 0xfe, 0xff, 0xfe, 0xff, 0xfe, 0xff, 0xfe, 0xff,
    0xfe, 0xff, 0xfe, 0xff, 0xfe, 0xff, 0xfe, 0xff, 0xfe, 0xff, 0xfe, 0xff, 0xfe, 0xff, 0xfe, 0xff,
    0xfe, 0xff, 0xfe, 0xff, 0xfe, 0xff, 0xfe, 0xff, 0xfe, 0xff, 0xfe, 0xff, 0xde, 0xff, 0xfe, 0xff,
    0xfe, 0xff, 0xfe, 0xff, 0xfe, 0xff, 0xfe, 0xff, 0xfe, 0xff, 0xfe, 0xff, 0xfe, 0xff, 0xfe, 0xff,
    0xfe, 0xff, 0xfe, 0xff, 0xfe, 0xff, 0xfe, 0xff, 0xfe, 0xff, 0xfe, 0xff, 0xfe, 0xff, 0xfe, 0xff,
    0xdd, 0xff, 0xdd, 0xff, 0xde, 0xff, 0xde, 0xff, 0xde, 0xff, 0xde, 0xff, 0xde, 0xff, 0xdd, 0xff,
    0xdd, 0xff, 0xde, 0xff, 0xdd, 0xff, 0xdd, 0xff, 0xdd, 0xff, 0xdd, 0xff, 0xdd, 0xff, 0xdd, 0xff,
    0xdd, 0xff, 0xde, 0xff, 0xde, 0xff, 0xdd, 0xff, 0xdd, 0xff, 0xdd, 0xff, 0xdd, 0xff, 0xdd, 0xff,
    0xdd, 0xff, 0xdd, 0xff, 0xdd, 0xff, 0xdd, 0xff, 0xdd, 0xff, 0xdd, 0xff, 0xdd, 0xff, 0xdd, 0xff,
    0xdd, 0xff, 0xdd, 0xff, 0xdd, 0xff, 0xdd, 0xff, 0xdd, 0xff, 0xdd, 0xff, 0xdd, 0xff, 0xdd, 0xff,
    0xdd, 0xff, 0xdd, 0xff, 0xdd, 0xff, 0xdd, 0xff, 0xbd, 0xff, 0xdd, 0xff, 0xdd, 0xff, 0xdd, 0xff,
    0xdd, 0xff, 0xdd, 0xff, 0xdd, 0xff, 0xdd, 0xff, 0xdd, 0xff, 0xdd, 0xff, 0xdd, 0xff, 0xdd, 0xff,
    0xbd, 0xff, 0xbd, 0xff, 0xbd, 0xff, 0xbd, 0xff, 0xbd, 0xff, 0xbd, 0xff, 0xbd, 0xff, 0xbd, 0xff,
    0xbd, 0xff, 0xbd, 0xff, 0xbd, 0xff, 0xbd, 0xff, 0xbd, 0xff, 0xbd, 0xff, 0xbd, 0xff, 0xbd, 0xff,
    0xbd, 0xff, 0xbd, 0xff, 0xbd, 0xff, 0x9d, 0xff, 0xbd, 0xff, 0x9d, 0xff, 0x9d, 0xff, 0x9d, 0xff,
    0x9d, 0xff, 0x9d, 0xff, 0x9d, 0xff, 0x9d, 0xff, 0x9d, 0xff, 0x9d, 0xff, 0x9d, 0xff, 0x9d, 0xff,
    0x9d, 0xff, 0x9d, 0xff, 0x9d, 0xff, 0x9d, 0xff, 0x9d, 0xf7, 0x9d, 0xf7, 0x9c, 0xf7, 0x9c, 0xf7,
    0x9c, 0xf7, 0x9c, 0xf7, 0x9d, 0xf7, 0x9d, 0xf7, 0x9c, 0xf7, 0x9c, 0xf7, 0x9c, 0xf7, 0x9d, 0xf7,
    0x9d, 0xf7, 0x9d, 0xf7, 0x9c, 0xf7, 0x9c, 0xf7, 0x9c, 0xf7, 0x9c, 0xf7, 0x9d, 0xf7, 0x9c, 0xf7,
    0x9c, 0xf7, 0x9c, 0xf7, 0x9c, 0xf7, 0x9c, 0xf7, 0x7c, 0xf7, 0x7c, 0xf7, 0x7c, 0xf7, 0x7c, 0xf7,
    0x7c, 0xf7, 0x7c, 0xf7, 0x7c, 0xf7, 0x7c, 0xf7, 0x7c, 0xf7, 0x7c, 0xf7, 0x7c, 0xf7, 0x7c, 0xef,
    0x7c, 0xef, 0x5c, 0xef, 0x5c, 0xef, 0x5c, 0xef, 0x5c, 0xf7, 0x5c, 0xf7, 0x5c, 0xef, 0x5c, 0xef,
    0x5c, 0xf7, 0x5c, 0xef, 0x5c, 0xef, 0x5c, 0xef, 0x5c, 0xef, 0x5c, 0xef, 0x5c, 0xef, 0x5c, 0xef,
    0x5c, 0xef, 0x5c, 0xef, 0x5c, 0xef, 0x5c, 0xef, 0x5c, 0xef, 0x5c, 0xef, 0x5c, 0xef, 0x5c, 0xef,
    0x5c, 0xef, 0x5c, 0xef, 0x5c, 0xef, 0x3c, 0xef, 0x3c, 0xef, 0x3c, 0xef, 0x3c, 0xe7, 0x3b, 0xe7,
    0x3c, 0xe7, 0x3b, 0xe7, 0x3b, 0xe7, 0x3b, 0xe7, 0x3b, 0xe7, 0x1b, 0xe7, 0x1b, 0xe7, 0x1b, 0xe7,
    0x1b, 0xe7, 0x1b, 0xe7, 0x1b, 0xe7, 0x1b, 0xe7, 0x1b, 0xe7, 0x1b, 0xe7, 0x1b, 0xe7, 0x1b, 0xe7,
    0x1b, 0xe7, 0x1b, 0xe7, 0x1b, 0xe7, 0x1b, 0xe7, 0xfb, 0xde, 0xfb, 0xe6, 0xfb, 0xde, 0xfb, 0xe6,
    0xfb, 0xde, 0xfb, 0xde, 0xfb, 0xde, 0xfb, 0xde, 0xfb, 0xde, 0xfb, 0xde, 0xfb, 0xde, 0xfb, 0xde,
    0xfb, 0xde, 0xfb, 0xde, 0xfb, 0xde, 0xdb, 0xde, 0xdb, 0xde, 0xdb, 0xde, 0xdb, 0xde, 0xdb, 0xde,
    0xda, 0xde, 0xdb, 0xde, 0xda, 0xde, 0xda, 0xde, 0xda, 0xde, 0xda, 0xde, 0xda, 0xde, 0xda, 0xde,
    0xdb, 0xde, 0xda, 0xde, 0xda, 0xde, 0xda, 0xde, 0xda, 0xd6, 0xba, 0xd6, 0xba, 0xd6, 0xba, 0xd6,
    0xba, 0xd6, 0xba, 0xd6, 0xba, 0xd6, 0xba, 0xd6, 0xba, 0xd6, 0xba, 0xd6, 0xba, 0xd6, 0xba, 0xd6,
    0xba, 0xd6, 0xba, 0xd6, 0xba, 0xd6, 0xba, 0xd6, 0xda, 0xd6, 0xda, 0xde, 0xba, 0xd6, 0xba, 0xd6,
    0xba, 0xd6, 0xba, 0xd6, 0xda, 0xd6, 0xda, 0xd6, 0xdb, 0xd6, 0xda, 0xde, 0xda, 0xde, 0xda, 0xde,
    0xff, 0xff, 0xff, 0xff, 0xff, 0xff, 0xff, 0xff, 0xff, 0xff, 0xff, 0xff, 0xff, 0xff, 0xfe, 0xff,
    0xfe, 0xff, 0xfe, 0xff, 0xfe, 0xff, 0xfe, 0xff, 0xfe, 0xff, 0xfe, 0xff, 0xfe, 0xff, 0xfe, 0xff,
    0xfe, 0xff, 0xfe, 0xff, 0xfe, 0xff, 0xfe, 0xff, 0xfe, 0xff, 0xfe, 0xff, 0xfe, 0xff, 0xfe, 0xff,
    0xfe, 0xff, 0xfe, 0xff, 0xfe, 0xff, 0xfe, 0xff, 0xfe, 0xff, 0xfe, 0xff, 0xfe, 0xff, 0xfe, 0xff,
    0xfe, 0xff, 0xfe, 0xff, 0xfe, 0xff, 0xfe, 0xff, 0xfe, 0xff, 0xfe, 0xff, 0xfe, 0xff, 0xfe, 0xff,
    0xfe, 0xff, 0xfe, 0xff, 0xfe, 0xff, 0xfe, 0xff, 0xfe, 0xff, 0xfe, 0xff, 0xfe, 0xff, 0xfe, 0xff,
    0xfe, 0xff, 0xfe, 0xff, 0xfe, 0xff, 0xfe, 0xff, 0xfe, 0xff, 0xfe, 0xff, 0xfe, 0xff, 0xfe, 0xff,
    0xfe, 0xff, 0xfe, 0xff, 0xfe, 0xff, 0xfe, 0xff, 0xfe, 0xff, 0xfe, 0xff, 0xfd, 0xff, 0xfd, 0xff,
    0xfd, 0xff, 0xfd, 0xff, 0xfe, 0xff, 0xfe, 0xff, 0xfe, 0xff, 0xfe, 0xff, 0xfe, 0xff, 0xfe, 0xff,
    0xfe, 0xff, 0xfe, 0xff, 0xfe, 0xff, 0xfe, 0xff, 0xfe, 0xff, 0xfe, 0xff, 0xfe, 0xff, 0xfe, 0xff,
    0xfe, 0xff, 0xfe, 0xff, 0xde, 0xff, 0xde, 0xff, 0xdd, 0xff, 0xdd, 0xff, 0xdd, 0xff, 0xdd, 0xff,
    0xdd, 0xff, 0xdd, 0xff, 0xdd, 0xff, 0xdd, 0xff, 0xdd, 0xff, 0xdd, 0xff, 0xdd, 0xff, 0xdd, 0xff,
    0xdd, 0xff, 0xdd, 0xff, 0xdd, 0xff, 0xdd, 0xff, 0xdd, 0xff, 0xdd, 0xff, 0xdd, 0xff, 0xdd, 0xff,
    0xdd, 0xff, 0xdd, 0xff, 0xdd, 0xff, 0xdd, 0xff, 0xdd, 0xff, 0xdd, 0xff, 0xdd, 0xff, 0xdd, 0xff,
    0xdd, 0xff, 0xdd, 0xff, 0xdd, 0xff, 0xdd, 0xff, 0xdd, 0xff, 0xdd, 0xff, 0xdd, 0xff, 0xdd, 0xff,
    0xdd, 0xff, 0xdd, 0xff, 0xdd, 0xff, 0xbd, 0xff, 0xdd, 0xff, 0xbd, 0xff, 0xbd, 0xff, 0xdd, 0xff,
    0xdd, 0xff, 0xdd, 0xff, 0xdd, 0xff, 0xdd, 0xff, 0xdd, 0xff, 0xdd, 0xff, 0xdd, 0xff, 0xdd, 0xff,
    0xdd, 0xff, 0xbd, 0xff, 0xbd, 0xff, 0xbd, 0xff, 0xbd, 0xff, 0xbd, 0xff, 0xbd, 0xff, 0xbd, 0xff,
    0xbd, 0xff, 0xbd, 0xff, 0xbd, 0xff, 0xbd, 0xff, 0xbd, 0xff, 0xbd, 0xff, 0xbd, 0xff, 0xbd, 0xff,
    0xbd, 0xff, 0xbd, 0xff, 0x9d, 0xff, 0xbd, 0xff, 0xbd, 0xff, 0x9d, 0xff, 0x9d, 0xff, 0x9d, 0xff,
    0x9d, 0xff, 0x9d, 0xff, 0x9d, 0xff, 0x9d, 0xff, 0x9d, 0xff, 0x9d, 0xff, 0x9d, 0xff, 0x9d, 0xff,
    0x9d, 0xff, 0x9d, 0xff, 0x9d, 0xff, 0x9d, 0xff, 0x9d, 0xff, 0x9c, 0xf7, 0x9c, 0xf7, 0x9c, 0xf7,
    0x9c, 0xf7, 0x9c, 0xf7, 0x9c, 0xf7, 0x9c, 0xf7, 0x9c, 0xf7, 0x9c, 0xf7, 0x9c, 0xf7, 0x9d, 0xf7,
    0x9d, 0xf7, 0x9c, 0xf7, 0x9c, 0xf7, 0x9d, 0xf7, 0x9c, 0xf7, 0x9c, 0xf7, 0x9d, 0xf7, 0x9c, 0xf7,
    0x9c, 0xf7, 0x9c, 0xf7, 0x7b, 0xf7, 0x7c, 0xf7, 0x7c, 0xf7, 0x7c, 0xf7, 0x7c, 0xf7, 0x7c, 0xf7,
    0x7c, 0xf7, 0x7c, 0xf7, 0x7c, 0xf7, 0x7c, 0xf7, 0x7c, 0xf7, 0x7c, 0xf7, 0x7c, 0xef, 0x7c, 0xef,
    0x7c, 0xef, 0x5c, 0xef, 0x5c, 0xef, 0x5c, 0xef, 0x5c, 0xef, 0x5c, 0xef, 0x5c, 0xef, 0x5c, 0xef,
    0x5c, 0xef, 0x5c, 0xef, 0x5c, 0xef, 0x5c, 0xef, 0x5c, 0xef, 0x5c, 0xef, 0x5c, 0xef, 0x5c, 0xef,
    0x5c, 0xef, 0x5c, 0xef, 0x5c, 0xef, 0x5c, 0xef, 0x5c, 0xef, 0x5c, 0xef, 0x5c, 0xef, 0x5c, 0xef,
    0x5c, 0xef, 0x5c, 0xef, 0x5c, 0xef, 0x3c, 0xef, 0x3c, 0xef, 0x3c, 0xef, 0x3c, 0xe7, 0x3c, 0xe7,
    0x3b, 0xe7, 0x3b, 0xe7, 0x3b, 0xe7, 0x3c, 0xe7, 0x3b, 0xe7, 0x1b, 0xe7, 0x1b, 0xe7, 0x1b, 0xe7,
    0x1b, 0xe7, 0x1b, 0xe7, 0x1b, 0xe7, 0x1b, 0xe7, 0x1b, 0xe7, 0x1b, 0xe7, 0x1b, 0xe7, 0x1b, 0xe7,
    0x1b, 0xe7, 0x1b, 0xe7, 0x1b, 0xe7, 0x1b, 0xe7, 0xfb, 0xde, 0xfb, 0xde, 0xfb, 0xde, 0xfb, 0xde,
    0xfb, 0xde, 0xfb, 0xde, 0xfb, 0xde, 0xfb, 0xde, 0xfb, 0xde, 0xfb, 0xde, 0xfb, 0xde, 0xfb, 0xde,
    0xfb, 0xde, 0xdb, 0xde, 0xdb, 0xde, 0xdb, 0xde, 0xfb, 0xde, 0xdb, 0xde, 0xdb, 0xde, 0xdb, 0xde,
    0xdb, 0xde, 0xda, 0xde, 0xda, 0xde, 0xda, 0xde, 0xda, 0xde, 0xda, 0xde, 0xda, 0xde, 0xda, 0xde,
    0xda, 0xde, 0xda, 0xde, 0xda, 0xde, 0xda, 0xde, 0xba, 0xd6, 0xba, 0xd6, 0xba, 0xd6, 0xba, 0xd6,
    0xba, 0xd6, 0xba, 0xd6, 0xba, 0xd6, 0xba, 0xd6, 0xba, 0xd6, 0xba, 0xd6, 0xba, 0xd6, 0xba, 0xd6,
    0xba, 0xd6, 0xba, 0xd6, 0xba, 0xd6, 0xba, 0xd6, 0xba, 0xd6, 0xba, 0xd6, 0xba, 0xd6, 0xba, 0xd6,
    0xba, 0xd6, 0xba, 0xd6, 0xba, 0xd6, 0xda, 0xd6, 0xda, 0xd6, 0xdb, 0xde, 0xdb, 0xde, 0xba, 0xd6,
    0xff, 0xff, 0xff, 0xff, 0xff, 0xff, 0xff, 0xff, 0xff, 0xff, 0xff, 0xff, 0xff, 0xff, 0xfe, 0xff,
    0xfe, 0xff, 0xfe, 0xff, 0xfe, 0xff, 0xfe, 0xff, 0xfe, 0xff, 0xfe, 0xff, 0xfe, 0xff, 0xfe, 0xff,
    0xfe, 0xff, 0xfe, 0xff, 0xfe, 0xff, 0xfe, 0xff, 0xfe, 0xff, 0xfe, 0xff, 0xfe, 0xff, 0xfe, 0xff,
    0xfe, 0xff, 0xfe, 0xff, 0xfe, 0xff, 0xfe, 0xff, 0xfe, 0xff, 0xfe, 0xff, 0xfe, 0xff, 0xfe, 0xff,
    0xfe, 0xff, 0xfe, 0xff, 0xfe, 0xff, 0xfe, 0xff, 0xfe, 0xff, 0xfe, 0xff, 0xfe, 0xff, 0xfe, 0xff,
    0xfe, 0xff, 0xfe, 0xff, 0xfe, 0xff, 0xfe, 0xff, 0xfe, 0xff, 0xfe, 0xff, 0xfe, 0xff, 0xfe, 0xff,
    0xfe, 0xff, 0xfe, 0xff, 0xfe, 0xff, 0xfe, 0xff, 0xfe, 0xff, 0xfe, 0xff, 0xfe, 0xff, 0xfe, 0xff,
    0xfe, 0xff, 0xfe, 0xff, 0xfe, 0xff, 0xfe, 0xff, 0xfe, 0xff, 0xfe, 0xff, 0xfe, 0xff, 0xfe, 0xff,
    0xfe, 0xff, 0xfe, 0xff, 0xfe, 0xff, 0xfe, 0xff, 0xfe, 0xff, 0xfe, 0xff, 0xfe, 0xff, 0xfe, 0xff,
    0xfe, 0xff, 0xfe, 0xff, 0xfe, 0xff, 0xfe, 0xff, 0xfe, 0xff, 0xfe, 0xff, 0xfe, 0xff, 0xfd, 0xff,
    0xfd, 0xff, 0xfd, 0xff, 0xfe, 0xff, 0xdd, 0xff, 0xdd, 0xff, 0xdd, 0xff, 0xdd, 0xff, 0xdd, 0xff,
    0xdd, 0xff, 0xdd, 0xff, 0xdd, 0xff, 0xdd, 0xff, 0xdd, 0xff, 0xdd, 0xff, 0xdd, 0xff, 0xdd, 0xff,
    0xdd, 0xff, 0xdd, 0xff, 0xdd, 0xff, 0xdd, 0xff, 0xdd, 0xff, 0xdd, 0xff, 0xdd, 0xff, 0xdd, 0xff,
    0xdd, 0xff, 0xdd, 0xff, 0xdd, 0xff, 0xdd, 0xff, 0xdd, 0xff, 0xdd, 0xff, 0xdd, 0xff, 0xdd, 0xff,
    0xdd, 0xff, 0xdd, 0xff, 0xdd, 0xff, 0xdd, 0xff, 0xdd, 0xff, 0xdd, 0xff, 0xdd, 0xff, 0xdd, 0xff,
    0xdd, 0xff, 0xdd, 0xff, 0xdd, 0xff, 0xdd, 0xff, 0xbd, 0xff, 0xbd, 0xff, 0xdd, 0xff, 0xdd, 0xff,
    0xdd, 0xff, 0xdd, 0xff, 0xdd, 0xff, 0xdd, 0xff, 0xdd, 0xff, 0xdd, 0xff, 0xdd, 0xff, 0xbd, 0xff,
    0xbd, 0xff, 0xbd, 0xff, 0xbd, 0xff, 0xbd, 0xff, 0xbd, 0xff, 0xbd, 0xff, 0xbd, 0xff, 0xbd, 0xff,
    0xbd, 0xff, 0xbd, 0xff, 0xbd, 0xff, 0xbd, 0xff, 0xbd, 0xff, 0xbd, 0xff, 0xbd, 0xff, 0xbd, 0xff,
    0xbd, 0xff, 0xbd, 0xff, 0xbd, 0xff, 0xbd, 0xff, 0xbd, 0xff, 0x9d, 0xff, 0x9d, 0xff, 0x9d, 0xff,
    0x9d, 0xff, 0x9d, 0xff, 0x9d, 0xff, 0x9d, 0xff, 0x9d, 0xff, 0x9d, 0xff, 0x9d, 0xff, 0x9d, 0xf7,
    0x9d, 0xff, 0x9d, 0xff, 0x9d, 0xff, 0x9d, 0xff, 0x9d, 0xff, 0x9d, 0xff, 0x9c, 0xf7, 0x9c, 0xf7,
    0x9c, 0xf7, 0x9c, 0xf7, 0x9c, 0xf7, 0x9c, 0xf7, 0x9d, 0xf7, 0x9c, 0xf7, 0x9c, 0xf7, 0x9c, 0xf7,
    0x9d, 0xf7, 0x9d, 0xf7, 0x9c, 0xf7, 0x9d, 0xf7, 0x9c, 0xf7, 0x9c, 0xf7, 0x9c, 0xf7, 0x7c, 0xf7,
    0x7c, 0xf7, 0x7c, 0xf7, 0x7c, 0xf7, 0x7c, 0xf7, 0x7c, 0xf7, 0x7c, 0xf7, 0x7c, 0xf7, 0x7c, 0xf7,
    0x7c, 0xf7, 0x7c, 0xf7, 0x7c, 0xf7, 0x7c, 0xf7, 0x7c, 0xf7, 0x7c, 0xef, 0x7c, 0xf7, 0x5c, 0xf7,
    0x7c, 0xef, 0x5c, 0xef, 0x5c, 0xef, 0x5c, 0xef, 0x5c, 0xf7, 0x5c, 0xef, 0x5c, 0xef, 0x5c, 0xf7,
    0x5c, 0xef, 0x5c, 0xef, 0x5c, 0xef, 0x5c, 0xef, 0x5c, 0xef, 0x5c, 0xef, 0x5c, 0xef, 0x5c, 0xef,
    0x5c, 0xef, 0x5c, 0xef, 0x5c, 0xef, 0x5c, 0xef, 0x5c, 0xef, 0x5c, 0xef, 0x5c, 0xef, 0x5c, 0xef,
    0x5c, 0xef, 0x5c, 0xef, 0x3c, 0xef, 0x3c, 0xef, 0x3c, 0xef, 0x3c, 0xef, 0x3c, 0xe7, 0x3c, 0xe7,
    0x3c, 0xe7, 0x3b, 0xe7, 0x3c, 0xe7, 0x3c, 0xe7, 0x3b, 0xe7, 0x1b, 0xe7, 0x1b, 0xe7, 0x1b, 0xe7,
    0x1b, 0xe7, 0x1b, 0xe7, 0x1b, 0xe7, 0x1b, 0xe7, 0x1b, 0xe7, 0x1b, 0xe7, 0x1b, 0xe7, 0x1b, 0xe7,
    0x1b, 0xe7, 0x1b, 0xe7, 0x1b, 0xe7, 0x1b, 0xe7, 0xfb, 0xe6, 0xfb, 0xde, 0xfb, 0xde, 0xfb, 0xde,
    0xfb, 0xde, 0xfb, 0xde, 0xfb, 0xde, 0xfb, 0xde, 0xfb, 0xde, 0xfb, 0xde, 0xfb, 0xde, 0xfb, 0xde,
    0xfb, 0xde, 0xfb, 0xde, 0xfb, 0xde, 0xfb, 0xde, 0xdb, 0xde, 0xdb, 0xde, 0xdb, 0xde, 0xdb, 0xde,
    0xda, 0xde, 0xda, 0xde, 0xda, 0xde, 0xda, 0xde, 0xda, 0xde, 0xda, 0xde, 0xda, 0xde, 0xda, 0xde,
    0xda, 0xde, 0xdb, 0xd6, 0xda, 0xde, 0xda, 0xde, 0xda, 0xde, 0xba, 0xd6, 0xba, 0xd6, 0xba, 0xd6,
    0xba, 0xd6, 0xba, 0xd6, 0xba, 0xd6, 0xba, 0xd6, 0xba, 0xd6, 0xba, 0xd6, 0xba, 0xd6, 0xba, 0xd6,
    0xba, 0xd6, 0xba, 0xd6, 0xba, 0xd6, 0xba, 0xd6, 0xba, 0xd6, 0xda, 0xd6, 0xda, 0xde, 0xba, 0xd6,
    0xba, 0xd6, 0xba, 0xd6, 0xba, 0xd6, 0xda, 0xd6, 0xda, 0xd6, 0xdb, 0xd6, 0xda, 0xde, 0xda, 0xd6,
    0xff, 0xff, 0xff, 0xff, 0xff, 0xff, 0xff, 0xff, 0xff, 0xff, 0xff, 0xff, 0xff, 0xff, 0xfe, 0xff,
    0xfe, 0xff, 0xfe, 0xff, 0xfe, 0xff, 0xfe, 0xff, 0xfe, 0xff, 0xfe, 0xff, 0xfe, 0xff, 0xfe, 0xff,
    0xfe, 0xff, 0xfe, 0xff, 0xfe, 0xff, 0xfe, 0xff, 0xfe, 0xff, 0xfe, 0xff, 0xfe, 0xff, 0xfe, 0xff,
    0xfe, 0xff, 0xfe, 0xff, 0xfe, 0xff, 0xfe, 0xff, 0xfe, 0xff, 0xfe, 0xff, 0xfe, 0xff, 0xfe, 0xff,
    0xfe, 0xff, 0xfe, 0xff, 0xfe, 0xff, 0xfe, 0xff, 0xfe, 0xff, 0xfe, 0xff, 0xfe, 0xff, 0xfe, 0xff,
    0xfe, 0xff, 0xfe, 0xff, 0xfe, 0xff, 0xfe, 0xff, 0xfe, 0xff, 0xfe, 0xff, 0xfe, 0xff, 0xfe, 0xff,
    0xfe, 0xff, 0xfe, 0xff, 0xfe, 0xff, 0xfe, 0xff, 0xfe, 0xff, 0xfe, 0xff, 0xfe, 0xff, 0xfe, 0xff,
    0xfe, 0xff, 0xfe, 0xff, 0xfe, 0xff, 0xfe, 0xff, 0xfe, 0xff, 0xfe, 0xff, 0xfe, 0xff, 0xfe, 0xff,
    0xfe, 0xff, 0xfe, 0xff, 0xfe, 0xff, 0xfe, 0xff, 0xfe, 0xff, 0xfe, 0xff, 0xfe, 0xff, 0xfe, 0xff,
    0xfe, 0xff, 0xfe, 0xff, 0xfe, 0xff, 0xdd, 0xff, 0xfe, 0xff, 0xfe, 0xff, 0xfe, 0xff, 0xfd, 0xff,
    0xfd, 0xff, 0xfd, 0xff, 0xdd, 0xff, 0xde, 0xff, 0xdd, 0xff, 0xdd, 0xff, 0xdd, 0xff, 0xdd, 0xff,
    0xdd, 0xff, 0xdd, 0xff, 0xdd, 0xff, 0xdd, 0xff, 0xdd, 0xff, 0xdd, 0xff, 0xdd, 0xff, 0xdd, 0xff,
    0xdd, 0xff, 0xde, 0xff, 0xdd, 0xff, 0xdd, 0xff, 0xdd, 0xff, 0xdd, 0xff, 0xdd, 0xff, 0xdd, 0xff,
    0xdd, 0xff, 0xdd, 0xff, 0xdd, 0xff, 0xdd, 0xff, 0xdd, 0xff, 0xdd, 0xff, 0xdd, 0xff, 0xdd, 0xff,
    0xdd, 0xff, 0xdd, 0xff, 0xdd, 0xff, 0xdd, 0xff, 0xdd, 0xff, 0xdd, 0xff, 0xdd, 0xff, 0xdd, 0xff,
    0xdd, 0xff, 0xdd, 0xff, 0xdd, 0xff, 0xdd, 0xff, 0xdd, 0xff, 0xdd, 0xff, 0xdd, 0xff, 0xdd, 0xff,
    0xdd, 0xff, 0xdd, 0xff, 0xdd, 0xff, 0xdd, 0xff, 0xdd, 0xff, 0xdd, 0xff, 0xdd, 0xff, 0xbd, 0xff,
    0xbd, 0xff, 0xbd, 0xff, 0xbd, 0xff, 0xbd, 0xff, 0xbd, 0xff, 0xbd, 0xff, 0xbd, 0xff, 0xbd, 0xff,
    0xbd, 0xff, 0xbd, 0xff, 0xbd, 0xff, 0xbd, 0xff, 0xbd, 0xff, 0xbd, 0xff, 0xbd, 0xff, 0xbd, 0xff,
    0xbd, 0xff, 0xbd, 0xff, 0xbd, 0xff, 0xbd, 0xff, 0x9d, 0xff, 0x9d, 0xff, 0x9d, 0xff, 0x9d, 0xff,
    0x9d, 0xff, 0x9d, 0xff, 0x9d, 0xff, 0x9d, 0xff, 0x9d, 0xff, 0x9d, 0xff, 0x9d, 0xff, 0x9d, 0xff,
    0x9d, 0xff, 0x9d, 0xff, 0x9d, 0xff, 0x9d, 0xff, 0x9d, 0xf7, 0x9c, 0xf7, 0x9c, 0xf7, 0x9c, 0xf7,
    0x9c, 0xf7, 0x9c, 0xf7, 0x9d, 0xf7, 0x9c, 0xf7, 0x9c, 0xf7, 0x9c, 0xf7, 0x9c, 0xf7, 0x9c, 0xf7,
    0x9c, 0xf7, 0x9c, 0xf7, 0x9c, 0xf7, 0x9c, 0xf7, 0x9c, 0xf7, 0x9c, 0xf7, 0x9c, 0xf7, 0x7c, 0xf7,
    0x7c, 0xf7, 0x7c, 0xf7, 0x7c, 0xf7, 0x7c, 0xf7, 0x7c, 0xf7, 0x7c, 0xf7, 0x7c, 0xf7, 0x7c, 0xf7,
    0x7c, 0xf7, 0x7c, 0xf7, 0x7c, 0xf7, 0x7c, 0xf7, 0x7c, 0xf7, 0x7c, 0xf7, 0x7c, 0xef, 0x7c, 0xef,
    0x7c, 0xef, 0x5c, 0xef, 0x5c, 0xef, 0x5c, 0xef, 0x5c, 0xef, 0x5c, 0xef, 0x5c, 0xef, 0x5c, 0xef,
    0x5c, 0xef, 0x5c, 0xef, 0x5c, 0xef, 0x5c, 0xef, 0x5c, 0xef, 0x5c, 0xef, 0x5c, 0xef, 0x5c, 0xef,
    0x5c, 0xef, 0x5c, 0xef, 0x5c, 0xef, 0x5c, 0xef, 0x5c, 0xef, 0x5c, 0xef, 0x5c, 0xef, 0x5c, 0xef,
    0x3c, 0xef, 0x3b, 0xef, 0x3c, 0xef, 0x3c, 0xef, 0x3c, 0xe7, 0x3c, 0xe7, 0x3c, 0xe7, 0x3c, 0xe7,
    0x3c, 0xe7, 0x3c, 0xe7, 0x3b, 0xe7, 0x3b, 0xe7, 0x1b, 0xe7, 0x1b, 0xe7, 0x1b, 0xe7, 0x1b, 0xe7,
    0x1b, 0xe7, 0x1b, 0xe7, 0x1b, 0xe7, 0x1b, 0xe7, 0x1b, 0xe7, 0x1b, 0xe7, 0x1b, 0xe7, 0x1b, 0xe7,
    0x1b, 0xe7, 0x1b, 0xe7, 0x1b, 0xe7, 0xfb, 0xe6, 0xfb, 0xe6, 0xfb, 0xe6, 0xfb, 0xde, 0xfb, 0xde,
    0xfb, 0xde, 0xfb, 0xde, 0xfb, 0xde, 0xfb, 0xde, 0xfb, 0xde, 0xfb, 0xde, 0xfb, 0xde, 0xfb, 0xde,
    0xfb, 0xde, 0xfb, 0xde, 0xfb, 0xde, 0xfb, 0xde, 0xdb, 0xde, 0xdb, 0xde, 0xdb, 0xde, 0xdb, 0xde,
    0xdb, 0xde, 0xdb, 0xde, 0xda, 0xde, 0xda, 0xde, 0xda, 0xde, 0xda, 0xde, 0xda, 0xde, 0xda, 0xde,
    0xdb, 0xde, 0xdb, 0xde, 0xda, 0xde, 0xda, 0xde, 0xda, 0xde, 0xda, 0xde, 0xda, 0xd6, 0xba, 0xd6,
    0xba, 0xd6, 0xba, 0xd6, 0xba, 0xd6, 0xba, 0xd6, 0xba, 0xd6, 0xba, 0xd6, 0xba, 0xd6, 0xba, 0xd6,
    0xba, 0xd6, 0xba, 0xd6, 0xba, 0xd6, 0xba, 0xd6, 0xda, 0xd6, 0xda, 0xd6, 0xba, 0xd6, 0xba, 0xd6,
    0xba, 0xd6, 0xba, 0xd6, 0xba, 0xd6, 0xda, 0xde, 0xda, 0xd6, 0xdb, 0xd6, 0xda, 0xd6, 0xda, 0xd6,
    0xff, 0xff, 0xff, 0xff, 0xff, 0xff, 0xff, 0xff, 0xff, 0xff, 0xff, 0xff, 0xff, 0xff, 0xff, 0xff,
    0xff, 0xff, 0xfe, 0xff, 0xfe, 0xff, 0xfe, 0xff, 0xfe, 0xff, 0xfe, 0xff, 0xfe, 0xff, 0xfd, 0xff,
    0xfe, 0xff, 0xfe, 0xff, 0xfe, 0xff, 0xfe, 0xff, 0xfe, 0xff, 0xfe, 0xff, 0xfe, 0xff, 0xfe, 0xff,
    0xfe, 0xff, 0xfe, 0xff, 0xfe, 0xff, 0xfe, 0xff, 0xfe, 0xff, 0xfe, 0xff, 0xfe, 0xff, 0xfe, 0xff,
    0xfe, 0xff, 0xfe, 0xff, 0xfe, 0xff, 0xfe, 0xff, 0xfe, 0xff, 0xfe, 0xff, 0xfe, 0xff, 0xfe, 0xff,
    0xfe, 0xff, 0xfe, 0xff, 0xfe, 0xff, 0xfe, 0xff, 0xfe, 0xff, 0xfe, 0xff, 0xfe, 0xff, 0xfe, 0xff,
    0xfe, 0xff, 0xfe, 0xff, 0xfe, 0xff, 0xfe, 0xff, 0xfe, 0xff, 0xfe, 0xff, 0xfe, 0xff, 0xfe, 0xff,
    0xfe, 0xff, 0xfe, 0xff, 0xfe, 0xff, 0xfe, 0xff, 0xfe, 0xff, 0xfe, 0xff, 0xfe, 0xff, 0xfe, 0xff,
    0xfe, 0xff, 0xde, 0xff, 0xfe, 0xff, 0xfe, 0xff, 0xfe, 0xff, 0xfe, 0xff, 0xfe, 0xff, 0xfe, 0xff,
    0xdd, 0xff, 0xfe, 0xff, 0xfe, 0xff, 0xfd, 0xff, 0xde, 0xff, 0xde, 0xff, 0xfe, 0xff, 0xfe, 0xff,
    0xfe, 0xff, 0xfe, 0xff, 0xdd, 0xff, 0xdd, 0xff, 0xdd, 0xff, 0xdd, 0xff, 0xdd, 0xff, 0xdd, 0xff,
    0xdd, 0xff, 0xdd, 0xff, 0xdd, 0xff, 0xdd, 0xff, 0xdd, 0xff, 0xdd, 0xff, 0xdd, 0xff, 0xdd, 0xff,
    0xdd, 0xff, 0xdd, 0xff, 0xdd, 0xff, 0xdd, 0xff, 0xdd, 0xff, 0xdd, 0xff, 0xdd, 0xff, 0xdd, 0xff,
    0xdd, 0xff, 0xdd, 0xff, 0xdd, 0xff, 0xdd, 0xff, 0xdd, 0xff, 0xdd, 0xff, 0xdd, 0xff, 0xdd, 0xff,
    0xdd, 0xff, 0xdd, 0xff, 0xdd, 0xff, 0xdd, 0xff, 0xdd, 0xff, 0xdd, 0xff, 0xdd, 0xff, 0xdd, 0xff,
    0xdd, 0xff, 0xdd, 0xff, 0xdd, 0xff, 0xdd, 0xff, 0xdd, 0xff, 0xdd, 0xff, 0xbd, 0xff, 0xdd, 0xff,
    0xdd, 0xff, 0xdd, 0xff, 0xdd, 0xff, 0xdd, 0xff, 0xdd, 0xff, 0xdd, 0xff, 0xbd, 0xff, 0xbd, 0xff,
    0xbd, 0xff, 0xbd, 0xff, 0xbd, 0xff, 0xbd, 0xff, 0xbd, 0xff, 0xbd, 0xff, 0xbd, 0xff, 0xbd, 0xff,
    0xbd, 0xff, 0xbd, 0xff, 0xbd, 0xff, 0xbd, 0xff, 0xbd, 0xff, 0xbd, 0xff, 0xbd, 0xff, 0xbd, 0xff,
    0xbd, 0xff, 0xbd, 0xff, 0xbd, 0xff, 0xbd, 0xff, 0x9d, 0xff, 0x9d, 0xff, 0x9d, 0xff, 0x9d, 0xff,
    0x9d, 0xff, 0x9d, 0xff, 0x9d, 0xff, 0x9d, 0xff, 0x9d, 0xff, 0x9d, 0xff, 0x9d, 0xf7, 0x9d, 0xff,
    0x9d, 0xff, 0x9d, 0xff, 0x9d, 0xf7, 0x9d, 0xf7, 0x9d, 0xff, 0x9c, 0xf7, 0x9c, 0xf7, 0x9c, 0xf7,
    0x9c, 0xf7, 0x9c, 0xf7, 0x9c, 0xf7, 0x9c, 0xf7, 0x9c, 0xf7, 0x9c, 0xf7, 0x9c, 0xf7, 0x9d, 0xf7,
    0x9c, 0xf7, 0x9c, 0xf7, 0x9d, 0xf7, 0x9c, 0xf7, 0x9d, 0xf7, 0x9c, 0xf7, 0x9c, 0xf7, 0x9c, 0xf7,
    0x7c, 0xf7, 0x7c, 0xf7, 0x7c, 0xf7, 0x9c, 0xf7, 0x9c, 0xf7, 0x7c, 0xf7, 0x7c, 0xf7, 0x7c, 0xf7,
    0x7c, 0xf7, 0x7c, 0xf7, 0x7c, 0xf7, 0x7c, 0xf7, 0x7c, 0xf7, 0x7c, 0xf7, 0x7c, 0xef, 0x5c, 0xef,
    0x5c, 0xef, 0x5c, 0xef, 0x5c, 0xef, 0x5c, 0xef, 0x5c, 0xef, 0x5c, 0xef, 0x5c, 0xef, 0x5c, 0xef,
    0x5c, 0xef, 0x5c, 0xef, 0x5c, 0xef, 0x5c, 0xef, 0x5c, 0xef, 0x5c, 0xef, 0x5c, 0xef, 0x5c, 0xef,
    0x5c, 0xef, 0x5c, 0xef, 0x5c, 0xef, 0x5c, 0xef, 0x5c, 0xef, 0x5c, 0xef, 0x5c, 0xef, 0x5c, 0xef,
    0x3c, 0xef, 0x3c, 0xef, 0x3c, 0xe7, 0x3c, 0xef, 0x3c, 0xef, 0x3c, 0xef, 0x3c, 0xef, 0x3c, 0xe7,
    0x3c, 0xe7, 0x3c, 0xe7, 0x3c, 0xe7, 0x3b, 0xe7, 0x3b, 0xe7, 0x3c, 0xe7, 0x1b, 0xe7, 0x1b, 0xe7,
    0x1b, 0xe7, 0x1b, 0xe7, 0x1b, 0xe7, 0x1b, 0xe7, 0x1b, 0xe7, 0x1b, 0xe7, 0x1b, 0xe7, 0x1b, 0xe7,
    0x1b, 0xe7, 0x1b, 0xe7, 0x1b, 0xe7, 0xfb, 0xe6, 0x1b, 0xdf, 0xfb, 0xde, 0xfb, 0xe6, 0xfb, 0xde,
    0xfb, 0xde, 0xfb, 0xde, 0xfb, 0xde, 0xfb, 0xde, 0xfb, 0xde, 0xfb, 0xde, 0xfb, 0xde, 0xfb, 0xde,
    0xfb, 0xde, 0xfb, 0xde, 0xfb, 0xde, 0xdb, 0xde, 0xdb, 0xde, 0xfb, 0xde, 0xdb, 0xde, 0xdb, 0xde,
    0xfb, 0xde, 0xdb, 0xde, 0xdb, 0xde, 0xda, 0xde, 0xda, 0xde, 0xda, 0xde, 0xda, 0xde, 0xda, 0xde,
    0xda, 0xde, 0xda, 0xde, 0xda, 0xde, 0xda, 0xde, 0xda, 0xde, 0xda, 0xde, 0xda, 0xd6, 0xba, 0xd6,
    0xba, 0xd6, 0xba, 0xd6, 0xba, 0xd6, 0xba, 0xd6, 0xba, 0xd6, 0xba, 0xd6, 0xba, 0xd6, 0xba, 0xd6,
    0xba, 0xd6, 0xba, 0xd6, 0xba, 0xd6, 0xba, 0xd6, 0xba, 0xd6, 0xda, 0xd6, 0xda, 0xd6, 0xba, 0xd6,
    0xba, 0xd6, 0xba, 0xd6, 0xba, 0xd6, 0xda, 0xd6, 0xda, 0xde, 0xda, 0xd6, 0xda, 0xd6, 0xda, 0xd6,
    0xff, 0xff, 0xff, 0xff, 0xff, 0xff, 0xff, 0xff, 0xff, 0xff, 0xff, 0xff, 0xff, 0xff, 0xff, 0xff,
    0xfe, 0xff, 0xfe, 0xff, 0xfe, 0xff, 0xfe, 0xff, 0xfe, 0xff, 0xfe, 0xff, 0xfe, 0xff, 0xfe, 0xff,
    0xfe, 0xff, 0xfe, 0xff, 0xfe, 0xff, 0xfe, 0xff, 0xfe, 0xff, 0xfe, 0xff, 0xfe, 0xff, 0xfe, 0xff,
    0xfe, 0xff, 0xfe, 0xff, 0xfe, 0xff, 0xfe, 0xff, 0xfe, 0xff, 0xfe, 0xff, 0xfe, 0xff, 0xfe, 0xff,
    0xfe, 0xff, 0xfe, 0xff, 0xfe, 0xff, 0xfe, 0xff, 0xfe, 0xff, 0xfe, 0xff, 0xfe, 0xff, 0xfe, 0xff,
    0xfe, 0xff, 0xfe, 0xff, 0xfe, 0xff, 0xfe, 0xff, 0xfe, 0xff, 0xfe, 0xff, 0xfe, 0xff, 0xfe, 0xff,
    0xfe, 0xff, 0xfe, 0xff, 0xfe, 0xff, 0xfe, 0xff, 0xfe, 0xff, 0xfe, 0xff, 0xfe, 0xff, 0xfe, 0xff,
    0xfe, 0xff, 0xfe, 0xff, 0xfe, 0xff, 0xfe, 0xff, 0xfe, 0xff, 0xfe, 0xff, 0xfe, 0xff, 0xfe, 0xff,
    0xfe, 0xff, 0xfe, 0xff, 0xfe, 0xff, 0xfe, 0xff, 0xfe, 0xff, 0xfe, 0xff, 0xfe, 0xff, 0xfe, 0xff,
    0xfe, 0xff, 0xfd, 0xff, 0xfd, 0xff, 0xdd, 0xff, 0xdd, 0xff, 0xfd, 0xff, 0xde, 0xff, 0xfe, 0xff,
    0xfd, 0xff, 0xfd, 0xff, 0xdd, 0xff, 0xdd, 0xff, 0xdd, 0xff, 0xdd, 0xff, 0xdd, 0xff, 0xdd, 0xff,
    0xdd, 0xff, 0xdd, 0xff, 0xdd, 0xff, 0xdd, 0xff, 0xdd, 0xff, 0xdd, 0xff, 0xdd, 0xff, 0xdd, 0xff,
    0xdd, 0xff, 0xdd, 0xff, 0xdd, 0xff, 0xdd, 0xff, 0xdd, 0xff, 0xdd, 0xff, 0xdd, 0xff, 0xdd, 0xff,
    0xdd, 0xff, 0xdd, 0xff, 0xdd, 0xff, 0xdd, 0xff, 0xdd, 0xff, 0xdd, 0xff, 0xdd, 0xff, 0xdd, 0xff,
    0xdd, 0xff, 0xdd, 0xff, 0xdd, 0xff, 0xdd, 0xff, 0xdd, 0xff, 0xdd, 0xff, 0xdd, 0xff, 0xdd, 0xff,
    0xdd, 0xff, 0xdd, 0xff, 0xdd, 0xff, 0xdd, 0xff, 0xdd, 0xff, 0xdd, 0xff, 0xdd, 0xff, 0xdd, 0xff,
    0xdd, 0xff, 0xdd, 0xff, 0xdd, 0xff, 0xdd, 0xff, 0xdd, 0xff, 0xdd, 0xff, 0xdd, 0xff, 0xbd, 0xff,
    0xbd, 0xff, 0xbd, 0xff, 0xbd, 0xff, 0xbd, 0xff, 0xbd, 0xff, 0xbd, 0xff, 0xbd, 0xff, 0xbd, 0xff,
    0xbd, 0xff, 0xbd, 0xff, 0xbd, 0xff, 0xbd, 0xff, 0xbd, 0xff, 0xbd, 0xff, 0xbd, 0xff, 0xbd, 0xff,
    0xbd, 0xff, 0xbd, 0xff, 0xbd, 0xff, 0xbd, 0xff, 0xbd, 0xff, 0x9d, 0xff, 0x9d, 0xff, 0x9d, 0xff,
    0x9d, 0xff, 0x9d, 0xff, 0x9d, 0xff, 0x9d, 0xf7, 0x9d, 0xff, 0x9d, 0xff, 0x9d, 0xf7, 0x9d, 0xff,
    0x9d, 0xff, 0x9d, 0xff, 0x9d, 0xf7, 0x9c, 0xf7, 0x9d, 0xff, 0x9c, 0xf7, 0x9c, 0xff, 0x9c, 0xf7,
    0x9c, 0xf7, 0x9d, 0xf7, 0x9d, 0xf7, 0x9c, 0xf7, 0x9d, 0xf7, 0x9c, 0xf7, 0x9c, 0xf7, 0x9c, 0xf7,
    0x9c, 0xf7, 0x9c, 0xf7, 0x9d, 0xf7, 0x9d, 0xf7, 0x9c, 0xf7, 0x9c, 0xf7, 0x7c, 0xf7, 0x9c, 0xf7,
    0x9c, 0xf7, 0x9c, 0xf7, 0x7c, 0xf7, 0x7c, 0xf7, 0x7c, 0xf7, 0x9c, 0xf7, 0x7c, 0xf7, 0x9c, 0xf7,
    0x7c, 0xf7, 0x7c, 0xf7, 0x7c, 0xf7, 0x7c, 0xf7, 0x7c, 0xef, 0x7c, 0xef, 0x7c, 0xef, 0x5c, 0xef,
    0x5c, 0xf7, 0x5c, 0xef, 0x5c, 0xef, 0x5c, 0xef, 0x5c, 0xef, 0x5c, 0xef, 0x5c, 0xef, 0x5c, 0xef,
    0x5c, 0xef, 0x5c, 0xef, 0x5c, 0xef, 0x5c, 0xef, 0x5c, 0xef, 0x5c, 0xef, 0x5c, 0xef, 0x5c, 0xef,
    0x5c, 0xef, 0x5c, 0xef, 0x5c, 0xef, 0x5c, 0xef, 0x5c, 0xef, 0x5c, 0xef, 0x5c, 0xef, 0x3c, 0xef,
    0x5c, 0xef, 0x3c, 0xef, 0x3c, 0xef, 0x3c, 0xef, 0x3c, 0xef, 0x3c, 0xef, 0x3c, 0xef, 0x3c, 0xe7,
    0x3c, 0xe7, 0x3c, 0xe7, 0x3c, 0xe7, 0x3c, 0xe7, 0x3c, 0xe7, 0x3b, 0xe7, 0x1b, 0xe7, 0x1b, 0xe7,
    0x1b, 0xe7, 0x1b, 0xe7, 0x1b, 0xe7, 0x1b, 0xe7, 0x1b, 0xe7, 0x1b, 0xe7, 0x1b, 0xe7, 0x1b, 0xe7,
    0x1b, 0xe7, 0x1b, 0xe7, 0x1b, 0xe7, 0x1b, 0xe7, 0xfb, 0xde, 0xfb, 0xde, 0xfb, 0xde, 0xfb, 0xde,
    0xfb, 0xde, 0xfb, 0xde, 0xfb, 0xde, 0xfb, 0xde, 0xfb, 0xde, 0xfb, 0xde, 0xfb, 0xde, 0xfb, 0xde,
    0xfb, 0xde, 0xfb, 0xde, 0xfb, 0xde, 0xdb, 0xde, 0xfb, 0xde, 0xfb, 0xde, 0xdb, 0xde, 0xdb, 0xde,
    0xdb, 0xde, 0xdb, 0xde, 0xda, 0xde, 0xda, 0xde, 0xdb, 0xde, 0xda, 0xde, 0xda, 0xde, 0xda, 0xde,
    0xda, 0xde, 0xda, 0xde, 0xda, 0xde, 0xda, 0xde, 0xda, 0xde, 0xda, 0xde, 0xba, 0xd6, 0xba, 0xd6,
    0xba, 0xd6, 0xba, 0xd6, 0xba, 0xd6, 0xba, 0xd6, 0xba, 0xd6, 0xba, 0xd6, 0xba, 0xd6, 0xba, 0xd6,
    0xba, 0xd6, 0xba, 0xd6, 0xba, 0xd6, 0xba, 0xd6, 0xda, 0xd6, 0xda, 0xd6, 0xda, 0xd6, 0xba, 0xd6,
    0xba, 0xd6, 0xba, 0xd6, 0xda, 0xd6, 0xda, 0xd6, 0xdb, 0xd6, 0xdb, 0xde, 0xda, 0xd6, 0xba, 0xd6,
    0xff, 0xff, 0xff, 0xff, 0xff, 0xff, 0xff, 0xff, 0xff, 0xff, 0xff, 0xff, 0xff, 0xff, 0xfe, 0xff,
    0xfe, 0xff, 0xfe, 0xff, 0xfe, 0xff, 0xfe, 0xff, 0xfe, 0xff, 0xfe, 0xff, 0xfe, 0xff, 0xfe, 0xff,
    0xfe, 0xff, 0xfe, 0xff, 0xfe, 0xff, 0xfe, 0xff, 0xfe, 0xff, 0xfe, 0xff, 0xfe, 0xff, 0xfe, 0xff,
    0xfe, 0xff, 0xfe, 0xff, 0xfe, 0xff, 0xfe, 0xff, 0xfe, 0xff, 0xfe, 0xff, 0xfe, 0xff, 0xfe, 0xff,
    0xfe, 0xff, 0xfe, 0xff, 0xfe, 0xff, 0xfe, 0xff, 0xfe, 0xff, 0xfe, 0xff, 0xfe, 0xff, 0xfe, 0xff,
    0xfe, 0xff, 0xfe, 0xff, 0xfe, 0xff, 0xfe, 0xff, 0xfe, 0xff, 0xfe, 0xff, 0xfe, 0xff, 0xfe, 0xff,
    0xfe, 0xff, 0xfe, 0xff, 0xfe, 0xff, 0xfe, 0xff, 0xfe, 0xff, 0xfe, 0xff, 0xfe, 0xff, 0xfe, 0xff,
    0xfe, 0xff, 0xfe, 0xff, 0xfe, 0xff, 0xfe, 0xff, 0xfe, 0xff, 0xfe, 0xff, 0xfe, 0xff, 0xfe, 0xff,
    0xfe, 0xff, 0xfe, 0xff, 0xfe, 0xff, 0xfe, 0xff, 0xfe, 0xff, 0xfe, 0xff, 0xfe, 0xff, 0xfe, 0xff,
    0xfe, 0xff, 0xfd, 0xff, 0xfd, 0xff, 0xfd, 0xff, 0xdd, 0xff, 0xfd, 0xff, 0xdd, 0xff, 0xdd, 0xff,
    0xdd, 0xff, 0xdd, 0xff, 0xdd, 0xff, 0xde, 0xff, 0xdd, 0xff, 0xdd, 0xff, 0xde, 0xff, 0xdd, 0xff,
    0xdd, 0xff, 0xdd, 0xff, 0xdd, 0xff, 0xdd, 0xff, 0xdd, 0xff, 0xdd, 0xff, 0xdd, 0xff, 0xdd, 0xff,
    0xdd, 0xff, 0xdd, 0xff, 0xdd, 0xff, 0xdd, 0xff, 0xdd, 0xff, 0xdd, 0xff, 0xdd, 0xff, 0xdd, 0xff,
    0xdd, 0xff, 0xdd, 0xff, 0xdd, 0xff, 0xdd, 0xff, 0xdd, 0xff, 0xdd, 0xff, 0xdd, 0xff, 0xdd, 0xff,
    0xdd, 0xff, 0xdd, 0xff, 0xdd, 0xff, 0xdd, 0xff, 0xdd, 0xff, 0xdd, 0xff, 0xdd, 0xff, 0xdd, 0xff,
    0xdd, 0xff, 0xdd, 0xff, 0xdd, 0xff, 0xdd, 0xff, 0xdd, 0xff, 0xdd, 0xff, 0xbd, 0xff, 0xbd, 0xff,
    0xdd, 0xff, 0xbd, 0xff, 0xdd, 0xff, 0xdd, 0xff, 0xdd, 0xff, 0xbd, 0xff, 0xbd, 0xff, 0xbd, 0xff,
    0xbd, 0xff, 0xbd, 0xff, 0xbd, 0xff, 0xbd, 0xff, 0xbd, 0xff, 0xbd, 0xff, 0xbd, 0xff, 0xbd, 0xff,
    0xbd, 0xff, 0xbd, 0xff, 0xbd, 0xff, 0xbd, 0xff, 0xbd, 0xff, 0xbd, 0xff, 0xbd, 0xff, 0xbd, 0xff,
    0xbd, 0xff, 0xbd, 0xff, 0xbd, 0xff, 0x9d, 0xff, 0x9d, 0xff, 0x9d, 0xff, 0x9d, 0xff, 0x9d, 0xff,
    0x9d, 0xff, 0x9d, 0xf7, 0x9d, 0xf7, 0x9d, 0xff, 0x9d, 0xf7, 0x9d, 0xff, 0x9d, 0xff, 0x9d, 0xff,
    0x9d, 0xf7, 0x9d, 0xf7, 0x9d, 0xff, 0x9d, 0xff, 0x9d, 0xff, 0x9d, 0xff, 0x9d, 0xf7, 0x9c, 0xf7,
    0x9c, 0xf7, 0x9d, 0xf7, 0x9d, 0xf7, 0x9d, 0xf7, 0x9d, 0xf7, 0x9d, 0xf7, 0x9c, 0xf7, 0x9c, 0xf7,
    0x9c, 0xf7, 0x9c, 0xf7, 0x9c, 0xf7, 0x9d, 0xf7, 0x9c, 0xf7, 0x9c, 0xf7, 0x9c, 0xf7, 0x9c, 0xf7,
    0x9c, 0xf7, 0x9c, 0xf7, 0x9c, 0xf7, 0x9c, 0xf7, 0x9c, 0xf7, 0x9c, 0xf7, 0x7c, 0xf7, 0x9c, 0xf7,
    0x7c, 0xf7, 0x7c, 0xf7, 0x7c, 0xf7, 0x7c, 0xef, 0x7c, 0xef, 0x7c, 0xef, 0x7c, 0xef, 0x5c, 0xef,
    0x5c, 0xef, 0x5c, 0xef, 0x5c, 0xef, 0x5c, 0xef, 0x5c, 0xef, 0x5c, 0xef, 0x5c, 0xef, 0x5c, 0xef,
    0x5c, 0xef, 0x5c, 0xef, 0x5c, 0xef, 0x5c, 0xef, 0x5c, 0xef, 0x5c, 0xef, 0x5c, 0xef, 0x5c, 0xef,
    0x5c, 0xef, 0x5c, 0xef, 0x5c, 0xef, 0x5c, 0xef, 0x5c, 0xef, 0x3c, 0xef, 0x3b, 0xef, 0x5c, 0xef,
    0x5c, 0xef, 0x5c, 0xef, 0x3c, 0xef, 0x3c, 0xef, 0x3c, 0xef, 0x3c, 0xef, 0x3c, 0xef, 0x3c, 0xef,
    0x3c, 0xe7, 0x3c, 0xe7, 0x3b, 0xe7, 0x3c, 0xe7, 0x3b, 0xe7, 0x1b, 0xe7, 0x1b, 0xe7, 0x1b, 0xe7,
    0x1b, 0xe7, 0x1b, 0xe7, 0x1b, 0xe7, 0x1b, 0xe7, 0x1b, 0xe7, 0x1b, 0xe7, 0x1b, 0xe7, 0x1b, 0xe7,
    0x1b, 0xe7, 0x1b, 0xe7, 0x1b, 0xe7, 0xfb, 0xe6, 0xfb, 0xe6, 0xfb, 0xe6, 0xfb, 0xde, 0xfb, 0xde,
    0xfb, 0xde, 0xfb, 0xde, 0xfb, 0xde, 0xfb, 0xde, 0xfb, 0xde, 0xfb, 0xde, 0xfb, 0xde, 0xfb, 0xde,
    0xfb, 0xde, 0xdb, 0xde, 0xfb, 0xde, 0xda, 0xde, 0xdb, 0xde, 0xfb, 0xde, 0xfb, 0xde, 0xdb, 0xde,
    0xfb, 0xde, 0xdb, 0xde, 0xdb, 0xde, 0xda, 0xde, 0xda, 0xde, 0xda, 0xde, 0xda, 0xde, 0xda, 0xde,
    0xda, 0xde, 0xda, 0xde, 0xda, 0xde, 0xda, 0xde, 0xda, 0xd6, 0xba, 0xd6, 0xba, 0xd6, 0xba, 0xd6,
    0xba, 0xd6, 0xba, 0xd6, 0xba, 0xd6, 0xba, 0xd6, 0xba, 0xd6, 0xba, 0xd6, 0xba, 0xd6, 0xba, 0xd6,
    0xba, 0xd6, 0xba, 0xd6, 0xba, 0xd6, 0xba, 0xd6, 0xda, 0xd6, 0xba, 0xd6, 0xba, 0xd6, 0xda, 0xd6,
    0xda, 0xd6, 0xda, 0xde, 0xdb, 0xde, 0xda, 0xde, 0xda, 0xd6, 0xda, 0xd6, 0xda, 0xd6, 0xba, 0xd6,
    0xff, 0xff, 0xff, 0xff, 0xff, 0xff, 0xff, 0xff, 0xff, 0xff, 0xff, 0xff, 0xff, 0xff, 0xff, 0xff,
    0xfe, 0xff, 0xfe, 0xff, 0xfe, 0xff, 0xfe, 0xff, 0xfe, 0xff, 0xfe, 0xff, 0xfe, 0xff, 0xfe, 0xff,
    0xfe, 0xff, 0xfe, 0xff, 0xfe, 0xff, 0xfe, 0xff, 0xfe, 0xff, 0xfe, 0xff, 0xfe, 0xff, 0xfe, 0xff,
    0xfe, 0xff, 0xfe, 0xff, 0xfe, 0xff, 0xfe, 0xff, 0xfe, 0xff, 0xfe, 0xff, 0xfe, 0xff, 0xfe, 0xff,
    0xfe, 0xff, 0xfe, 0xff, 0xfe, 0xff, 0xfe, 0xff, 0xfe, 0xff, 0xfe, 0xff, 0xfe, 0xff, 0xfe, 0xff,
    0xfe, 0xff, 0xfe, 0xff, 0xfe, 0xff, 0xfe, 0xff, 0xfe, 0xff, 0xfe, 0xff, 0xfe, 0xff, 0xfe, 0xff,
    0xfe, 0xff, 0xfe, 0xff, 0xfe, 0xff, 0xfe, 0xff, 0xfe, 0xff, 0xfe, 0xff, 0xfe, 0xff, 0xfe, 0xff,
    0xfe, 0xff, 0xfe, 0xff, 0xfe, 0xff, 0xfe, 0xff, 0xfe, 0xff, 0xfe, 0xff, 0xfe, 0xff, 0xfe, 0xff,
    0xfe, 0xff, 0xfe, 0xff, 0xfe, 0xff, 0xfe, 0xff, 0xfe, 0xff, 0xfe, 0xff, 0xfe, 0xff, 0xfd, 0xff,
    0xfe, 0xff, 0xfe, 0xff, 0xdd, 0xff, 0xdd, 0xff, 0xdd, 0xff, 0xde, 0xff, 0xdd, 0xff, 0xdd, 0xff,
    0xdd, 0xff, 0xde, 0xff, 0xde, 0xff, 0xfd, 0xff, 0xdd, 0xff, 0xdd, 0xff, 0xdd, 0xff, 0xde, 0xff,
    0xdd, 0xff, 0xdd, 0xff, 0xdd, 0xff, 0xdd, 0xff, 0xdd, 0xff, 0xdd, 0xff, 0xdd, 0xff, 0xdd, 0xff,
    0xdd, 0xff, 0xdd, 0xff, 0xdc, 0xff, 0xdd, 0xff, 0xdd, 0xff, 0xdd, 0xff, 0xdd, 0xff, 0xdd, 0xff,
    0xdd, 0xff, 0xdd, 0xff, 0xdd, 0xff, 0xdd, 0xff, 0xdd, 0xff, 0xdd, 0xff, 0xdd, 0xff, 0xdd, 0xff,
    0xdd, 0xff, 0xdd, 0xff, 0xdd, 0xff, 0xdd, 0xff, 0xdd, 0xff, 0xdd, 0xff, 0xdd, 0xff, 0xdd, 0xff,
    0xdd, 0xff, 0xdd, 0xff, 0xdd, 0xff, 0xdd, 0xff, 0xdd, 0xff, 0xdd, 0xff, 0xdd, 0xff, 0xdd, 0xff,
    0xdd, 0xff, 0xdd, 0xff, 0xdd, 0xff, 0xbd, 0xff, 0xdd, 0xff, 0xbd, 0xff, 0xbd, 0xff, 0xbd, 0xff,
    0xbd, 0xff, 0xbd, 0xff, 0xbd, 0xff, 0xbd, 0xff, 0xbd, 0xff, 0xbd, 0xff, 0xbd, 0xff, 0xbd, 0xff,
    0xbd, 0xff, 0xbd, 0xff, 0xbd, 0xff, 0xbd, 0xff, 0xbd, 0xff, 0xbd, 0xff, 0xbd, 0xff, 0xbd, 0xff,
    0xbd, 0xff, 0xbd, 0xff, 0xbd, 0xff, 0xbd, 0xff, 0x9d, 0xff, 0x9d, 0xff, 0x9d, 0xff, 0x9d, 0xff,
    0x9d, 0xff, 0x9d, 0xff, 0x9d, 0xf7, 0x9d, 0xff, 0x9d, 0xf7, 0x9d, 0xf7, 0x9d, 0xff, 0x9d, 0xff,
    0x9d, 0xff, 0x9d, 0xff, 0x9d, 0xff, 0x9d, 0xff, 0x9d, 0xff, 0x9d, 0xff, 0x9d, 0xf7, 0x9d, 0xf7,
    0x9c, 0xf7, 0x9d, 0xf7, 0x9d, 0xf7, 0x9c, 0xf7, 0x9c, 0xf7, 0x9d, 0xf7, 0x9c, 0xf7, 0x9c, 0xf7,
    0x9d, 0xf7, 0x9c, 0xf7, 0x9c, 0xf7, 0x9c, 0xf7, 0x9c, 0xf7, 0x7c, 0xf7, 0x7c, 0xf7, 0x9c, 0xf7,
    0x9c, 0xf7, 0x9c, 0xf7, 0x9c, 0xf7, 0x9c, 0xf7, 0x9c, 0xf7, 0x7c, 0xf7, 0x9c, 0xf7, 0x7c, 0xf7,
    0x7c, 0xf7, 0x7c, 0xf7, 0x7c, 0xf7, 0x7c, 0xf7, 0x7c, 0xef, 0x5c, 0xef, 0x5c, 0xef, 0x5c, 0xef,
    0x5c, 0xef, 0x5c, 0xef, 0x5c, 0xef, 0x5c, 0xef, 0x5c, 0xef, 0x5c, 0xef, 0x5c, 0xef, 0x5c, 0xef,
    0x5c, 0xef, 0x5c, 0xef, 0x5c, 0xef, 0x5c, 0xef, 0x5c, 0xef, 0x5c, 0xef, 0x5c, 0xef, 0x5c, 0xef,
    0x5c, 0xef, 0x5c, 0xef, 0x5c, 0xef, 0x5c, 0xef, 0x5c, 0xef, 0x3c, 0xef, 0x5c, 0xef, 0x3c, 0xef,
    0x3c, 0xef, 0x3c, 0xef, 0x3c, 0xef, 0x3c, 0xef, 0x3c, 0xef, 0x3c, 0xef, 0x3c, 0xe7, 0x3c, 0xe7,
    0x3c, 0xe7, 0x3c, 0xe7, 0x3c, 0xe7, 0x3c, 0xe7, 0x3b, 0xe7, 0x1b, 0xe7, 0x1b, 0xe7, 0x1b, 0xe7,
    0x1b, 0xe7, 0x1b, 0xe7, 0x1b, 0xe7, 0x1b, 0xe7, 0x1b, 0xe7, 0x1b, 0xe7, 0x1b, 0xe7, 0x1b, 0xe7,
    0x1b, 0xe7, 0x1b, 0xe7, 0x1b, 0xe7, 0xfb, 0xe6, 0xfb, 0xe6, 0xfb, 0xe6, 0xfb, 0xde, 0xfb, 0xde,
    0xfb, 0xde, 0xfb, 0xde, 0xfb, 0xde, 0xfb, 0xde, 0xfb, 0xde, 0xfb, 0xde, 0xfb, 0xde, 0xda, 0xde,
    0xfb, 0xde, 0xfb, 0xde, 0xfb, 0xde, 0xdb, 0xde, 0xdb, 0xde, 0xdb, 0xde, 0xdb, 0xde, 0xdb, 0xde,
    0xdb, 0xde, 0xdb, 0xde, 0xdb, 0xde, 0xda, 0xde, 0xda, 0xde, 0xda, 0xde, 0xda, 0xde, 0xda, 0xde,
    0xda, 0xde, 0xda, 0xde, 0xda, 0xde, 0xda, 0xde, 0xda, 0xd6, 0xba, 0xd6, 0xba, 0xd6, 0xba, 0xd6,
    0xba, 0xd6, 0xba, 0xd6, 0xba, 0xd6, 0xba, 0xd6, 0xba, 0xd6, 0xba, 0xd6, 0xba, 0xd6, 0xba, 0xd6,
    0xba, 0xd6, 0xba, 0xd6, 0xba, 0xd6, 0xba, 0xd6, 0xba, 0xd6, 0xba, 0xd6, 0xba, 0xd6, 0xba, 0xd6,
    0xda, 0xd6, 0xda, 0xde, 0xdb, 0xde, 0xdb, 0xde, 0xdb, 0xd6, 0xdb, 0xd6, 0xba, 0xd6, 0xba, 0xd6,
    0xff, 0xff, 0xff, 0xff, 0xff, 0xff, 0xff, 0xff, 0xff, 0xff, 0xff, 0xff, 0xff, 0xff, 0xff, 0xff,
    0xfe, 0xff, 0xfe, 0xff, 0xfe, 0xff, 0xfe, 0xff, 0xfe, 0xff, 0xfe, 0xff, 0xfe, 0xff, 0xfe, 0xff,
    0xfe, 0xff, 0xfe, 0xff, 0xfe, 0xff, 0xfe, 0xff, 0xfe, 0xff, 0xfe, 0xff, 0xfe, 0xff, 0xfe, 0xff,
    0xfe, 0xff, 0xfe, 0xff, 0xfe, 0xff, 0xfe, 0xff, 0xfe, 0xff, 0xfe, 0xff, 0xfe, 0xff, 0xfe, 0xff,
    0xfe, 0xff, 0xfe, 0xff, 0xfe, 0xff, 0xfe, 0xff, 0xfe, 0xff, 0xfe, 0xff, 0xfe, 0xff, 0xfe, 0xff,
    0xfe, 0xff, 0xfe, 0xff, 0xfe, 0xff, 0xfe, 0xff, 0xfe, 0xff, 0xfe, 0xff, 0xfe, 0xff, 0xfe, 0xff,
    0xfe, 0xff, 0xfe, 0xff, 0xfe, 0xff, 0xfe, 0xff, 0xfe, 0xff, 0xfe, 0xff, 0xfe, 0xff, 0xfe, 0xff,
    0xfe, 0xff, 0xfe, 0xff, 0xfd, 0xff, 0xfe, 0xff, 0xfe, 0xff, 0xfe, 0xff, 0xfe, 0xff, 0xfe, 0xff,
    0xfe, 0xff, 0xde, 0xff, 0xfe, 0xff, 0xfe, 0xff, 0xfe, 0xff, 0xfe, 0xff, 0xfe, 0xff, 0xfe, 0xff,
    0xde, 0xff, 0xde, 0xff, 0xde, 0xff, 0xdd, 0xff, 0xdd, 0xff, 0xdd, 0xff, 0xdd, 0xff, 0xfd, 0xff,
    0xdd, 0xff, 0xde, 0xff, 0xde, 0xff, 0xdd, 0xff, 0xdd, 0xff, 0xfd, 0xff, 0xdd, 0xff, 0xdd, 0xff,
    0xdd, 0xff, 0xdd, 0xff, 0xdd, 0xff, 0xdd, 0xff, 0xdd, 0xff, 0xdd, 0xff, 0xdd, 0xff, 0xdd, 0xff,
    0xdd, 0xff, 0xdd, 0xff, 0xdd, 0xff, 0xdd, 0xff, 0xdd, 0xff, 0xdd, 0xff, 0xdd, 0xff, 0xdd, 0xff,
    0xdd, 0xff, 0xdd, 0xff, 0xdd, 0xff, 0xdd, 0xff, 0xdd, 0xff, 0xdd, 0xff, 0xdd, 0xff, 0xdd, 0xff,
    0xdd, 0xff, 0xdd, 0xff, 0xdd, 0xff, 0xdd, 0xff, 0xdd, 0xff, 0xdd, 0xff, 0xdd, 0xff, 0xdd, 0xff,
    0xdd, 0xff, 0xdd, 0xff, 0xdd, 0xff, 0xdd, 0xff, 0xdd, 0xff, 0xdd, 0xff, 0xdd, 0xff, 0xdd, 0xff,
    0xdd, 0xff, 0xdd, 0xff, 0xdd, 0xff, 0xbd, 0xff, 0xbd, 0xff, 0xbd, 0xff, 0xbd, 0xff, 0xbd, 0xff,
    0xbd, 0xff, 0xbd, 0xff, 0xbd, 0xff, 0xbd, 0xff, 0xbd, 0xff, 0xbd, 0xff, 0xbd, 0xff, 0xbd, 0xff,
    0xbd, 0xff, 0xbd, 0xff, 0xbd, 0xff, 0xbd, 0xff, 0xbd, 0xff, 0xbd, 0xff, 0xbd, 0xff, 0xbd, 0xff,
    0xbd, 0xff, 0xbd, 0xff, 0xbd, 0xff, 0xbd, 0xff, 0x9d, 0xff, 0x9d, 0xff, 0x9d, 0xff, 0x9d, 0xff,
    0x9d, 0xff, 0x9d, 0xff, 0x9d, 0xf7, 0x9d, 0xf7, 0x9d, 0xf7, 0x9d, 0xff, 0x9d, 0xff, 0x9d, 0xff,
    0x9d, 0xff, 0x9d, 0xf7, 0x9d, 0xff, 0x9d, 0xff, 0x9d, 0xff, 0x9d, 0xf7, 0x9d, 0xf7, 0x9d, 0xf7,
    0x9d, 0xf7, 0x9d, 0xf7, 0x9d, 0xf7, 0x9d, 0xf7, 0x9c, 0xf7, 0x9c, 0xf7, 0x9c, 0xf7, 0x9c, 0xf7,
    0x9c, 0xf7, 0x9c, 0xf7, 0x9c, 0xf7, 0x7c, 0xf7, 0x7c, 0xf7, 0x7c, 0xf7, 0x7c, 0xf7, 0x7c, 0xf7,
    0x7c, 0xf7, 0x9c, 0xf7, 0x7c, 0xf7, 0x9c, 0xf7, 0x9c, 0xf7, 0x9c, 0xf7, 0x9c, 0xf7, 0x7c, 0xf7,
    0x9c, 0xf7, 0x7c, 0xf7, 0x7c, 0xf7, 0x7c, 0xf7, 0x7c, 0xf7, 0x5c, 0xef, 0x5c, 0xef, 0x5c, 0xef,
    0x5c, 0xef, 0x5c, 0xef, 0x5c, 0xef, 0x5c, 0xef, 0x5c, 0xef, 0x5c, 0xef, 0x5c, 0xef, 0x5c, 0xef,
    0x5c, 0xef, 0x5c, 0xef, 0x5c, 0xef, 0x5c, 0xef, 0x5c, 0xef, 0x5c, 0xef, 0x5c, 0xef, 0x5c, 0xef,
    0x5c, 0xef, 0x5c, 0xef, 0x5c, 0xef, 0x5c, 0xef, 0x5c, 0xef, 0x5c, 0xef, 0x3c, 0xef, 0x3c, 0xef,
    0x3c, 0xef, 0x3c, 0xef, 0x3c, 0xef, 0x3c, 0xef, 0x3c, 0xef, 0x3c, 0xe7, 0x3c, 0xe7, 0x3c, 0xe7,
    0x3c, 0xe7, 0x3c, 0xe7, 0x3c, 0xe7, 0x3c, 0xe7, 0x3b, 0xe7, 0x1b, 0xe7, 0x1b, 0xe7, 0x1b, 0xe7,
    0x1b, 0xe7, 0x1b, 0xe7, 0x1b, 0xe7, 0x1b, 0xe7, 0x1b, 0xe7, 0x1b, 0xe7, 0x1b, 0xe7, 0x1b, 0xe7,
    0x1b, 0xe7, 0x1b, 0xe7, 0xfb, 0xde, 0xfb, 0xde, 0xfb, 0xe6, 0xfb, 0xde, 0xfb, 0xde, 0xfb, 0xde,
    0xfb, 0xde, 0xfb, 0xde, 0xfb, 0xde, 0xfb, 0xde, 0xfb, 0xde, 0xfb, 0xde, 0xdb, 0xde, 0xfb, 0xde,
    0xfb, 0xde, 0xfb, 0xde, 0xfb, 0xde, 0xfb, 0xde, 0xdb, 0xde, 0xdb, 0xde, 0xdb, 0xde, 0xdb, 0xde,
    0xdb, 0xde, 0xdb, 0xde, 0xdb, 0xde, 0xda, 0xde, 0xda, 0xde, 0xda, 0xde, 0xda, 0xde, 0xda, 0xde,
    0xda, 0xde, 0xda, 0xde, 0xda, 0xde, 0xba, 0xd6, 0xda, 0xd6, 0xda, 0xd6, 0xda, 0xd6, 0xba, 0xd6,
    0xba, 0xd6, 0xba, 0xd6, 0xba, 0xd6, 0xba, 0xd6, 0xba, 0xd6, 0xba, 0xd6, 0xba, 0xd6, 0xba, 0xd6,
    0xba, 0xd6, 0xba, 0xd6, 0xba, 0xd6, 0xba, 0xd6, 0xba, 0xd6, 0xba, 0xd6, 0xba, 0xd6, 0xda, 0xde,
    0xda, 0xde, 0xda, 0xde, 0xda, 0xde, 0xdb, 0xde, 0xdb, 0xde, 0xda, 0xd6, 0xba, 0xd6, 0xba, 0xd6,
    0xff, 0xff, 0xff, 0xff, 0xff, 0xff, 0xff, 0xff, 0xff, 0xff, 0xff, 0xff, 0xff, 0xff, 0xff, 0xff,
    0xfe, 0xff, 0xfe, 0xff, 0xfe, 0xff, 0xfe, 0xff, 0xfe, 0xff, 0xfe, 0xff, 0xfe, 0xff, 0xfe, 0xff,
    0xfe, 0xff, 0xfe, 0xff, 0xfe, 0xff, 0xfe, 0xff, 0xfe, 0xff, 0xfe, 0xff, 0xfe, 0xff, 0xfe, 0xff,
    0xfe, 0xff, 0xfe, 0xff, 0xfe, 0xff, 0xfe, 0xff, 0xfe, 0xff, 0xfe, 0xff, 0xfe, 0xff, 0xfe, 0xff,
    0xfe, 0xff, 0xfe, 0xff, 0xfe, 0xff, 0xfe, 0xff, 0xfe, 0xff, 0xfe, 0xff, 0xfe, 0xff, 0xfe, 0xff,
    0xfe, 0xff, 0xfe, 0xff, 0xfe, 0xff, 0xfe, 0xff, 0xfe, 0xff, 0xfe, 0xff, 0xfe, 0xff, 0xfe, 0xff,
    0xfe, 0xff, 0xfe, 0xff, 0xfe, 0xff, 0xfe, 0xff, 0xfe, 0xff, 0xfe, 0xff, 0xfe, 0xff, 0xfe, 0xff,
    0xfe, 0xff, 0xfe, 0xff, 0xfe, 0xff, 0xfe, 0xff, 0xfe, 0xff, 0xfe, 0xff, 0xfe, 0xff, 0xfe, 0xff,
    0xfe, 0xff, 0xfe, 0xff, 0xfe, 0xff, 0xfd, 0xff, 0xfe, 0xff, 0xdd, 0xff, 0xfd, 0xff, 0xde, 0xff,
    0xde, 0xff, 0xfe, 0xff, 0xde, 0xff, 0xdd, 0xff, 0xdd, 0xff, 0xdd, 0xff, 0xdd, 0xff, 0xdd, 0xff,
    0xdd, 0xff, 0xde, 0xff, 0xfd, 0xff, 0xde, 0xff, 0xde, 0xff, 0xdd, 0xff, 0xdd, 0xff, 0xdd, 0xff,
    0xdd, 0xff, 0xdd, 0xff, 0xdd, 0xff, 0xdd, 0xff, 0xdd, 0xff, 0xdd, 0xff, 0xdd, 0xff, 0xdd, 0xff,
    0xdd, 0xff, 0xdd, 0xff, 0xdd, 0xff, 0xdd, 0xff, 0xdd, 0xff, 0xdd, 0xff, 0xdd, 0xff, 0xdd, 0xff,
    0xdd, 0xff, 0xdd, 0xff, 0xdd, 0xff, 0xdd, 0xff, 0xdd, 0xff, 0xdd, 0xff, 0xdd, 0xff, 0xdd, 0xff,
    0xdd, 0xff, 0xdd, 0xff, 0xdd, 0xff, 0xdd, 0xff, 0xdd, 0xff, 0xdd, 0xff, 0xdd, 0xff, 0xdd, 0xff,
    0xdd, 0xff, 0xdd, 0xff, 0xdd, 0xff, 0xdd, 0xff, 0xdd, 0xff, 0xdd, 0xff, 0xdd, 0xff, 0xdd, 0xff,
    0xdd, 0xff, 0xbd, 0xff, 0xbd, 0xff, 0xdd, 0xff, 0xbd, 0xff, 0xbd, 0xff, 0xbd, 0xff, 0xbd, 0xff,
    0xbd, 0xff, 0xbd, 0xff, 0xbd, 0xff, 0xbd, 0xff, 0xbd, 0xff, 0xbd, 0xff, 0xbd, 0xff, 0xbd, 0xff,
    0xbd, 0xff, 0xbd, 0xff, 0xbd, 0xff, 0xbd, 0xff, 0xbd, 0xff, 0xbd, 0xff, 0xbd, 0xff, 0xbd, 0xff,
    0xbd, 0xff, 0xbd, 0xff, 0xbd, 0xff, 0xbd, 0xff, 0x9d, 0xff, 0x9d, 0xff, 0x9d, 0xff, 0x9d, 0xff,
    0x9d, 0xff, 0x9d, 0xff, 0x9d, 0xff, 0x9d, 0xff, 0x9d, 0xff, 0x9d, 0xff, 0x9d, 0xff, 0x9d, 0xff,
    0x9d, 0xf7, 0x9d, 0xf7, 0x9c, 0xff, 0x9d, 0xff, 0x9d, 0xff, 0x9d, 0xff, 0x9d, 0xff, 0x9d, 0xf7,
    0x9d, 0xf7, 0x9d, 0xf7, 0x9c, 0xf7, 0x9c, 0xf7, 0x9d, 0xf7, 0x9c, 0xf7, 0x9c, 0xf7, 0x9d, 0xf7,
    0x9c, 0xf7, 0x9c, 0xf7, 0x9c, 0xf7, 0x9c, 0xf7, 0x7c, 0xf7, 0x7c, 0xf7, 0x9c, 0xf7, 0x7c, 0xf7,
    0x7c, 0xf7, 0x9c, 0xf7, 0x9c, 0xf7, 0x7c, 0xf7, 0x7c, 0xf7, 0x9c, 0xf7, 0x9c, 0xf7, 0x9c, 0xf7,
    0x7c, 0xf7, 0x7c, 0xf7, 0x7c, 0xf7, 0x7c, 0xf7, 0x7c, 0xef, 0x5c, 0xef, 0x5c, 0xf7, 0x5c, 0xf7,
    0x5c, 0xef, 0x5c, 0xef, 0x5c, 0xef, 0x5c, 0xef, 0x5c, 0xef, 0x5c, 0xef, 0x5c, 0xef, 0x5c, 0xef,
    0x5c, 0xef, 0x5c, 0xef, 0x5c, 0xef, 0x5c, 0xef, 0x5c, 0xef, 0x5c, 0xef, 0x5c, 0xef, 0x5c, 0xef,
    0x5c, 0xef, 0x5c, 0xef, 0x5c, 0xef, 0x5c, 0xef, 0x5c, 0xef, 0x5c, 0xef, 0x3c, 0xef, 0x3c, 0xef,
    0x3c, 0xef, 0x3c, 0xef, 0x3c, 0xef, 0x3c, 0xef, 0x3c, 0xef, 0x3c, 0xef, 0x3c, 0xef, 0x3c, 0xe7,
    0x3c, 0xe7, 0x3c, 0xe7, 0x3c, 0xe7, 0x3c, 0xe7, 0x3b, 0xe7, 0x1b, 0xe7, 0x1b, 0xe7, 0x1b, 0xe7,
    0x1b, 0xe7, 0x1b, 0xe7, 0x1b, 0xe7, 0x1b, 0xe7, 0x1b, 0xe7, 0x1b, 0xe7, 0x1b, 0xe7, 0x1b, 0xe7,
    0x1b, 0xe7, 0xfb, 0xde, 0xfb, 0xde, 0xfb, 0xde, 0xfb, 0xde, 0xfb, 0xde, 0xfb, 0xde, 0xfb, 0xde,
    0xfb, 0xde, 0xfb, 0xde, 0xfb, 0xde, 0xfb, 0xde, 0xfb, 0xde, 0xfa, 0xde, 0xda, 0xde, 0xfb, 0xde,
    0xfb, 0xde, 0xdb, 0xde, 0xdb, 0xde, 0xdb, 0xde, 0xdb, 0xde, 0xdb, 0xde, 0xdb, 0xde, 0xdb, 0xde,
    0xdb, 0xde, 0xdb, 0xde, 0xdb, 0xde, 0xda, 0xde, 0xda, 0xde, 0xdb, 0xde, 0xda, 0xde, 0xda, 0xde,
    0xda, 0xde, 0xda, 0xde, 0xba, 0xde, 0xba, 0xde, 0xda, 0xde, 0xba, 0xd6, 0xba, 0xd6, 0xba, 0xd6,
    0xba, 0xd6, 0xba, 0xd6, 0xba, 0xd6, 0xba, 0xd6, 0xba, 0xd6, 0xba, 0xd6, 0xb9, 0xd6, 0xba, 0xd6,
    0xba, 0xd6, 0xb9, 0xd6, 0xba, 0xd6, 0xba, 0xd6, 0xba, 0xd6, 0xba, 0xd6, 0xda, 0xd6, 0xda, 0xde,
    0xda, 0xde, 0xda, 0xde, 0xdb, 0xde, 0xdb, 0xd6, 0xda, 0xd6, 0xda, 0xd6, 0xda, 0xd6, 0xba, 0xd6,
    0xff, 0xff, 0xff, 0xff, 0xff, 0xff, 0xff, 0xff, 0xff, 0xff, 0xff, 0xff, 0xff, 0xff, 0xfe, 0xff,
    0xfe, 0xff, 0xfe, 0xff, 0xfe, 0xff, 0xfe, 0xff, 0xfe, 0xff, 0xfe, 0xff, 0xfe, 0xff, 0xfe, 0xff,
    0xfe, 0xff, 0xfe, 0xff, 0xfe, 0xff, 0xfe, 0xff, 0xfe, 0xff, 0xfe, 0xff, 0xfe, 0xff, 0xfe, 0xff,
    0xfe, 0xff, 0xfe, 0xff, 0xfe, 0xff, 0xfe, 0xff, 0xfe, 0xff, 0xfe, 0xff, 0xfe, 0xff, 0xfe, 0xff,
    0xfe, 0xff, 0xfe, 0xff, 0xfe, 0xff, 0xfe, 0xff, 0xfe, 0xff, 0xfe, 0xff, 0xfe, 0xff, 0xfe, 0xff,
    0xfe, 0xff, 0xfe, 0xff, 0xfe, 0xff, 0xfe, 0xff, 0xfe, 0xff, 0xfe, 0xff, 0xfe, 0xff, 0xfe, 0xff,
    0xfe, 0xff, 0xfe, 0xff, 0xfe, 0xff, 0xfe, 0xff, 0xfe, 0xff, 0xfe, 0xff, 0xfe, 0xff, 0xfe, 0xff,
    0xfe, 0xff, 0xfe, 0xff, 0xfe, 0xff, 0xfe, 0xff, 0xfe, 0xff, 0xfe, 0xff, 0xfe, 0xff, 0xfe, 0xff,
    0xfe, 0xff, 0xfe, 0xff, 0xfe, 0xff, 0xfd, 0xff, 0xfe, 0xff, 0xfd, 0xff, 0xdd, 0xff, 0xdd, 0xff,
    0xdd, 0xff, 0xfd, 0xff, 0xdd, 0xff, 0xdd, 0xff, 0xdd, 0xff, 0xdd, 0xff, 0xdd, 0xff, 0xdd, 0xff,
    0xdd, 0xff, 0xde, 0xff, 0xdd, 0xff, 0xdd, 0xff, 0xde, 0xff, 0xfd, 0xff, 0xdd, 0xff, 0xfd, 0xff,
    0xdd, 0xff, 0xdd, 0xff, 0xdd, 0xff, 0xdd, 0xff, 0xdd, 0xff, 0xdd, 0xff, 0xdd, 0xff, 0xdd, 0xff,
    0xdd, 0xff, 0xdd, 0xff, 0xdd, 0xff, 0xdd, 0xff, 0xdd, 0xff, 0xdd, 0xff, 0xdd, 0xff, 0xdd, 0xff,
    0xdd, 0xff, 0xdd, 0xff, 0xdd, 0xff, 0xdd, 0xff, 0xdd, 0xff, 0xdd, 0xff, 0xdd, 0xff, 0xdd, 0xff,
    0xdd, 0xff, 0xdd, 0xff, 0xdd, 0xff, 0xdd, 0xff, 0xdd, 0xff, 0xdd, 0xff, 0xdd, 0xff, 0xdd, 0xff,
    0xdd, 0xff, 0xdd, 0xff, 0xdd, 0xff, 0xdd, 0xff, 0xdd, 0xff, 0xdd, 0xff, 0xdd, 0xff, 0xdd, 0xff,
    0xdd, 0xff, 0xdd, 0xff, 0xbd, 0xff, 0xbd, 0xff, 0xbd, 0xff, 0xbd, 0xff, 0xbd, 0xff, 0xbd, 0xff,
    0xbd, 0xff, 0xbd, 0xff, 0xbd, 0xff, 0xbd, 0xff, 0xbd, 0xff, 0xbd, 0xff, 0xbd, 0xff, 0xbd, 0xff,
    0xbd, 0xff, 0xbd, 0xff, 0xbd, 0xff, 0xbd, 0xff, 0xbd, 0xff, 0xbd, 0xff, 0xbd, 0xff, 0xbd, 0xff,
    0xbd, 0xff, 0xbd, 0xff, 0xbd, 0xff, 0xbd, 0xff, 0x9d, 0xff, 0x9d, 0xff, 0x9d, 0xff, 0x9d, 0xff,
    0x9d, 0xff, 0x9d, 0xff, 0x9d, 0xff, 0x9d, 0xff, 0x9d, 0xff, 0x9d, 0xf7, 0x9d, 0xf7, 0x9d, 0xf7,
    0x9d, 0xff, 0x9d, 0xff, 0x9d, 0xff, 0x9d, 0xff, 0x9d, 0xff, 0x9d, 0xff, 0x9d, 0xff, 0x9d, 0xf7,
    0x9d, 0xf7, 0x9d, 0xf7, 0x9d, 0xf7, 0x9d, 0xf7, 0x9d, 0xf7, 0x9c, 0xf7, 0x9c, 0xf7, 0x9c, 0xf7,
    0x9c, 0xf7, 0x9c, 0xf7, 0x9c, 0xf7, 0x7c, 0xf7, 0x7c, 0xf7, 0x7c, 0xf7, 0x7c, 0xf7, 0x7c, 0xf7,
    0x9c, 0xf7, 0x7c, 0xf7, 0x7c, 0xf7, 0x9c, 0xf7, 0x7c, 0xf7, 0x9c, 0xf7, 0x7c, 0xf7, 0x9c, 0xf7,
    0x7c, 0xf7, 0x7c, 0xf7, 0x7c, 0xf7, 0x7c, 0xef, 0x7c, 0xef, 0x5c, 0xef, 0x5c, 0xef, 0x5c, 0xf7,
    0x5c, 0xef, 0x5c, 0xef, 0x5c, 0xef, 0x5c, 0xef, 0x5c, 0xef, 0x5c, 0xef, 0x5c, 0xef, 0x5c, 0xef,
    0x5c, 0xef, 0x5c, 0xef, 0x5c, 0xef, 0x5c, 0xef, 0x5c, 0xef, 0x5c, 0xef, 0x5c, 0xef, 0x5c, 0xef,
    0x5c, 0xef, 0x5c, 0xef, 0x5c, 0xef, 0x5c, 0xef, 0x5c, 0xef, 0x5c, 0xef, 0x5c, 0xef, 0x3c, 0xef,
    0x3c, 0xef, 0x3c, 0xef, 0x3c, 0xef, 0x3c, 0xef, 0x3c, 0xe7, 0x3c, 0xe7, 0x3c, 0xe7, 0x3c, 0xe7,
    0x3c, 0xe7, 0x3c, 0xe7, 0x3c, 0xe7, 0x3c, 0xe7, 0x1b, 0xe7, 0x1b, 0xe7, 0x1b, 0xe7, 0x1b, 0xe7,
    0x1b, 0xe7, 0x1b, 0xe7, 0x1b, 0xe7, 0x1b, 0xe7, 0x1b, 0xe7, 0x1b, 0xe7, 0x1b, 0xe7, 0x1b, 0xe7,
    0x1b, 0xe7, 0xfb, 0xe6, 0xfb, 0xe6, 0xfb, 0xde, 0xfb, 0xde, 0xfb, 0xde, 0xfb, 0xde, 0xfb, 0xde,
    0xfb, 0xde, 0xfb, 0xde, 0xfb, 0xde, 0xfb, 0xde, 0xfb, 0xde, 0xfb, 0xde, 0xdb, 0xde, 0xdb, 0xde,
    0xdb, 0xde, 0xda, 0xde, 0xdb, 0xde, 0xdb, 0xde, 0xdb, 0xde, 0xdb, 0xde, 0xdb, 0xde, 0xdb, 0xde,
    0xdb, 0xde, 0xdb, 0xde, 0xdb, 0xde, 0xda, 0xde, 0xda, 0xde, 0xda, 0xde, 0xda, 0xde, 0xda, 0xde,
    0xba, 0xd6, 0xba, 0xd6, 0xba, 0xd6, 0xba, 0xd6, 0xba, 0xd6, 0xba, 0xd6, 0xda, 0xd6, 0xba, 0xd6,
    0xba, 0xd6, 0xba, 0xd6, 0xba, 0xd6, 0xba, 0xd6, 0xba, 0xd6, 0xba, 0xd6, 0xba, 0xd6, 0xba, 0xd6,
    0xba, 0xd6, 0xba, 0xd6, 0xba, 0xd6, 0xba, 0xd6, 0xda, 0xde, 0xda, 0xd6, 0xda, 0xd6, 0xda, 0xde,
    0xda, 0xde, 0xda, 0xde, 0xda, 0xde, 0xdb, 0xd6, 0xdb, 0xd6, 0xdb, 0xd6, 0xda, 0xd6, 0xda, 0xd6,
    0xff, 0xff, 0xff, 0xff, 0xff, 0xff, 0xff, 0xff, 0xff, 0xff, 0xff, 0xff, 0xff, 0xff, 0xff, 0xff,
    0xfe, 0xff, 0xfe, 0xff, 0xfe, 0xff, 0xfe, 0xff, 0xfe, 0xff, 0xfe, 0xff, 0xfe, 0xff, 0xfe, 0xff,
    0xfe, 0xff, 0xfe, 0xff, 0xfe, 0xff, 0xfe, 0xff, 0xfe, 0xff, 0xfe, 0xff, 0xfe, 0xff, 0xfe, 0xff,
    0xfe, 0xff, 0xfe, 0xff, 0xfe, 0xff, 0xfe, 0xff, 0xfe, 0xff, 0xfe, 0xff, 0xfe, 0xff, 0xfe, 0xff,
    0xfe, 0xff, 0xfe, 0xff, 0xfe, 0xff, 0xfe, 0xff, 0xfe, 0xff, 0xfe, 0xff, 0xfe, 0xff, 0xfe, 0xff,
    0xfe, 0xff, 0xfe, 0xff, 0xfe, 0xff, 0xfe, 0xff, 0xfe, 0xff, 0xfe, 0xff, 0xfe, 0xff, 0xfe, 0xff,
    0xfe, 0xff, 0xfe, 0xff, 0xfe, 0xff, 0xfe, 0xff, 0xfe, 0xff, 0xfe, 0xff, 0xfe, 0xff, 0xfe, 0xff,
    0xfe, 0xff, 0xfe, 0xff, 0xfe, 0xff, 0xfe, 0xff, 0xfe, 0xff, 0xfe, 0xff, 0xfe, 0xff, 0xfe, 0xff,
    0xfe, 0xff, 0xfe, 0xff, 0xfe, 0xff, 0xfd, 0xff, 0xdd, 0xff, 0xdd, 0xff, 0xfd, 0xff, 0xdd, 0xff,
    0xdd, 0xff, 0xdd, 0xff, 0xdd, 0xff, 0xdd, 0xff, 0xdd, 0xff, 0xdd, 0xff, 0xdd, 0xff, 0xfd, 0xff,
    0xde, 0xff, 0xde, 0xff, 0xdd, 0xff, 0xdd, 0xff, 0xfd, 0xff, 0xde, 0xff, 0xde, 0xff, 0xdd, 0xff,
    0xde, 0xff, 0xdd, 0xff, 0xdd, 0xff, 0xdd, 0xff, 0xdd, 0xff, 0xdd, 0xff, 0xdd, 0xff, 0xdc, 0xff,
    0xdd, 0xff, 0xdd, 0xff, 0xdd, 0xff, 0xdd, 0xff, 0xdd, 0xff, 0xdd, 0xff, 0xdd, 0xff, 0xdd, 0xff,
    0xdd, 0xff, 0xdd, 0xff, 0xdd, 0xff, 0xdd, 0xff, 0xdd, 0xff, 0xdd, 0xff, 0xdd, 0xff, 0xdd, 0xff,
    0xdd, 0xff, 0xdd, 0xff, 0xdd, 0xff, 0xdd, 0xff, 0xdd, 0xff, 0xdd, 0xff, 0xdd, 0xff, 0xdd, 0xff,
    0xdd, 0xff, 0xdd, 0xff, 0xdd, 0xff, 0xdd, 0xff, 0xdd, 0xff, 0xdd, 0xff, 0xdd, 0xff, 0xdd, 0xff,
    0xdd, 0xff, 0xdd, 0xff, 0xbd, 0xff, 0xbd, 0xff, 0xbd, 0xff, 0xbd, 0xff, 0xbd, 0xff, 0xbd, 0xff,
    0xbd, 0xff, 0xbd, 0xff, 0xbd, 0xff, 0xbd, 0xff, 0xbd, 0xff, 0xbd, 0xff, 0xbd, 0xff, 0xbd, 0xff,
    0xbd, 0xff, 0xbd, 0xff, 0xbd, 0xff, 0xbd, 0xff, 0xbd, 0xff, 0xbd, 0xff, 0xbd, 0xff, 0x9d, 0xff,
    0xbd, 0xff, 0xbd, 0xff, 0x9d, 0xff, 0xbd, 0xff, 0x9d, 0xff, 0x9d, 0xff, 0x9d, 0xff, 0x9d, 0xff,
    0x9c, 0xff, 0x9d, 0xff, 0x9d, 0xff, 0x9d, 0xff, 0x9d, 0xff, 0x9d, 0xf7, 0x9d, 0xf7, 0x9d, 0xf7,
    0x9d, 0xff, 0x9d, 0xff, 0x9d, 0xff, 0x9d, 0xff, 0x9d, 0xff, 0x9d, 0xff, 0x9d, 0xff, 0x9d, 0xf7,
    0x9d, 0xf7, 0x9d, 0xf7, 0x9d, 0xf7, 0x9d, 0xf7, 0x9d, 0xf7, 0x9c, 0xf7, 0x9c, 0xf7, 0x9c, 0xf7,
    0x9c, 0xf7, 0x9c, 0xf7, 0x9c, 0xf7, 0x7c, 0xf7, 0x7c, 0xf7, 0x7c, 0xf7, 0x7c, 0xf7, 0x9c, 0xf7,
    0x7c, 0xf7, 0x7c, 0xf7, 0x7c, 0xf7, 0x7c, 0xf7, 0x7c, 0xf7, 0x7c, 0xf7, 0x7c, 0xf7, 0x9c, 0xf7,
    0x9c, 0xf7, 0x7c, 0xf7, 0x7c, 0xf7, 0x7c, 0xf7, 0x7c, 0xf7, 0x7c, 0xef, 0x7c, 0xef, 0x5c, 0xf7,
    0x5c, 0xef, 0x5c, 0xef, 0x5c, 0xef, 0x5c, 0xef, 0x5c, 0xef, 0x5c, 0xef, 0x5c, 0xef, 0x5c, 0xef,
    0x5c, 0xef, 0x5c, 0xef, 0x5c, 0xef, 0x5c, 0xef, 0x5c, 0xef, 0x5c, 0xef, 0x5c, 0xef, 0x5c, 0xef,
    0x5c, 0xef, 0x5c, 0xef, 0x5c, 0xef, 0x5c, 0xef, 0x5c, 0xef, 0x3c, 0xef, 0x3c, 0xef, 0x5c, 0xef,
    0x3c, 0xef, 0x3c, 0xef, 0x3c, 0xef, 0x3c, 0xef, 0x3c, 0xe7, 0x3c, 0xe7, 0x3c, 0xe7, 0x3c, 0xe7,
    0x3c, 0xe7, 0x3c, 0xe7, 0x3c, 0xe7, 0x3c, 0xe7, 0x1b, 0xe7, 0x1b, 0xe7, 0x1b, 0xe7, 0x1b, 0xe7,
    0x1b, 0xe7, 0x1b, 0xe7, 0x1b, 0xe7, 0x1b, 0xe7, 0x1b, 0xe7, 0x1b, 0xe7, 0x1b, 0xe7, 0x1b, 0xe7,
    0x1b, 0xe7, 0xfb, 0xe6, 0xfb, 0xde, 0xfb, 0xde, 0xfb, 0xde, 0xfb, 0xde, 0xfb, 0xde, 0xfb, 0xde,
    0xfb, 0xde, 0xfb, 0xde, 0xfb, 0xde, 0xfb, 0xde, 0xfb, 0xde, 0xfb, 0xde, 0xdb, 0xde, 0xdb, 0xde,
    0xdb, 0xde, 0xdb, 0xde, 0xdb, 0xde, 0xdb, 0xde, 0xdb, 0xde, 0xda, 0xde, 0xdb, 0xde, 0xda, 0xde,
    0xdb, 0xde, 0xdb, 0xde, 0xdb, 0xde, 0xdb, 0xde, 0xda, 0xde, 0xda, 0xde, 0xda, 0xde, 0xda, 0xde,
    0xba, 0xd6, 0xba, 0xd6, 0xba, 0xde, 0xba, 0xd6, 0xba, 0xd6, 0xba, 0xd6, 0xba, 0xd6, 0xba, 0xd6,
    0xba, 0xd6, 0xba, 0xd6, 0xba, 0xd6, 0xba, 0xd6, 0xba, 0xd6, 0xba, 0xd6, 0xba, 0xd6, 0xba, 0xd6,
    0xba, 0xd6, 0xba, 0xd6, 0xba, 0xd6, 0xda, 0xd6, 0xba, 0xd6, 0xda, 0xd6, 0xba, 0xd6, 0xda, 0xde,
    0xda, 0xde, 0xdb, 0xd6, 0xda, 0xd6, 0xdb, 0xde, 0xdb, 0xde, 0xdb, 0xd6, 0xda, 0xd6, 0xdb, 0xd6,
    0xff, 0xff, 0xff, 0xff, 0xff, 0xff, 0xff, 0xff, 0xff, 0xff, 0xff, 0xff, 0xff, 0xff, 0xff, 0xff,
    0xff, 0xff, 0xfe, 0xff, 0xfe, 0xff, 0xfe, 0xff, 0xfe, 0xff, 0xfe, 0xff, 0xfe, 0xff, 0xfe, 0xff,
    0xfe, 0xff, 0xfe, 0xff, 0xfe, 0xff, 0xfe, 0xff, 0xfe, 0xff, 0xfe, 0xff, 0xfe, 0xff, 0xfe, 0xff,
    0xfe, 0xff, 0xfe, 0xff, 0xfe, 0xff, 0xfe, 0xff, 0xfe, 0xff, 0xfe, 0xff, 0xfe, 0xff, 0xfe, 0xff,
    0xfe, 0xff, 0xfe, 0xff, 0xfe, 0xff, 0xfe, 0xff, 0xfe, 0xff, 0xfe, 0xff, 0xfe, 0xff, 0xfe, 0xff,
    0xfe, 0xff, 0xfe, 0xff, 0xfe, 0xff, 0xfe, 0xff, 0xfe, 0xff, 0xfe, 0xff, 0xfe, 0xff, 0xfe, 0xff,
    0xfe, 0xff, 0xfe, 0xff, 0xfe, 0xff, 0xfe, 0xff, 0xfe, 0xff, 0xfe, 0xff, 0xfe, 0xff, 0xfe, 0xff,
    0xfe, 0xff, 0xfe, 0xff, 0xfe, 0xff, 0xfe, 0xff, 0xfe, 0xff, 0xfe, 0xff, 0xfe, 0xff, 0xfe, 0xff,
    0xfe, 0xff, 0xfe, 0xff, 0xde, 0xff, 0xfd, 0xff, 0xfd, 0xff, 0xdd, 0xff, 0xdd, 0xff, 0xdd, 0xff,
    0xde, 0xff, 0xdd, 0xff, 0xdd, 0xff, 0xde, 0xff, 0xdd, 0xff, 0xdd, 0xff, 0xdd, 0xff, 0xdd, 0xff,
    0xdd, 0xff, 0xdd, 0xff, 0xdd, 0xff, 0xdd, 0xff, 0xdd, 0xff, 0xdd, 0xff, 0xdd, 0xff, 0xdd, 0xff,
    0xdd, 0xff, 0xdd, 0xff, 0xdd, 0xff, 0xdd, 0xff, 0xdd, 0xff, 0xdd, 0xff, 0xdd, 0xff, 0xdd, 0xff,
    0xdd, 0xff, 0xdd, 0xff, 0xdd, 0xff, 0xdd, 0xff, 0xdd, 0xff, 0xdd, 0xff, 0xdd, 0xff, 0xdd, 0xff,
    0xdd, 0xff, 0xdd, 0xff, 0xdd, 0xff, 0xdd, 0xff, 0xdd, 0xff, 0xdd, 0xff, 0xdd, 0xff, 0xdd, 0xff,
    0xdd, 0xff, 0xdd, 0xff, 0xdd, 0xff, 0xdd, 0xff, 0xdd, 0xff, 0xdd, 0xff, 0xdd, 0xff, 0xdd, 0xff,
    0xdd, 0xff, 0xdd, 0xff, 0xdd, 0xff, 0xdd, 0xff, 0xdd, 0xff, 0xdd, 0xff, 0xdd, 0xff, 0xdd, 0xff,
    0xdd, 0xff, 0xdd, 0xff, 0xdd, 0xff, 0xbd, 0xff, 0xbd, 0xff, 0xbd, 0xff, 0xbd, 0xff, 0xbd, 0xff,
    0xbd, 0xff, 0xbd, 0xff, 0xbd, 0xff, 0xbd, 0xff, 0xbd, 0xff, 0xbd, 0xff, 0xbd, 0xff, 0xbd, 0xff,
    0xbd, 0xff, 0xbd, 0xff, 0xbd, 0xff, 0xbd, 0xff, 0xbd, 0xff, 0xbd, 0xff, 0xbd, 0xff, 0x9d, 0xff,
    0x9d, 0xff, 0x9d, 0xff, 0x9d, 0xff, 0x9d, 0xff, 0x9d, 0xff, 0x9d, 0xff, 0x9d, 0xff, 0x9d, 0xff,
    0x9d, 0xff, 0x9d, 0xff, 0x9d, 0xff, 0x9d, 0xff, 0x9d, 0xff, 0x9d, 0xf7, 0x9d, 0xff, 0x9d, 0xf7,
    0x9d, 0xff, 0x9d, 0xff, 0x9d, 0xff, 0x9d, 0xff, 0x9d, 0xf7, 0x9d, 0xff, 0x9d, 0xff, 0x9d, 0xff,
    0x9d, 0xf7, 0x9c, 0xf7, 0x9c, 0xf7, 0x9c, 0xf7, 0x9d, 0xf7, 0x9d, 0xf7, 0x9c, 0xf7, 0x9c, 0xf7,
    0x9c, 0xf7, 0x9c, 0xf7, 0x9c, 0xf7, 0x7c, 0xf7, 0x7c, 0xf7, 0x7c, 0xf7, 0x7c, 0xf7, 0x7c, 0xf7,
    0x7c, 0xf7, 0x9c, 0xf7, 0x7c, 0xf7, 0x7c, 0xf7, 0x7c, 0xf7, 0x7c, 0xf7, 0x7c, 0xf7, 0x7c, 0xf7,
    0x7c, 0xf7, 0x7c, 0xf7, 0x7c, 0xf7, 0x7c, 0xf7, 0x7c, 0xf7, 0x7c, 0xf7, 0x7c, 0xef, 0x5c, 0xef,
    0x5c, 0xef, 0x5c, 0xef, 0x5c, 0xef, 0x5c, 0xef, 0x5c, 0xef, 0x5c, 0xef, 0x5c, 0xef, 0x5c, 0xef,
    0x5c, 0xef, 0x5c, 0xef, 0x5c, 0xef, 0x5c, 0xef, 0x5c, 0xef, 0x5c, 0xef, 0x5c, 0xef, 0x5c, 0xef,
    0x5c, 0xef, 0x5c, 0xef, 0x5c, 0xef, 0x3c, 0xef, 0x3c, 0xef, 0x5c, 0xef, 0x3c, 0xef, 0x3c, 0xef,
    0x3c, 0xef, 0x3c, 0xef, 0x3c, 0xef, 0x3c, 0xe7, 0x3c, 0xe7, 0x3c, 0xef, 0x3c, 0xe7, 0x3c, 0xe7,
    0x3c, 0xe7, 0x3c, 0xe7, 0x3c, 0xe7, 0x3b, 0xe7, 0x1b, 0xe7, 0x1b, 0xe7, 0x1b, 0xe7, 0x1b, 0xe7,
    0x1b, 0xe7, 0x1b, 0xe7, 0x1b, 0xe7, 0x1b, 0xe7, 0x1b, 0xe7, 0x1b, 0xe7, 0x1b, 0xe7, 0x1b, 0xe7,
    0x1b, 0xe7, 0xfb, 0xe6, 0xfb, 0xe6, 0xfb, 0xe6, 0xfb, 0xde, 0xfb, 0xde, 0xfb, 0xde, 0xfb, 0xde,
    0xfb, 0xde, 0xfb, 0xde, 0xdb, 0xde, 0xfb, 0xde, 0xdb, 0xde, 0xda, 0xde, 0xdb, 0xde, 0xdb, 0xde,
    0xdb, 0xde, 0xdb, 0xde, 0xdb, 0xde, 0xdb, 0xde, 0xdb, 0xde, 0xda, 0xde, 0xdb, 0xde, 0xdb, 0xde,
    0xdb, 0xde, 0xdb, 0xde, 0xda, 0xde, 0xdb, 0xde, 0xda, 0xde, 0xda, 0xde, 0xda, 0xde, 0xda, 0xde,
    0xba, 0xd6, 0xba, 0xd6, 0xba, 0xd6, 0xba, 0xd6, 0xba, 0xd6, 0xba, 0xd6, 0xba, 0xd6, 0xba, 0xd6,
    0xba, 0xd6, 0xba, 0xd6, 0xba, 0xd6, 0xba, 0xd6, 0xba, 0xd6, 0xba, 0xd6, 0xba, 0xd6, 0xba, 0xd6,
    0xba, 0xd6, 0xba, 0xd6, 0xba, 0xd6, 0xda, 0xd6, 0xda, 0xd6, 0xda, 0xde, 0xda, 0xde, 0xda, 0xde,
    0xdb, 0xde, 0xdb, 0xde, 0xdb, 0xd6, 0xda, 0xd6, 0xdb, 0xde, 0xdb, 0xde, 0xda, 0xd6, 0xdb, 0xd6,
    0xff, 0xff, 0xff, 0xff, 0xff, 0xff, 0xff, 0xff, 0xff, 0xff, 0xff, 0xff, 0xff, 0xff, 0xff, 0xff,
    0xfe, 0xff, 0xfe, 0xff, 0xfe, 0xff, 0xfe, 0xff, 0xfe, 0xff, 0xfe, 0xff, 0xfe, 0xff, 0xfe, 0xff,
    0xfe, 0xff, 0xfe, 0xff, 0xfe, 0xff, 0xfe, 0xff, 0xfe, 0xff, 0xfe, 0xff, 0xfe, 0xff, 0xfe, 0xff,
    0xfe, 0xff, 0xfe, 0xff, 0xfe, 0xff, 0xfe, 0xff, 0xfe, 0xff, 0xfe, 0xff, 0xfe, 0xff, 0xfe, 0xff,
    0xfe, 0xff, 0xfe, 0xff, 0xfe, 0xff, 0xfe, 0xff, 0xfe, 0xff, 0xfe, 0xff, 0xfe, 0xff, 0xfe, 0xff,
    0xfe, 0xff, 0xfe, 0xff, 0xfe, 0xff, 0xfe, 0xff, 0xfe, 0xff, 0xfe, 0xff, 0xfe, 0xff, 0xfe, 0xff,
    0xfe, 0xff, 0xfe, 0xff, 0xfe, 0xff, 0xfe, 0xff, 0xfe, 0xff, 0xfe, 0xff, 0xfe, 0xff, 0xfe, 0xff,
    0xfe, 0xff, 0xfe, 0xff, 0xfe, 0xff, 0xfe, 0xff, 0xfe, 0xff, 0xde, 0xff, 0xfe, 0xff, 0xfe, 0xff,
    0xfe, 0xff, 0xfe, 0xff, 0xfe, 0xff, 0xde, 0xff, 0xfd, 0xff, 0xdd, 0xff, 0xdd, 0xff, 0xdd, 0xff,
    0xdd, 0xff, 0xdd, 0xff, 0xdd, 0xff, 0xdd, 0xff, 0xdd, 0xff, 0xde, 0xff, 0xfe, 0xff, 0xdd, 0xff,
    0xdd, 0xff, 0xde, 0xff, 0xdd, 0xff, 0xde, 0xff, 0xde, 0xff, 0xdd, 0xff, 0xdd, 0xff, 0xdd, 0xff,
    0xdd, 0xff, 0xdd, 0xff, 0xdd, 0xff, 0xdd, 0xff, 0xdd, 0xff, 0xdd, 0xff, 0xdd, 0xff, 0xdd, 0xff,
    0xdd, 0xff, 0xdd, 0xff, 0xdd, 0xff, 0xdd, 0xff, 0xdd, 0xff, 0xdd, 0xff, 0xdd, 0xff, 0xdd, 0xff,
    0xdd, 0xff, 0xdd, 0xff, 0xdd, 0xff, 0xdd, 0xff, 0xdd, 0xff, 0xdd, 0xff, 0xdd, 0xff, 0xdd, 0xff,
    0xdd, 0xff, 0xdd, 0xff, 0xdd, 0xff, 0xdd, 0xff, 0xdd, 0xff, 0xdd, 0xff, 0xdd, 0xff, 0xdd, 0xff,
    0xdd, 0xff, 0xdd, 0xff, 0xdd, 0xff, 0xdd, 0xff, 0xdd, 0xff, 0xdd, 0xff, 0xdd, 0xff, 0xdd, 0xff,
    0xdd, 0xff, 0xdd, 0xff, 0xdd, 0xff, 0xbd, 0xff, 0xbd, 0xff, 0xbd, 0xff, 0xbd, 0xff, 0xbd, 0xff,
    0xbd, 0xff, 0xbd, 0xff, 0xbd, 0xff, 0xbd, 0xff, 0xbd, 0xff, 0xbd, 0xff, 0xbd, 0xff, 0xbd, 0xff,
    0xbd, 0xff, 0xbd, 0xff, 0xbd, 0xff, 0xbd, 0xff, 0xbd, 0xff, 0xbd, 0xff, 0xbd, 0xff, 0xbd, 0xff,
    0x9d, 0xff, 0x9d, 0xff, 0x9d, 0xff, 0x9d, 0xff, 0x9d, 0xff, 0x9d, 0xff, 0x9d, 0xff, 0x9d, 0xff,
    0x9d, 0xff, 0x9d, 0xff, 0x9d, 0xff, 0x9d, 0xff, 0x9d, 0xff, 0x9d, 0xff, 0x9d, 0xff, 0x9d, 0xff,
    0x9d, 0xff, 0x9d, 0xff, 0x9d, 0xff, 0x9d, 0xff, 0x9d, 0xff, 0x9d, 0xff, 0x9d, 0xff, 0x9d, 0xff,
    0x9d, 0xf7, 0x9c, 0xf7, 0x9c, 0xf7, 0x9c, 0xf7, 0x9c, 0xf7, 0x9c, 0xf7, 0x9c, 0xf7, 0x9c, 0xf7,
    0x9c, 0xf7, 0x9c, 0xf7, 0x9c, 0xf7, 0x7c, 0xf7, 0x7c, 0xf7, 0x7c, 0xf7, 0x9c, 0xf7, 0x9c, 0xf7,
    0x7c, 0xf7, 0x7c, 0xf7, 0x7c, 0xf7, 0x7c, 0xf7, 0x7c, 0xf7, 0x7c, 0xf7, 0x7c, 0xf7, 0x9c, 0xf7,
    0x7c, 0xf7, 0x7c, 0xf7, 0x7c, 0xf7, 0x7c, 0xf7, 0x7c, 0xf7, 0x7c, 0xf7, 0x7c, 0xf7, 0x7c, 0xef,
    0x5c, 0xef, 0x5c, 0xf7, 0x5c, 0xef, 0x5c, 0xef, 0x5c, 0xef, 0x5c, 0xef, 0x5c, 0xef, 0x5c, 0xef,
    0x5c, 0xef, 0x5c, 0xef, 0x5c, 0xef, 0x5c, 0xef, 0x5c, 0xef, 0x5c, 0xef, 0x5c, 0xef, 0x5c, 0xef,
    0x5c, 0xef, 0x5c, 0xef, 0x5c, 0xef, 0x5c, 0xef, 0x5c, 0xef, 0x5c, 0xef, 0x3c, 0xef, 0x3c, 0xef,
    0x3c, 0xef, 0x3c, 0xef, 0x3c, 0xef, 0x3c, 0xef, 0x3c, 0xef, 0x3c, 0xef, 0x3c, 0xe7, 0x3c, 0xe7,
    0x3c, 0xe7, 0x3c, 0xe7, 0x3c, 0xe7, 0x1c, 0xe7, 0x1b, 0xe7, 0x1b, 0xe7, 0x1b, 0xe7, 0x1b, 0xe7,
    0x1b, 0xe7, 0x1b, 0xe7, 0x1b, 0xe7, 0x1b, 0xe7, 0x1b, 0xe7, 0x1b, 0xe7, 0x1b, 0xe7, 0x1b, 0xe7,
    0x1b, 0xe7, 0xfb, 0xe6, 0xfb, 0xde, 0xfb, 0xe6, 0xfb, 0xde, 0xfb, 0xde, 0xfb, 0xde, 0xfb, 0xde,
    0xfb, 0xde, 0xfb, 0xde, 0xfb, 0xde, 0xfb, 0xde, 0xfb, 0xde, 0xdb, 0xde, 0xda, 0xde, 0xdb, 0xde,
    0xdb, 0xde, 0xda, 0xde, 0xfb, 0xde, 0xdb, 0xde, 0xdb, 0xde, 0xdb, 0xde, 0xda, 0xde, 0xdb, 0xde,
    0xdb, 0xde, 0xdb, 0xde, 0xda, 0xde, 0xda, 0xde, 0xda, 0xde, 0xda, 0xde, 0xda, 0xde, 0xda, 0xde,
    0xba, 0xd6, 0xba, 0xd6, 0xba, 0xd6, 0xba, 0xd6, 0xba, 0xd6, 0xba, 0xd6, 0xba, 0xd6, 0xba, 0xd6,
    0xba, 0xd6, 0xba, 0xd6, 0xba, 0xd6, 0xba, 0xd6, 0xba, 0xd6, 0xba, 0xd6, 0xba, 0xd6, 0xba, 0xd6,
    0xba, 0xd6, 0xba, 0xd6, 0xda, 0xd6, 0xda, 0xd6, 0xdb, 0xde, 0xdb, 0xde, 0xdb, 0xde, 0xdb, 0xde,
    0xda, 0xde, 0xdb, 0xde, 0xdb, 0xd6, 0xdb, 0xd6, 0xda, 0xd6, 0xdb, 0xd6, 0xdb, 0xd6, 0xdb, 0xd6,
    0xff, 0xff, 0xff, 0xff, 0xff, 0xff, 0xff, 0xff, 0xff, 0xff, 0xff, 0xff, 0xff, 0xff, 0xfe, 0xff,
    0xfe, 0xff, 0xfe, 0xff, 0xfe, 0xff, 0xfe, 0xff, 0xfe, 0xff, 0xfe, 0xff, 0xfe, 0xff, 0xfe, 0xff,
    0xfe, 0xff, 0xfe, 0xff, 0xfe, 0xff, 0xfe, 0xff, 0xfe, 0xff, 0xfe, 0xff, 0xfe, 0xff, 0xfe, 0xff,
    0xfe, 0xff, 0xfe, 0xff, 0xfe, 0xff, 0xfe, 0xff, 0xfe, 0xff, 0xfe, 0xff, 0xfe, 0xff, 0xfe, 0xff,
    0xfe, 0xff, 0xfe, 0xff, 0xfe, 0xff, 0xfe, 0xff, 0xfe, 0xff, 0xfe, 0xff, 0xfe, 0xff, 0xfe, 0xff,
    0xfe, 0xff, 0xfe, 0xff, 0xfe, 0xff, 0xfe, 0xff, 0xfe, 0xff, 0xfe, 0xff, 0xfe, 0xff, 0xfe, 0xff,
    0xfe, 0xff, 0xfe, 0xff, 0xfe, 0xff, 0xfe, 0xff, 0xfe, 0xff, 0xfe, 0xff, 0xfe, 0xff, 0xfe, 0xff,
    0xfe, 0xff, 0xfe, 0xff, 0xfe, 0xff, 0xfe, 0xff, 0xfe, 0xff, 0xde, 0xff, 0xfe, 0xff, 0xfe, 0xff,
    0xfe, 0xff, 0xde, 0xff, 0xde, 0xff, 0xfe, 0xff, 0xdd, 0xff, 0xdd, 0xff, 0xde, 0xff, 0xde, 0xff,
    0xdd, 0xff, 0xde, 0xff, 0xfe, 0xff, 0xdd, 0xff, 0xde, 0xff, 0xfe, 0xff, 0xde, 0xff, 0xde, 0xff,
    0xde, 0xff, 0xdd, 0xff, 0xdd, 0xff, 0xde, 0xff, 0xdd, 0xff, 0xdd, 0xff, 0xdd, 0xff, 0xdd, 0xff,
    0xdd, 0xff, 0xdd, 0xff, 0xdd, 0xff, 0xdd, 0xff, 0xdd, 0xff, 0xdd, 0xff, 0xdd, 0xff, 0xdd, 0xff,
    0xdd, 0xff, 0xdd, 0xff, 0xdd, 0xff, 0xdd, 0xff, 0xdd, 0xff, 0xdd, 0xff, 0xdd, 0xff, 0xdd, 0xff,
    0xdd, 0xff, 0xdd, 0xff, 0xdd, 0xff, 0xdd, 0xff, 0xdd, 0xff, 0xdd, 0xff, 0xdd, 0xff, 0xdd, 0xff,
    0xdd, 0xff, 0xdd, 0xff, 0xdd, 0xff, 0xdd, 0xff, 0xdd, 0xff, 0xdd, 0xff, 0xdd, 0xff, 0xdd, 0xff,
    0xdd, 0xff, 0xdd, 0xff, 0xdd, 0xff, 0xdd, 0xff, 0xdd, 0xff, 0xdd, 0xff, 0xdd, 0xff, 0xdd, 0xff,
    0xdd, 0xff, 0xdd, 0xff, 0xdd, 0xff, 0xdd, 0xff, 0xbd, 0xff, 0xbd, 0xff, 0xbd, 0xff, 0xbd, 0xff,
    0xbd, 0xff, 0xbd, 0xff, 0xbd, 0xff, 0xbd, 0xff, 0xbd, 0xff, 0xbd, 0xff, 0xbd, 0xff, 0xbd, 0xff,
    0xbd, 0xff, 0xbd, 0xff, 0xbd, 0xff, 0xbd, 0xff, 0xbd, 0xff, 0xbd, 0xff, 0xbd, 0xff, 0xbd, 0xff,
    0xbd, 0xff, 0xbd, 0xff, 0x9d, 0xff, 0xbd, 0xff, 0x9d, 0xff, 0xbd, 0xff, 0x9d, 0xff, 0x9d, 0xff,
    0x9d, 0xff, 0x9d, 0xf7, 0x9d, 0xf7, 0x9d, 0xff, 0x9d, 0xff, 0x9d, 0xff, 0x9d, 0xff, 0x9d, 0xff,
    0x9d, 0xff, 0x9d, 0xff, 0x9d, 0xff, 0x9d, 0xff, 0x9d, 0xff, 0x9d, 0xff, 0x9d, 0xf7, 0x9d, 0xf7,
    0x9c, 0xf7, 0x9c, 0xf7, 0x9c, 0xf7, 0x9c, 0xf7, 0x9c, 0xf7, 0x9c, 0xf7, 0x9c, 0xf7, 0x9c, 0xf7,
    0x9c, 0xf7, 0x9c, 0xf7, 0x9c, 0xf7, 0x9c, 0xf7, 0x9c, 0xf7, 0x9c, 0xf7, 0x7c, 0xf7, 0x7c, 0xf7,
    0x7c, 0xf7, 0x7c, 0xf7, 0x7c, 0xf7, 0x7c, 0xf7, 0x7c, 0xf7, 0x7c, 0xf7, 0x7c, 0xf7, 0x7c, 0xf7,
    0x7c, 0xf7, 0x7c, 0xf7, 0x7c, 0xf7, 0x7c, 0xf7, 0x7c, 0xf7, 0x7c, 0xef, 0x7c, 0xf7, 0x7c, 0xef,
    0x5c, 0xef, 0x5c, 0xef, 0x5c, 0xef, 0x5c, 0xef, 0x5c, 0xef, 0x5c, 0xef, 0x5c, 0xef, 0x5c, 0xef,
    0x5c, 0xf7, 0x5c, 0xef, 0x5c, 0xef, 0x5c, 0xef, 0x5c, 0xef, 0x5c, 0xef, 0x5c, 0xef, 0x5c, 0xef,
    0x5c, 0xef, 0x5c, 0xef, 0x5c, 0xef, 0x5c, 0xef, 0x3c, 0xef, 0x3c, 0xef, 0x3c, 0xef, 0x3c, 0xef,
    0x3c, 0xef, 0x3c, 0xef, 0x3c, 0xef, 0x3c, 0xef, 0x3c, 0xef, 0x3c, 0xef, 0x3c, 0xe7, 0x3b, 0xe7,
    0x3c, 0xe7, 0x3c, 0xe7, 0x3c, 0xe7, 0x1b, 0xe7, 0x1b, 0xe7, 0x1b, 0xe7, 0x1b, 0xe7, 0x1b, 0xe7,
    0x1b, 0xe7, 0x1b, 0xe7, 0x1b, 0xe7, 0x1b, 0xe7, 0x1b, 0xe7, 0x1b, 0xe7, 0x1b, 0xe7, 0x1b, 0xe7,
    0xfb, 0xe6, 0xfb, 0xde, 0xfb, 0xde, 0xfb, 0xde, 0xfb, 0xde, 0xfb, 0xde, 0xfb, 0xde, 0xfb, 0xde,
    0xfb, 0xde, 0xfb, 0xde, 0xfb, 0xde, 0xfb, 0xde, 0xfb, 0xde, 0xdb, 0xde, 0xdb, 0xde, 0xdb, 0xde,
    0xda, 0xde, 0xda, 0xde, 0xdb, 0xde, 0xdb, 0xde, 0xdb, 0xde, 0xdb, 0xde, 0xdb, 0xde, 0xdb, 0xde,
    0xdb, 0xde, 0xda, 0xde, 0xda, 0xde, 0xda, 0xde, 0xda, 0xde, 0xda, 0xde, 0xda, 0xde, 0xda, 0xde,
    0xba, 0xd6, 0xba, 0xd6, 0xba, 0xd6, 0xba, 0xd6, 0xba, 0xd6, 0xba, 0xd6, 0xba, 0xd6, 0xba, 0xd6,
    0xba, 0xd6, 0xba, 0xd6, 0xba, 0xd6, 0xba, 0xd6, 0xba, 0xd6, 0xba, 0xd6, 0xba, 0xd6, 0xba, 0xd6,
    0xba, 0xd6, 0xba, 0xd6, 0xda, 0xde, 0xda, 0xde, 0xda, 0xde, 0xda, 0xde, 0xda, 0xde, 0xdb, 0xde,
    0xda, 0xd6, 0xdb, 0xde, 0xdb, 0xd6, 0xdb, 0xd6, 0xdb, 0xd6, 0xdb, 0xd6, 0xdb, 0xd6, 0xdb, 0xd6,
    0xff, 0xff, 0xff, 0xff, 0xff, 0xff, 0xff, 0xff, 0xff, 0xff, 0xff, 0xff, 0xff, 0xff, 0xff, 0xff,
    0xfe, 0xff, 0xfe, 0xff, 0xff, 0xff, 0xfe, 0xff, 0xfe, 0xff, 0xfd, 0xff, 0xfe, 0xff, 0xfe, 0xff,
    0xfe, 0xff, 0xfe, 0xff, 0xfe, 0xff, 0xfe, 0xff, 0xfe, 0xff, 0xfe, 0xff, 0xfe, 0xff, 0xfe, 0xff,
    0xfe, 0xff, 0xfe, 0xff, 0xfe, 0xff, 0xfe, 0xff, 0xfe, 0xff, 0xfe, 0xff, 0xfe, 0xff, 0xfe, 0xff,
    0xfe, 0xff, 0xfe, 0xff, 0xfe, 0xff, 0xfe, 0xff, 0xfe, 0xff, 0xfe, 0xff, 0xfe, 0xff, 0xfe, 0xff,
    0xfe, 0xff, 0xfe, 0xff, 0xfe, 0xff, 0xfe, 0xff, 0xfe, 0xff, 0xfe, 0xff, 0xfe, 0xff, 0xfe, 0xff,
    0xfe, 0xff, 0xfe, 0xff, 0xfe, 0xff, 0xfe, 0xff, 0xfe, 0xff, 0xfe, 0xff, 0xfe, 0xff, 0xfe, 0xff,
    0xfe, 0xff, 0xfe, 0xff, 0xfe, 0xff, 0xfe, 0xff, 0xfe, 0xff, 0xfe, 0xff, 0xfe, 0xff, 0xde, 0xff,
    0xfe, 0xff, 0xfe, 0xff, 0xfe, 0xff, 0xfe, 0xff, 0xfe, 0xff, 0xfe, 0xff, 0xfd, 0xff, 0xdd, 0xff,
    0xde, 0xff, 0xde, 0xff, 0xde, 0xff, 0xdd, 0xff, 0xdd, 0xff, 0xde, 0xff, 0xde, 0xff, 0xde, 0xff,
    0xde, 0xff, 0xfe, 0xff, 0xdd, 0xff, 0xdd, 0xff, 0xdd, 0xff, 0xdd, 0xff, 0xdd, 0xff, 0xdd, 0xff,
    0xdd, 0xff, 0xdd, 0xff, 0xdd, 0xff, 0xdd, 0xff, 0xdd, 0xff, 0xdd, 0xff, 0xdd, 0xff, 0xdd, 0xff,
    0xdd, 0xff, 0xdd, 0xff, 0xdd, 0xff, 0xdd, 0xff, 0xdd, 0xff, 0xdd, 0xff, 0xdd, 0xff, 0xdd, 0xff,
    0xdd, 0xff, 0xdd, 0xff, 0xdd, 0xff, 0xdd, 0xff, 0xdd, 0xff, 0xdd, 0xff, 0xdd, 0xff, 0xdd, 0xff,
    0xdd, 0xff, 0xdd, 0xff, 0xdd, 0xff, 0xdd, 0xff, 0xdd, 0xff, 0xdd, 0xff, 0xdd, 0xff, 0xdd, 0xff,
    0xdd, 0xff, 0xdd, 0xff, 0xdd, 0xff, 0xdd, 0xff, 0xdd, 0xff, 0xdd, 0xff, 0xdd, 0xff, 0xdd, 0xff,
    0xdd, 0xff, 0xdd, 0xff, 0xdd, 0xff, 0xdd, 0xff, 0xbd, 0xff, 0xbd, 0xff, 0xbd, 0xff, 0xbd, 0xff,
    0xbd, 0xff, 0xbd, 0xff, 0xbd, 0xff, 0xbd, 0xff, 0xbd, 0xff, 0xbd, 0xff, 0xbd, 0xff, 0xbd, 0xff,
    0xbd, 0xff, 0xbd, 0xff, 0xbd, 0xff, 0xbd, 0xff, 0xbd, 0xff, 0xbd, 0xff, 0xbd, 0xff, 0xbd, 0xff,
    0xbd, 0xff, 0x9d, 0xff, 0x9d, 0xff, 0xbd, 0xff, 0xbd, 0xff, 0xbd, 0xff, 0xbd, 0xff, 0xbd, 0xff,
    0x9d, 0xff, 0x9d, 0xff, 0x9d, 0xff, 0x9d, 0xff, 0x9d, 0xf7, 0x9d, 0xff, 0x9d, 0xff, 0x9d, 0xff,
    0x9d, 0xff, 0x9d, 0xff, 0x9d, 0xff, 0x9d, 0xff, 0x9d, 0xff, 0x9d, 0xff, 0x9d, 0xf7, 0x9d, 0xf7,
    0x9d, 0xf7, 0x9d, 0xf7, 0x9d, 0xf7, 0x9c, 0xf7, 0x9c, 0xf7, 0x9d, 0xf7, 0x9c, 0xf7, 0x9c, 0xf7,
    0x9c, 0xf7, 0x9c, 0xf7, 0x9c, 0xf7, 0x9c, 0xf7, 0x9c, 0xf7, 0x9c, 0xf7, 0x7c, 0xf7, 0x9c, 0xf7,
    0x7c, 0xf7, 0x7c, 0xf7, 0x7c, 0xf7, 0x7c, 0xf7, 0x7c, 0xf7, 0x7c, 0xf7, 0x7c, 0xf7, 0x7c, 0xf7,
    0x7c, 0xf7, 0x7c, 0xf7, 0x7c, 0xf7, 0x7c, 0xf7, 0x7c, 0xf7, 0x7c, 0xf7, 0x7c, 0xf7, 0x7c, 0xf7,
    0x7c, 0xef, 0x5c, 0xef, 0x5c, 0xf7, 0x5c, 0xf7, 0x5c, 0xf7, 0x5c, 0xf7, 0x5c, 0xef, 0x5c, 0xef,
    0x5c, 0xf7, 0x5c, 0xf7, 0x5c, 0xef, 0x5c, 0xef, 0x5c, 0xef, 0x5c, 0xef, 0x5c, 0xef, 0x5c, 0xef,
    0x5c, 0xef, 0x5c, 0xef, 0x5c, 0xef, 0x3c, 0xef, 0x3c, 0xef, 0x3c, 0xef, 0x3c, 0xef, 0x3c, 0xef,
    0x3c, 0xef, 0x3c, 0xef, 0x3c, 0xef, 0x3c, 0xe7, 0x3c, 0xef, 0x3c, 0xef, 0x3c, 0xe7, 0x3c, 0xe7,
    0x3c, 0xe7, 0x3c, 0xe7, 0x3b, 0xe7, 0x1b, 0xe7, 0x1b, 0xe7, 0x1b, 0xe7, 0x1b, 0xe7, 0x1b, 0xe7,
    0x1b, 0xe7, 0x1b, 0xe7, 0x1b, 0xe7, 0x1b, 0xe7, 0x1b, 0xe7, 0x1b, 0xe7, 0x1b, 0xe7, 0x1b, 0xe7,
    0xfb, 0xde, 0xfb, 0xde, 0xfb, 0xe6, 0xfb, 0xde, 0xfb, 0xe6, 0xfb, 0xde, 0xfb, 0xde, 0xfb, 0xde,
    0xfb, 0xde, 0xfb, 0xde, 0xfb, 0xde, 0xfb, 0xde, 0xdb, 0xde, 0xdb, 0xde, 0xdb, 0xde, 0xdb, 0xde,
    0xda, 0xde, 0xdb, 0xde, 0xdb, 0xde, 0xdb, 0xde, 0xdb, 0xde, 0xdb, 0xde, 0xdb, 0xde, 0xdb, 0xde,
    0xda, 0xde, 0xda, 0xde, 0xda, 0xde, 0xda, 0xde, 0xda, 0xde, 0xda, 0xde, 0xda, 0xde, 0xda, 0xde,
    0xba, 0xd6, 0xba, 0xd6, 0xba, 0xd6, 0xba, 0xd6, 0xba, 0xd6, 0xba, 0xd6, 0xba, 0xd6, 0xba, 0xd6,
    0xba, 0xd6, 0xba, 0xd6, 0xba, 0xd6, 0xba, 0xd6, 0xba, 0xd6, 0xba, 0xd6, 0xba, 0xd6, 0xba, 0xd6,
    0xba, 0xd6, 0xba, 0xd6, 0xda, 0xd6, 0xda, 0xde, 0xda, 0xde, 0xda, 0xd6, 0xdb, 0xde, 0xdb, 0xde,
    0xda, 0xde, 0xda, 0xde, 0xdb, 0xde, 0xda, 0xd6, 0xdb, 0xd6, 0xdb, 0xd6, 0xdb, 0xd6, 0xdb, 0xde,
    0xff, 0xff, 0xff, 0xff, 0xff, 0xff, 0xff, 0xff, 0xff, 0xff, 0xff, 0xff, 0xff, 0xff, 0xfe, 0xff,
    0xfe, 0xff, 0xfe, 0xff, 0xff, 0xff, 0xfe, 0xff, 0xfe, 0xff, 0xfe, 0xff, 0xfe, 0xff, 0xfe, 0xff,
    0xfe, 0xff, 0xfe, 0xff, 0xfe, 0xff, 0xfe, 0xff, 0xfe, 0xff, 0xfe, 0xff, 0xfe, 0xff, 0xfe, 0xff,
    0xfe, 0xff, 0xfe, 0xff, 0xfe, 0xff, 0xfe, 0xff, 0xfe, 0xff, 0xfe, 0xff, 0xfe, 0xff, 0xfe, 0xff,
    0xfe, 0xff, 0xfe, 0xff, 0xfe, 0xff, 0xfe, 0xff, 0xfe, 0xff, 0xfe, 0xff, 0xfe, 0xff, 0xfe, 0xff,
    0xfe, 0xff, 0xfe, 0xff, 0xfe, 0xff, 0xfe, 0xff, 0xfe, 0xff, 0xfe, 0xff, 0xfe, 0xff, 0xfe, 0xff,
    0xfe, 0xff, 0xfe, 0xff, 0xfe, 0xff, 0xfe, 0xff, 0xfe, 0xff, 0xfe, 0xff, 0xfe, 0xff, 0xfe, 0xff,
    0xfe, 0xff, 0xfe, 0xff, 0xfe, 0xff, 0xfe, 0xff, 0xfe, 0xff, 0xfe, 0xff, 0xfe, 0xff, 0xfe, 0xff,
    0xde, 0xff, 0xfe, 0xff, 0xfd, 0xff, 0xfe, 0xff, 0xde, 0xff, 0xde, 0xff, 0xde, 0xff, 0xdd, 0xff,
    0xfe, 0xff, 0xde, 0xff, 0xde, 0xff, 0xdd, 0xff, 0xdd, 0xff, 0xde, 0xff, 0xdd, 0xff, 0xde, 0xff,
    0xde, 0xff, 0xde, 0xff, 0xdd, 0xff, 0xdd, 0xff, 0xde, 0xff, 0xdd, 0xff, 0xdd, 0xff, 0xdd, 0xff,
    0xdd, 0xff, 0xdd, 0xff, 0xdd, 0xff, 0xdd, 0xff, 0xdd, 0xff, 0xdd, 0xff, 0xdd, 0xff, 0xdd, 0xff,
    0xdd, 0xff, 0xdd, 0xff, 0xdd, 0xff, 0xdd, 0xff, 0xdd, 0xff, 0xdd, 0xff, 0xde, 0xff, 0xde, 0xff,
    0xdd, 0xff, 0xdd, 0xff, 0xdd, 0xff, 0xdd, 0xff, 0xdd, 0xff, 0xdd, 0xff, 0xdd, 0xff, 0xdd, 0xff,
    0xdd, 0xff, 0xdd, 0xff, 0xdd, 0xff, 0xdd, 0xff, 0xdd, 0xff, 0xdd, 0xff, 0xdd, 0xff, 0xdd, 0xff,
    0xdd, 0xff, 0xdd, 0xff, 0xdd, 0xff, 0xdd, 0xff, 0xdd, 0xff, 0xdd, 0xff, 0xdd, 0xff, 0xdd, 0xff,
    0xdd, 0xff, 0xdd, 0xff, 0xbd, 0xff, 0xbd, 0xff, 0xbd, 0xff, 0xbd, 0xff, 0xbd, 0xff, 0xbd, 0xff,
    0xbd, 0xff, 0xbd, 0xff, 0xbd, 0xff, 0xbd, 0xff, 0xbd, 0xff, 0xbd, 0xff, 0xbd, 0xff, 0xbd, 0xff,
    0xbd, 0xff, 0xbd, 0xff, 0xbd, 0xff, 0xbd, 0xff, 0xbd, 0xff, 0xbd, 0xff, 0xbd, 0xff, 0xbd, 0xff,
    0x9d, 0xff, 0x9d, 0xff, 0x9d, 0xff, 0x9d, 0xff, 0xbd, 0xff, 0xbd, 0xff, 0x9d, 0xff, 0x9d, 0xff,
    0x9d, 0xff, 0x9d, 0xff, 0x9d, 0xff, 0x9d, 0xf7, 0x9d, 0xf7, 0x9d, 0xff, 0x9d, 0xff, 0x9d, 0xff,
    0x9d, 0xff, 0x9d, 0xff, 0x9d, 0xff, 0x9d, 0xff, 0x9d, 0xff, 0x9d, 0xff, 0x9d, 0xf7, 0x9d, 0xf7,
    0x9d, 0xf7, 0x9d, 0xff, 0x9c, 0xf7, 0x9c, 0xf7, 0x9c, 0xf7, 0x9c, 0xf7, 0x9d, 0xf7, 0x9d, 0xf7,
    0x9c, 0xf7, 0x9c, 0xf7, 0x9c, 0xf7, 0x9c, 0xf7, 0x7c, 0xf7, 0x7c, 0xf7, 0x7c, 0xf7, 0x7c, 0xf7,
    0x9c, 0xf7, 0x7c, 0xf7, 0x7c, 0xf7, 0x7c, 0xf7, 0x7c, 0xf7, 0x7c, 0xf7, 0x7c, 0xf7, 0x7c, 0xf7,
    0x7c, 0xf7, 0x7c, 0xf7, 0x7c, 0xf7, 0x7c, 0xf7, 0x7c, 0xf7, 0x7c, 0xf7, 0x7c, 0xef, 0x7c, 0xef,
    0x5c, 0xef, 0x5c, 0xf7, 0x5c, 0xf7, 0x5c, 0xf7, 0x5c, 0xef, 0x5c, 0xf7, 0x5c, 0xf7, 0x5c, 0xef,
    0x5c, 0xef, 0x5c, 0xef, 0x5c, 0xef, 0x5c, 0xef, 0x5c, 0xef, 0x5c, 0xef, 0x5c, 0xef, 0x5c, 0xef,
    0x5c, 0xef, 0x3c, 0xef, 0x5c, 0xef, 0x3c, 0xef, 0x3c, 0xef, 0x3c, 0xef, 0x3c, 0xef, 0x3c, 0xef,
    0x3c, 0xef, 0x3c, 0xef, 0x3c, 0xef, 0x3c, 0xef, 0x3c, 0xe7, 0x3c, 0xe7, 0x3c, 0xe7, 0x3c, 0xe7,
    0x3c, 0xe7, 0x3c, 0xe7, 0x3c, 0xe7, 0x1b, 0xe7, 0x1b, 0xe7, 0x1b, 0xe7, 0x1b, 0xe7, 0x1b, 0xe7,
    0x1b, 0xe7, 0x1b, 0xe7, 0x1b, 0xe7, 0x1b, 0xe7, 0x1b, 0xe7, 0x1b, 0xe7, 0x1b, 0xe7, 0x1b, 0xdf,
    0xfb, 0xde, 0xfb, 0xde, 0xfb, 0xe6, 0xfb, 0xde, 0xfb, 0xde, 0xfb, 0xde, 0xfb, 0xde, 0xfb, 0xde,
    0xfb, 0xde, 0xfb, 0xde, 0xfb, 0xde, 0xfb, 0xde, 0xfb, 0xde, 0xdb, 0xde, 0xdb, 0xde, 0xdb, 0xde,
    0xda, 0xde, 0xda, 0xde, 0xda, 0xde, 0xda, 0xde, 0xdb, 0xde, 0xda, 0xde, 0xda, 0xde, 0xda, 0xde,
    0xda, 0xde, 0xda, 0xde, 0xda, 0xde, 0xda, 0xde, 0xda, 0xde, 0xda, 0xde, 0xda, 0xde, 0xda, 0xde,
    0xba, 0xde, 0xba, 0xd6, 0xba, 0xd6, 0xba, 0xd6, 0xba, 0xd6, 0xba, 0xd6, 0xba, 0xd6, 0xba, 0xd6,
    0xba, 0xd6, 0xba, 0xd6, 0xba, 0xd6, 0xba, 0xd6, 0xba, 0xd6, 0xba, 0xd6, 0xba, 0xd6, 0xba, 0xd6,
    0xba, 0xd6, 0xba, 0xd6, 0xda, 0xd6, 0xda, 0xde, 0xda, 0xde, 0xdb, 0xde, 0xdb, 0xde, 0xdb, 0xde,
    0xda, 0xde, 0xda, 0xde, 0xdb, 0xde, 0xda, 0xde, 0xdb, 0xd6, 0xdb, 0xde, 0xdb, 0xde, 0xdb, 0xd6,
    0xff, 0xff, 0xff, 0xff, 0xff, 0xff, 0xff, 0xff, 0xff, 0xff, 0xff, 0xff, 0xff, 0xff, 0xfe, 0xff,
    0xfe, 0xff, 0xfe, 0xff, 0xfe, 0xff, 0xfe, 0xff, 0xfe, 0xff, 0xfe, 0xff, 0xfe, 0xff, 0xfe, 0xff,
    0xfe, 0xff, 0xfe, 0xff, 0xfe, 0xff, 0xfe, 0xff, 0xfe, 0xff, 0xfe, 0xff, 0xfe, 0xff, 0xfe, 0xff,
    0xfe, 0xff, 0xfe, 0xff, 0xfe, 0xff, 0xfe, 0xff, 0xfe, 0xff, 0xfe, 0xff, 0xfe, 0xff, 0xfe, 0xff,
    0xfe, 0xff, 0xfe, 0xff, 0xfe, 0xff, 0xfe, 0xff, 0xfe, 0xff, 0xfe, 0xff, 0xfe, 0xff, 0xfe, 0xff,
    0xfe, 0xff, 0xfe, 0xff, 0xfe, 0xff, 0xfe, 0xff, 0xfe, 0xff, 0xfe, 0xff, 0xfe, 0xff, 0xfe, 0xff,
    0xfe, 0xff, 0xfe, 0xff, 0xfe, 0xff, 0xfe, 0xff, 0xfe, 0xff, 0xfe, 0xff, 0xfe, 0xff, 0xfe, 0xff,
    0xfe, 0xff, 0xfe, 0xff, 0xfe, 0xff, 0xfe, 0xff, 0xfe, 0xff, 0xfe, 0xff, 0xfe, 0xff, 0xfe, 0xff,
    0xfe, 0xff, 0xfd, 0xff, 0xdd, 0xff, 0xde, 0xff, 0xfe, 0xff, 0xde, 0xff, 0xde, 0xff, 0xde, 0xff,
    0xdd, 0xff, 0xdd, 0xff, 0xdd, 0xff, 0xde, 0xff, 0xdd, 0xff, 0xde, 0xff, 0xde, 0xff, 0xde, 0xff,
    0xde, 0xff, 0xde, 0xff, 0xdd, 0xff, 0xdd, 0xff, 0xdd, 0xff, 0xde, 0xff, 0xdd, 0xff, 0xdd, 0xff,
    0xdd, 0xff, 0xdd, 0xff, 0xdd, 0xff, 0xdd, 0xff, 0xdd, 0xff, 0xdd, 0xff, 0xdd, 0xff, 0xdd, 0xff,
    0xdd, 0xff, 0xdd, 0xff, 0xdd, 0xff, 0xdd, 0xff, 0xdd, 0xff, 0xdd, 0xff, 0xde, 0xff, 0xdd, 0xff,
    0xdd, 0xff, 0xdd, 0xff, 0xdd, 0xff, 0xdd, 0xff, 0xdd, 0xff, 0xdd, 0xff, 0xdd, 0xff, 0xdd, 0xff,
    0xdd, 0xff, 0xdd, 0xff, 0xdd, 0xff, 0xdd, 0xff, 0xdd, 0xff, 0xdd, 0xff, 0xbd, 0xff, 0xdd, 0xff,
    0xdd, 0xff, 0xdd, 0xff, 0xdd, 0xff, 0xdd, 0xff, 0xdd, 0xff, 0xdd, 0xff, 0xdd, 0xff, 0xdd, 0xff,
    0xdd, 0xff, 0xbd, 0xff, 0xdd, 0xff, 0xbd, 0xff, 0xbd, 0xff, 0xbd, 0xff, 0xbd, 0xff, 0xbd, 0xff,
    0xbd, 0xff, 0xbd, 0xff, 0xbd, 0xff, 0xbd, 0xff, 0xbd, 0xff, 0xbd, 0xff, 0xbd, 0xff, 0xbd, 0xff,
    0xbd, 0xff, 0xbd, 0xff, 0xbd, 0xff, 0xbd, 0xff, 0xbd, 0xff, 0xbd, 0xff, 0xbd, 0xff, 0xbd, 0xff,
    0x9d, 0xff, 0x9d, 0xff, 0xbd, 0xff, 0xbd, 0xff, 0xbd, 0xff, 0xbd, 0xff, 0x9d, 0xff, 0x9d, 0xff,
    0x9d, 0xff, 0x9d, 0xff, 0x9d, 0xff, 0x9d, 0xff, 0x9d, 0xf7, 0x9c, 0xf7, 0x9c, 0xf7, 0x9d, 0xf7,
    0x9d, 0xf7, 0x9d, 0xff, 0x9d, 0xff, 0x9d, 0xff, 0x9d, 0xff, 0x9d, 0xff, 0x9d, 0xf7, 0x9c, 0xf7,
    0x9d, 0xf7, 0x9c, 0xf7, 0x9c, 0xf7, 0x9c, 0xf7, 0x9c, 0xf7, 0x9c, 0xf7, 0x9c, 0xf7, 0x9c, 0xf7,
    0x9d, 0xf7, 0x9c, 0xf7, 0x9c, 0xf7, 0x9c, 0xf7, 0x9c, 0xf7, 0x7c, 0xf7, 0x9c, 0xf7, 0x9c, 0xf7,
    0x7c, 0xf7, 0x7c, 0xf7, 0x7c, 0xf7, 0x7c, 0xf7, 0x7c, 0xf7, 0x7c, 0xf7, 0x7c, 0xf7, 0x7c, 0xf7,
    0x7c, 0xf7, 0x7c, 0xf7, 0x7c, 0xf7, 0x7c, 0xf7, 0x7c, 0xf7, 0x7c, 0xf7, 0x7c, 0xf7, 0x7c, 0xf7,
    0x5c, 0xef, 0x5c, 0xf7, 0x5c, 0xf7, 0x5c, 0xf7, 0x5c, 0xef, 0x5c, 0xef, 0x5c, 0xef, 0x5c, 0xef,
    0x5c, 0xef, 0x5c, 0xef, 0x5c, 0xef, 0x5c, 0xef, 0x5c, 0xef, 0x5c, 0xef, 0x5c, 0xef, 0x5c, 0xef,
    0x5c, 0xef, 0x5c, 0xef, 0x3c, 0xef, 0x5c, 0xef, 0x3c, 0xef, 0x3c, 0xef, 0x3c, 0xef, 0x3c, 0xef,
    0x3c, 0xef, 0x3c, 0xef, 0x3c, 0xef, 0x3c, 0xef, 0x3c, 0xe7, 0x3c, 0xe7, 0x3c, 0xe7, 0x3b, 0xe7,
    0x3c, 0xe7, 0x3c, 0xe7, 0x1b, 0xe7, 0x1b, 0xe7, 0x1b, 0xe7, 0x1b, 0xe7, 0x1b, 0xe7, 0x1b, 0xe7,
    0x1b, 0xe7, 0x1b, 0xe7, 0x1b, 0xe7, 0x1b, 0xe7, 0x1b, 0xe7, 0x1b, 0xe7, 0x1b, 0xe7, 0x1b, 0xe7,
    0x1b, 0xe7, 0xfb, 0xe6, 0x1b, 0xdf, 0xfb, 0xde, 0xfb, 0xde, 0xfb, 0xde, 0xfb, 0xde, 0xfb, 0xde,
    0xfb, 0xde, 0xfb, 0xde, 0xfb, 0xde, 0xfb, 0xde, 0xfb, 0xde, 0xdb, 0xde, 0xdb, 0xde, 0xdb, 0xde,
    0xda, 0xde, 0xda, 0xde, 0xda, 0xde, 0xda, 0xde, 0xda, 0xde, 0xda, 0xde, 0xda, 0xde, 0xda, 0xde,
    0xda, 0xde, 0xda, 0xde, 0xda, 0xde, 0xda, 0xde, 0xda, 0xde, 0xda, 0xde, 0xda, 0xde, 0xda, 0xde,
    0xda, 0xde, 0xda, 0xd6, 0xba, 0xd6, 0xba, 0xd6, 0xba, 0xd6, 0xba, 0xd6, 0xba, 0xd6, 0xba, 0xd6,
    0xba, 0xd6, 0xba, 0xd6, 0xba, 0xd6, 0xba, 0xd6, 0xba, 0xd6, 0xba, 0xd6, 0xba, 0xd6, 0xba, 0xd6,
    0xba, 0xd6, 0xba, 0xd6, 0xda, 0xd6, 0xda, 0xde, 0xda, 0xde, 0xda, 0xde, 0xdb, 0xde, 0xdb, 0xde,
    0xda, 0xde, 0xda, 0xde, 0xdb, 0xd6, 0xdb, 0xd6, 0xdb, 0xd6, 0xdb, 0xd6, 0xdb, 0xd6, 0xdb, 0xd6,
    0xff, 0xff, 0xff, 0xff, 0xff, 0xff, 0xff, 0xff, 0xff, 0xff, 0xff, 0xff, 0xff, 0xff, 0xfe, 0xff,
    0xfe, 0xff, 0xfe, 0xff, 0xfe, 0xff, 0xfe, 0xff, 0xfe, 0xff, 0xfe, 0xff, 0xfe, 0xff, 0xfe, 0xff,
    0xfe, 0xff, 0xfe, 0xff, 0xfe, 0xff, 0xfe, 0xff, 0xfe, 0xff, 0xfe, 0xff, 0xfe, 0xff, 0xfe, 0xff,
    0xfe, 0xff, 0xfe, 0xff, 0xfe, 0xff, 0xfe, 0xff, 0xfe, 0xff, 0xfe, 0xff, 0xfe, 0xff, 0xfe, 0xff,
    0xfe, 0xff, 0xfe, 0xff, 0xfe, 0xff, 0xfe, 0xff, 0xfe, 0xff, 0xfe, 0xff, 0xfe, 0xff, 0xfe, 0xff,
    0xfe, 0xff, 0xfe, 0xff, 0xfe, 0xff, 0xfe, 0xff, 0xfe, 0xff, 0xfe, 0xff, 0xfe, 0xff, 0xfe, 0xff,
    0xfe, 0xff, 0xfe, 0xff, 0xfe, 0xff, 0xfe, 0xff, 0xfe, 0xff, 0xfe, 0xff, 0xfe, 0xff, 0xfe, 0xff,
    0xfe, 0xff, 0xfe, 0xff, 0xfe, 0xff, 0xfe, 0xff, 0xfe, 0xff, 0xfe, 0xff, 0xfe, 0xff, 0xfe, 0xff,
    0xfe, 0xff, 0xfe, 0xff, 0xfd, 0xff, 0xdd, 0xff, 0xfe, 0xff, 0xfe, 0xff, 0xfe, 0xff, 0xfe, 0xff,
    0xde, 0xff, 0xde, 0xff, 0xdd, 0xff, 0xde, 0xff, 0xde, 0xff, 0xde, 0xff, 0xde, 0xff, 0xde, 0xff,
    0xde, 0xff, 0xde, 0xff, 0xde, 0xff, 0xdd, 0xff, 0xdd, 0xff, 0xdd, 0xff, 0xde, 0xff, 0xdd, 0xff,
    0xdd, 0xff, 0xde, 0xff, 0xdd, 0xff, 0xdd, 0xff, 0xdd, 0xff, 0xdd, 0xff, 0xdd, 0xff, 0xdd, 0xff,
    0xdd, 0xff, 0xdd, 0xff, 0xdd, 0xff, 0xdd, 0xff, 0xdd, 0xff, 0xdd, 0xff, 0xdd, 0xff, 0xdd, 0xff,
    0xdd, 0xff, 0xdd, 0xff, 0xdd, 0xff, 0xdd, 0xff, 0xdd, 0xff, 0xdd, 0xff, 0xdd, 0xff, 0xdd, 0xff,
    0xdd, 0xff, 0xdd, 0xff, 0xdd, 0xff, 0xdd, 0xff, 0xdd, 0xff, 0xdd, 0xff, 0xdd, 0xff, 0xdd, 0xff,
    0xdd, 0xff, 0xdd, 0xff, 0xdd, 0xff, 0xdd, 0xff, 0xdd, 0xff, 0xdd, 0xff, 0xdd, 0xff, 0xdd, 0xff,
    0xdd, 0xff, 0xdd, 0xff, 0xdd, 0xff, 0xbd, 0xff, 0xbd, 0xff, 0xdd, 0xff, 0xbd, 0xff, 0xbd, 0xff,
    0xbd, 0xff, 0xbd, 0xff, 0xbd, 0xff, 0xbd, 0xff, 0xbd, 0xff, 0xbd, 0xff, 0xbd, 0xff, 0xbd, 0xff,
    0xbd, 0xff, 0xbd, 0xff, 0xbd, 0xff, 0xbd, 0xff, 0xbd, 0xff, 0xbd, 0xff, 0xbd, 0xff, 0xbd, 0xff,
    0x9d, 0xff, 0xbd, 0xff, 0x9d, 0xff, 0xbd, 0xff, 0x9d, 0xff, 0x9d, 0xff, 0x9d, 0xff, 0x9d, 0xff,
    0x9d, 0xff, 0x9d, 0xff, 0x9d, 0xff, 0x9d, 0xf7, 0x9d, 0xf7, 0x9d, 0xf7, 0x9c, 0xf7, 0x9d, 0xf7,
    0x9d, 0xff, 0x9d, 0xff, 0x9d, 0xff, 0x9d, 0xff, 0x9d, 0xff, 0x9d, 0xff, 0x9d, 0xff, 0x9d, 0xff,
    0x9d, 0xf7, 0x9c, 0xf7, 0x9c, 0xf7, 0x9c, 0xf7, 0x9c, 0xf7, 0x9c, 0xf7, 0x9c, 0xf7, 0x9d, 0xf7,
    0x9d, 0xf7, 0x9c, 0xf7, 0x9c, 0xf7, 0x9c, 0xf7, 0x9c, 0xf7, 0x7c, 0xf7, 0x7c, 0xf7, 0x9c, 0xf7,
    0x7c, 0xf7, 0x7c, 0xf7, 0x7c, 0xf7, 0x7c, 0xf7, 0x7c, 0xf7, 0x7c, 0xf7, 0x7c, 0xf7, 0x7c, 0xf7,
    0x7c, 0xf7, 0x7c, 0xf7, 0x7c, 0xf7, 0x7c, 0xf7, 0x7c, 0xf7, 0x7c, 0xf7, 0x7c, 0xf7, 0x7c, 0xf7,
    0x7c, 0xf7, 0x5c, 0xef, 0x5c, 0xf7, 0x5c, 0xf7, 0x5c, 0xef, 0x5c, 0xef, 0x5c, 0xef, 0x5c, 0xef,
    0x5c, 0xef, 0x5c, 0xef, 0x5c, 0xef, 0x5c, 0xef, 0x5c, 0xef, 0x5c, 0xef, 0x5c, 0xef, 0x5c, 0xef,
    0x5c, 0xef, 0x5c, 0xef, 0x5c, 0xef, 0x5c, 0xef, 0x3c, 0xef, 0x3c, 0xef, 0x3c, 0xef, 0x3c, 0xef,
    0x3c, 0xef, 0x3c, 0xef, 0x3c, 0xef, 0x3c, 0xe7, 0x3c, 0xe7, 0x3c, 0xe7, 0x3c, 0xe7, 0x3c, 0xe7,
    0x3b, 0xe7, 0x1b, 0xe7, 0x1b, 0xe7, 0x1b, 0xe7, 0x1b, 0xe7, 0x1b, 0xe7, 0x1b, 0xe7, 0x1b, 0xe7,
    0x1b, 0xe7, 0x1b, 0xe7, 0x1b, 0xe7, 0x1b, 0xe7, 0x1b, 0xe7, 0x1b, 0xe7, 0x1b, 0xe7, 0x1b, 0xe7,
    0x1b, 0xe7, 0xfb, 0xde, 0xfb, 0xde, 0xfb, 0xde, 0xfb, 0xe6, 0xfb, 0xde, 0xfb, 0xde, 0xfb, 0xde,
    0xfb, 0xde, 0xfb, 0xde, 0xfb, 0xde, 0xfb, 0xde, 0xfb, 0xde, 0xfb, 0xde, 0xdb, 0xde, 0xdb, 0xde,
    0xda, 0xde, 0xda, 0xde, 0xda, 0xde, 0xda, 0xde, 0xda, 0xde, 0xda, 0xde, 0xda, 0xde, 0xda, 0xde,
    0xda, 0xde, 0xda, 0xde, 0xda, 0xde, 0xda, 0xde, 0xda, 0xde, 0xda, 0xde, 0xda, 0xde, 0xda, 0xde,
    0xda, 0xde, 0xda, 0xde, 0xda, 0xd6, 0xba, 0xd6, 0xda, 0xde, 0xba, 0xd6, 0xba, 0xd6, 0xba, 0xd6,
    0xba, 0xd6, 0xba, 0xd6, 0xba, 0xd6, 0xba, 0xd6, 0xba, 0xd6, 0xba, 0xd6, 0xba, 0xd6, 0xba, 0xd6,
    0xba, 0xd6, 0xba, 0xd6, 0xba, 0xd6, 0xda, 0xd6, 0xda, 0xde, 0xda, 0xde, 0xdb, 0xde, 0xdb, 0xde,
    0xdb, 0xde, 0xdb, 0xd6, 0xdb, 0xd6, 0xdb, 0xd6, 0xdb, 0xd6, 0xdb, 0xd6, 0xdb, 0xd6, 0xdb, 0xd6,
    0xff, 0xff, 0xff, 0xff, 0xff, 0xff, 0xff, 0xff, 0xff, 0xff, 0xff, 0xff, 0xff, 0xff, 0xfe, 0xff,
    0xfe, 0xff, 0xfe, 0xff, 0xfe, 0xff, 0xfe, 0xff, 0xfe, 0xff, 0xfe, 0xff, 0xfe, 0xff, 0xfe, 0xff,
    0xfe, 0xff, 0xfe, 0xff, 0xfe, 0xff, 0xfe, 0xff, 0xfe, 0xff, 0xfe, 0xff, 0xfe, 0xff, 0xfe, 0xff,
    0xfe, 0xff, 0xfe, 0xff, 0xfe, 0xff, 0xfe, 0xff, 0xfe, 0xff, 0xfe, 0xff, 0xfe, 0xff, 0xfe, 0xff,
    0xfe, 0xff, 0xfe, 0xff, 0xfe, 0xff, 0xfe, 0xff, 0xfe, 0xff, 0xfe, 0xff, 0xfe, 0xff, 0xfe, 0xff,
    0xfe, 0xff, 0xfe, 0xff, 0xfe, 0xff, 0xfe, 0xff, 0xfe, 0xff, 0xfe, 0xff, 0xfe, 0xff, 0xfe, 0xff,
    0xfe, 0xff, 0xfe, 0xff, 0xfe, 0xff, 0xfe, 0xff, 0xfe, 0xff, 0xfe, 0xff, 0xfe, 0xff, 0xfe, 0xff,
    0xfe, 0xff, 0xfe, 0xff, 0xfe, 0xff, 0xfe, 0xff, 0xfe, 0xff, 0xfe, 0xff, 0xfe, 0xff, 0xfe, 0xff,
    0xfe, 0xff, 0xde, 0xff, 0xfe, 0xff, 0xfe, 0xff, 0xfe, 0xff, 0xfe, 0xff, 0xfe, 0xff, 0xde, 0xff,
    0xde, 0xff, 0xfe, 0xff, 0xde, 0xff, 0xde, 0xff, 0xde, 0xff, 0xde, 0xff, 0xde, 0xff, 0xde, 0xff,
    0xfe, 0xff, 0xdd, 0xff, 0xde, 0xff, 0xde, 0xff, 0xfd, 0xff, 0xde, 0xff, 0xdd, 0xff, 0xdd, 0xff,
    0xdd, 0xff, 0xdd, 0xff, 0xdd, 0xff, 0xdd, 0xff, 0xdd, 0xff, 0xdd, 0xff, 0xdd, 0xff, 0xdd, 0xff,
    0xdd, 0xff, 0xdd, 0xff, 0xdd, 0xff, 0xdd, 0xff, 0xdd, 0xff, 0xdd, 0xff, 0xdd, 0xff, 0xdd, 0xff,
    0xdd, 0xff, 0xdd, 0xff, 0xdd, 0xff, 0xdd, 0xff, 0xdd, 0xff, 0xdd, 0xff, 0xdd, 0xff, 0xdd, 0xff,
    0xdd, 0xff, 0xdd, 0xff, 0xdd, 0xff, 0xdd, 0xff, 0xdd, 0xff, 0xdd, 0xff, 0xbd, 0xff, 0xdd, 0xff,
    0xdd, 0xff, 0xdd, 0xff, 0xdd, 0xff, 0xdd, 0xff, 0xdd, 0xff, 0xdd, 0xff, 0xdd, 0xff, 0xdd, 0xff,
    0xdd, 0xff, 0xdd, 0xff, 0xdd, 0xff, 0xbd, 0xff, 0xbd, 0xff, 0xbd, 0xff, 0xbd, 0xff, 0xbd, 0xff,
    0xbd, 0xff, 0xbd, 0xff, 0xbd, 0xff, 0xbd, 0xff, 0xbd, 0xff, 0xbd, 0xff, 0xbd, 0xff, 0xbd, 0xff,
    0xbd, 0xff, 0xbd, 0xff, 0xbd, 0xff, 0xbd, 0xff, 0xbd, 0xff, 0xbd, 0xff, 0x9d, 0xff, 0xbd, 0xff,
    0xbd, 0xff, 0x9d, 0xff, 0x9d, 0xff, 0xbd, 0xff, 0xbd, 0xff, 0x9d, 0xff, 0x9d, 0xff, 0x9d, 0xff,
    0x9d, 0xff, 0x9d, 0xf7, 0x9d, 0xff, 0x9d, 0xf7, 0x9d, 0xf7, 0x9d, 0xf7, 0x9d, 0xff, 0x9d, 0xff,
    0x9d, 0xf7, 0x9d, 0xf7, 0x9d, 0xff, 0x9d, 0xff, 0x9d, 0xff, 0x9d, 0xff, 0x9d, 0xff, 0x9d, 0xff,
    0x9c, 0xf7, 0x9c, 0xf7, 0x9c, 0xf7, 0x9c, 0xf7, 0x9c, 0xf7, 0x9c, 0xf7, 0x9c, 0xf7, 0x9c, 0xf7,
    0x9c, 0xf7, 0x9c, 0xf7, 0x9c, 0xf7, 0x9c, 0xf7, 0x9c, 0xf7, 0x7c, 0xf7, 0x7c, 0xf7, 0x7c, 0xf7,
    0x7c, 0xf7, 0x9c, 0xf7, 0x7c, 0xf7, 0x7c, 0xf7, 0x7c, 0xf7, 0x7c, 0xf7, 0x7c, 0xf7, 0x7c, 0xf7,
    0x7c, 0xf7, 0x7c, 0xf7, 0x7c, 0xf7, 0x7c, 0xf7, 0x7c, 0xef, 0x7c, 0xef, 0x7c, 0xf7, 0x7c, 0xf7,
    0x7c, 0xef, 0x5c, 0xef, 0x5c, 0xf7, 0x5c, 0xef, 0x5c, 0xf7, 0x5c, 0xef, 0x5c, 0xef, 0x5c, 0xef,
    0x5c, 0xef, 0x5c, 0xef, 0x5c, 0xef, 0x5c, 0xef, 0x5c, 0xef, 0x5c, 0xef, 0x5c, 0xef, 0x5c, 0xef,
    0x5c, 0xef, 0x5c, 0xef, 0x5c, 0xef, 0x5c, 0xef, 0x3c, 0xef, 0x3c, 0xef, 0x3c, 0xef, 0x3c, 0xef,
    0x3c, 0xef, 0x3c, 0xe7, 0x3c, 0xe7, 0x3c, 0xe7, 0x3c, 0xe7, 0x3c, 0xe7, 0x3c, 0xe7, 0x3b, 0xe7,
    0x3b, 0xe7, 0x1b, 0xe7, 0x1b, 0xe7, 0x1b, 0xe7, 0x1b, 0xe7, 0x1b, 0xe7, 0x1b, 0xe7, 0x1b, 0xe7,
    0x1b, 0xe7, 0x1b, 0xe7, 0x1b, 0xe7, 0x1b, 0xe7, 0x1b, 0xe7, 0x1b, 0xe7, 0x1b, 0xe7, 0x1b, 0xe7,
    0x1b, 0xe7, 0x1b, 0xe7, 0xfb, 0xde, 0xfb, 0xe6, 0xfb, 0xde, 0xfb, 0xde, 0xfb, 0xde, 0xfb, 0xde,
    0xfb, 0xde, 0xfb, 0xde, 0xfb, 0xde, 0xfb, 0xde, 0xfb, 0xde, 0xfb, 0xde, 0xdb, 0xde, 0xda, 0xde,
    0xda, 0xde, 0xda, 0xde, 0xda, 0xde, 0xda, 0xde, 0xda, 0xde, 0xda, 0xde, 0xda, 0xde, 0xda, 0xde,
    0xda, 0xde, 0xda, 0xde, 0xda, 0xde, 0xda, 0xde, 0xda, 0xde, 0xda, 0xde, 0xda, 0xde, 0xda, 0xde,
    0xda, 0xde, 0xda, 0xde, 0xda, 0xde, 0xda, 0xde, 0xda, 0xde, 0xba, 0xd6, 0xda, 0xde, 0xba, 0xd6,
    0xba, 0xd6, 0xba, 0xd6, 0xba, 0xd6, 0xba, 0xd6, 0xba, 0xd6, 0xba, 0xd6, 0xba, 0xd6, 0xba, 0xd6,
    0xba, 0xd6, 0xba, 0xd6, 0xba, 0xd6, 0xba, 0xd6, 0xda, 0xd6, 0xda, 0xde, 0xda, 0xde, 0xda, 0xd6,
    0xda, 0xd6, 0xdb, 0xd6, 0xdb, 0xd6, 0xdb, 0xde, 0xdb, 0xd6, 0xdb, 0xd6, 0xdb, 0xd6, 0xdb, 0xd6,
    0xff, 0xff, 0xff, 0xff, 0xff, 0xff, 0xff, 0xff, 0xff, 0xff, 0xff, 0xff, 0xff, 0xff, 0xff, 0xff,
    0xff, 0xff, 0xff, 0xff, 0xfe, 0xff, 0xfe, 0xff, 0xfe, 0xff, 0xfe, 0xff, 0xfe, 0xff, 0xfe, 0xff,
    0xfe, 0xff, 0xfe, 0xff, 0xfe, 0xff, 0xfe, 0xff, 0xfe, 0xff, 0xfe, 0xff, 0xfe, 0xff, 0xfe, 0xff,
    0xfe, 0xff, 0xfe, 0xff, 0xfe, 0xff, 0xfe, 0xff, 0xfe, 0xff, 0xfe, 0xff, 0xfe, 0xff, 0xfe, 0xff,
    0xfe, 0xff, 0xfe, 0xff, 0xfe, 0xff, 0xfe, 0xff, 0xfe, 0xff, 0xfe, 0xff, 0xfe, 0xff, 0xfe, 0xff,
    0xfe, 0xff, 0xfe, 0xff, 0xfe, 0xff, 0xfe, 0xff, 0xfe, 0xff, 0xfe, 0xff, 0xfe, 0xff, 0xfe, 0xff,
    0xfe, 0xff, 0xfe, 0xff, 0xfe, 0xff, 0xfe, 0xff, 0xfe, 0xff, 0xfe, 0xff, 0xfe, 0xff, 0xfe, 0xff,
    0xfe, 0xff, 0xfe, 0xff, 0xfe, 0xff, 0xfe, 0xff, 0xfe, 0xff, 0xfe, 0xff, 0xfe, 0xff, 0xfe, 0xff,
    0xfe, 0xff, 0xfe, 0xff, 0xfe, 0xff, 0xfe, 0xff, 0xfe, 0xff, 0xfe, 0xff, 0xfe, 0xff, 0xfe, 0xff,
    0xfe, 0xff, 0xfe, 0xff, 0xfe, 0xff, 0xde, 0xff, 0xfe, 0xff, 0xfe, 0xff, 0xdd, 0xff, 0xde, 0xff,
    0xdd, 0xff, 0xdd, 0xff, 0xdd, 0xff, 0xdd, 0xff, 0xfd, 0xff, 0xdd, 0xff, 0xdd, 0xff, 0xfd, 0xff,
    0xdd, 0xff, 0xdd, 0xff, 0xdd, 0xff, 0xdd, 0xff, 0xdd, 0xff, 0xdd, 0xff, 0xdd, 0xff, 0xdd, 0xff,
    0xdd, 0xff, 0xdd, 0xff, 0xdd, 0xff, 0xdd, 0xff, 0xdd, 0xff, 0xdd, 0xff, 0xdd, 0xff, 0xdc, 0xff,
    0xdd, 0xff, 0xdd, 0xff, 0xdd, 0xff, 0xdd, 0xff, 0xdd, 0xff, 0xdd, 0xff, 0xdd, 0xff, 0xdd, 0xff,
    0xdd, 0xff, 0xdd, 0xff, 0xdd, 0xff, 0xdd, 0xff, 0xdd, 0xff, 0xdd, 0xff, 0xdd, 0xff, 0xdd, 0xff,
    0xbd, 0xff, 0xdd, 0xff, 0xdd, 0xff, 0xdd, 0xff, 0xdd, 0xff, 0xdd, 0xff, 0xdd, 0xff, 0xdd, 0xff,
    0xdd, 0xff, 0xdd, 0xff, 0xdd, 0xff, 0xbd, 0xff, 0xbd, 0xff, 0xbd, 0xff, 0xbd, 0xff, 0xbd, 0xff,
    0xbd, 0xff, 0xbd, 0xff, 0xbd, 0xff, 0xbd, 0xff, 0xbd, 0xff, 0xbd, 0xff, 0xbd, 0xff, 0xbd, 0xff,
    0xbd, 0xff, 0xbd, 0xff, 0xbd, 0xff, 0xbd, 0xff, 0xbd, 0xff, 0xbd, 0xff, 0xbd, 0xff, 0xbd, 0xff,
    0x9d, 0xff, 0x9d, 0xff, 0xbd, 0xff, 0x9d, 0xff, 0x9d, 0xff, 0x9d, 0xff, 0x9d, 0xff, 0x9d, 0xff,
    0x9d, 0xff, 0x9d, 0xf7, 0x9d, 0xf7, 0x9c, 0xf7, 0x9c, 0xf7, 0x9d, 0xff, 0x9d, 0xf7, 0x9d, 0xf7,
    0x9d, 0xf7, 0x9d, 0xf7, 0x9d, 0xf7, 0x9d, 0xff, 0x9d, 0xf7, 0x9d, 0xf7, 0x9d, 0xf7, 0x9d, 0xf7,
    0x9d, 0xf7, 0x9d, 0xff, 0x9d, 0xf7, 0x9d, 0xf7, 0x9d, 0xf7, 0x9c, 0xf7, 0x9c, 0xf7, 0x9c, 0xf7,
    0x9c, 0xf7, 0x9c, 0xf7, 0x9c, 0xf7, 0x9c, 0xf7, 0x7c, 0xf7, 0x9c, 0xf7, 0x7c, 0xf7, 0x7c, 0xf7,
    0x7c, 0xf7, 0x7c, 0xf7, 0x7c, 0xf7, 0x7c, 0xf7, 0x7c, 0xf7, 0x7c, 0xf7, 0x7c, 0xf7, 0x7c, 0xf7,
    0x7c, 0xf7, 0x7c, 0xf7, 0x7c, 0xf7, 0x7c, 0xf7, 0x7c, 0xf7, 0x7c, 0xf7, 0x7c, 0xf7, 0x7c, 0xf7,
    0x7c, 0xef, 0x5c, 0xf7, 0x5c, 0xef, 0x5c, 0xef, 0x5c, 0xef, 0x5c, 0xef, 0x5c, 0xef, 0x5c, 0xef,
    0x5c, 0xef, 0x5c, 0xef, 0x5c, 0xef, 0x5c, 0xef, 0x5c, 0xef, 0x5c, 0xef, 0x5c, 0xef, 0x5c, 0xef,
    0x5c, 0xef, 0x5c, 0xef, 0x5c, 0xef, 0x5c, 0xef, 0x5c, 0xef, 0x3c, 0xef, 0x3c, 0xef, 0x3c, 0xef,
    0x3c, 0xef, 0x3c, 0xe7, 0x3c, 0xe7, 0x3c, 0xe7, 0x3c, 0xe7, 0x3c, 0xe7, 0x3c, 0xe7, 0x3b, 0xe7,
    0x3b, 0xe7, 0x1b, 0xe7, 0x1b, 0xe7, 0x1b, 0xe7, 0x1b, 0xe7, 0x1b, 0xe7, 0x1b, 0xe7, 0x1b, 0xe7,
    0x1b, 0xe7, 0x1b, 0xe7, 0x1b, 0xe7, 0x1b, 0xe7, 0x1b, 0xe7, 0x1b, 0xe7, 0x1b, 0xe7, 0x1b, 0xe7,
    0x1b, 0xe7, 0x1b, 0xdf, 0xfb, 0xde, 0xfb, 0xde, 0xfb, 0xe6, 0xfb, 0xde, 0xfb, 0xde, 0xfb, 0xde,
    0xfb, 0xde, 0xfb, 0xde, 0xfb, 0xde, 0xfb, 0xde, 0xfb, 0xde, 0xfb, 0xde, 0xdb, 0xde, 0xdb, 0xde,
    0xda, 0xde, 0xda, 0xde, 0xda, 0xde, 0xda, 0xde, 0xda, 0xde, 0xdb, 0xde, 0xda, 0xde, 0xda, 0xde,
    0xda, 0xde, 0xda, 0xde, 0xda, 0xde, 0xda, 0xde, 0xda, 0xde, 0xda, 0xde, 0xda, 0xde, 0xda, 0xde,
    0xda, 0xde, 0xda, 0xde, 0xda, 0xde, 0xda, 0xde, 0xda, 0xde, 0xda, 0xde, 0xda, 0xd6, 0xba, 0xd6,
    0xba, 0xd6, 0xba, 0xd6, 0xba, 0xd6, 0xba, 0xd6, 0xba, 0xd6, 0xba, 0xd6, 0xba, 0xd6, 0xba, 0xd6,
    0xba, 0xd6, 0xba, 0xd6, 0xba, 0xd6, 0xba, 0xd6, 0xba, 0xd6, 0xba, 0xd6, 0xba, 0xd6, 0xba, 0xd6,
    0xba, 0xd6, 0xda, 0xde, 0xda, 0xde, 0xda, 0xde, 0xda, 0xd6, 0xda, 0xd6, 0xda, 0xd6, 0xdb, 0xd6,
    0xff, 0xff, 0xff, 0xff, 0xff, 0xff, 0xff, 0xff, 0xff, 0xff, 0xff, 0xff, 0xff, 0xff, 0xfe, 0xff,
    0xfe, 0xff, 0xfe, 0xff, 0xfe, 0xff, 0xfe, 0xff, 0xfe, 0xff, 0xfe, 0xff, 0xfe, 0xff, 0xfe, 0xff,
    0xfe, 0xff, 0xfe, 0xff, 0xfe, 0xff, 0xfe, 0xff, 0xfe, 0xff, 0xfe, 0xff, 0xfe, 0xff, 0xfe, 0xff,
    0xfe, 0xff, 0xfe, 0xff, 0xfe, 0xff, 0xfe, 0xff, 0xfe, 0xff, 0xfe, 0xff, 0xfe, 0xff, 0xfe, 0xff,
    0xfe, 0xff, 0xfe, 0xff, 0xfe, 0xff, 0xfe, 0xff, 0xfe, 0xff, 0xfe, 0xff, 0xfe, 0xff, 0xfe, 0xff,
    0xfe, 0xff, 0xfe, 0xff, 0xfe, 0xff, 0xfe, 0xff, 0xfe, 0xff, 0xfe, 0xff, 0xfe, 0xff, 0xfe, 0xff,
    0xfe, 0xff, 0xfe, 0xff, 0xfe, 0xff, 0xfe, 0xff, 0xfe, 0xff, 0xfe, 0xff, 0xfe, 0xff, 0xfe, 0xff,
    0xfe, 0xff, 0xfe, 0xff, 0xfe, 0xff, 0xfe, 0xff, 0xfe, 0xff, 0xfe, 0xff, 0xfe, 0xff, 0xfe, 0xff,
    0xfe, 0xff, 0xfe, 0xff, 0xfe, 0xff, 0xfe, 0xff, 0xfe, 0xff, 0xfe, 0xff, 0xfe, 0xff, 0xde, 0xff,
    0xde, 0xff, 0xde, 0xff, 0xde, 0xff, 0xdd, 0xff, 0xdd, 0xff, 0xfd, 0xff, 0xfe, 0xff, 0xde, 0xff,
    0xdd, 0xff, 0xde, 0xff, 0xdd, 0xff, 0xdd, 0xff, 0xdd, 0xff, 0xdd, 0xff, 0xdd, 0xff, 0xdd, 0xff,
    0xdd, 0xff, 0xdd, 0xff, 0xdc, 0xff, 0xfd, 0xff, 0xdd, 0xff, 0xdd, 0xff, 0xdd, 0xff, 0xdd, 0xff,
    0xdd, 0xff, 0xdd, 0xff, 0xdd, 0xff, 0xdd, 0xff, 0xdd, 0xff, 0xdd, 0xff, 0xdd, 0xff, 0xdd, 0xff,
    0xdd, 0xff, 0xdd, 0xff, 0xdd, 0xff, 0xdd, 0xff, 0xdd, 0xff, 0xdd, 0xff, 0xdd, 0xff, 0xdd, 0xff,
    0xdd, 0xff, 0xdd, 0xff, 0xdd, 0xff, 0xdd, 0xff, 0xdd, 0xff, 0xdd, 0xff, 0xdd, 0xff, 0xdd, 0xff,
    0xdd, 0xff, 0xdd, 0xff, 0xdd, 0xff, 0xdd, 0xff, 0xdd, 0xff, 0xdd, 0xff, 0xdd, 0xff, 0xbd, 0xff,
    0xdd, 0xff, 0xdd, 0xff, 0xbd, 0xff, 0xbd, 0xff, 0xbd, 0xff, 0xbd, 0xff, 0xbd, 0xff, 0xbd, 0xff,
    0xbd, 0xff, 0xbd, 0xff, 0xbd, 0xff, 0xbd, 0xff, 0xbd, 0xff, 0xbd, 0xff, 0xbd, 0xff, 0xbd, 0xff,
    0xbd, 0xff, 0xbd, 0xff, 0xbd, 0xff, 0xbd, 0xff, 0xbd, 0xff, 0xbd, 0xff, 0xbd, 0xff, 0xbd, 0xff,
    0xbd, 0xff, 0x9d, 0xff, 0x9d, 0xff, 0x9d, 0xff, 0x9d, 0xff, 0x9d, 0xff, 0x9d, 0xff, 0x9d, 0xff,
    0x9d, 0xff, 0x9d, 0xff, 0x9d, 0xff, 0x9d, 0xff, 0x9d, 0xf7, 0x9d, 0xf7, 0x9d, 0xf7, 0x9d, 0xf7,
    0x9d, 0xff, 0x9d, 0xf7, 0x9d, 0xf7, 0x9d, 0xff, 0x9d, 0xf7, 0x9d, 0xf7, 0x9d, 0xf7, 0x9d, 0xf7,
    0x9d, 0xf7, 0x9d, 0xff, 0x9d, 0xf7, 0x9d, 0xf7, 0x9d, 0xf7, 0x9c, 0xf7, 0x9c, 0xf7, 0x9c, 0xf7,
    0x9d, 0xf7, 0x9c, 0xf7, 0x9c, 0xf7, 0x7c, 0xf7, 0x9c, 0xf7, 0x7c, 0xf7, 0x7c, 0xf7, 0x7c, 0xf7,
    0x7c, 0xf7, 0x7c, 0xf7, 0x7c, 0xf7, 0x7c, 0xf7, 0x7c, 0xf7, 0x7c, 0xf7, 0x7c, 0xf7, 0x7c, 0xf7,
    0x7c, 0xf7, 0x7c, 0xf7, 0x7c, 0xef, 0x7c, 0xf7, 0x7c, 0xf7, 0x7c, 0xf7, 0x7c, 0xef, 0x7c, 0xef,
    0x7c, 0xef, 0x5c, 0xf7, 0x5c, 0xef, 0x5c, 0xef, 0x5c, 0xef, 0x5c, 0xef, 0x5c, 0xef, 0x5c, 0xe7,
    0x5c, 0xef, 0x5c, 0xef, 0x5c, 0xef, 0x5c, 0xef, 0x5c, 0xef, 0x5c, 0xef, 0x5c, 0xef, 0x5c, 0xef,
    0x5c, 0xef, 0x5c, 0xef, 0x3c, 0xef, 0x5c, 0xef, 0x5c, 0xef, 0x3c, 0xef, 0x3c, 0xe7, 0x3c, 0xef,
    0x3c, 0xef, 0x3c, 0xe7, 0x3c, 0xe7, 0x3c, 0xe7, 0x3c, 0xe7, 0x3c, 0xe7, 0x3c, 0xe7, 0x3c, 0xe7,
    0x3c, 0xe7, 0x1b, 0xe7, 0x1b, 0xe7, 0x1b, 0xe7, 0x1b, 0xe7, 0x1b, 0xe7, 0x1b, 0xe7, 0x1b, 0xe7,
    0x1b, 0xe7, 0x1b, 0xe7, 0x1b, 0xe7, 0x1b, 0xe7, 0x1b, 0xe7, 0x1b, 0xe7, 0x1b, 0xe7, 0x1b, 0xe7,
    0x1b, 0xe7, 0xfb, 0xe6, 0xfb, 0xde, 0xfb, 0xde, 0xfb, 0xde, 0xfb, 0xde, 0xfb, 0xde, 0xfb, 0xde,
    0xfb, 0xde, 0xfb, 0xde, 0xfb, 0xde, 0xfb, 0xde, 0xfb, 0xde, 0xda, 0xde, 0xda, 0xde, 0xdb, 0xde,
    0xdb, 0xde, 0xda, 0xde, 0xda, 0xde, 0xdb, 0xde, 0xdb, 0xde, 0xdb, 0xde, 0xda, 0xde, 0xda, 0xde,
    0xda, 0xde, 0xda, 0xde, 0xda, 0xde, 0xda, 0xde, 0xda, 0xde, 0xda, 0xde, 0xda, 0xde, 0xda, 0xde,
    0xda, 0xde, 0xda, 0xde, 0xda, 0xde, 0xda, 0xde, 0xda, 0xde, 0xda, 0xde, 0xba, 0xd6, 0xba, 0xd6,
    0xba, 0xd6, 0xba, 0xd6, 0xba, 0xd6, 0xba, 0xd6, 0xba, 0xd6, 0xba, 0xd6, 0xba, 0xd6, 0xba, 0xd6,
    0xba, 0xd6, 0xba, 0xd6, 0xba, 0xd6, 0xba, 0xd6, 0xba, 0xd6, 0xba, 0xd6, 0xba, 0xd6, 0xba, 0xd6,
    0xba, 0xd6, 0xba, 0xd6, 0xda, 0xd6, 0xda, 0xd6, 0xda, 0xd6, 0xda, 0xd6, 0xda, 0xd6, 0xdb, 0xd6,
    0xff, 0xff, 0xff, 0xff, 0xff, 0xff, 0xff, 0xff, 0xff, 0xff, 0xff, 0xff, 0xff, 0xff, 0xff, 0xff,
    0xfe, 0xff, 0xfe, 0xff, 0xfe, 0xff, 0xfe, 0xff, 0xfe, 0xff, 0xfe, 0xff, 0xfe, 0xff, 0xfe, 0xff,
    0xfe, 0xff, 0xfe, 0xff, 0xfe, 0xff, 0xfe, 0xff, 0xfe, 0xff, 0xfe, 0xff, 0xfe, 0xff, 0xfe, 0xff,
    0xfe, 0xff, 0xfe, 0xff, 0xfe, 0xff, 0xfe, 0xff, 0xfe, 0xff, 0xfe, 0xff, 0xfe, 0xff, 0xfe, 0xff,
    0xfe, 0xff, 0xfe, 0xff, 0xfe, 0xff, 0xfe, 0xff, 0xfe, 0xff, 0xfe, 0xff, 0xfe, 0xff, 0xfe, 0xff,
    0xfe, 0xff, 0xfe, 0xff, 0xfe, 0xff, 0xfe, 0xff, 0xfe, 0xff, 0xfe, 0xff, 0xfe, 0xff, 0xfe, 0xff,
    0xfe, 0xff, 0xfe, 0xff, 0xfe, 0xff, 0xfe, 0xff, 0xfe, 0xff, 0xfe, 0xff, 0xfe, 0xff, 0xfe, 0xff,
    0xfe, 0xff, 0xfe, 0xff, 0xfe, 0xff, 0xfe, 0xff, 0xfe, 0xff, 0xfe, 0xff, 0xfe, 0xff, 0xfe, 0xff,
    0xfe, 0xff, 0xfe, 0xff, 0xfe, 0xff, 0xfe, 0xff, 0xfe, 0xff, 0xfe, 0xff, 0xfe, 0xff, 0xfe, 0xff,
    0xdd, 0xff, 0xde, 0xff, 0xde, 0xff, 0xde, 0xff, 0xfe, 0xff, 0xfe, 0xff, 0xde, 0xff, 0xde, 0xff,
    0xdd, 0xff, 0xdd, 0xff, 0xdd, 0xff, 0xde, 0xff, 0xde, 0xff, 0xdd, 0xff, 0xdd, 0xff, 0xdd, 0xff,
    0xdd, 0xff, 0xdd, 0xff, 0xdd, 0xff, 0xdd, 0xff, 0xdd, 0xff, 0xdd, 0xff, 0xdd, 0xff, 0xdd, 0xff,
    0xdd, 0xff, 0xdd, 0xff, 0xdd, 0xff, 0xdd, 0xff, 0xdd, 0xff, 0xdd, 0xff, 0xdd, 0xff, 0xdd, 0xff,
    0xdd, 0xff, 0xdd, 0xff, 0xdd, 0xff, 0xdd, 0xff, 0xdd, 0xff, 0xdd, 0xff, 0xdd, 0xff, 0xdd, 0xff,
    0xdd, 0xff, 0xdd, 0xff, 0xdd, 0xff, 0xdd, 0xff, 0xdd, 0xff, 0xdd, 0xff, 0xdd, 0xff, 0xdd, 0xff,
    0xdd, 0xff, 0xdd, 0xff, 0xdd, 0xff, 0xdd, 0xff, 0xdd, 0xff, 0xdd, 0xff, 0xdd, 0xff, 0xbd, 0xff,
    0xdd, 0xff, 0xbd, 0xff, 0xbd, 0xff, 0xbd, 0xff, 0xbd, 0xff, 0xbd, 0xff, 0xbd, 0xff, 0xbd, 0xff,
    0xbd, 0xff, 0xbd, 0xff, 0xbd, 0xff, 0xbd, 0xff, 0xbd, 0xff, 0xbd, 0xff, 0xbd, 0xff, 0xbd, 0xff,
    0xbd, 0xff, 0xbd, 0xff, 0xbd, 0xff, 0xbd, 0xff, 0xbd, 0xff, 0xbd, 0xff, 0xbd, 0xff, 0xbd, 0xff,
    0xbd, 0xff, 0xbd, 0xff, 0xbd, 0xff, 0xbd, 0xff, 0x9d, 0xff, 0x9d, 0xff, 0x9d, 0xff, 0x9d, 0xff,
    0x9d, 0xff, 0x9d, 0xff, 0x9d, 0xff, 0x9d, 0xff, 0x9d, 0xff, 0x9d, 0xf7, 0x9d, 0xff, 0x9d, 0xff,
    0x9d, 0xf7, 0x9d, 0xf7, 0x9d, 0xf7, 0x9d, 0xf7, 0x9d, 0xf7, 0x9d, 0xff, 0x9d, 0xff, 0x9d, 0xff,
    0x9d, 0xf7, 0x9d, 0xf7, 0x9d, 0xf7, 0x9d, 0xf7, 0x9d, 0xf7, 0x9c, 0xf7, 0x9c, 0xf7, 0x9c, 0xf7,
    0x9c, 0xf7, 0x9c, 0xf7, 0x9c, 0xf7, 0x7c, 0xf7, 0x7c, 0xf7, 0x7c, 0xf7, 0x7c, 0xf7, 0x7c, 0xf7,
    0x7c, 0xf7, 0x7c, 0xf7, 0x7c, 0xf7, 0x7c, 0xf7, 0x7c, 0xf7, 0x7c, 0xf7, 0x7c, 0xf7, 0x7c, 0xf7,
    0x7c, 0xf7, 0x7c, 0xf7, 0x7c, 0xef, 0x7c, 0xf7, 0x7c, 0xef, 0x7c, 0xef, 0x7c, 0xef, 0x7c, 0xef,
    0x5c, 0xf7, 0x5c, 0xf7, 0x5c, 0xef, 0x5c, 0xef, 0x5c, 0xef, 0x5c, 0xef, 0x5c, 0xef, 0x5c, 0xef,
    0x5c, 0xef, 0x5c, 0xef, 0x5c, 0xef, 0x5c, 0xef, 0x5c, 0xef, 0x5c, 0xef, 0x5c, 0xef, 0x5c, 0xef,
    0x5c, 0xef, 0x5c, 0xef, 0x5c, 0xef, 0x5c, 0xef, 0x5c, 0xef, 0x3c, 0xef, 0x3c, 0xe7, 0x3c, 0xe7,
    0x3c, 0xe7, 0x3c, 0xe7, 0x3c, 0xe7, 0x3c, 0xe7, 0x3c, 0xe7, 0x3b, 0xe7, 0x3c, 0xe7, 0x3c, 0xe7,
    0x3c, 0xe7, 0x3c, 0xe7, 0x1b, 0xe7, 0x1b, 0xe7, 0x1b, 0xe7, 0x1b, 0xe7, 0x1b, 0xe7, 0x1b, 0xe7,
    0x1b, 0xe7, 0x1b, 0xe7, 0x1b, 0xe7, 0x1b, 0xe7, 0x1b, 0xe7, 0x1b, 0xe7, 0x1b, 0xe7, 0x1b, 0xe7,
    0x1b, 0xe7, 0xfb, 0xe6, 0xfb, 0xde, 0xfb, 0xde, 0xfb, 0xde, 0xfb, 0xde, 0xfb, 0xde, 0xfb, 0xde,
    0xfb, 0xde, 0xfb, 0xde, 0xfb, 0xde, 0xfb, 0xde, 0xdb, 0xde, 0xdb, 0xde, 0xdb, 0xde, 0xdb, 0xde,
    0xdb, 0xde, 0xdb, 0xde, 0xda, 0xde, 0xdb, 0xde, 0xdb, 0xde, 0xda, 0xde, 0xda, 0xde, 0xda, 0xde,
    0xda, 0xde, 0xda, 0xde, 0xda, 0xde, 0xda, 0xde, 0xda, 0xde, 0xda, 0xde, 0xda, 0xde, 0xda, 0xde,
    0xda, 0xde, 0xda, 0xde, 0xda, 0xde, 0xda, 0xde, 0xda, 0xde, 0xda, 0xde, 0xda, 0xd6, 0xba, 0xd6,
    0xba, 0xd6, 0xba, 0xd6, 0xba, 0xd6, 0xba, 0xd6, 0xba, 0xce, 0xba, 0xce, 0xba, 0xd6, 0xba, 0xd6,
    0xba, 0xd6, 0xba, 0xd6, 0xba, 0xd6, 0xba, 0xd6, 0xba, 0xd6, 0xba, 0xd6, 0xba, 0xd6, 0xba, 0xd6,
    0xba, 0xd6, 0xba, 0xd6, 0xba, 0xd6, 0xda, 0xd6, 0xda, 0xd6, 0xda, 0xd6, 0xba, 0xd6, 0xba, 0xd6,
    0xff, 0xff, 0xff, 0xff, 0xff, 0xff, 0xff, 0xff, 0xff, 0xff, 0xff, 0xff, 0xfe, 0xff, 0xfe, 0xff,
    0xfe, 0xff, 0xfe, 0xff, 0xfe, 0xff, 0xfe, 0xff, 0xfe, 0xff, 0xfe, 0xff, 0xfe, 0xff, 0xfe, 0xff,
    0xfe, 0xff, 0xfe, 0xff, 0xfe, 0xff, 0xfe, 0xff, 0xfe, 0xff, 0xfe, 0xff, 0xfe, 0xff, 0xfe, 0xff,
    0xfe, 0xff, 0xfe, 0xff, 0xfe, 0xff, 0xfe, 0xff, 0xfe, 0xff, 0xfe, 0xff, 0xfe, 0xff, 0xfe, 0xff,
    0xfe, 0xff, 0xfe, 0xff, 0xfe, 0xff, 0xfe, 0xff, 0xfe, 0xff, 0xfe, 0xff, 0xfe, 0xff, 0xfe, 0xff,
    0xfe, 0xff, 0xfe, 0xff, 0xfe, 0xff, 0xfe, 0xff, 0xfe, 0xff, 0xfe, 0xff, 0xfe, 0xff, 0xfe, 0xff,
    0xfe, 0xff, 0xfe, 0xff, 0xfe, 0xff, 0xfe, 0xff, 0xfe, 0xff, 0xfe, 0xff, 0xfe, 0xff, 0xfe, 0xff,
    0xfe, 0xff, 0xfe, 0xff, 0xfe, 0xff, 0xfe, 0xff, 0xfe, 0xff, 0xfe, 0xff, 0xfe, 0xff, 0xfe, 0xff,
    0xfe, 0xff, 0xfe, 0xff, 0xfe, 0xff, 0xfe, 0xff, 0xfe, 0xff, 0xfe, 0xff, 0xfe, 0xff, 0xfd, 0xff,
    0xde, 0xff, 0xfd, 0xff, 0xfd, 0xff, 0xde, 0xff, 0xfd, 0xff, 0xde, 0xff, 0xde, 0xff, 0xdd, 0xff,
    0xdd, 0xff, 0xdd, 0xff, 0xdd, 0xff, 0xdd, 0xff, 0xdd, 0xff, 0xdd, 0xff, 0xdd, 0xff, 0xdd, 0xff,
    0xdd, 0xff, 0xdd, 0xff, 0xdd, 0xff, 0xdd, 0xff, 0xdd, 0xff, 0xdd, 0xff, 0xdd, 0xff, 0xdd, 0xff,
    0xdd, 0xff, 0xdd, 0xff, 0xdd, 0xff, 0xdd, 0xff, 0xdd, 0xff, 0xdd, 0xff, 0xdd, 0xff, 0xdd, 0xff,
    0xdd, 0xff, 0xdd, 0xff, 0xdd, 0xff, 0xdd, 0xff, 0xdd, 0xff, 0xdd, 0xff, 0xdd, 0xff, 0xdd, 0xff,
    0xdd, 0xff, 0xdd, 0xff, 0xdd, 0xff, 0xdd, 0xff, 0xdd, 0xff, 0xdd, 0xff, 0xdd, 0xff, 0xdd, 0xff,
    0xdd, 0xff, 0xdd, 0xff, 0xdd, 0xff, 0xdd, 0xff, 0xdd, 0xff, 0xdd, 0xff, 0xdd, 0xff, 0xdd, 0xff,
    0xbd, 0xff, 0xdd, 0xff, 0xbd, 0xff, 0xbd, 0xff, 0xbd, 0xff, 0xbd, 0xff, 0xbd, 0xff, 0xbd, 0xff,
    0xbd, 0xff, 0xbd, 0xff, 0xbd, 0xff, 0xbd, 0xff, 0xbd, 0xff, 0xbd, 0xff, 0xbd, 0xff, 0xbd, 0xff,
    0xbd, 0xff, 0xbd, 0xff, 0xbd, 0xff, 0xbd, 0xff, 0xbd, 0xff, 0xbd, 0xff, 0xbd, 0xff, 0xbd, 0xff,
    0xbd, 0xff, 0xbd, 0xff, 0xbd, 0xff, 0x9d, 0xff, 0xbd, 0xff, 0x9d, 0xff, 0x9d, 0xff, 0x9d, 0xff,
    0x9d, 0xff, 0x9d, 0xff, 0x9d, 0xf7, 0x9d, 0xf7, 0x9d, 0xf7, 0x9c, 0xf7, 0x9d, 0xf7, 0x9d, 0xff,
    0x9d, 0xff, 0x9d, 0xff, 0x9d, 0xf7, 0x9d, 0xf7, 0x9d, 0xf7, 0x9d, 0xf7, 0x9d, 0xff, 0x9d, 0xf7,
    0x9d, 0xf7, 0x9d, 0xf7, 0x9d, 0xf7, 0x9d, 0xf7, 0x9c, 0xf7, 0x9c, 0xf7, 0x9c, 0xf7, 0x9c, 0xf7,
    0x9c, 0xf7, 0x7c, 0xf7, 0x7c, 0xf7, 0x7c, 0xf7, 0x7c, 0xf7, 0x7c, 0xf7, 0x7c, 0xf7, 0x7c, 0xf7,
    0x7c, 0xf7, 0x7c, 0xf7, 0x7c, 0xf7, 0x7c, 0xf7, 0x7c, 0xf7, 0x7c, 0xf7, 0x7c, 0xf7, 0x7c, 0xf7,
    0x7c, 0xf7, 0x7c, 0xf7, 0x7c, 0xf7, 0x7c, 0xf7, 0x7c, 0xef, 0x7c, 0xef, 0x7c, 0xf7, 0x7c, 0xef,
    0x5c, 0xef, 0x5c, 0xef, 0x5c, 0xef, 0x5c, 0xef, 0x5c, 0xef, 0x5c, 0xef, 0x5c, 0xef, 0x5c, 0xef,
    0x5c, 0xef, 0x5c, 0xef, 0x5c, 0xef, 0x5c, 0xef, 0x5c, 0xef, 0x5c, 0xef, 0x5c, 0xef, 0x5c, 0xef,
    0x5c, 0xef, 0x5c, 0xef, 0x5c, 0xef, 0x5c, 0xef, 0x3c, 0xef, 0x3c, 0xef, 0x3c, 0xef, 0x3c, 0xef,
    0x3c, 0xe7, 0x3c, 0xe7, 0x3c, 0xe7, 0x3c, 0xe7, 0x3c, 0xe7, 0x3b, 0xe7, 0x3c, 0xe7, 0x3c, 0xe7,
    0x3c, 0xe7, 0x3c, 0xe7, 0x3b, 0xe7, 0x1b, 0xe7, 0x1b, 0xe7, 0x1b, 0xe7, 0x1b, 0xe7, 0x1b, 0xe7,
    0x1b, 0xe7, 0x1b, 0xe7, 0x1b, 0xe7, 0x1b, 0xe7, 0x1b, 0xe7, 0x1b, 0xe7, 0x1b, 0xe7, 0x1b, 0xe7,
    0x1b, 0xe7, 0x1b, 0xe7, 0xfb, 0xe6, 0xfb, 0xde, 0xfb, 0xde, 0xfb, 0xde, 0xfb, 0xde, 0xfb, 0xde,
    0xfb, 0xde, 0xfb, 0xde, 0xfb, 0xde, 0xfb, 0xde, 0xfb, 0xde, 0xdb, 0xde, 0xdb, 0xde, 0xdb, 0xde,
    0xdb, 0xde, 0xdb, 0xde, 0xda, 0xde, 0xda, 0xde, 0xda, 0xde, 0xdb, 0xde, 0xda, 0xde, 0xda, 0xde,
    0xda, 0xde, 0xda, 0xde, 0xda, 0xde, 0xda, 0xde, 0xda, 0xde, 0xda, 0xde, 0xda, 0xde, 0xda, 0xde,
    0xda, 0xd6, 0xda, 0xde, 0xda, 0xde, 0xda, 0xde, 0xda, 0xde, 0xda, 0xd6, 0xba, 0xd6, 0xba, 0xd6,
    0xba, 0xd6, 0xba, 0xd6, 0xba, 0xd6, 0xba, 0xd6, 0xba, 0xd6, 0xba, 0xd6, 0xba, 0xd6, 0xba, 0xd6,
    0xba, 0xd6, 0xba, 0xd6, 0xba, 0xd6, 0xba, 0xd6, 0xba, 0xd6, 0xba, 0xd6, 0xba, 0xd6, 0xba, 0xd6,
    0xba, 0xd6, 0xba, 0xd6, 0xba, 0xd6, 0xba, 0xd6, 0xba, 0xd6, 0xba, 0xd6, 0xba, 0xd6, 0xbb, 0xd6,
    0xff, 0xff, 0xff, 0xff, 0xff, 0xff, 0xff, 0xff, 0xff, 0xff, 0xff, 0xff, 0xfe, 0xff, 0xfe, 0xff,
    0xfe, 0xff, 0xfe, 0xff, 0xfe, 0xff, 0xfe, 0xff, 0xfe, 0xff, 0xfe, 0xff, 0xfe, 0xff, 0xfe, 0xff,
    0xfe, 0xff, 0xfe, 0xff, 0xfe, 0xff, 0xfe, 0xff, 0xfe, 0xff, 0xfe, 0xff, 0xfe, 0xff, 0xfe, 0xff,
    0xfe, 0xff, 0xfe, 0xff, 0xfe, 0xff, 0xfe, 0xff, 0xfe, 0xff, 0xfe, 0xff, 0xfe, 0xff, 0xfe, 0xff,
    0xfe, 0xff, 0xfe, 0xff, 0xfe, 0xff, 0xfe, 0xff, 0xfe, 0xff, 0xfe, 0xff, 0xfe, 0xff, 0xfe, 0xff,
    0xfe, 0xff, 0xfe, 0xff, 0xfe, 0xff, 0xfe, 0xff, 0xfe, 0xff, 0xfe, 0xff, 0xfe, 0xff, 0xfe, 0xff,
    0xfe, 0xff, 0xfe, 0xff, 0xfe, 0xff, 0xfe, 0xff, 0xfe, 0xff, 0xfe, 0xff, 0xfe, 0xff, 0xfe, 0xff,
    0xfe, 0xff, 0xfe, 0xff, 0xfe, 0xff, 0xfe, 0xff, 0xfe, 0xff, 0xfe, 0xff, 0xfe, 0xff, 0xfe, 0xff,
    0xfe, 0xff, 0xfe, 0xff, 0xfe, 0xff, 0xfe, 0xff, 0xfe, 0xff, 0xfe, 0xff, 0xfe, 0xff, 0xde, 0xff,
    0xdd, 0xff, 0xfd, 0xff, 0xde, 0xff, 0xfe, 0xff, 0xfe, 0xff, 0xfe, 0xff, 0xfd, 0xff, 0xde, 0xff,
    0xdd, 0xff, 0xdd, 0xff, 0xdd, 0xff, 0xdd, 0xff, 0xdd, 0xff, 0xdd, 0xff, 0xdd, 0xff, 0xdd, 0xff,
    0xdd, 0xff, 0xdd, 0xff, 0xdd, 0xff, 0xdd, 0xff, 0xdd, 0xff, 0xdd, 0xff, 0xdd, 0xff, 0xdd, 0xff,
    0xdd, 0xff, 0xdd, 0xff, 0xdd, 0xff, 0xdd, 0xff, 0xdd, 0xff, 0xdd, 0xff, 0xdd, 0xff, 0xdd, 0xff,
    0xdd, 0xff, 0xdd, 0xff, 0xdd, 0xff, 0xdd, 0xff, 0xdd, 0xff, 0xdd, 0xff, 0xdd, 0xff, 0xdd, 0xff,
    0xdd, 0xff, 0xdd, 0xff, 0xdd, 0xff, 0xdd, 0xff, 0xdd, 0xff, 0xdd, 0xff, 0xdd, 0xff, 0xdd, 0xff,
    0xdd, 0xff, 0xdd, 0xff, 0xdd, 0xff, 0xdd, 0xff, 0xdd, 0xff, 0xbd, 0xff, 0xdd, 0xff, 0xbd, 0xff,
    0xbd, 0xff, 0xdd, 0xff, 0xbd, 0xff, 0xbd, 0xff, 0xbd, 0xff, 0xbd, 0xff, 0xbd, 0xff, 0xbd, 0xff,
    0xbd, 0xff, 0xbd, 0xff, 0xbd, 0xff, 0xbd, 0xff, 0xbd, 0xff, 0xbd, 0xff, 0xbd, 0xff, 0xbd, 0xff,
    0xbd, 0xff, 0xbd, 0xff, 0xbd, 0xff, 0xbd, 0xff, 0xbd, 0xff, 0xbd, 0xff, 0xbd, 0xff, 0xbd, 0xff,
    0xbd, 0xff, 0xbd, 0xff, 0xbd, 0xff, 0xbd, 0xff, 0xbd, 0xff, 0x9d, 0xff, 0x9d, 0xff, 0x9d, 0xff,
    0x9d, 0xff, 0x9d, 0xff, 0x9d, 0xff, 0x9d, 0xff, 0x9d, 0xf7, 0x9c, 0xf7, 0x9d, 0xf7, 0x9d, 0xf7,
    0x9d, 0xf7, 0x9d, 0xf7, 0x9c, 0xf7, 0x9c, 0xf7, 0x9c, 0xf7, 0x9c, 0xf7, 0x9d, 0xf7, 0x9d, 0xf7,
    0x9d, 0xf7, 0x9d, 0xf7, 0x9c, 0xf7, 0x9c, 0xf7, 0x9c, 0xf7, 0x9c, 0xf7, 0x9d, 0xf7, 0x9c, 0xf7,
    0x9d, 0xf7, 0x9c, 0xf7, 0x7c, 0xf7, 0x7c, 0xf7, 0x7c, 0xf7, 0x7c, 0xf7, 0x7c, 0xf7, 0x7c, 0xf7,
    0x7c, 0xf7, 0x7c, 0xf7, 0x7c, 0xf7, 0x7c, 0xf7, 0x7c, 0xf7, 0x7c, 0xf7, 0x7c, 0xf7, 0x7c, 0xf7,
    0x7c, 0xf7, 0x7c, 0xf7, 0x7c, 0xf7, 0x7c, 0xf7, 0x7c, 0xf7, 0x7c, 0xf7, 0x7c, 0xef, 0x5c, 0xef,
    0x5c, 0xef, 0x5c, 0xef, 0x5c, 0xef, 0x5c, 0xef, 0x5c, 0xef, 0x5c, 0xef, 0x5c, 0xef, 0x5c, 0xef,
    0x5c, 0xef, 0x5c, 0xef, 0x5c, 0xef, 0x5c, 0xef, 0x5c, 0xef, 0x5c, 0xef, 0x5c, 0xef, 0x5c, 0xef,
    0x5c, 0xef, 0x5c, 0xef, 0x5c, 0xef, 0x5c, 0xef, 0x3c, 0xef, 0x3c, 0xef, 0x3c, 0xef, 0x3c, 0xe7,
    0x3c, 0xe7, 0x3c, 0xe7, 0x3c, 0xe7, 0x3c, 0xe7, 0x3c, 0xe7, 0x3c, 0xe7, 0x3c, 0xe7, 0x3c, 0xe7,
    0x3c, 0xe7, 0x3c, 0xe7, 0x3c, 0xe7, 0x1b, 0xe7, 0x1b, 0xe7, 0x1b, 0xe7, 0x1b, 0xe7, 0x1b, 0xe7,
    0x1b, 0xe7, 0x1b, 0xe7, 0x1b, 0xe7, 0x1b, 0xe7, 0x1b, 0xe7, 0x1b, 0xe7, 0x1b, 0xe7, 0x1b, 0xe7,
    0x1b, 0xe7, 0xfb, 0xe6, 0xfb, 0xde, 0xfb, 0xde, 0xfb, 0xde, 0xfb, 0xde, 0xfb, 0xde, 0xfb, 0xde,
    0xfb, 0xde, 0xfb, 0xde, 0xfb, 0xde, 0xdb, 0xde, 0xdb, 0xde, 0xdb, 0xde, 0xdb, 0xde, 0xdb, 0xde,
    0xdb, 0xde, 0xdb, 0xde, 0xda, 0xde, 0xda, 0xde, 0xda, 0xde, 0xda, 0xde, 0xda, 0xde, 0xda, 0xde,
    0xda, 0xde, 0xda, 0xde, 0xda, 0xde, 0xda, 0xde, 0xda, 0xde, 0xda, 0xde, 0xda, 0xde, 0xda, 0xde,
    0xda, 0xde, 0xda, 0xde, 0xda, 0xde, 0xda, 0xde, 0xda, 0xd6, 0xda, 0xd6, 0xba, 0xd6, 0xba, 0xd6,
    0xba, 0xd6, 0xba, 0xd6, 0xba, 0xd6, 0xba, 0xd6, 0xba, 0xd6, 0xba, 0xd6, 0xba, 0xd6, 0xba, 0xd6,
    0xba, 0xd6, 0xba, 0xd6, 0xba, 0xd6, 0xba, 0xd6, 0xba, 0xd6, 0xba, 0xd6, 0xba, 0xd6, 0xba, 0xd6,
    0xba, 0xd6, 0xba, 0xd6, 0xba, 0xd6, 0xba, 0xd6, 0xba, 0xd6, 0xba, 0xd6, 0xba, 0xd6, 0xba, 0xd6,
    0xff, 0xff, 0xff, 0xff, 0xff, 0xff, 0xff, 0xff, 0xff, 0xff, 0xff, 0xff, 0xff, 0xff, 0xfe, 0xff,
    0xfe, 0xff, 0xfe, 0xff, 0xfe, 0xff, 0xfe, 0xff, 0xfe, 0xff, 0xfe, 0xff, 0xfe, 0xff, 0xfe, 0xff,
    0xfe, 0xff, 0xfe, 0xff, 0xfe, 0xff, 0xfe, 0xff, 0xfe, 0xff, 0xfe, 0xff, 0xfe, 0xff, 0xfe, 0xff,
    0xfe, 0xff, 0xfe, 0xff, 0xfe, 0xff, 0xfe, 0xff, 0xfe, 0xff, 0xfe, 0xff, 0xfe, 0xff, 0xfe, 0xff,
    0xfe, 0xff, 0xfe, 0xff, 0xfe, 0xff, 0xfe, 0xff, 0xfe, 0xff, 0xfe, 0xff, 0xfe, 0xff, 0xfe, 0xff,
    0xfe, 0xff, 0xfe, 0xff, 0xfe, 0xff, 0xfe, 0xff, 0xfd, 0xff, 0xfd, 0xff, 0xfe, 0xff, 0xfe, 0xff,
    0xfe, 0xff, 0xfe, 0xff, 0xfe, 0xff, 0xfe, 0xff, 0xfe, 0xff, 0xfe, 0xff, 0xfe, 0xff, 0xfe, 0xff,
    0xfe, 0xff, 0xfe, 0xff, 0xfe, 0xff, 0xfe, 0xff, 0xfe, 0xff, 0xfe, 0xff, 0xfe, 0xff, 0xfe, 0xff,
    0xfe, 0xff, 0xfe, 0xff, 0xfe, 0xff, 0xfe, 0xff, 0xfe, 0xff, 0xfe, 0xff, 0xfe, 0xff, 0xfe, 0xff,
    0xfe, 0xff, 0xfe, 0xff, 0xdd, 0xff, 0xfe, 0xff, 0xfe, 0xff, 0xfe, 0xff, 0xde, 0xff, 0xdd, 0xff,
    0xde, 0xff, 0xdd, 0xff, 0xdd, 0xff, 0xdd, 0xff, 0xdd, 0xff, 0xdd, 0xff, 0xdd, 0xff, 0xdd, 0xff,
    0xdd, 0xff, 0xdd, 0xff, 0xdd, 0xff, 0xdd, 0xff, 0xdd, 0xff, 0xdd, 0xff, 0xdd, 0xff, 0xdd, 0xff,
    0xdd, 0xff, 0xdd, 0xff, 0xdd, 0xff, 0xdd, 0xff, 0xdd, 0xff, 0xdd, 0xff, 0xdd, 0xff, 0xdd, 0xff,
    0xdd, 0xff, 0xdd, 0xff, 0xdd, 0xff, 0xdd, 0xff, 0xdd, 0xff, 0xdd, 0xff, 0xdd, 0xff, 0xdd, 0xff,
    0xdd, 0xff, 0xdd, 0xff, 0xdd, 0xff, 0xdd, 0xff, 0xdd, 0xff, 0xdd, 0xff, 0xdd, 0xff, 0xdd, 0xff,
    0xdd, 0xff, 0xdd, 0xff, 0xdd, 0xff, 0xdd, 0xff, 0xbd, 0xff, 0xdd, 0xff, 0xbd, 0xff, 0xbd, 0xff,
    0xbd, 0xff, 0xbd, 0xff, 0xbd, 0xff, 0xbd, 0xff, 0xbd, 0xff, 0xbd, 0xff, 0xbd, 0xff, 0xbd, 0xff,
    0xbd, 0xff, 0xbd, 0xff, 0xbd, 0xff, 0xbd, 0xff, 0xbd, 0xff, 0xbd, 0xff, 0xbd, 0xff, 0xbd, 0xff,
    0xbd, 0xff, 0xbd, 0xff, 0xbd, 0xff, 0xbd, 0xff, 0xbd, 0xff, 0xbd, 0xff, 0xbd, 0xff, 0xbd, 0xff,
    0xbd, 0xff, 0xbd, 0xff, 0xbd, 0xff, 0xbd, 0xff, 0xbd, 0xff, 0x9d, 0xff, 0x9d, 0xff, 0x9d, 0xff,
    0x9d, 0xff, 0x9d, 0xff, 0x9d, 0xff, 0x9d, 0xf7, 0x9d, 0xf7, 0x9d, 0xf7, 0x9d, 0xf7, 0x9d, 0xf7,
    0x9d, 0xf7, 0x9c, 0xf7, 0x9c, 0xf7, 0x9c, 0xf7, 0x9d, 0xf7, 0x9d, 0xf7, 0x9d, 0xf7, 0x9d, 0xf7,
    0x9d, 0xf7, 0x9c, 0xf7, 0x9d, 0xf7, 0x9c, 0xf7, 0x9d, 0xf7, 0x9d, 0xf7, 0x9d, 0xf7, 0x9d, 0xf7,
    0x9d, 0xf7, 0x9c, 0xf7, 0x9c, 0xf7, 0x7c, 0xf7, 0x9c, 0xf7, 0x7c, 0xf7, 0x7c, 0xf7, 0x7c, 0xf7,
    0x7c, 0xf7, 0x7c, 0xf7, 0x7c, 0xf7, 0x7c, 0xf7, 0x7c, 0xf7, 0x7c, 0xf7, 0x7c, 0xf7, 0x7c, 0xf7,
    0x7c, 0xf7, 0x7c, 0xf7, 0x7c, 0xf7, 0x7c, 0xf7, 0x7c, 0xef, 0x7c, 0xf7, 0x5c, 0xef, 0x5c, 0xef,
    0x5c, 0xef, 0x5c, 0xef, 0x5c, 0xef, 0x5c, 0xef, 0x5c, 0xef, 0x5c, 0xef, 0x5c, 0xef, 0x5c, 0xef,
    0x5c, 0xef, 0x5c, 0xef, 0x5c, 0xef, 0x5c, 0xef, 0x5c, 0xef, 0x5c, 0xef, 0x5c, 0xef, 0x5c, 0xef,
    0x5c, 0xef, 0x3c, 0xef, 0x5c, 0xef, 0x5c, 0xef, 0x3c, 0xef, 0x3c, 0xef, 0x3c, 0xef, 0x3c, 0xe7,
    0x3c, 0xe7, 0x3c, 0xe7, 0x3c, 0xe7, 0x3c, 0xe7, 0x3c, 0xe7, 0x3c, 0xe7, 0x3c, 0xe7, 0x3c, 0xe7,
    0x3c, 0xe7, 0x3c, 0xe7, 0x3c, 0xe7, 0x3c, 0xe7, 0x1b, 0xe7, 0x1b, 0xe7, 0x1c, 0xe7, 0x1b, 0xe7,
    0x1b, 0xe7, 0x1c, 0xe7, 0x1b, 0xe7, 0x1b, 0xe7, 0x1b, 0xe7, 0x1b, 0xe7, 0x1b, 0xe7, 0x1b, 0xe7,
    0x1b, 0xe7, 0x1b, 0xdf, 0xfb, 0xde, 0xfb, 0xde, 0xfb, 0xde, 0xfb, 0xde, 0xfb, 0xde, 0xfb, 0xde,
    0xfb, 0xde, 0xfb, 0xde, 0xdb, 0xde, 0xfb, 0xde, 0xdb, 0xde, 0xdb, 0xde, 0xdb, 0xde, 0xdb, 0xde,
    0xda, 0xde, 0xda, 0xde, 0xdb, 0xde, 0xda, 0xde, 0xda, 0xde, 0xda, 0xde, 0xdb, 0xde, 0xdb, 0xde,
    0xda, 0xde, 0xda, 0xde, 0xdb, 0xde, 0xda, 0xde, 0xda, 0xde, 0xda, 0xde, 0xda, 0xde, 0xda, 0xde,
    0xda, 0xde, 0xda, 0xde, 0xda, 0xde, 0xda, 0xde, 0xda, 0xd6, 0xba, 0xd6, 0xba, 0xd6, 0xba, 0xd6,
    0xba, 0xd6, 0xba, 0xd6, 0xba, 0xd6, 0xba, 0xd6, 0xba, 0xd6, 0xba, 0xd6, 0xba, 0xd6, 0xba, 0xd6,
    0xba, 0xd6, 0xba, 0xd6, 0xba, 0xd6, 0xba, 0xd6, 0xba, 0xd6, 0xba, 0xd6, 0xba, 0xd6, 0xba, 0xd6,
    0xba, 0xd6, 0xba, 0xd6, 0xba, 0xd6, 0xba, 0xd6, 0xba, 0xd6, 0xba, 0xce, 0xba, 0xd6, 0xba, 0xd6,
    0xff, 0xff, 0xff, 0xff, 0xff, 0xff, 0xff, 0xff, 0xff, 0xff, 0xff, 0xff, 0xff, 0xff, 0xfe, 0xff,
    0xfd, 0xff, 0xfe, 0xff, 0xfe, 0xff, 0xfe, 0xff, 0xfe, 0xff, 0xfe, 0xff, 0xfe, 0xff, 0xfe, 0xff,
    0xfe, 0xff, 0xfe, 0xff, 0xfe, 0xff, 0xfe, 0xff, 0xfe, 0xff, 0xfe, 0xff, 0xfe, 0xff, 0xfe, 0xff,
    0xfe, 0xff, 0xfe, 0xff, 0xfe, 0xff, 0xfe, 0xff, 0xfe, 0xff, 0xfe, 0xff, 0xfe, 0xff, 0xfe, 0xff,
    0xfe, 0xff, 0xfe, 0xff, 0xfe, 0xff, 0xfe, 0xff, 0xfe, 0xff, 0xfe, 0xff, 0xfe, 0xff, 0xfe, 0xff,
    0xfe, 0xff, 0xfe, 0xff, 0xfe, 0xff, 0xfe, 0xff, 0xfe, 0xff, 0xfe, 0xff, 0xfe, 0xff, 0xfe, 0xff,
    0xfe, 0xff, 0xfe, 0xff, 0xfe, 0xff, 0xfe, 0xff, 0xfe, 0xff, 0xfe, 0xff, 0xfe, 0xff, 0xfe, 0xff,
    0xfe, 0xff, 0xfe, 0xff, 0xfe, 0xff, 0xfe, 0xff, 0xfe, 0xff, 0xfe, 0xff, 0xfe, 0xff, 0xfe, 0xff,
    0xfe, 0xff, 0xfe, 0xff, 0xfe, 0xff, 0xfe, 0xff, 0xfe, 0xff, 0xfe, 0xff, 0xfe, 0xff, 0xfe, 0xff,
    0xfd, 0xff, 0xfe, 0xff, 0xfe, 0xff, 0xfe, 0xff, 0xdd, 0xff, 0xde, 0xff, 0xfe, 0xff, 0xde, 0xff,
    0xdd, 0xff, 0xdd, 0xff, 0xde, 0xff, 0xdd, 0xff, 0xde, 0xff, 0xdd, 0xff, 0xdd, 0xff, 0xde, 0xff,
    0xdd, 0xff, 0xdd, 0xff, 0xdd, 0xff, 0xdd, 0xff, 0xdd, 0xff, 0xdd, 0xff, 0xdd, 0xff, 0xdd, 0xff,
    0xdd, 0xff, 0xdd, 0xff, 0xdd, 0xff, 0xdd, 0xff, 0xdd, 0xff, 0xdd, 0xff, 0xdd, 0xff, 0xdd, 0xff,
    0xdd, 0xff, 0xdd, 0xff, 0xdd, 0xff, 0xdd, 0xff, 0xdd, 0xff, 0xdd, 0xff, 0xdd, 0xff, 0xdd, 0xff,
    0xdd, 0xff, 0xdd, 0xff, 0xdd, 0xff, 0xdd, 0xff, 0xdd, 0xff, 0xdd, 0xff, 0xdd, 0xff, 0xdd, 0xff,
    0xdd, 0xff, 0xdd, 0xff, 0xdd, 0xff, 0xdd, 0xff, 0xdd, 0xff, 0xdd, 0xff, 0xbd, 0xff, 0xbd, 0xff,
    0xbd, 0xff, 0xbd, 0xff, 0xdd, 0xff, 0xbd, 0xff, 0xbd, 0xff, 0xbd, 0xff, 0xbd, 0xff, 0xbd, 0xff,
    0xbd, 0xff, 0xbd, 0xff, 0xbd, 0xff, 0xbd, 0xff, 0xbd, 0xff, 0xbd, 0xff, 0xbd, 0xff, 0xbd, 0xff,
    0xbd, 0xff, 0xbd, 0xff, 0xbd, 0xff, 0xbd, 0xff, 0xbd, 0xff, 0xbd, 0xff, 0xbd, 0xff, 0xbd, 0xff,
    0xbd, 0xff, 0xbd, 0xff, 0xbd, 0xff, 0x9d, 0xff, 0xbd, 0xff, 0x9d, 0xff, 0x9d, 0xff, 0x9d, 0xff,
    0x9d, 0xff, 0x9d, 0xff, 0x9d, 0xf7, 0x9d, 0xf7, 0x9c, 0xf7, 0x9c, 0xf7, 0x9c, 0xf7, 0x9c, 0xf7,
    0x9c, 0xf7, 0x9c, 0xf7, 0x9c, 0xf7, 0x9c, 0xf7, 0x9c, 0xf7, 0x9c, 0xf7, 0x9c, 0xf7, 0x9d, 0xf7,
    0x9d, 0xf7, 0x9c, 0xf7, 0x9c, 0xf7, 0x9d, 0xf7, 0x9c, 0xf7, 0x9d, 0xf7, 0x9d, 0xf7, 0x9d, 0xf7,
    0x9d, 0xf7, 0x9d, 0xf7, 0x9c, 0xf7, 0x9c, 0xf7, 0x7c, 0xf7, 0x7c, 0xf7, 0x7c, 0xf7, 0x7c, 0xf7,
    0x7c, 0xf7, 0x7c, 0xf7, 0x7c, 0xf7, 0x7c, 0xf7, 0x7c, 0xf7, 0x7c, 0xf7, 0x7c, 0xf7, 0x7c, 0xf7,
    0x7c, 0xf7, 0x7c, 0xf7, 0x7c, 0xf7, 0x7c, 0xef, 0x7c, 0xef, 0x7c, 0xef, 0x5c, 0xef, 0x5c, 0xef,
    0x5c, 0xef, 0x5c, 0xef, 0x5c, 0xef, 0x5c, 0xef, 0x5c, 0xef, 0x5c, 0xef, 0x5c, 0xef, 0x5c, 0xef,
    0x5c, 0xef, 0x5c, 0xef, 0x5c, 0xef, 0x5c, 0xef, 0x5c, 0xef, 0x5c, 0xef, 0x5c, 0xef, 0x5c, 0xef,
    0x5c, 0xef, 0x5c, 0xef, 0x3c, 0xef, 0x3c, 0xef, 0x3c, 0xe7, 0x3c, 0xe7, 0x3c, 0xef, 0x3c, 0xef,
    0x3c, 0xe7, 0x3c, 0xe7, 0x3c, 0xe7, 0x3c, 0xe7, 0x3c, 0xe7, 0x3c, 0xe7, 0x3c, 0xe7, 0x3c, 0xe7,
    0x3c, 0xe7, 0x3c, 0xe7, 0x3c, 0xe7, 0x3c, 0xe7, 0x3c, 0xe7, 0x3c, 0xe7, 0x1b, 0xe7, 0x1b, 0xe7,
    0x1b, 0xe7, 0x1c, 0xe7, 0x1b, 0xe7, 0x1b, 0xe7, 0x1b, 0xe7, 0x1b, 0xe7, 0x1b, 0xe7, 0x1b, 0xe7,
    0x1b, 0xe7, 0xfb, 0xde, 0xfb, 0xe6, 0xfb, 0xde, 0xfb, 0xde, 0xfb, 0xde, 0xfb, 0xde, 0xfb, 0xde,
    0xfb, 0xde, 0xfb, 0xde, 0xfb, 0xde, 0xfb, 0xde, 0xfb, 0xde, 0xdb, 0xde, 0xdb, 0xde, 0xdb, 0xde,
    0xdb, 0xde, 0xdb, 0xde, 0xdb, 0xde, 0xda, 0xde, 0xdb, 0xde, 0xdb, 0xde, 0xda, 0xde, 0xda, 0xde,
    0xdb, 0xde, 0xdb, 0xde, 0xda, 0xde, 0xda, 0xde, 0xda, 0xde, 0xda, 0xde, 0xda, 0xde, 0xda, 0xde,
    0xda, 0xde, 0xda, 0xde, 0xda, 0xde, 0xba, 0xd6, 0xda, 0xde, 0xba, 0xd6, 0xba, 0xd6, 0xba, 0xd6,
    0xba, 0xd6, 0xba, 0xd6, 0xba, 0xd6, 0xba, 0xd6, 0xba, 0xd6, 0xba, 0xd6, 0xba, 0xd6, 0xba, 0xd6,
    0xba, 0xd6, 0xba, 0xd6, 0xba, 0xd6, 0xba, 0xd6, 0xba, 0xd6, 0xba, 0xd6, 0xba, 0xd6, 0xba, 0xd6,
    0xba, 0xd6, 0xba, 0xd6, 0xba, 0xd6, 0xba, 0xd6, 0xba, 0xd6, 0xda, 0xd6, 0xba, 0xd6, 0xba, 0xd6,
    0xff, 0xff, 0xff, 0xff, 0xff, 0xff, 0xff, 0xff, 0xff, 0xff, 0xff, 0xff, 0xfe, 0xff, 0xfe, 0xff,
    0xfe, 0xff, 0xfe, 0xff, 0xfe, 0xff, 0xfe, 0xff, 0xfe, 0xff, 0xfe, 0xff, 0xfe, 0xff, 0xfe, 0xff,
    0xfe, 0xff, 0xfe, 0xff, 0xfe, 0xff, 0xfe, 0xff, 0xfe, 0xff, 0xfe, 0xff, 0xfe, 0xff, 0xfe, 0xff,
    0xfe, 0xff, 0xfe, 0xff, 0xfe, 0xff, 0xfe, 0xff, 0xfe, 0xff, 0xfe, 0xff, 0xfe, 0xff, 0xfe, 0xff,
    0xfe, 0xff, 0xfe, 0xff, 0xfe, 0xff, 0xfe, 0xff, 0xfe, 0xff, 0xfe, 0xff, 0xfe, 0xff, 0xfe, 0xff,
    0xfe, 0xff, 0xfe, 0xff, 0xfe, 0xff, 0xfe, 0xff, 0xfe, 0xff, 0xfe, 0xff, 0xfe, 0xff, 0xfe, 0xff,
    0xfe, 0xff, 0xfe, 0xff, 0xfe, 0xff, 0xfe, 0xff, 0xfe, 0xff, 0xfe, 0xff, 0xfe, 0xff, 0xfe, 0xff,
    0xfe, 0xff, 0xfe, 0xff, 0xfe, 0xff, 0xfe, 0xff, 0xfe, 0xff, 0xfe, 0xff, 0xfe, 0xff, 0xfe, 0xff,
    0xfe, 0xff, 0xfe, 0xff, 0xfe, 0xff, 0xfe, 0xff, 0xfe, 0xff, 0xfe, 0xff, 0xfe, 0xff, 0xdd, 0xff,
    0xdd, 0xff, 0xdd, 0xff, 0xdd, 0xff, 0xde, 0xff, 0xde, 0xff, 0xfe, 0xff, 0xdd, 0xff, 0xdd, 0xff,
    0xdd, 0xff, 0xdd, 0xff, 0xde, 0xff, 0xdd, 0xff, 0xde, 0xff, 0xde, 0xff, 0xdd, 0xff, 0xdd, 0xff,
    0xde, 0xff, 0xdd, 0xff, 0xdd, 0xff, 0xdd, 0xff, 0xdd, 0xff, 0xdd, 0xff, 0xdd, 0xff, 0xdd, 0xff,
    0xdd, 0xff, 0xdd, 0xff, 0xdd, 0xff, 0xdd, 0xff, 0xdd, 0xff, 0xdd, 0xff, 0xdd, 0xff, 0xdd, 0xff,
    0xdd, 0xff, 0xdd, 0xff, 0xdd, 0xff, 0xdd, 0xff, 0xdd, 0xff, 0xdd, 0xff, 0xdd, 0xff, 0xdd, 0xff,
    0xdd, 0xff, 0xdd, 0xff, 0xdd, 0xff, 0xdd, 0xff, 0xdd, 0xff, 0xdd, 0xff, 0xdd, 0xff, 0xdd, 0xff,
    0xdd, 0xff, 0xdd, 0xff, 0xdd, 0xff, 0xdd, 0xff, 0xdd, 0xff, 0xdd, 0xff, 0xdd, 0xff, 0xbd, 0xff,
    0xbd, 0xff, 0xbd, 0xff, 0xbd, 0xff, 0xbd, 0xff, 0xbd, 0xff, 0xbd, 0xff, 0xbd, 0xff, 0xbd, 0xff,
    0xbd, 0xff, 0xbd, 0xff, 0xbd, 0xff, 0xbd, 0xff, 0xbd, 0xff, 0xbd, 0xff, 0xbd, 0xff, 0xbd, 0xff,
    0xbd, 0xff, 0xbd, 0xff, 0xbd, 0xff, 0xbd, 0xff, 0xbd, 0xff, 0xbd, 0xff, 0xbd, 0xff, 0xbd, 0xff,
    0xbd, 0xff, 0xbd, 0xff, 0x9d, 0xff, 0x9d, 0xff, 0x9d, 0xff, 0x9d, 0xff, 0x9d, 0xff, 0x9d, 0xff,
    0x9d, 0xff, 0x9d, 0xff, 0x9d, 0xff, 0x9d, 0xff, 0x9d, 0xf7, 0x9c, 0xf7, 0x9c, 0xf7, 0x9c, 0xf7,
    0x9c, 0xf7, 0x9c, 0xf7, 0x9c, 0xf7, 0x9d, 0xf7, 0x9d, 0xf7, 0x9c, 0xf7, 0x9d, 0xf7, 0x9d, 0xf7,
    0x9d, 0xf7, 0x9d, 0xf7, 0x9c, 0xf7, 0x9c, 0xf7, 0x9c, 0xf7, 0x9c, 0xf7, 0x9d, 0xf7, 0x9d, 0xf7,
    0x9c, 0xf7, 0x9c, 0xf7, 0x9c, 0xf7, 0x9c, 0xf7, 0x7c, 0xf7, 0x7c, 0xf7, 0x7c, 0xf7, 0x7c, 0xf7,
    0x7c, 0xf7, 0x7c, 0xf7, 0x7c, 0xf7, 0x7c, 0xf7, 0x7c, 0xf7, 0x7c, 0xf7, 0x7c, 0xf7, 0x7c, 0xf7,
    0x7c, 0xf7, 0x7c, 0xf7, 0x7c, 0xf7, 0x7c, 0xef, 0x5c, 0xf7, 0x5c, 0xef, 0x5c, 0xef, 0x5c, 0xef,
    0x5c, 0xef, 0x5c, 0xef, 0x5c, 0xef, 0x5c, 0xef, 0x5c, 0xef, 0x5c, 0xef, 0x5c, 0xef, 0x5c, 0xef,
    0x5c, 0xef, 0x5c, 0xef, 0x5c, 0xef, 0x5c, 0xef, 0x5c, 0xef, 0x5c, 0xef, 0x5c, 0xef, 0x5c, 0xef,
    0x5c, 0xef, 0x3c, 0xef, 0x3c, 0xef, 0x3c, 0xef, 0x3c, 0xe7, 0x3c, 0xef, 0x3c, 0xe7, 0x3c, 0xe7,
    0x3c, 0xe7, 0x3c, 0xe7, 0x3c, 0xe7, 0x3c, 0xe7, 0x3c, 0xe7, 0x3c, 0xe7, 0x3c, 0xe7, 0x3c, 0xe7,
    0x3c, 0xe7, 0x3c, 0xe7, 0x3c, 0xe7, 0x3c, 0xe7, 0x3c, 0xe7, 0x3b, 0xe7, 0x1b, 0xe7, 0x1b, 0xe7,
    0x1b, 0xe7, 0x1b, 0xe7, 0x1b, 0xe7, 0x1b, 0xe7, 0x1b, 0xe7, 0x1b, 0xe7, 0x1b, 0xe7, 0x1b, 0xe7,
    0x1b, 0xe7, 0x1b, 0xe7, 0xfb, 0xde, 0xfb, 0xde, 0xfb, 0xde, 0xfb, 0xde, 0xfb, 0xde, 0xfb, 0xde,
    0xfb, 0xde, 0xfb, 0xde, 0xfb, 0xde, 0xfb, 0xde, 0xfb, 0xde, 0xdb, 0xde, 0xdb, 0xde, 0xfb, 0xde,
    0xdb, 0xde, 0xdb, 0xde, 0xdb, 0xde, 0xdb, 0xde, 0xdb, 0xde, 0xdb, 0xde, 0xdb, 0xde, 0xdb, 0xde,
    0xdb, 0xde, 0xda, 0xde, 0xdb, 0xde, 0xda, 0xde, 0xda, 0xde, 0xda, 0xde, 0xda, 0xde, 0xda, 0xde,
    0xda, 0xde, 0xba, 0xde, 0xd9, 0xde, 0xda, 0xde, 0xba, 0xd6, 0xba, 0xd6, 0xba, 0xd6, 0xda, 0xd6,
    0xba, 0xd6, 0xba, 0xd6, 0xba, 0xd6, 0xba, 0xd6, 0xba, 0xd6, 0xba, 0xd6, 0xba, 0xd6, 0xba, 0xd6,
    0xba, 0xd6, 0xba, 0xd6, 0xba, 0xd6, 0xba, 0xd6, 0xba, 0xd6, 0xba, 0xd6, 0xba, 0xd6, 0xba, 0xd6,
    0xba, 0xd6, 0xba, 0xd6, 0xba, 0xd6, 0xba, 0xd6, 0xda, 0xd6, 0xdb, 0xd6, 0xba, 0xd6, 0xda, 0xd6,
    0xff, 0xff, 0xff, 0xff, 0xff, 0xff, 0xff, 0xff, 0xff, 0xff, 0xff, 0xff, 0xfe, 0xff, 0xfe, 0xff,
    0xfe, 0xff, 0xfd, 0xff, 0xfe, 0xff, 0xfe, 0xff, 0xfe, 0xff, 0xfe, 0xff, 0xfe, 0xff, 0xfe, 0xff,
    0xfe, 0xff, 0xfe, 0xff, 0xfe, 0xff, 0xfe, 0xff, 0xfe, 0xff, 0xfe, 0xff, 0xfe, 0xff, 0xfe, 0xff,
    0xfe, 0xff, 0xfe, 0xff, 0xfe, 0xff, 0xfe, 0xff, 0xfe, 0xff, 0xfe, 0xff, 0xfe, 0xff, 0xfe, 0xff,
    0xfe, 0xff, 0xfe, 0xff, 0xfe, 0xff, 0xfe, 0xff, 0xfe, 0xff, 0xfe, 0xff, 0xfe, 0xff, 0xfe, 0xff,
    0xfe, 0xff, 0xfd, 0xff, 0xdd, 0xff, 0xfe, 0xff, 0xfe, 0xff, 0xfe, 0xff, 0xfe, 0xff, 0xfe, 0xff,
    0xfe, 0xff, 0xfe, 0xff, 0xfe, 0xff, 0xfe, 0xff, 0xfe, 0xff, 0xfe, 0xff, 0xfe, 0xff, 0xfe, 0xff,
    0xfe, 0xff, 0xfe, 0xff, 0xfe, 0xff, 0xfe, 0xff, 0xfe, 0xff, 0xfe, 0xff, 0xfe, 0xff, 0xfe, 0xff,
    0xfe, 0xff, 0xfe, 0xff, 0xfe, 0xff, 0xfe, 0xff, 0xfe, 0xff, 0xfe, 0xff, 0xde, 0xff, 0xdd, 0xff,
    0xfd, 0xff, 0xdd, 0xff, 0xdd, 0xff, 0xde, 0xff, 0xde, 0xff, 0xfe, 0xff, 0xdd, 0xff, 0xde, 0xff,
    0xdd, 0xff, 0xde, 0xff, 0xde, 0xff, 0xde, 0xff, 0xfd, 0xff, 0xde, 0xff, 0xdd, 0xff, 0xdd, 0xff,
    0xdd, 0xff, 0xdd, 0xff, 0xdd, 0xff, 0xdd, 0xff, 0xdd, 0xff, 0xdd, 0xff, 0xdd, 0xff, 0xdd, 0xff,
    0xdd, 0xff, 0xdd, 0xff, 0xdd, 0xff, 0xdd, 0xff, 0xdd, 0xff, 0xdd, 0xff, 0xdd, 0xff, 0xdd, 0xff,
    0xdd, 0xff, 0xdd, 0xff, 0xdd, 0xff, 0xdd, 0xff, 0xdd, 0xff, 0xdd, 0xff, 0xdd, 0xff, 0xdd, 0xff,
    0xdd, 0xff, 0xdd, 0xff, 0xdd, 0xff, 0xdd, 0xff, 0xdd, 0xff, 0xdd, 0xff, 0xdd, 0xff, 0xdd, 0xff,
    0xdd, 0xff, 0xdd, 0xff, 0xdd, 0xff, 0xdd, 0xff, 0xdd, 0xff, 0xdd, 0xff, 0xdd, 0xff, 0xbd, 0xff,
    0xdd, 0xff, 0xdd, 0xff, 0xbd, 0xff, 0xbd, 0xff, 0xbd, 0xff, 0xbd, 0xff, 0xbd, 0xff, 0xbd, 0xff,
    0xbd, 0xff, 0xbd, 0xff, 0xbd, 0xff, 0xbd, 0xff, 0xbd, 0xff, 0xbd, 0xff, 0xbd, 0xff, 0xbd, 0xff,
    0xbd, 0xff, 0xbd, 0xff, 0xbd, 0xff, 0xbd, 0xff, 0xbd, 0xff, 0xbd, 0xff, 0xbd, 0xff, 0x9d, 0xff,
    0x9d, 0xff, 0x9d, 0xff, 0xbd, 0xff, 0xbd, 0xff, 0xbd, 0xff, 0x9d, 0xff, 0x9d, 0xff, 0x9d, 0xff,
    0x9d, 0xff, 0x9d, 0xff, 0x9d, 0xff, 0x9d, 0xff, 0x9d, 0xf7, 0x9c, 0xf7, 0x9c, 0xf7, 0x9c, 0xf7,
    0x9d, 0xf7, 0x9c, 0xf7, 0x9c, 0xf7, 0x9c, 0xf7, 0x9c, 0xf7, 0x9c, 0xf7, 0x9c, 0xf7, 0x9d, 0xf7,
    0x9d, 0xf7, 0x9d, 0xf7, 0x9d, 0xf7, 0x9c, 0xf7, 0x9c, 0xf7, 0x9c, 0xf7, 0x9c, 0xf7, 0x9d, 0xf7,
    0x9c, 0xf7, 0x9d, 0xf7, 0x9c, 0xf7, 0x9c, 0xf7, 0x7c, 0xf7, 0x7c, 0xf7, 0x7c, 0xf7, 0x7c, 0xf7,
    0x7c, 0xf7, 0x7c, 0xf7, 0x7c, 0xf7, 0x7c, 0xf7, 0x7c, 0xf7, 0x7c, 0xf7, 0x7c, 0xf7, 0x7c, 0xf7,
    0x7c, 0xf7, 0x7c, 0xf7, 0x7c, 0xef, 0x7c, 0xf7, 0x5c, 0xf7, 0x5c, 0xef, 0x5c, 0xef, 0x5c, 0xf7,
    0x5c, 0xef, 0x5c, 0xef, 0x5c, 0xef, 0x5c, 0xef, 0x5c, 0xef, 0x5c, 0xef, 0x5c, 0xef, 0x5c, 0xef,
    0x5c, 0xef, 0x5c, 0xef, 0x5c, 0xef, 0x5c, 0xef, 0x5c, 0xef, 0x5c, 0xef, 0x5c, 0xef, 0x5c, 0xef,
    0x3c, 0xef, 0x3c, 0xef, 0x3c, 0xef, 0x3c, 0xef, 0x3c, 0xe7, 0x3c, 0xef, 0x3c, 0xe7, 0x3c, 0xe7,
    0x3c, 0xe7, 0x3c, 0xe7, 0x3c, 0xe7, 0x3c, 0xe7, 0x3c, 0xe7, 0x3c, 0xe7, 0x3c, 0xe7, 0x3c, 0xe7,
    0x3c, 0xe7, 0x3c, 0xe7, 0x3c, 0xe7, 0x3c, 0xe7, 0x3c, 0xe7, 0x3c, 0xe7, 0x3c, 0xe7, 0x1b, 0xe7,
    0x1b, 0xe7, 0x1b, 0xe7, 0x1b, 0xe7, 0x1b, 0xe7, 0x1b, 0xe7, 0x1b, 0xe7, 0x1b, 0xe7, 0x1b, 0xe7,
    0x1b, 0xdf, 0xfb, 0xde, 0xfb, 0xde, 0xfb, 0xde, 0xfb, 0xde, 0xfb, 0xde, 0xfb, 0xde, 0xfb, 0xde,
    0xfb, 0xde, 0xfb, 0xde, 0xfb, 0xde, 0xfb, 0xde, 0xfb, 0xde, 0xfb, 0xde, 0xfb, 0xde, 0xdb, 0xde,
    0xfa, 0xde, 0xdb, 0xde, 0xdb, 0xde, 0xdb, 0xde, 0xdb, 0xde, 0xdb, 0xde, 0xdb, 0xde, 0xdb, 0xde,
    0xda, 0xde, 0xda, 0xde, 0xda, 0xde, 0xda, 0xde, 0xda, 0xde, 0xda, 0xde, 0xda, 0xde, 0xda, 0xde,
    0xda, 0xde, 0xda, 0xde, 0xda, 0xde, 0xba, 0xd6, 0xba, 0xd6, 0xba, 0xd6, 0xba, 0xd6, 0xba, 0xd6,
    0xba, 0xd6, 0xba, 0xd6, 0xba, 0xd6, 0xba, 0xd6, 0xba, 0xd6, 0xba, 0xd6, 0xba, 0xd6, 0xba, 0xd6,
    0xba, 0xd6, 0xba, 0xd6, 0xba, 0xd6, 0xba, 0xd6, 0xba, 0xd6, 0xba, 0xd6, 0xba, 0xd6, 0xba, 0xd6,
    0xba, 0xd6, 0xba, 0xd6, 0xba, 0xd6, 0xba, 0xd6, 0xda, 0xd6, 0xda, 0xd6, 0xda, 0xd6, 0xda, 0xd6,
    0xff, 0xff, 0xff, 0xff, 0xff, 0xff, 0xff, 0xff, 0xff, 0xff, 0xff, 0xff, 0xff, 0xff, 0xff, 0xff,
    0xfe, 0xff, 0xfe, 0xff, 0xfe, 0xff, 0xfe, 0xff, 0xfe, 0xff, 0xfe, 0xff, 0xfe, 0xff, 0xfe, 0xff,
    0xfe, 0xff, 0xfe, 0xff, 0xfe, 0xff, 0xfe, 0xff, 0xfe, 0xff, 0xfe, 0xff, 0xfe, 0xff, 0xfe, 0xff,
    0xfe, 0xff, 0xfe, 0xff, 0xfe, 0xff, 0xfe, 0xff, 0xfe, 0xff, 0xfe, 0xff, 0xfe, 0xff, 0xfe, 0xff,
    0xfe, 0xff, 0xfe, 0xff, 0xfe, 0xff, 0xfe, 0xff, 0xfe, 0xff, 0xfe, 0xff, 0xfe, 0xff, 0xfe, 0xff,
    0xfe, 0xff, 0xfd, 0xff, 0xfd, 0xff, 0xfe, 0xff, 0xfe, 0xff, 0xfe, 0xff, 0xfe, 0xff, 0xfe, 0xff,
    0xfe, 0xff, 0xfe, 0xff, 0xfe, 0xff, 0xfe, 0xff, 0xfe, 0xff, 0xfe, 0xff, 0xfe, 0xff, 0xfe, 0xff,
    0xfe, 0xff, 0xfe, 0xff, 0xfe, 0xff, 0xfe, 0xff, 0xfe, 0xff, 0xfe, 0xff, 0xfe, 0xff, 0xfe, 0xff,
    0xfe, 0xff, 0xfe, 0xff, 0xfe, 0xff, 0xfe, 0xff, 0xfe, 0xff, 0xfe, 0xff, 0xfe, 0xff, 0xfd, 0xff,
    0xfd, 0xff, 0xdd, 0xff, 0xfd, 0xff, 0xfd, 0xff, 0xfd, 0xff, 0xdd, 0xff, 0xfe, 0xff, 0xfe, 0xff,
    0xde, 0xff, 0xdd, 0xff, 0xdd, 0xff, 0xdd, 0xff, 0xde, 0xff, 0xdd, 0xff, 0xde, 0xff, 0xdd, 0xff,
    0xdd, 0xff, 0xdd, 0xff, 0xdd, 0xff, 0xdd, 0xff, 0xdd, 0xff, 0xdd, 0xff, 0xdd, 0xff, 0xdd, 0xff,
    0xdd, 0xff, 0xdd, 0xff, 0xdd, 0xff, 0xdd, 0xff, 0xdd, 0xff, 0xdd, 0xff, 0xdc, 0xff, 0xdd, 0xff,
    0xdd, 0xff, 0xdd, 0xff, 0xdd, 0xff, 0xdd, 0xff, 0xdd, 0xff, 0xdd, 0xff, 0xdd, 0xff, 0xdd, 0xff,
    0xdd, 0xff, 0xdd, 0xff, 0xdd, 0xff, 0xdd, 0xff, 0xdd, 0xff, 0xdd, 0xff, 0xdd, 0xff, 0xdd, 0xff,
    0xdd, 0xff, 0xdd, 0xff, 0xdd, 0xff, 0xdd, 0xff, 0xdd, 0xff, 0xdd, 0xff, 0xbd, 0xff, 0xbd, 0xff,
    0xbd, 0xff, 0xdd, 0xff, 0xbd, 0xff, 0xbd, 0xff, 0xbd, 0xff, 0xbd, 0xff, 0xbd, 0xff, 0xbd, 0xff,
    0xbd, 0xff, 0xbd, 0xff, 0xbd, 0xff, 0xbd, 0xff, 0xbd, 0xff, 0xbd, 0xff, 0xbd, 0xff, 0xbd, 0xff,
    0xbd, 0xff, 0xbd, 0xff, 0xbd, 0xff, 0xbd, 0xff, 0xbd, 0xff, 0xbd, 0xff, 0xbd, 0xff, 0xbd, 0xff,
    0x9d, 0xff, 0x9d, 0xff, 0x9d, 0xff, 0x9d, 0xff, 0x9d, 0xff, 0x9d, 0xff, 0x9d, 0xff, 0x9d, 0xff,
    0x9d, 0xff, 0x9d, 0xf7, 0x9d, 0xff, 0x9d, 0xff, 0x9d, 0xff, 0x9d, 0xf7, 0x9d, 0xf7, 0x9d, 0xf7,
    0x9d, 0xf7, 0x9d, 0xf7, 0x9d, 0xf7, 0x9d, 0xf7, 0x9c, 0xf7, 0x9c, 0xf7, 0x9c, 0xf7, 0x9d, 0xf7,
    0x9d, 0xf7, 0x9d, 0xf7, 0x9c, 0xf7, 0x9c, 0xf7, 0x9c, 0xf7, 0x9c, 0xf7, 0x9c, 0xf7, 0x9d, 0xf7,
    0x9d, 0xf7, 0x9c, 0xf7, 0x9c, 0xf7, 0x9c, 0xf7, 0x9c, 0xf7, 0x7c, 0xf7, 0x7c, 0xf7, 0x7c, 0xf7,
    0x7c, 0xf7, 0x7c, 0xf7, 0x7c, 0xf7, 0x7c, 0xf7, 0x7c, 0xf7, 0x7c, 0xf7, 0x7c, 0xf7, 0x7c, 0xf7,
    0x7c, 0xf7, 0x7c, 0xef, 0x7c, 0xf7, 0x5c, 0xef, 0x5c, 0xef, 0x5c, 0xef, 0x5c, 0xef, 0x5c, 0xef,
    0x5c, 0xef, 0x5c, 0xef, 0x5c, 0xef, 0x5c, 0xef, 0x5c, 0xef, 0x5c, 0xef, 0x5c, 0xef, 0x5c, 0xef,
    0x5c, 0xef, 0x5c, 0xef, 0x5c, 0xef, 0x5c, 0xef, 0x5c, 0xef, 0x5c, 0xef, 0x5c, 0xef, 0x5c, 0xef,
    0x3c, 0xef, 0x3c, 0xef, 0x3c, 0xef, 0x3c, 0xef, 0x3c, 0xe7, 0x3c, 0xe7, 0x3c, 0xe7, 0x3c, 0xe7,
    0x3c, 0xe7, 0x3c, 0xe7, 0x3c, 0xe7, 0x3c, 0xe7, 0x3c, 0xe7, 0x3c, 0xe7, 0x3c, 0xe7, 0x3c, 0xe7,
    0x3c, 0xe7, 0x3c, 0xe7, 0x3c, 0xe7, 0x3c, 0xe7, 0x3c, 0xe7, 0x3c, 0xe7, 0x1b, 0xe7, 0x1b, 0xe7,
    0x1b, 0xe7, 0x1b, 0xe7, 0x1b, 0xe7, 0x1b, 0xe7, 0x1b, 0xe7, 0x1b, 0xe7, 0x1b, 0xe7, 0x1b, 0xe7,
    0xfb, 0xde, 0xfb, 0xde, 0xfb, 0xde, 0xfb, 0xde, 0xfb, 0xde, 0xfb, 0xde, 0xfb, 0xde, 0xfb, 0xde,
    0xfb, 0xde, 0xfb, 0xde, 0xfb, 0xde, 0xfb, 0xde, 0xfb, 0xde, 0xfb, 0xde, 0xfb, 0xde, 0xdb, 0xde,
    0xda, 0xde, 0xdb, 0xde, 0xdb, 0xde, 0xdb, 0xde, 0xdb, 0xde, 0xdb, 0xde, 0xdb, 0xde, 0xdb, 0xde,
    0xda, 0xde, 0xda, 0xde, 0xda, 0xde, 0xda, 0xde, 0xda, 0xde, 0xda, 0xde, 0xda, 0xde, 0xda, 0xde,
    0xda, 0xde, 0xda, 0xd6, 0xda, 0xd6, 0xba, 0xd6, 0xba, 0xd6, 0xba, 0xd6, 0xba, 0xd6, 0xba, 0xd6,
    0xba, 0xd6, 0xda, 0xd6, 0xba, 0xd6, 0xba, 0xd6, 0xba, 0xd6, 0xba, 0xd6, 0xba, 0xd6, 0xba, 0xd6,
    0xba, 0xd6, 0xba, 0xd6, 0xba, 0xd6, 0xba, 0xd6, 0xba, 0xd6, 0xba, 0xd6, 0xba, 0xd6, 0xba, 0xd6,
    0xba, 0xd6, 0xba, 0xd6, 0xba, 0xd6, 0xba, 0xd6, 0xda, 0xde, 0xda, 0xd6, 0xda, 0xd6, 0xdb, 0xd6,
    0xff, 0xff, 0xff, 0xff, 0xff, 0xff, 0xff, 0xff, 0xff, 0xff, 0xff, 0xff, 0xfe, 0xff, 0xfe, 0xff,
    0xfe, 0xff, 0xfe, 0xff, 0xfe, 0xff, 0xfe, 0xff, 0xfe, 0xff, 0xfe, 0xff, 0xfe, 0xff, 0xfe, 0xff,
    0xfe, 0xff, 0xfe, 0xff, 0xfe, 0xff, 0xfe, 0xff, 0xfe, 0xff, 0xfe, 0xff, 0xfe, 0xff, 0xfe, 0xff,
    0xfe, 0xff, 0xfe, 0xff, 0xfe, 0xff, 0xfe, 0xff, 0xfe, 0xff, 0xfe, 0xff, 0xfe, 0xff, 0xfe, 0xff,
    0xfe, 0xff, 0xfe, 0xff, 0xfe, 0xff, 0xfe, 0xff, 0xfe, 0xff, 0xfe, 0xff, 0xfe, 0xff, 0xfe, 0xff,
    0xfe, 0xff, 0xfe, 0xff, 0xfe, 0xff, 0xfe, 0xff, 0xfe, 0xff, 0xfe, 0xff, 0xfe, 0xff, 0xfe, 0xff,
    0xfe, 0xff, 0xfe, 0xff, 0xfe, 0xff, 0xfe, 0xff, 0xfe, 0xff, 0xfe, 0xff, 0xfe, 0xff, 0xfe, 0xff,
    0xfe, 0xff, 0xfe, 0xff, 0xfe, 0xff, 0xfe, 0xff, 0xfe, 0xff, 0xfe, 0xff, 0xfe, 0xff, 0xfe, 0xff,
    0xfe, 0xff, 0xfe, 0xff, 0xfe, 0xff, 0xfe, 0xff, 0xfe, 0xff, 0xfe, 0xff, 0xfe, 0xff, 0xdd, 0xff,
    0xfd, 0xff, 0xfd, 0xff, 0xdd, 0xff, 0xdd, 0xff, 0xdd, 0xff, 0xdd, 0xff, 0xdd, 0xff, 0xdd, 0xff,
    0xdd, 0xff, 0xdd, 0xff, 0xdd, 0xff, 0xde, 0xff, 0xde, 0xff, 0xdd, 0xff, 0xdd, 0xff, 0xdd, 0xff,
    0xdd, 0xff, 0xdd, 0xff, 0xdd, 0xff, 0xdd, 0xff, 0xdd, 0xff, 0xdd, 0xff, 0xdd, 0xff, 0xdd, 0xff,
    0xdd, 0xff, 0xdd, 0xff, 0xdd, 0xff, 0xdd, 0xff, 0xdd, 0xff, 0xdd, 0xff, 0xdd, 0xff, 0xdd, 0xff,
    0xdd, 0xff, 0xdd, 0xff, 0xdd, 0xff, 0xdd, 0xff, 0xdd, 0xff, 0xdd, 0xff, 0xdd, 0xff, 0xdd, 0xff,
    0xdd, 0xff, 0xdd, 0xff, 0xdd, 0xff, 0xdd, 0xff, 0xdd, 0xff, 0xdd, 0xff, 0xdd, 0xff, 0xdd, 0xff,
    0xdd, 0xff, 0xdd, 0xff, 0xdd, 0xff, 0xdd, 0xff, 0xdd, 0xff, 0xdd, 0xff, 0xdd, 0xff, 0xdd, 0xff,
    0xbd, 0xff, 0xbd, 0xff, 0xbd, 0xff, 0xbd, 0xff, 0xbd, 0xff, 0xbd, 0xff, 0xbd, 0xff, 0xbd, 0xff,
    0xbd, 0xff, 0xbd, 0xff, 0xbd, 0xff, 0xbd, 0xff, 0xbd, 0xff, 0xbd, 0xff, 0xbd, 0xff, 0xbd, 0xff,
    0xbd, 0xff, 0xbd, 0xff, 0xbd, 0xff, 0xbd, 0xff, 0xbd, 0xff, 0xbd, 0xff, 0xbd, 0xff, 0xbd, 0xff,
    0x9d, 0xff, 0x9d, 0xff, 0x9d, 0xff, 0x9d, 0xff, 0x9d, 0xff, 0x9d, 0xff, 0x9d, 0xff, 0x9d, 0xff,
    0x9d, 0xff, 0x9d, 0xff, 0x9d, 0xff, 0x9d, 0xff, 0x9d, 0xff, 0x9d, 0xff, 0x9d, 0xf7, 0x9d, 0xff,
    0x9d, 0xff, 0x9d, 0xff, 0x9d, 0xf7, 0x9c, 0xf7, 0x9d, 0xf7, 0x9c, 0xf7, 0x9d, 0xf7, 0x9d, 0xf7,
    0x9d, 0xf7, 0x9d, 0xf7, 0x9d, 0xf7, 0x9c, 0xf7, 0x9c, 0xf7, 0x9c, 0xf7, 0x9c, 0xf7, 0x9c, 0xf7,
    0x9c, 0xf7, 0x9c, 0xf7, 0x9c, 0xf7, 0x9c, 0xf7, 0x9c, 0xf7, 0x9c, 0xf7, 0x7c, 0xf7, 0x7c, 0xf7,
    0x7c, 0xf7, 0x7c, 0xf7, 0x7c, 0xf7, 0x7c, 0xf7, 0x7c, 0xf7, 0x7c, 0xf7, 0x7c, 0xf7, 0x7c, 0xf7,
    0x7c, 0xf7, 0x7c, 0xf7, 0x5c, 0xef, 0x5c, 0xef, 0x5c, 0xf7, 0x5c, 0xef, 0x5c, 0xef, 0x5c, 0xef,
    0x5c, 0xef, 0x5c, 0xef, 0x5c, 0xef, 0x5c, 0xef, 0x5c, 0xef, 0x5c, 0xef, 0x5c, 0xef, 0x5c, 0xef,
    0x5c, 0xef, 0x5c, 0xef, 0x5c, 0xef, 0x5c, 0xef, 0x5c, 0xef, 0x5c, 0xef, 0x5c, 0xef, 0x5c, 0xef,
    0x5c, 0xef, 0x5c, 0xef, 0x3c, 0xef, 0x3c, 0xef, 0x3c, 0xef, 0x3c, 0xef, 0x3c, 0xef, 0x3c, 0xe7,
    0x3c, 0xe7, 0x3c, 0xe7, 0x3c, 0xe7, 0x3c, 0xe7, 0x3c, 0xe7, 0x3b, 0xe7, 0x3c, 0xe7, 0x3c, 0xe7,
    0x3c, 0xe7, 0x3c, 0xe7, 0x3c, 0xe7, 0x3c, 0xe7, 0x3c, 0xe7, 0x3c, 0xe7, 0x3c, 0xe7, 0x1c, 0xe7,
    0x1c, 0xe7, 0x1b, 0xe7, 0x1b, 0xe7, 0x1b, 0xe7, 0x1b, 0xe7, 0x1b, 0xe7, 0x1b, 0xe7, 0xfb, 0xe6,
    0xfb, 0xe6, 0xfb, 0xe6, 0xfb, 0xde, 0xfb, 0xde, 0xfb, 0xde, 0xfb, 0xde, 0xfb, 0xde, 0xfb, 0xde,
    0xfb, 0xde, 0xfb, 0xde, 0xfb, 0xde, 0xfb, 0xde, 0xfb, 0xde, 0xfb, 0xde, 0xfb, 0xde, 0xfb, 0xde,
    0xdb, 0xde, 0xdb, 0xde, 0xdb, 0xde, 0xdb, 0xde, 0xdb, 0xde, 0xdb, 0xde, 0xdb, 0xde, 0xda, 0xde,
    0xda, 0xde, 0xda, 0xde, 0xda, 0xde, 0xda, 0xde, 0xda, 0xde, 0xda, 0xde, 0xda, 0xde, 0xda, 0xde,
    0xda, 0xd6, 0xba, 0xd6, 0xba, 0xd6, 0xba, 0xd6, 0xba, 0xd6, 0xba, 0xd6, 0xba, 0xd6, 0xba, 0xd6,
    0xba, 0xd6, 0xba, 0xd6, 0xba, 0xd6, 0xba, 0xd6, 0xba, 0xd6, 0xba, 0xd6, 0xba, 0xd6, 0xba, 0xd6,
    0xba, 0xd6, 0xba, 0xd6, 0xba, 0xd6, 0xba, 0xd6, 0xba, 0xd6, 0xba, 0xd6, 0xba, 0xd6, 0xba, 0xd6,
    0xba, 0xd6, 0xba, 0xd6, 0xda, 0xd6, 0xda, 0xd6, 0xda, 0xd6, 0xda, 0xd6, 0xda, 0xd6, 0xda, 0xd6,
    0xff, 0xff, 0xff, 0xff, 0xff, 0xff, 0xff, 0xff, 0xff, 0xff, 0xff, 0xff, 0xff, 0xff, 0xfe, 0xff,
    0xfe, 0xff, 0xfe, 0xff, 0xfe, 0xff, 0xfe, 0xff, 0xfe, 0xff, 0xfe, 0xff, 0xfe, 0xff, 0xfe, 0xff,
    0xfe, 0xff, 0xfe, 0xff, 0xfe, 0xff, 0xfe, 0xff, 0xfe, 0xff, 0xfe, 0xff, 0xfe, 0xff, 0xfe, 0xff,
    0xfe, 0xff, 0xfe, 0xff, 0xfe, 0xff, 0xfe, 0xff, 0xfe, 0xff, 0xfe, 0xff, 0xfe, 0xff, 0xfe, 0xff,
    0xfe, 0xff, 0xfe, 0xff, 0xfe, 0xff, 0xfe, 0xff, 0xfe, 0xff, 0xfe, 0xff, 0xfe, 0xff, 0xfe, 0xff,
    0xfe, 0xff, 0xfe, 0xff, 0xfe, 0xff, 0xfe, 0xff, 0xfe, 0xff, 0xfe, 0xff, 0xfe, 0xff, 0xfe, 0xff,
    0xfe, 0xff, 0xfe, 0xff, 0xfe, 0xff, 0xfe, 0xff, 0xfe, 0xff, 0xfe, 0xff, 0xfe, 0xff, 0xde, 0xff,
    0xfd, 0xff, 0xfe, 0xff, 0xfe, 0xff, 0xfe, 0xff, 0xfe, 0xff, 0xfe, 0xff, 0xfe, 0xff, 0xfe, 0xff,
    0xfe, 0xff, 0xfe, 0xff, 0xfe, 0xff, 0xfe, 0xff, 0xfe, 0xff, 0xfe, 0xff, 0xfe, 0xff, 0xfd, 0xff,
    0xdd, 0xff, 0xdd, 0xff, 0xdd, 0xff, 0xdd, 0xff, 0xdd, 0xff, 0xdd, 0xff, 0xdd, 0xff, 0xdd, 0xff,
    0xfd, 0xff, 0xfe, 0xff, 0xdd, 0xff, 0xdd, 0xff, 0xde, 0xff, 0xdd, 0xff, 0xdd, 0xff, 0xde, 0xff,
    0xdd, 0xff, 0xdd, 0xff, 0xdd, 0xff, 0xdd, 0xff, 0xfd, 0xff, 0xdd, 0xff, 0xdd, 0xff, 0xdd, 0xff,
    0xdd, 0xff, 0xdd, 0xff, 0xdd, 0xff, 0xdd, 0xff, 0xdd, 0xff, 0xdd, 0xff, 0xdd, 0xff, 0xdd, 0xff,
    0xdd, 0xff, 0xdd, 0xff, 0xdd, 0xff, 0xdd, 0xff, 0xdd, 0xff, 0xdd, 0xff, 0xdd, 0xff, 0xdd, 0xff,
    0xdd, 0xff, 0xdd, 0xff, 0xdd, 0xff, 0xdd, 0xff, 0xdd, 0xff, 0xdd, 0xff, 0xdd, 0xff, 0xdd, 0xff,
    0xdd, 0xff, 0xdd, 0xff, 0xdd, 0xff, 0xdd, 0xff, 0xdd, 0xff, 0xdd, 0xff, 0xbd, 0xff, 0xbd, 0xff,
    0xbd, 0xff, 0xbd, 0xff, 0xbd, 0xff, 0xbd, 0xff, 0xbd, 0xff, 0xbd, 0xff, 0xbd, 0xff, 0xbd, 0xff,
    0xbd, 0xff, 0xbd, 0xff, 0xbd, 0xff, 0xbd, 0xff, 0xbd, 0xff, 0xbd, 0xff, 0xbd, 0xff, 0xbd, 0xff,
    0xbd, 0xff, 0xbd, 0xff, 0xbd, 0xff, 0xbd, 0xff, 0xbd, 0xff, 0xbd, 0xff, 0xbd, 0xff, 0xbd, 0xff,
    0xbd, 0xff, 0x9d, 0xff, 0x9d, 0xff, 0x9d, 0xff, 0x9d, 0xff, 0xbd, 0xff, 0x9d, 0xff, 0x9d, 0xff,
    0x9d, 0xff, 0x9d, 0xff, 0x9d, 0xff, 0x9d, 0xff, 0x9d, 0xff, 0x9d, 0xff, 0x9d, 0xf7, 0x9d, 0xf7,
    0x9d, 0xff, 0x9d, 0xff, 0x9d, 0xf7, 0x9c, 0xf7, 0x9c, 0xf7, 0x9d, 0xf7, 0x9d, 0xf7, 0x9d, 0xf7,
    0x9d, 0xf7, 0x9d, 0xf7, 0x9c, 0xf7, 0x9d, 0xf7, 0x9d, 0xf7, 0x9c, 0xf7, 0x9c, 0xf7, 0x9d, 0xf7,
    0x9c, 0xf7, 0x9c, 0xf7, 0x9c, 0xf7, 0x7c, 0xf7, 0x9c, 0xf7, 0x9c, 0xf7, 0x7c, 0xf7, 0x7c, 0xf7,
    0x7c, 0xf7, 0x7c, 0xf7, 0x7c, 0xf7, 0x7d, 0xf7, 0x7c, 0xf7, 0x7c, 0xf7, 0x7c, 0xf7, 0x7b, 0xf7,
    0x7c, 0xef, 0x7c, 0xef, 0x5c, 0xef, 0x5c, 0xf7, 0x5c, 0xef, 0x5c, 0xef, 0x5c, 0xef, 0x5c, 0xef,
    0x5c, 0xef, 0x5c, 0xef, 0x5c, 0xef, 0x5c, 0xef, 0x5c, 0xef, 0x5c, 0xef, 0x5c, 0xef, 0x5c, 0xef,
    0x5c, 0xef, 0x5c, 0xef, 0x5c, 0xef, 0x5c, 0xef, 0x5c, 0xef, 0x5c, 0xef, 0x5c, 0xef, 0x5c, 0xef,
    0x5c, 0xef, 0x3c, 0xef, 0x5c, 0xef, 0x3c, 0xef, 0x3c, 0xef, 0x3c, 0xef, 0x3c, 0xef, 0x3c, 0xe7,
    0x3c, 0xe7, 0x3c, 0xe7, 0x3c, 0xe7, 0x3c, 0xe7, 0x3b, 0xe7, 0x3c, 0xe7, 0x3c, 0xe7, 0x3c, 0xe7,
    0x3c, 0xe7, 0x3c, 0xe7, 0x3c, 0xe7, 0x3c, 0xe7, 0x3c, 0xe7, 0x3c, 0xe7, 0x1c, 0xe7, 0x1c, 0xe7,
    0x1c, 0xe7, 0x1b, 0xe7, 0x1b, 0xe7, 0x1b, 0xe7, 0x1b, 0xe7, 0x1b, 0xe7, 0x1b, 0xe7, 0x1b, 0xe7,
    0xfb, 0xe6, 0xfb, 0xe6, 0xfb, 0xe6, 0xfb, 0xde, 0xfb, 0xde, 0xfb, 0xde, 0xfb, 0xde, 0xfb, 0xde,
    0xfb, 0xde, 0xfb, 0xde, 0xfb, 0xde, 0xfb, 0xde, 0xfb, 0xde, 0xfb, 0xde, 0xfb, 0xde, 0xdb, 0xde,
    0xdb, 0xde, 0xdb, 0xde, 0xdb, 0xde, 0xdb, 0xde, 0xdb, 0xde, 0xdb, 0xde, 0xdb, 0xde, 0xda, 0xde,
    0xda, 0xde, 0xda, 0xde, 0xda, 0xde, 0xda, 0xde, 0xda, 0xde, 0xda, 0xde, 0xda, 0xde, 0xda, 0xde,
    0xda, 0xde, 0xda, 0xde, 0xda, 0xd6, 0xba, 0xd6, 0xba, 0xd6, 0xba, 0xd6, 0xba, 0xd6, 0xba, 0xd6,
    0xba, 0xd6, 0xba, 0xd6, 0xba, 0xd6, 0xba, 0xd6, 0xba, 0xd6, 0xba, 0xd6, 0xba, 0xd6, 0xba, 0xd6,
    0xba, 0xd6, 0xba, 0xd6, 0xba, 0xd6, 0xba, 0xd6, 0xba, 0xd6, 0xba, 0xd6, 0xba, 0xd6, 0xba, 0xd6,
    0xba, 0xd6, 0xba, 0xd6, 0xda, 0xde, 0xda, 0xd6, 0xda, 0xd6, 0xda, 0xde, 0xda, 0xde, 0xda, 0xde,
    0xff, 0xff, 0xff, 0xff, 0xff, 0xff, 0xff, 0xff, 0xff, 0xff, 0xff, 0xff, 0xfe, 0xff, 0xfe, 0xff,
    0xfe, 0xff, 0xfe, 0xff, 0xfe, 0xff, 0xfe, 0xff, 0xfe, 0xff, 0xfe, 0xff, 0xfe, 0xff, 0xfe, 0xff,
    0xfe, 0xff, 0xfe, 0xff, 0xfe, 0xff, 0xfe, 0xff, 0xfe, 0xff, 0xfe, 0xff, 0xfe, 0xff, 0xfe, 0xff,
    0xfe, 0xff, 0xfe, 0xff, 0xfe, 0xff, 0xfe, 0xff, 0xfe, 0xff, 0xfe, 0xff, 0xfe, 0xff, 0xfe, 0xff,
    0xfe, 0xff, 0xfe, 0xff, 0xfe, 0xff, 0xfe, 0xff, 0xfe, 0xff, 0xfe, 0xff, 0xfe, 0xff, 0xfe, 0xff,
    0xfe, 0xff, 0xfe, 0xff, 0xfe, 0xff, 0xfe, 0xff, 0xfe, 0xff, 0xfe, 0xff, 0xfe, 0xff, 0xfe, 0xff,
    0xfe, 0xff, 0xfe, 0xff, 0xfe, 0xff, 0xfe, 0xff, 0xfe, 0xff, 0xfe, 0xff, 0xfe, 0xff, 0xde, 0xff,
    0xfe, 0xff, 0xfe, 0xff, 0xde, 0xff, 0xfe, 0xff, 0xfe, 0xff, 0xfe, 0xff, 0xfe, 0xff, 0xfe, 0xff,
    0xfe, 0xff, 0xfe, 0xff, 0xfe, 0xff, 0xfe, 0xff, 0xfe, 0xff, 0xfe, 0xff, 0xfe, 0xff, 0xfd, 0xff,
    0xfd, 0xff, 0xdd, 0xff, 0xfd, 0xff, 0xfd, 0xff, 0xde, 0xff, 0xdd, 0xff, 0xfe, 0xff, 0xfd, 0xff,
    0xde, 0xff, 0xdd, 0xff, 0xdd, 0xff, 0xdd, 0xff, 0xdd, 0xff, 0xde, 0xff, 0xdd, 0xff, 0xdd, 0xff,
    0xdd, 0xff, 0xdd, 0xff, 0xdd, 0xff, 0xdd, 0xff, 0xdd, 0xff, 0xdd, 0xff, 0xdd, 0xff, 0xdd, 0xff,
    0xdd, 0xff, 0xdd, 0xff, 0xdd, 0xff, 0xdd, 0xff, 0xdd, 0xff, 0xdd, 0xff, 0xdd, 0xff, 0xdd, 0xff,
    0xdd, 0xff, 0xdd, 0xff, 0xdd, 0xff, 0xdd, 0xff, 0xdd, 0xff, 0xdd, 0xff, 0xdd, 0xff, 0xdd, 0xff,
    0xdd, 0xff, 0xdd, 0xff, 0xdd, 0xff, 0xdd, 0xff, 0xdd, 0xff, 0xdd, 0xff, 0xdd, 0xff, 0xdd, 0xff,
    0xdd, 0xff, 0xdd, 0xff, 0xdd, 0xff, 0xdd, 0xff, 0xdd, 0xff, 0xdd, 0xff, 0xbd, 0xff, 0xbd, 0xff,
    0xbd, 0xff, 0xbd, 0xff, 0xbd, 0xff, 0xbd, 0xff, 0xbd, 0xff, 0xbd, 0xff, 0xbd, 0xff, 0xbd, 0xff,
    0xbd, 0xff, 0xbd, 0xff, 0xbd, 0xff, 0xbd, 0xff, 0xbd, 0xff, 0xbd, 0xff, 0xbd, 0xff, 0xbd, 0xff,
    0xbd, 0xff, 0xbd, 0xff, 0xbd, 0xff, 0xbd, 0xff, 0xbd, 0xff, 0xbd, 0xff, 0xbd, 0xff, 0xbd, 0xff,
    0xbd, 0xff, 0xbd, 0xff, 0x9d, 0xff, 0x9d, 0xff, 0xbd, 0xff, 0x9d, 0xff, 0x9d, 0xff, 0x9d, 0xff,
    0x9d, 0xff, 0x9d, 0xff, 0x9d, 0xff, 0x9d, 0xff, 0x9d, 0xff, 0x9d, 0xff, 0x9d, 0xf7, 0x9d, 0xf7,
    0x9d, 0xff, 0x9d, 0xf7, 0x9d, 0xf7, 0x9d, 0xf7, 0x9d, 0xf7, 0x9d, 0xf7, 0x9d, 0xf7, 0x9d, 0xf7,
    0x9d, 0xf7, 0x9c, 0xf7, 0x9d, 0xf7, 0x9c, 0xf7, 0x9d, 0xf7, 0x9d, 0xf7, 0x9c, 0xf7, 0x9d, 0xf7,
    0x9c, 0xf7, 0x9c, 0xf7, 0x9c, 0xf7, 0x7c, 0xf7, 0x7c, 0xf7, 0x9c, 0xf7, 0x7c, 0xf7, 0x7c, 0xf7,
    0x7c, 0xf7, 0x7c, 0xf7, 0x7c, 0xf7, 0x7c, 0xf7, 0x7c, 0xf7, 0x7c, 0xf7, 0x7c, 0xf7, 0x7c, 0xf7,
    0x7c, 0xf7, 0x7c, 0xef, 0x5c, 0xf7, 0x5c, 0xef, 0x5c, 0xef, 0x5c, 0xef, 0x5c, 0xef, 0x5c, 0xef,
    0x5c, 0xef, 0x5c, 0xef, 0x5c, 0xef, 0x5c, 0xef, 0x5c, 0xef, 0x5c, 0xef, 0x5c, 0xef, 0x5c, 0xef,
    0x5c, 0xef, 0x5c, 0xef, 0x5c, 0xef, 0x5c, 0xef, 0x5c, 0xef, 0x5c, 0xef, 0x5c, 0xef, 0x5c, 0xef,
    0x5c, 0xef, 0x5c, 0xef, 0x3c, 0xef, 0x3c, 0xef, 0x3c, 0xef, 0x3c, 0xe7, 0x3c, 0xe7, 0x3c, 0xe7,
    0x3c, 0xef, 0x3c, 0xe7, 0x3c, 0xe7, 0x3c, 0xe7, 0x3b, 0xe7, 0x3c, 0xe7, 0x3c, 0xe7, 0x3c, 0xe7,
    0x3c, 0xe7, 0x3c, 0xe7, 0x3c, 0xe7, 0x3c, 0xe7, 0x3c, 0xe7, 0x1c, 0xe7, 0x1b, 0xe7, 0x1b, 0xe7,
    0x1b, 0xe7, 0x1b, 0xe7, 0x1b, 0xe7, 0x1b, 0xe7, 0x1b, 0xe7, 0x1b, 0xe7, 0x1b, 0xe7, 0xfb, 0xe6,
    0xfb, 0xe6, 0xfb, 0xde, 0xfb, 0xe6, 0xfb, 0xde, 0xfb, 0xde, 0xfb, 0xde, 0xfb, 0xde, 0xfb, 0xde,
    0xfb, 0xde, 0xfb, 0xde, 0xfb, 0xde, 0xfb, 0xde, 0xfb, 0xde, 0xfb, 0xde, 0xfb, 0xde, 0xdb, 0xde,
    0xdb, 0xde, 0xdb, 0xde, 0xdb, 0xde, 0xdb, 0xde, 0xdb, 0xde, 0xda, 0xde, 0xda, 0xde, 0xda, 0xde,
    0xda, 0xde, 0xda, 0xde, 0xda, 0xde, 0xda, 0xde, 0xda, 0xde, 0xda, 0xde, 0xda, 0xde, 0xda, 0xde,
    0xda, 0xde, 0xda, 0xde, 0xda, 0xde, 0xba, 0xd6, 0xba, 0xd6, 0xba, 0xd6, 0xba, 0xd6, 0xba, 0xd6,
    0xba, 0xd6, 0xba, 0xd6, 0xba, 0xd6, 0xba, 0xd6, 0xba, 0xd6, 0xba, 0xd6, 0xba, 0xd6, 0xba, 0xd6,
    0xba, 0xd6, 0xba, 0xd6, 0xba, 0xd6, 0xba, 0xd6, 0xba, 0xd6, 0xba, 0xd6, 0xba, 0xd6, 0xba, 0xd6,
    0xba, 0xd6, 0xda, 0xd6, 0xda, 0xd6, 0xda, 0xd6, 0xda, 0xd6, 0xda, 0xd6, 0xda, 0xd6, 0xda, 0xd6,
    0xff, 0xff, 0xff, 0xff, 0xff, 0xff, 0xff, 0xff, 0xff, 0xff, 0xff, 0xff, 0xff, 0xff, 0xfe, 0xff,
    0xfe, 0xff, 0xfe, 0xff, 0xfe, 0xff, 0xfe, 0xff, 0xfe, 0xff, 0xfe, 0xff, 0xfe, 0xff, 0xfe, 0xff,
    0xfe, 0xff, 0xfe, 0xff, 0xfe, 0xff, 0xfe, 0xff, 0xfe, 0xff, 0xfe, 0xff, 0xfe, 0xff, 0xfe, 0xff,
    0xfe, 0xff, 0xfe, 0xff, 0xfe, 0xff, 0xfe, 0xff, 0xfe, 0xff, 0xfe, 0xff, 0xfe, 0xff, 0xfe, 0xff,
    0xfe, 0xff, 0xfe, 0xff, 0xfe, 0xff, 0xfe, 0xff, 0xfe, 0xff, 0xfe, 0xff, 0xfe, 0xff, 0xfe, 0xff,
    0xfe, 0xff, 0xfe, 0xff, 0xfe, 0xff, 0xfe, 0xff, 0xfe, 0xff, 0xfe, 0xff, 0xfe, 0xff, 0xfe, 0xff,
    0xfe, 0xff, 0xfe, 0xff, 0xfe, 0xff, 0xfe, 0xff, 0xde, 0xff, 0xde, 0xff, 0xfe, 0xff, 0xfe, 0xff,
    0xdd, 0xff, 0xdd, 0xff, 0xde, 0xff, 0xde, 0xff, 0xfe, 0xff, 0xfe, 0xff, 0xfe, 0xff, 0xfe, 0xff,
    0xfe, 0xff, 0xfe, 0xff, 0xfe, 0xff, 0xfe, 0xff, 0xfe, 0xff, 0xfe, 0xff, 0xfe, 0xff, 0xfd, 0xff,
    0xdd, 0xff, 0xdd, 0xff, 0xde, 0xff, 0xdd, 0xff, 0xfe, 0xff, 0xde, 0xff, 0xdd, 0xff, 0xde, 0xff,
    0xdd, 0xff, 0xdd, 0xff, 0xdd, 0xff, 0xdd, 0xff, 0xdd, 0xff, 0xdd, 0xff, 0xdd, 0xff, 0xdd, 0xff,
    0xdd, 0xff, 0xdd, 0xff, 0xdd, 0xff, 0xdd, 0xff, 0xdd, 0xff, 0xdd, 0xff, 0xdd, 0xff, 0xdd, 0xff,
    0xdd, 0xff, 0xdd, 0xff, 0xdd, 0xff, 0xdd, 0xff, 0xdd, 0xff, 0xdd, 0xff, 0xdd, 0xff, 0xdd, 0xff,
    0xdd, 0xff, 0xdd, 0xff, 0xdd, 0xff, 0xdd, 0xff, 0xdd, 0xff, 0xdd, 0xff, 0xdd, 0xff, 0xdd, 0xff,
    0xdd, 0xff, 0xdd, 0xff, 0xdd, 0xff, 0xdd, 0xff, 0xdd, 0xff, 0xdd, 0xff, 0xdd, 0xff, 0xdd, 0xff,
    0xdd, 0xff, 0xdd, 0xff, 0xdd, 0xff, 0xdd, 0xff, 0xdd, 0xff, 0xdd, 0xff, 0xbd, 0xff, 0xbd, 0xff,
    0xbd, 0xff, 0xbd, 0xff, 0xbd, 0xff, 0xbd, 0xff, 0xbd, 0xff, 0xbd, 0xff, 0xbd, 0xff, 0xbd, 0xff,
    0xbd, 0xff, 0xbd, 0xff, 0xbd, 0xff, 0xbd, 0xff, 0xbd, 0xff, 0xbd, 0xff, 0xbd, 0xff, 0xbd, 0xff,
    0xbd, 0xff, 0xbd, 0xff, 0xbd, 0xff, 0xbd, 0xff, 0xbd, 0xff, 0xbd, 0xff, 0xbd, 0xff, 0xbd, 0xff,
    0xbd, 0xff, 0x9d, 0xff, 0x9d, 0xff, 0x9d, 0xff, 0x9d, 0xff, 0x9d, 0xff, 0x9d, 0xff, 0x9d, 0xff,
    0x9d, 0xff, 0x9d, 0xff, 0x9d, 0xff, 0x9d, 0xf7, 0x9d, 0xf7, 0x9d, 0xf7, 0x9d, 0xff, 0x9d, 0xff,
    0x9d, 0xff, 0x9d, 0xff, 0x9c, 0xf7, 0x9c, 0xf7, 0x9d, 0xf7, 0x9d, 0xf7, 0x9d, 0xf7, 0x9d, 0xf7,
    0x9c, 0xf7, 0x9c, 0xf7, 0x9c, 0xf7, 0x9c, 0xf7, 0x9c, 0xf7, 0x9c, 0xf7, 0x9d, 0xf7, 0x9d, 0xf7,
    0x9c, 0xf7, 0x7c, 0xf7, 0x9c, 0xf7, 0x9c, 0xf7, 0x7c, 0xf7, 0x9c, 0xf7, 0x7c, 0xf7, 0x7c, 0xf7,
    0x7c, 0xf7, 0x7c, 0xf7, 0x7c, 0xf7, 0x7c, 0xf7, 0x7c, 0xf7, 0x7c, 0xf7, 0x7c, 0xf7, 0x7c, 0xf7,
    0x7c, 0xf7, 0x7c, 0xf7, 0x5c, 0xf7, 0x5c, 0xef, 0x5c, 0xef, 0x5c, 0xef, 0x5c, 0xef, 0x5c, 0xef,
    0x5c, 0xef, 0x5c, 0xef, 0x5c, 0xef, 0x5c, 0xef, 0x5c, 0xef, 0x5c, 0xef, 0x5c, 0xef, 0x5c, 0xef,
    0x5c, 0xef, 0x5c, 0xef, 0x5c, 0xef, 0x5c, 0xef, 0x5c, 0xef, 0x5c, 0xef, 0x5c, 0xef, 0x5c, 0xef,
    0x5c, 0xef, 0x5c, 0xef, 0x5c, 0xef, 0x3c, 0xef, 0x3c, 0xef, 0x3c, 0xe7, 0x3c, 0xef, 0x3c, 0xe7,
    0x3c, 0xef, 0x3c, 0xe7, 0x3c, 0xe7, 0x3c, 0xe7, 0x3c, 0xe7, 0x3c, 0xe7, 0x3c, 0xe7, 0x3c, 0xe7,
    0x3c, 0xe7, 0x3c, 0xe7, 0x3c, 0xe7, 0x3c, 0xe7, 0x1b, 0xe7, 0x1b, 0xe7, 0x1b, 0xe7, 0x1b, 0xe7,
    0x1b, 0xe7, 0x1b, 0xe7, 0x1b, 0xe7, 0x1b, 0xe7, 0x1b, 0xe7, 0x1b, 0xe7, 0x1b, 0xe7, 0x1b, 0xdf,
    0xfb, 0xde, 0xfb, 0xde, 0xfb, 0xde, 0xfb, 0xde, 0xfb, 0xde, 0xfb, 0xde, 0xfb, 0xde, 0xfb, 0xde,
    0xfb, 0xde, 0xfb, 0xde, 0xfb, 0xde, 0xfb, 0xde, 0xfb, 0xde, 0xfb, 0xde, 0xdb, 0xde, 0xdb, 0xde,
    0xdb, 0xde, 0xdb, 0xde, 0xdb, 0xde, 0xdb, 0xde, 0xdb, 0xde, 0xdb, 0xde, 0xda, 0xde, 0xda, 0xde,
    0xdb, 0xde, 0xda, 0xde, 0xda, 0xde, 0xda, 0xde, 0xda, 0xde, 0xda, 0xde, 0xda, 0xde, 0xda, 0xde,
    0xda, 0xde, 0xda, 0xd6, 0xba, 0xd6, 0xda, 0xd6, 0xba, 0xd6, 0xba, 0xd6, 0xba, 0xd6, 0xba, 0xd6,
    0xba, 0xd6, 0xba, 0xd6, 0xba, 0xd6, 0xba, 0xd6, 0xba, 0xd6, 0xba, 0xd6, 0xba, 0xd6, 0xba, 0xd6,
    0xba, 0xd6, 0xba, 0xd6, 0xba, 0xd6, 0xba, 0xd6, 0xba, 0xd6, 0xba, 0xd6, 0xba, 0xd6, 0xba, 0xd6,
    0xba, 0xd6, 0xba, 0xd6, 0xba, 0xd6, 0xda, 0xd6, 0xda, 0xd6, 0xda, 0xd6, 0xda, 0xd6, 0xda, 0xd6,
    0xff, 0xff, 0xff, 0xff, 0xff, 0xff, 0xff, 0xff, 0xff, 0xff, 0xff, 0xff, 0xff, 0xff, 0xff, 0xff,
    0xfe, 0xff, 0xfe, 0xff, 0xfe, 0xff, 0xfe, 0xff, 0xfe, 0xff, 0xfe, 0xff, 0xfe, 0xff, 0xfe, 0xff,
    0xfe, 0xff, 0xfe, 0xff, 0xfe, 0xff, 0xfe, 0xff, 0xfe, 0xff, 0xfe, 0xff, 0xfe, 0xff, 0xfe, 0xff,
    0xfe, 0xff, 0xfe, 0xff, 0xfe, 0xff, 0xfe, 0xff, 0xfe, 0xff, 0xfe, 0xff, 0xfe, 0xff, 0xfe, 0xff,
    0xfe, 0xff, 0xfe, 0xff, 0xfe, 0xff, 0xfe, 0xff, 0xfe, 0xff, 0xfe, 0xff, 0xfe, 0xff, 0xfe, 0xff,
    0xfe, 0xff, 0xfe, 0xff, 0xfe, 0xff, 0xfe, 0xff, 0xfe, 0xff, 0xfe, 0xff, 0xfe, 0xff, 0xfe, 0xff,
    0xfe, 0xff, 0xfe, 0xff, 0xfe, 0xff, 0xfe, 0xff, 0xfe, 0xff, 0xde, 0xff, 0xde, 0xff, 0xde, 0xff,
    0xfd, 0xff, 0xdd, 0xff, 0xdd, 0xff, 0xde, 0xff, 0xfe, 0xff, 0xfe, 0xff, 0xfe, 0xff, 0xfe, 0xff,
    0xfe, 0xff, 0xfe, 0xff, 0xde, 0xff, 0xfd, 0xff, 0xfd, 0xff, 0xde, 0xff, 0xfe, 0xff, 0xfe, 0xff,
    0xde, 0xff, 0xdd, 0xff, 0xdd, 0xff, 0xdd, 0xff, 0xfe, 0xff, 0xde, 0xff, 0xfd, 0xff, 0xdd, 0xff,
    0xdd, 0xff, 0xdd, 0xff, 0xdd, 0xff, 0xdd, 0xff, 0xdd, 0xff, 0xdd, 0xff, 0xdd, 0xff, 0xdd, 0xff,
    0xdd, 0xff, 0xdd, 0xff, 0xdd, 0xff, 0xdd, 0xff, 0xdd, 0xff, 0xdd, 0xff, 0xdd, 0xff, 0xdd, 0xff,
    0xdd, 0xff, 0xdd, 0xff, 0xdd, 0xff, 0xdd, 0xff, 0xdd, 0xff, 0xdd, 0xff, 0xdd, 0xff, 0xdd, 0xff,
    0xdd, 0xff, 0xdd, 0xff, 0xdd, 0xff, 0xdd, 0xff, 0xdd, 0xff, 0xdd, 0xff, 0xdd, 0xff, 0xdd, 0xff,
    0xdd, 0xff, 0xdd, 0xff, 0xdd, 0xff, 0xdd, 0xff, 0xdd, 0xff, 0xdd, 0xff, 0xdd, 0xff, 0xdd, 0xff,
    0xdd, 0xff, 0xdd, 0xff, 0xdd, 0xff, 0xdd, 0xff, 0xdd, 0xff, 0xbd, 0xff, 0xbd, 0xff, 0xbd, 0xff,
    0xbd, 0xff, 0xbd, 0xff, 0xbd, 0xff, 0xbd, 0xff, 0xbd, 0xff, 0xbd, 0xff, 0xbd, 0xff, 0xbd, 0xff,
    0xbd, 0xff, 0xbd, 0xff, 0xbd, 0xff, 0xbd, 0xff, 0xbd, 0xff, 0xbd, 0xff, 0xbd, 0xff, 0xbd, 0xff,
    0xbd, 0xff, 0xbd, 0xff, 0xbd, 0xff, 0xbd, 0xff, 0xbd, 0xff, 0xbd, 0xff, 0xbd, 0xff, 0xbd, 0xff,
    0xbd, 0xff, 0xbd, 0xff, 0x9d, 0xff, 0x9d, 0xff, 0x9d, 0xff, 0x9d, 0xff, 0x9d, 0xff, 0x9d, 0xff,
    0x9d, 0xff, 0x9d, 0xff, 0x9d, 0xff, 0x9d, 0xf7, 0x9d, 0xff, 0x9d, 0xff, 0x9d, 0xff, 0x9d, 0xff,
    0x9d, 0xf7, 0x9d, 0xff, 0x9c, 0xf7, 0x9c, 0xf7, 0x9d, 0xf7, 0x9d, 0xf7, 0x9c, 0xf7, 0x9c, 0xf7,
    0x9c, 0xf7, 0x9c, 0xf7, 0x9c, 0xf7, 0x9d, 0xf7, 0x9d, 0xf7, 0x9c, 0xf7, 0x9c, 0xf7, 0x9c, 0xf7,
    0x9c, 0xf7, 0x7c, 0xf7, 0x9c, 0xf7, 0x9c, 0xf7, 0x9c, 0xf7, 0x7c, 0xf7, 0x7c, 0xf7, 0x7c, 0xf7,
    0x7c, 0xf7, 0x7c, 0xf7, 0x7c, 0xf7, 0x7c, 0xf7, 0x7c, 0xf7, 0x7c, 0xf7, 0x7c, 0xf7, 0x7c, 0xf7,
    0x7c, 0xf7, 0x7c, 0xf7, 0x5c, 0xef, 0x5c, 0xef, 0x5c, 0xef, 0x5c, 0xef, 0x5c, 0xf7, 0x5c, 0xef,
    0x5c, 0xef, 0x5c, 0xef, 0x5c, 0xef, 0x5c, 0xef, 0x5c, 0xef, 0x5c, 0xef, 0x5c, 0xef, 0x5c, 0xef,
    0x5c, 0xef, 0x5c, 0xef, 0x5c, 0xef, 0x5c, 0xef, 0x5c, 0xef, 0x5c, 0xef, 0x5c, 0xef, 0x5c, 0xef,
    0x5c, 0xef, 0x5c, 0xef, 0x5c, 0xef, 0x3c, 0xef, 0x3c, 0xef, 0x3c, 0xef, 0x3c, 0xef, 0x3c, 0xef,
    0x3c, 0xef, 0x3c, 0xef, 0x3c, 0xef, 0x3c, 0xe7, 0x3c, 0xe7, 0x3c, 0xe7, 0x3c, 0xe7, 0x3c, 0xe7,
    0x3c, 0xe7, 0x3c, 0xe7, 0x1b, 0xe7, 0x1b, 0xe7, 0x1c, 0xe7, 0x1b, 0xe7, 0x1b, 0xe7, 0x1b, 0xe7,
    0x1b, 0xe7, 0x1b, 0xe7, 0x1b, 0xe7, 0x1b, 0xe7, 0x1b, 0xe7, 0x1b, 0xe7, 0xfb, 0xe6, 0xfb, 0xde,
    0xfb, 0xe6, 0xfb, 0xde, 0xfb, 0xe6, 0xfb, 0xde, 0xfb, 0xde, 0xfb, 0xde, 0xfb, 0xde, 0xfb, 0xde,
    0xfb, 0xde, 0xfb, 0xde, 0xfb, 0xde, 0xfb, 0xde, 0xfb, 0xde, 0xfb, 0xde, 0xdb, 0xde, 0xdb, 0xde,
    0xdb, 0xde, 0xdb, 0xde, 0xdb, 0xde, 0xdb, 0xde, 0xda, 0xde, 0xda, 0xde, 0xda, 0xde, 0xda, 0xde,
    0xda, 0xde, 0xda, 0xde, 0xda, 0xde, 0xda, 0xde, 0xda, 0xde, 0xda, 0xde, 0xda, 0xde, 0xda, 0xde,
    0xda, 0xd6, 0xda, 0xd6, 0xba, 0xd6, 0xba, 0xde, 0xba, 0xd6, 0xba, 0xd6, 0xba, 0xd6, 0xba, 0xd6,
    0xba, 0xd6, 0xba, 0xd6, 0xba, 0xd6, 0xba, 0xd6, 0xba, 0xd6, 0xba, 0xd6, 0xba, 0xd6, 0xba, 0xd6,
    0xba, 0xd6, 0xba, 0xd6, 0xba, 0xd6, 0xba, 0xd6, 0xba, 0xd6, 0xba, 0xd6, 0xba, 0xd6, 0xba, 0xd6,
    0xba, 0xd6, 0xba, 0xd6, 0xba, 0xd6, 0xba, 0xd6, 0xda, 0xd6, 0xda, 0xde, 0xba, 0xd6, 0xda, 0xd6,
    0xff, 0xff, 0xff, 0xff, 0xff, 0xff, 0xff, 0xff, 0xff, 0xff, 0xff, 0xff, 0xff, 0xff, 0xfe, 0xff,
    0xfe, 0xff, 0xfe, 0xff, 0xfe, 0xff, 0xfe, 0xff, 0xfe, 0xff, 0xfe, 0xff, 0xfe, 0xff, 0xfe, 0xff,
    0xfe, 0xff, 0xfe, 0xff, 0xfe, 0xff, 0xfe, 0xff, 0xfe, 0xff, 0xfe, 0xff, 0xfe, 0xff, 0xfe, 0xff,
    0xfe, 0xff, 0xfe, 0xff, 0xfe, 0xff, 0xfe, 0xff, 0xfe, 0xff, 0xfe, 0xff, 0xfe, 0xff, 0xfe, 0xff,
    0xfe, 0xff, 0xfe, 0xff, 0xfe, 0xff, 0xfe, 0xff, 0xfe, 0xff, 0xfe, 0xff, 0xfe, 0xff, 0xfe, 0xff,
    0xfe, 0xff, 0xfe, 0xff, 0xfe, 0xff, 0xfe, 0xff, 0xfe, 0xff, 0xfe, 0xff, 0xfe, 0xff, 0xfe, 0xff,
    0xfe, 0xff, 0xfe, 0xff, 0xfe, 0xff, 0xfe, 0xff, 0xde, 0xff, 0xde, 0xff, 0xdd, 0xff, 0xdd, 0xff,
    0xde, 0xff, 0xde, 0xff, 0xdd, 0xff, 0xfe, 0xff, 0xfe, 0xff, 0xfe, 0xff, 0xfe, 0xff, 0xfe, 0xff,
    0xde, 0xff, 0xde, 0xff, 0xde, 0xff, 0xfe, 0xff, 0xdd, 0xff, 0xdd, 0xff, 0xdd, 0xff, 0xde, 0xff,
    0xde, 0xff, 0xdd, 0xff, 0xdd, 0xff, 0xfd, 0xff, 0xdd, 0xff, 0xde, 0xff, 0xdd, 0xff, 0xdd, 0xff,
    0xdd, 0xff, 0xdd, 0xff, 0xdd, 0xff, 0xdd, 0xff, 0xdd, 0xff, 0xde, 0xff, 0xdd, 0xff, 0xdd, 0xff,
    0xdd, 0xff, 0xdd, 0xff, 0xdd, 0xff, 0xdd, 0xff, 0xdd, 0xff, 0xdd, 0xff, 0xdd, 0xff, 0xdd, 0xff,
    0xdd, 0xff, 0xdd, 0xff, 0xdd, 0xff, 0xdd, 0xff, 0xdd, 0xff, 0xdd, 0xff, 0xdd, 0xff, 0xdd, 0xff,
    0xdd, 0xff, 0xdd, 0xff, 0xdd, 0xff, 0xdd, 0xff, 0xdd, 0xff, 0xdd, 0xff, 0xdd, 0xff, 0xdd, 0xff,
    0xdd, 0xff, 0xdd, 0xff, 0xdd, 0xff, 0xdd, 0xff, 0xdd, 0xff, 0xdd, 0xff, 0xdd, 0xff, 0xdd, 0xff,
    0xdd, 0xff, 0xdd, 0xff, 0xdd, 0xff, 0xdd, 0xff, 0xdd, 0xff, 0xbd, 0xff, 0xbd, 0xff, 0xbd, 0xff,
    0xbd, 0xff, 0xbd, 0xff, 0xbd, 0xff, 0xbd, 0xff, 0xbd, 0xff, 0xbd, 0xff, 0xbd, 0xff, 0xbd, 0xff,
    0xbd, 0xff, 0xbd, 0xff, 0xbd, 0xff, 0xbd, 0xff, 0xbd, 0xff, 0xbd, 0xff, 0xbd, 0xff, 0xbd, 0xff,
    0xbd, 0xff, 0xbd, 0xff, 0xbd, 0xff, 0xbd, 0xff, 0xbd, 0xff, 0xbd, 0xff, 0xbd, 0xff, 0xbd, 0xff,
    0xbd, 0xff, 0x9d, 0xff, 0x9d, 0xff, 0x9d, 0xff, 0x9d, 0xff, 0x9d, 0xff, 0x9d, 0xff, 0x9d, 0xff,
    0x9d, 0xf7, 0x9c, 0xf7, 0x9c, 0xf7, 0x9d, 0xff, 0x9d, 0xff, 0x9d, 0xf7, 0x9d, 0xff, 0x9d, 0xff,
    0x9d, 0xff, 0x9d, 0xf7, 0x9c, 0xf7, 0x9c, 0xf7, 0x9c, 0xf7, 0x9c, 0xf7, 0x9d, 0xf7, 0x9c, 0xf7,
    0x9c, 0xf7, 0x9c, 0xf7, 0x9c, 0xf7, 0x9c, 0xf7, 0x9c, 0xf7, 0x9c, 0xf7, 0x9c, 0xf7, 0x9c, 0xf7,
    0x9c, 0xf7, 0x9c, 0xf7, 0x7c, 0xf7, 0x7c, 0xf7, 0x7c, 0xf7, 0x7c, 0xf7, 0x7c, 0xf7, 0x7c, 0xf7,
    0x7c, 0xf7, 0x7c, 0xf7, 0x7c, 0xf7, 0x7c, 0xf7, 0x7c, 0xf7, 0x7c, 0xf7, 0x7c, 0xf7, 0x7c, 0xf7,
    0x7c, 0xf7, 0x7c, 0xf7, 0x5c, 0xef, 0x7c, 0xef, 0x7c, 0xef, 0x5c, 0xef, 0x5c, 0xf7, 0x5c, 0xef,
    0x5c, 0xef, 0x5c, 0xef, 0x5c, 0xef, 0x5c, 0xef, 0x5c, 0xef, 0x5c, 0xef, 0x5c, 0xef, 0x5c, 0xef,
    0x5c, 0xef, 0x5c, 0xef, 0x5c, 0xef, 0x5c, 0xef, 0x5c, 0xef, 0x5c, 0xef, 0x5c, 0xef, 0x5c, 0xef,
    0x5c, 0xef, 0x5c, 0xef, 0x3c, 0xef, 0x3c, 0xef, 0x3c, 0xef, 0x3c, 0xe7, 0x3c, 0xef, 0x3c, 0xef,
    0x3c, 0xef, 0x3c, 0xef, 0x3c, 0xef, 0x3c, 0xe7, 0x3b, 0xe7, 0x3c, 0xe7, 0x3c, 0xe7, 0x3c, 0xe7,
    0x1b, 0xe7, 0x1b, 0xe7, 0x1b, 0xe7, 0x1b, 0xe7, 0x1b, 0xe7, 0x1b, 0xe7, 0x1b, 0xe7, 0x1b, 0xe7,
    0x1b, 0xe7, 0x1b, 0xe7, 0x1b, 0xe7, 0x1b, 0xe7, 0x1b, 0xe7, 0x1b, 0xe7, 0xfb, 0xe6, 0xfb, 0xe6,
    0xfb, 0xe6, 0xfb, 0xde, 0xfb, 0xde, 0xfb, 0xde, 0xfb, 0xde, 0xfb, 0xde, 0xfb, 0xde, 0xfb, 0xde,
    0xfb, 0xde, 0xfb, 0xde, 0xfb, 0xde, 0xfb, 0xde, 0xfb, 0xde, 0xfb, 0xde, 0xfb, 0xde, 0xdb, 0xde,
    0xdb, 0xde, 0xdb, 0xde, 0xda, 0xde, 0xdb, 0xde, 0xdb, 0xde, 0xdb, 0xde, 0xda, 0xde, 0xda, 0xde,
    0xda, 0xde, 0xda, 0xde, 0xdb, 0xde, 0xda, 0xde, 0xda, 0xde, 0xda, 0xde, 0xda, 0xde, 0xda, 0xde,
    0xda, 0xd6, 0xba, 0xd6, 0xba, 0xd6, 0xba, 0xd6, 0xba, 0xd6, 0xba, 0xd6, 0xba, 0xd6, 0xba, 0xd6,
    0xba, 0xd6, 0xba, 0xd6, 0xba, 0xd6, 0xba, 0xd6, 0xba, 0xd6, 0xba, 0xd6, 0xba, 0xd6, 0xba, 0xd6,
    0xba, 0xd6, 0xba, 0xd6, 0xba, 0xd6, 0xba, 0xd6, 0xba, 0xd6, 0xba, 0xd6, 0xba, 0xd6, 0xba, 0xd6,
    0xba, 0xd6, 0xda, 0xde, 0xda, 0xde, 0xda, 0xd6, 0xda, 0xd6, 0xda, 0xd6, 0xba, 0xd6, 0xda, 0xd6,
    0xff, 0xff, 0xff, 0xff, 0xff, 0xff, 0xff, 0xff, 0xff, 0xff, 0xff, 0xff, 0xfe, 0xff, 0xfe, 0xff,
    0xfe, 0xff, 0xfe, 0xff, 0xfd, 0xff, 0xfe, 0xff, 0xfe, 0xff, 0xfe, 0xff, 0xfe, 0xff, 0xfe, 0xff,
    0xfe, 0xff, 0xfe, 0xff, 0xfe, 0xff, 0xfe, 0xff, 0xfe, 0xff, 0xfe, 0xff, 0xfe, 0xff, 0xfe, 0xff,
    0xfe, 0xff, 0xfe, 0xff, 0xfe, 0xff, 0xfe, 0xff, 0xfe, 0xff, 0xfe, 0xff, 0xfe, 0xff, 0xfe, 0xff,
    0xfe, 0xff, 0xfe, 0xff, 0xfe, 0xff, 0xfe, 0xff, 0xfe, 0xff, 0xfe, 0xff, 0xfe, 0xff, 0xfe, 0xff,
    0xfe, 0xff, 0xfe, 0xff, 0xfe, 0xff, 0xfe, 0xff, 0xfe, 0xff, 0xfe, 0xff, 0xfe, 0xff, 0xfe, 0xff,
    0xfe, 0xff, 0xfe, 0xff, 0xfe, 0xff, 0xfe, 0xff, 0xdd, 0xff, 0xdd, 0xff, 0xdd, 0xff, 0xdd, 0xff,
    0xde, 0xff, 0xdd, 0xff, 0xdd, 0xff, 0xde, 0xff, 0xde, 0xff, 0xde, 0xff, 0xde, 0xff, 0xdd, 0xff,
    0xfe, 0xff, 0xfe, 0xff, 0xfe, 0xff, 0xde, 0xff, 0xdd, 0xff, 0xdd, 0xff, 0xdd, 0xff, 0xde, 0xff,
    0xde, 0xff, 0xdd, 0xff, 0xdd, 0xff, 0xdd, 0xff, 0xdd, 0xff, 0xdd, 0xff, 0xdd, 0xff, 0xdd, 0xff,
    0xfd, 0xff, 0xdd, 0xff, 0xdd, 0xff, 0xdd, 0xff, 0xdd, 0xff, 0xdd, 0xff, 0xdd, 0xff, 0xdd, 0xff,
    0xdd, 0xff, 0xdd, 0xff, 0xdd, 0xff, 0xdd, 0xff, 0xdd, 0xff, 0xdd, 0xff, 0xdd, 0xff, 0xdd, 0xff,
    0xdd, 0xff, 0xdd, 0xff, 0xdd, 0xff, 0xdd, 0xff, 0xdd, 0xff, 0xdd, 0xff, 0xdd, 0xff, 0xdd, 0xff,
    0xdd, 0xff, 0xdd, 0xff, 0xdd, 0xff, 0xdd, 0xff, 0xdd, 0xff, 0xdd, 0xff, 0xdd, 0xff, 0xdd, 0xff,
    0xdd, 0xff, 0xdd, 0xff, 0xdd, 0xff, 0xdd, 0xff, 0xdd, 0xff, 0xdd, 0xff, 0xdd, 0xff, 0xdd, 0xff,
    0xdd, 0xff, 0xdd, 0xff, 0xdd, 0xff, 0xbd, 0xff, 0xbd, 0xff, 0xbd, 0xff, 0xbd, 0xff, 0xbd, 0xff,
    0xbd, 0xff, 0xbd, 0xff, 0xbd, 0xff, 0xbd, 0xff, 0xbd, 0xff, 0xbd, 0xff, 0xbd, 0xff, 0xbd, 0xff,
    0xbd, 0xff, 0xbd, 0xff, 0xbd, 0xff, 0xbd, 0xff, 0xbd, 0xff, 0xbd, 0xff, 0xbd, 0xff, 0xbd, 0xff,
    0xbd, 0xff, 0xbd, 0xff, 0xbd, 0xff, 0xbd, 0xff, 0xbd, 0xff, 0xbd, 0xff, 0xbd, 0xff, 0xbd, 0xff,
    0xbd, 0xff, 0xbd, 0xff, 0x9d, 0xff, 0x9d, 0xff, 0x9d, 0xff, 0x9d, 0xff, 0x9d, 0xff, 0x9d, 0xff,
    0x9d, 0xf7, 0x9d, 0xff, 0x9d, 0xf7, 0x9d, 0xff, 0x9d, 0xff, 0x9d, 0xff, 0x9d, 0xff, 0x9d, 0xff,
    0x9d, 0xf7, 0x9d, 0xf7, 0x9d, 0xf7, 0x9d, 0xf7, 0x9c, 0xf7, 0x9c, 0xf7, 0x9c, 0xf7, 0x9c, 0xf7,
    0x9c, 0xf7, 0x9d, 0xf7, 0x9c, 0xf7, 0x9c, 0xf7, 0x7c, 0xf7, 0x9c, 0xf7, 0x9c, 0xf7, 0x9c, 0xf7,
    0x9c, 0xf7, 0x9c, 0xf7, 0x7c, 0xf7, 0x7c, 0xf7, 0x7c, 0xf7, 0x7c, 0xf7, 0x7c, 0xf7, 0x7c, 0xf7,
    0x7c, 0xf7, 0x7c, 0xf7, 0x7c, 0xf7, 0x7c, 0xf7, 0x7c, 0xf7, 0x7c, 0xf7, 0x7c, 0xf7, 0x7c, 0xf7,
    0x7c, 0xf7, 0x7c, 0xf7, 0x7c, 0xf7, 0x7c, 0xef, 0x5c, 0xef, 0x7c, 0xef, 0x5c, 0xef, 0x5c, 0xef,
    0x5c, 0xef, 0x5c, 0xef, 0x5c, 0xef, 0x5c, 0xef, 0x5c, 0xef, 0x5c, 0xef, 0x5c, 0xef, 0x5c, 0xef,
    0x5c, 0xef, 0x5c, 0xef, 0x5c, 0xef, 0x5c, 0xef, 0x5c, 0xef, 0x5c, 0xef, 0x5c, 0xef, 0x5c, 0xef,
    0x5c, 0xef, 0x5c, 0xef, 0x3c, 0xe7, 0x3c, 0xe7, 0x3c, 0xef, 0x3c, 0xef, 0x3c, 0xef, 0x3c, 0xef,
    0x3c, 0xef, 0x3c, 0xe7, 0x3c, 0xe7, 0x3c, 0xe7, 0x3c, 0xe7, 0x3b, 0xe7, 0x3c, 0xe7, 0x3c, 0xe7,
    0x1c, 0xe7, 0x1b, 0xe7, 0x1b, 0xe7, 0x1b, 0xe7, 0x1b, 0xe7, 0x1b, 0xe7, 0x1b, 0xe7, 0x1b, 0xe7,
    0x1b, 0xe7, 0x1b, 0xe7, 0x1b, 0xe7, 0x1b, 0xe7, 0x1b, 0xe7, 0x1b, 0xe7, 0x1b, 0xe7, 0xfb, 0xe6,
    0xfb, 0xe6, 0xfb, 0xe6, 0xfb, 0xde, 0xfb, 0xde, 0xfb, 0xde, 0xfb, 0xde, 0xfb, 0xde, 0xfb, 0xde,
    0xfb, 0xde, 0xfb, 0xde, 0xfb, 0xde, 0xfb, 0xde, 0xfb, 0xde, 0xfb, 0xde, 0xfb, 0xde, 0xfb, 0xde,
    0xdb, 0xde, 0xdb, 0xde, 0xdb, 0xde, 0xdb, 0xde, 0xda, 0xde, 0xdb, 0xde, 0xdb, 0xde, 0xda, 0xde,
    0xda, 0xde, 0xda, 0xde, 0xda, 0xde, 0xda, 0xde, 0xda, 0xde, 0xda, 0xd6, 0xda, 0xde, 0xda, 0xde,
    0xda, 0xde, 0xba, 0xd6, 0xba, 0xd6, 0xba, 0xd6, 0xba, 0xd6, 0xba, 0xd6, 0xba, 0xd6, 0xba, 0xd6,
    0xba, 0xd6, 0xba, 0xd6, 0xba, 0xd6, 0xba, 0xd6, 0xba, 0xd6, 0xba, 0xd6, 0xba, 0xd6, 0xba, 0xd6,
    0xba, 0xd6, 0xba, 0xd6, 0xba, 0xd6, 0xba, 0xd6, 0xba, 0xd6, 0xba, 0xd6, 0xba, 0xd6, 0xba, 0xd6,
    0xba, 0xd6, 0xda, 0xde, 0xda, 0xd6, 0xda, 0xd6, 0xda, 0xd6, 0xda, 0xd6, 0xda, 0xd6, 0xba, 0xde,
    0xff, 0xff, 0xff, 0xff, 0xff, 0xff, 0xff, 0xff, 0xff, 0xff, 0xff, 0xff, 0xff, 0xff, 0xfe, 0xff,
    0xfe, 0xff, 0xfe, 0xff, 0xfe, 0xff, 0xfe, 0xff, 0xfe, 0xff, 0xfe, 0xff, 0xfe, 0xff, 0xfe, 0xff,
    0xfe, 0xff, 0xfe, 0xff, 0xfe, 0xff, 0xfe, 0xff, 0xfe, 0xff, 0xfe, 0xff, 0xfe, 0xff, 0xfe, 0xff,
    0xfe, 0xff, 0xfe, 0xff, 0xfe, 0xff, 0xfe, 0xff, 0xfe, 0xff, 0xfe, 0xff, 0xfe, 0xff, 0xfe, 0xff,
    0xfe, 0xff, 0xfe, 0xff, 0xfe, 0xff, 0xfe, 0xff, 0xfe, 0xff, 0xfe, 0xff, 0xfe, 0xff, 0xfe, 0xff,
    0xfe, 0xff, 0xfe, 0xff, 0xfe, 0xff, 0xfe, 0xff, 0xfe, 0xff, 0xfe, 0xff, 0xfe, 0xff, 0xde, 0xff,
    0xfe, 0xff, 0xfe, 0xff, 0xfe, 0xff, 0xfe, 0xff, 0xfe, 0xff, 0xfe, 0xff, 0xfd, 0xff, 0xde, 0xff,
    0xde, 0xff, 0xde, 0xff, 0xde, 0xff, 0xde, 0xff, 0xde, 0xff, 0xde, 0xff, 0xfe, 0xff, 0xde, 0xff,
    0xde, 0xff, 0xde, 0xff, 0xfe, 0xff, 0xdd, 0xff, 0xdd, 0xff, 0xde, 0xff, 0xde, 0xff, 0xde, 0xff,
    0xdd, 0xff, 0xdd, 0xff, 0xde, 0xff, 0xdd, 0xff, 0xfd, 0xff, 0xdd, 0xff, 0xdd, 0xff, 0xdd, 0xff,
    0xdd, 0xff, 0xdd, 0xff, 0xdd, 0xff, 0xdd, 0xff, 0xdd, 0xff, 0xde, 0xff, 0xdd, 0xff, 0xdd, 0xff,
    0xdd, 0xff, 0xdc, 0xff, 0xdd, 0xff, 0xdd, 0xff, 0xdd, 0xff, 0xdd, 0xff, 0xdd, 0xff, 0xdd, 0xff,
    0xdd, 0xff, 0xdd, 0xff, 0xdd, 0xff, 0xdd, 0xff, 0xdd, 0xff, 0xdd, 0xff, 0xdd, 0xff, 0xdd, 0xff,
    0xdd, 0xff, 0xdd, 0xff, 0xdd, 0xff, 0xdd, 0xff, 0xdd, 0xff, 0xdd, 0xff, 0xdd, 0xff, 0xdd, 0xff,
    0xdd, 0xff, 0xdd, 0xff, 0xdd, 0xff, 0xdd, 0xff, 0xdd, 0xff, 0xdd, 0xff, 0xdd, 0xff, 0xdd, 0xff,
    0xdd, 0xff, 0xdd, 0xff, 0xdd, 0xff, 0xbd, 0xff, 0xbd, 0xff, 0xbd, 0xff, 0xbd, 0xff, 0xbd, 0xff,
    0xbd, 0xff, 0xbd, 0xff, 0xbd, 0xff, 0xbd, 0xff, 0xbd, 0xff, 0xbd, 0xff, 0xbd, 0xff, 0xbd, 0xff,
    0xbd, 0xff, 0xbd, 0xff, 0xbd, 0xff, 0xbd, 0xff, 0xbd, 0xff, 0xbd, 0xff, 0xbd, 0xff, 0xbd, 0xff,
    0xbd, 0xff, 0xbd, 0xff, 0xbd, 0xff, 0xbd, 0xff, 0xbd, 0xff, 0xbd, 0xff, 0xbd, 0xff, 0xbd, 0xff,
    0xbd, 0xff, 0x9d, 0xff, 0x9d, 0xff, 0x9d, 0xff, 0x9d, 0xff, 0x9d, 0xff, 0x9d, 0xff, 0x9d, 0xff,
    0x9d, 0xff, 0x9d, 0xff, 0x9d, 0xf7, 0x9d, 0xff, 0x9d, 0xff, 0x9d, 0xff, 0x9d, 0xff, 0x9d, 0xff,
    0x9d, 0xf7, 0x9d, 0xf7, 0x9c, 0xf7, 0x9c, 0xf7, 0x9c, 0xf7, 0x9d, 0xf7, 0x9c, 0xf7, 0x9d, 0xf7,
    0x9c, 0xf7, 0x9c, 0xf7, 0x9c, 0xf7, 0x9c, 0xf7, 0x9c, 0xf7, 0x9c, 0xf7, 0x9c, 0xf7, 0x9c, 0xf7,
    0x7c, 0xf7, 0x9c, 0xf7, 0x9c, 0xf7, 0x7c, 0xf7, 0x7c, 0xf7, 0x7c, 0xf7, 0x7c, 0xf7, 0x7c, 0xf7,
    0x7c, 0xf7, 0x7c, 0xf7, 0x7c, 0xf7, 0x7c, 0xf7, 0x7c, 0xf7, 0x7c, 0xf7, 0x7c, 0xef, 0x7c, 0xef,
    0x7c, 0xef, 0x7c, 0xf7, 0x7c, 0xf7, 0x7c, 0xef, 0x5c, 0xef, 0x5c, 0xf7, 0x5c, 0xef, 0x5c, 0xef,
    0x5c, 0xef, 0x5c, 0xef, 0x5c, 0xef, 0x5c, 0xef, 0x5c, 0xef, 0x5c, 0xef, 0x5c, 0xef, 0x5c, 0xef,
    0x5c, 0xef, 0x5c, 0xef, 0x5c, 0xef, 0x5c, 0xef, 0x5c, 0xef, 0x5c, 0xef, 0x5c, 0xef, 0x5c, 0xef,
    0x5c, 0xef, 0x3c, 0xef, 0x3c, 0xef, 0x3c, 0xef, 0x3c, 0xef, 0x3c, 0xe7, 0x3c, 0xef, 0x3c, 0xef,
    0x3c, 0xef, 0x3c, 0xef, 0x3c, 0xef, 0x3c, 0xe7, 0x3c, 0xe7, 0x3c, 0xe7, 0x3c, 0xe7, 0x3c, 0xe7,
    0x1b, 0xe7, 0x1b, 0xe7, 0x1b, 0xe7, 0x1b, 0xe7, 0x1b, 0xe7, 0x1b, 0xe7, 0x1b, 0xe7, 0x1b, 0xe7,
    0x1b, 0xe7, 0x1b, 0xe7, 0x1b, 0xe7, 0x1b, 0xe7, 0x1b, 0xe7, 0x1b, 0xe7, 0x1b, 0xe7, 0xfb, 0xe6,
    0xfb, 0xe6, 0xfb, 0xe6, 0xfb, 0xde, 0xfb, 0xde, 0xfb, 0xde, 0xfb, 0xde, 0xfb, 0xde, 0xfb, 0xde,
    0xfb, 0xde, 0xfb, 0xde, 0xfb, 0xde, 0xfb, 0xde, 0xfb, 0xde, 0xfb, 0xde, 0xfb, 0xde, 0xdb, 0xde,
    0xdb, 0xde, 0xdb, 0xde, 0xda, 0xde, 0xda, 0xde, 0xda, 0xde, 0xdb, 0xde, 0xda, 0xde, 0xda, 0xde,
    0xda, 0xde, 0xda, 0xde, 0xda, 0xde, 0xda, 0xde, 0xda, 0xde, 0xda, 0xde, 0xda, 0xde, 0xda, 0xde,
    0xda, 0xde, 0xda, 0xde, 0xda, 0xde, 0xba, 0xd6, 0xba, 0xd6, 0xba, 0xd6, 0xba, 0xd6, 0xba, 0xd6,
    0xba, 0xd6, 0xba, 0xd6, 0xba, 0xd6, 0xba, 0xd6, 0xba, 0xd6, 0xba, 0xd6, 0xba, 0xd6, 0xba, 0xd6,
    0xba, 0xd6, 0xba, 0xd6, 0xba, 0xd6, 0xba, 0xd6, 0xba, 0xd6, 0xba, 0xd6, 0xba, 0xd6, 0xba, 0xd6,
    0xba, 0xd6, 0xba, 0xd6, 0xba, 0xd6, 0xba, 0xd6, 0xba, 0xd6, 0xba, 0xd6, 0xba, 0xd6, 0xba, 0xd6,
    0xff, 0xff, 0xff, 0xff, 0xff, 0xff, 0xff, 0xff, 0xff, 0xff, 0xff, 0xff, 0xff, 0xff, 0xff, 0xff,
    0xfe, 0xff, 0xfe, 0xff, 0xfe, 0xff, 0xfe, 0xff, 0xfe, 0xff, 0xfe, 0xff, 0xfe, 0xff, 0xfe, 0xff,
    0xfe, 0xff, 0xfe, 0xff, 0xfe, 0xff, 0xfe, 0xff, 0xfe, 0xff, 0xfe, 0xff, 0xfe, 0xff, 0xfe, 0xff,
    0xfe, 0xff, 0xfe, 0xff, 0xfe, 0xff, 0xfe, 0xff, 0xfe, 0xff, 0xfe, 0xff, 0xfe, 0xff, 0xfe, 0xff,
    0xfe, 0xff, 0xfe, 0xff, 0xfe, 0xff, 0xfe, 0xff, 0xfe, 0xff, 0xfe, 0xff, 0xfe, 0xff, 0xfe, 0xff,
    0xfe, 0xff, 0xfe, 0xff, 0xfe, 0xff, 0xfe, 0xff, 0xfe, 0xff, 0xde, 0xff, 0xfe, 0xff, 0xde, 0xff,
    0xfe, 0xff, 0xfe, 0xff, 0xfe, 0xff, 0xfe, 0xff, 0xfe, 0xff, 0xde, 0xff, 0xde, 0xff, 0xde, 0xff,
    0xdd, 0xff, 0xde, 0xff, 0xdd, 0xff, 0xfd, 0xff, 0xde, 0xff, 0xde, 0xff, 0xde, 0xff, 0xfe, 0xff,
    0xde, 0xff, 0xfe, 0xff, 0xfe, 0xff, 0xde, 0xff, 0xde, 0xff, 0xde, 0xff, 0xde, 0xff, 0xfe, 0xff,
    0xdd, 0xff, 0xde, 0xff, 0xdd, 0xff, 0xdd, 0xff, 0xdd, 0xff, 0xdd, 0xff, 0xdd, 0xff, 0xdd, 0xff,
    0xdd, 0xff, 0xdd, 0xff, 0xdd, 0xff, 0xdd, 0xff, 0xdd, 0xff, 0xdd, 0xff, 0xdd, 0xff, 0xdd, 0xff,
    0xdd, 0xff, 0xdd, 0xff, 0xdd, 0xff, 0xdd, 0xff, 0xdd, 0xff, 0xdc, 0xff, 0xdd, 0xff, 0xdd, 0xff,
    0xdd, 0xff, 0xdd, 0xff, 0xdc, 0xff, 0xdd, 0xff, 0xdd, 0xff, 0xdd, 0xff, 0xdd, 0xff, 0xdd, 0xff,
    0xdd, 0xff, 0xdd, 0xff, 0xdd, 0xff, 0xdd, 0xff, 0xdd, 0xff, 0xdd, 0xff, 0xdd, 0xff, 0xdd, 0xff,
    0xdd, 0xff, 0xdd, 0xff, 0xdd, 0xff, 0xdd, 0xff, 0xdd, 0xff, 0xdd, 0xff, 0xdd, 0xff, 0xdd, 0xff,
    0xdd, 0xff, 0xdd, 0xff, 0xbd, 0xff, 0xbd, 0xff, 0xbd, 0xff, 0xbd, 0xff, 0xbd, 0xff, 0xbd, 0xff,
    0xbd, 0xff, 0xbd, 0xff, 0xbd, 0xff, 0xbd, 0xff, 0xbd, 0xff, 0xbd, 0xff, 0xbd, 0xff, 0xbd, 0xff,
    0xbd, 0xff, 0xbd, 0xff, 0xbd, 0xff, 0xbd, 0xff, 0xbd, 0xff, 0xbd, 0xff, 0xbd, 0xff, 0xbd, 0xff,
    0xbd, 0xff, 0xbd, 0xff, 0xbd, 0xff, 0xbd, 0xff, 0xbd, 0xff, 0xbd, 0xff, 0xbd, 0xff, 0xbd, 0xff,
    0xbd, 0xff, 0x9d, 0xff, 0x9d, 0xff, 0x9d, 0xff, 0x9d, 0xff, 0x9d, 0xff, 0x9d, 0xff, 0x9d, 0xff,
    0x9d, 0xff, 0x9d, 0xff, 0x9d, 0xff, 0x9d, 0xff, 0x9d, 0xff, 0x9d, 0xf7, 0x9d, 0xf7, 0x9d, 0xff,
    0x9c, 0xf7, 0x9c, 0xf7, 0x9c, 0xf7, 0x9d, 0xf7, 0x9c, 0xf7, 0x9c, 0xf7, 0x9d, 0xf7, 0x9c, 0xf7,
    0x9c, 0xf7, 0x9c, 0xf7, 0x9c, 0xf7, 0x9c, 0xf7, 0x9c, 0xf7, 0x9c, 0xf7, 0x9c, 0xf7, 0x9c, 0xf7,
    0x7c, 0xf7, 0x7c, 0xf7, 0x7c, 0xf7, 0x7c, 0xf7, 0x7c, 0xf7, 0x7c, 0xf7, 0x7c, 0xf7, 0x7c, 0xf7,
    0x7c, 0xf7, 0x7c, 0xf7, 0x7c, 0xf7, 0x7c, 0xf7, 0x7c, 0xf7, 0x7c, 0xf7, 0x7c, 0xef, 0x7c, 0xef,
    0x7c, 0xef, 0x7c, 0xef, 0x5c, 0xf7, 0x5c, 0xf7, 0x5c, 0xef, 0x5c, 0xef, 0x5c, 0xef, 0x5c, 0xef,
    0x5c, 0xef, 0x5c, 0xef, 0x5c, 0xef, 0x5c, 0xef, 0x5c, 0xef, 0x5c, 0xef, 0x5c, 0xef, 0x5c, 0xef,
    0x5c, 0xef, 0x5c, 0xef, 0x5c, 0xef, 0x5c, 0xef, 0x5c, 0xef, 0x5c, 0xef, 0x5c, 0xef, 0x5c, 0xef,
    0x3c, 0xef, 0x3c, 0xef, 0x3c, 0xef, 0x3c, 0xef, 0x3c, 0xef, 0x3c, 0xef, 0x3c, 0xef, 0x3c, 0xe7,
    0x3c, 0xe7, 0x3c, 0xe7, 0x3c, 0xef, 0x3c, 0xe7, 0x3c, 0xe7, 0x3c, 0xe7, 0x3c, 0xe7, 0x3c, 0xe7,
    0x1b, 0xe7, 0x1b, 0xe7, 0x1b, 0xe7, 0x1b, 0xe7, 0x1b, 0xe7, 0x1b, 0xe7, 0x1b, 0xe7, 0x1b, 0xe7,
    0x1b, 0xe7, 0x1b, 0xe7, 0x1b, 0xe7, 0x1b, 0xe7, 0x1b, 0xe7, 0x1b, 0xe7, 0x1b, 0xe7, 0x1b, 0xe7,
    0x1b, 0xdf, 0xfb, 0xe6, 0xfb, 0xde, 0xfb, 0xde, 0xfb, 0xde, 0xfb, 0xde, 0xfb, 0xde, 0xfb, 0xde,
    0xfb, 0xde, 0xfb, 0xde, 0xfb, 0xde, 0xfb, 0xde, 0xfb, 0xde, 0xfb, 0xde, 0xdb, 0xde, 0xdb, 0xde,
    0xdb, 0xde, 0xdb, 0xde, 0xda, 0xde, 0xdb, 0xde, 0xdb, 0xde, 0xda, 0xde, 0xda, 0xde, 0xda, 0xde,
    0xda, 0xde, 0xda, 0xde, 0xda, 0xde, 0xda, 0xde, 0xda, 0xde, 0xda, 0xde, 0xda, 0xde, 0xda, 0xde,
    0xdb, 0xde, 0xda, 0xde, 0xda, 0xde, 0xda, 0xde, 0xba, 0xd6, 0xba, 0xd6, 0xba, 0xd6, 0xba, 0xd6,
    0xba, 0xd6, 0xba, 0xd6, 0xba, 0xd6, 0xba, 0xd6, 0xba, 0xd6, 0xba, 0xd6, 0xba, 0xd6, 0xba, 0xd6,
    0xba, 0xd6, 0xba, 0xd6, 0xba, 0xd6, 0xba, 0xd6, 0xba, 0xd6, 0xba, 0xd6, 0xba, 0xd6, 0xba, 0xd6,
    0xba, 0xd6, 0xba, 0xd6, 0xba, 0xd6, 0xba, 0xd6, 0xba, 0xd6, 0xba, 0xd6, 0xba, 0xd6, 0xba, 0xd6,
    0xff, 0xff, 0xff, 0xff, 0xff, 0xff, 0xff, 0xff, 0xff, 0xff, 0xff, 0xff, 0xff, 0xff, 0xfe, 0xff,
    0xfe, 0xff, 0xfe, 0xff, 0xfe, 0xff, 0xfe, 0xff, 0xfe, 0xff, 0xfe, 0xff, 0xfe, 0xff, 0xfe, 0xff,
    0xfe, 0xff, 0xfe, 0xff, 0xfe, 0xff, 0xfe, 0xff, 0xfe, 0xff, 0xfe, 0xff, 0xfe, 0xff, 0xfe, 0xff,
    0xfe, 0xff, 0xfe, 0xff, 0xfe, 0xff, 0xfe, 0xff, 0xfe, 0xff, 0xfe, 0xff, 0xfe, 0xff, 0xfe, 0xff,
    0xfe, 0xff, 0xfe, 0xff, 0xfe, 0xff, 0xfe, 0xff, 0xfe, 0xff, 0xfe, 0xff, 0xfe, 0xff, 0xfe, 0xff,
    0xfe, 0xff, 0xfe, 0xff, 0xfe, 0xff, 0xfe, 0xff, 0xfe, 0xff, 0xfe, 0xff, 0xfe, 0xff, 0xfe, 0xff,
    0xfe, 0xff, 0xfe, 0xff, 0xfe, 0xff, 0xfe, 0xff, 0xfe, 0xff, 0xfe, 0xff, 0xde, 0xff, 0xde, 0xff,
    0xde, 0xff, 0xfe, 0xff, 0xde, 0xff, 0xdd, 0xff, 0xde, 0xff, 0xde, 0xff, 0xde, 0xff, 0xde, 0xff,
    0xde, 0xff, 0xde, 0xff, 0xde, 0xff, 0xfe, 0xff, 0xde, 0xff, 0xde, 0xff, 0xfe, 0xff, 0xfe, 0xff,
    0xde, 0xff, 0xde, 0xff, 0xfd, 0xff, 0xfd, 0xff, 0xdd, 0xff, 0xdd, 0xff, 0xdd, 0xff, 0xdd, 0xff,
    0xdd, 0xff, 0xdd, 0xff, 0xdd, 0xff, 0xdd, 0xff, 0xdd, 0xff, 0xdd, 0xff, 0xdd, 0xff, 0xdd, 0xff,
    0xdd, 0xff, 0xdd, 0xff, 0xdd, 0xff, 0xdd, 0xff, 0xdd, 0xff, 0xdd, 0xff, 0xdd, 0xff, 0xdd, 0xff,
    0xdd, 0xff, 0xdd, 0xff, 0xdd, 0xff, 0xdd, 0xff, 0xdd, 0xff, 0xdd, 0xff, 0xdd, 0xff, 0xdd, 0xff,
    0xdd, 0xff, 0xdd, 0xff, 0xdd, 0xff, 0xdd, 0xff, 0xdd, 0xff, 0xdd, 0xff, 0xdd, 0xff, 0xdd, 0xff,
    0xdd, 0xff, 0xdd, 0xff, 0xdd, 0xff, 0xdd, 0xff, 0xdd, 0xff, 0xdd, 0xff, 0xdd, 0xff, 0xdd, 0xff,
    0xdd, 0xff, 0xbd, 0xff, 0xbd, 0xff, 0xbd, 0xff, 0xbd, 0xff, 0xbd, 0xff, 0xbd, 0xff, 0xbd, 0xff,
    0xbd, 0xff, 0xbd, 0xff, 0xbd, 0xff, 0xbd, 0xff, 0xbd, 0xff, 0xbd, 0xff, 0xbd, 0xff, 0xbd, 0xff,
    0xbd, 0xff, 0xbd, 0xff, 0xbd, 0xff, 0xbd, 0xff, 0xbd, 0xff, 0xbd, 0xff, 0xbd, 0xff, 0xbd, 0xff,
    0xbd, 0xff, 0x9d, 0xff, 0x9d, 0xff, 0x9d, 0xff, 0x9d, 0xff, 0x9d, 0xff, 0x9d, 0xff, 0x9d, 0xff,
    0xbd, 0xff, 0x9d, 0xff, 0x9d, 0xff, 0x9d, 0xff, 0x9d, 0xff, 0x9d, 0xff, 0x9d, 0xff, 0x9d, 0xff,
    0x9d, 0xff, 0x9c, 0xf7, 0x9c, 0xf7, 0x9d, 0xf7, 0x9d, 0xf7, 0x9c, 0xf7, 0x9d, 0xf7, 0x9c, 0xf7,
    0x9c, 0xf7, 0x9c, 0xf7, 0x9d, 0xf7, 0x9c, 0xf7, 0x9c, 0xf7, 0x9c, 0xf7, 0x9c, 0xf7, 0x9c, 0xf7,
    0x9c, 0xf7, 0x9c, 0xf7, 0x7c, 0xf7, 0x9c, 0xf7, 0x7c, 0xf7, 0x9c, 0xf7, 0x7c, 0xf7, 0x7c, 0xf7,
    0x7c, 0xf7, 0x7c, 0xf7, 0x7c, 0xf7, 0x7c, 0xf7, 0x7c, 0xf7, 0x7c, 0xf7, 0x7d, 0xf7, 0x7c, 0xf7,
    0x7c, 0xf7, 0x7c, 0xf7, 0x7c, 0xf7, 0x7c, 0xf7, 0x7c, 0xf7, 0x7c, 0xf7, 0x7c, 0xef, 0x7c, 0xef,
    0x5c, 0xf7, 0x7c, 0xef, 0x7c, 0xef, 0x5c, 0xef, 0x5c, 0xef, 0x5c, 0xef, 0x5c, 0xef, 0x5c, 0xef,
    0x5c, 0xef, 0x5c, 0xef, 0x5c, 0xef, 0x5c, 0xef, 0x5c, 0xef, 0x5c, 0xef, 0x5c, 0xef, 0x5c, 0xef,
    0x5c, 0xef, 0x5c, 0xef, 0x5c, 0xef, 0x5c, 0xef, 0x5c, 0xef, 0x5c, 0xef, 0x5c, 0xef, 0x5c, 0xef,
    0x3c, 0xef, 0x3c, 0xef, 0x3c, 0xe7, 0x3c, 0xef, 0x3c, 0xef, 0x3c, 0xe7, 0x3c, 0xe7, 0x3c, 0xef,
    0x3c, 0xe7, 0x3c, 0xe7, 0x3c, 0xe7, 0x3c, 0xe7, 0x3c, 0xe7, 0x3c, 0xe7, 0x3c, 0xe7, 0x3c, 0xe7,
    0x1b, 0xe7, 0x1b, 0xe7, 0x1b, 0xe7, 0x1b, 0xe7, 0x1b, 0xe7, 0x1b, 0xe7, 0x1b, 0xe7, 0x1b, 0xe7,
    0x1b, 0xe7, 0x1b, 0xe7, 0x1b, 0xe7, 0x1b, 0xe7, 0x1b, 0xe7, 0x1b, 0xe7, 0x1b, 0xe7, 0x1b, 0xe7,
    0x1b, 0xe7, 0xfb, 0xe6, 0xfb, 0xde, 0xfb, 0xde, 0xfb, 0xde, 0xfb, 0xde, 0xfb, 0xde, 0xfb, 0xde,
    0xfb, 0xde, 0xfb, 0xde, 0xfb, 0xde, 0xfb, 0xde, 0xfb, 0xde, 0xfb, 0xde, 0xfb, 0xde, 0xdb, 0xde,
    0xdb, 0xde, 0xdb, 0xde, 0xda, 0xde, 0xda, 0xde, 0xdb, 0xde, 0xda, 0xde, 0xda, 0xde, 0xda, 0xde,
    0xda, 0xde, 0xdb, 0xde, 0xda, 0xde, 0xda, 0xde, 0xda, 0xde, 0xda, 0xde, 0xdb, 0xde, 0xdb, 0xde,
    0xda, 0xde, 0xda, 0xde, 0xda, 0xde, 0xda, 0xde, 0xda, 0xd6, 0xba, 0xd6, 0xba, 0xd6, 0xba, 0xd6,
    0xba, 0xd6, 0xba, 0xd6, 0xba, 0xd6, 0xba, 0xd6, 0xba, 0xd6, 0xba, 0xd6, 0xba, 0xd6, 0xba, 0xd6,
    0xba, 0xd6, 0xba, 0xd6, 0xba, 0xd6, 0xba, 0xd6, 0xba, 0xd6, 0xba, 0xd6, 0xba, 0xd6, 0xba, 0xd6,
    0xba, 0xd6, 0xba, 0xd6, 0xba, 0xd6, 0xda, 0xd6, 0xba, 0xd6, 0xba, 0xd6, 0xba, 0xd6, 0xba, 0xd6,
    0xff, 0xff, 0xff, 0xff, 0xff, 0xff, 0xff, 0xff, 0xff, 0xff, 0xff, 0xff, 0xff, 0xff, 0xfe, 0xff,
    0xfe, 0xff, 0xfe, 0xff, 0xfe, 0xff, 0xfe, 0xff, 0xfe, 0xff, 0xfe, 0xff, 0xfe, 0xff, 0xfe, 0xff,
    0xfe, 0xff, 0xfe, 0xff, 0xfe, 0xff, 0xfe, 0xff, 0xfe, 0xff, 0xfe, 0xff, 0xfe, 0xff, 0xfe, 0xff,
    0xfe, 0xff, 0xfe, 0xff, 0xfe, 0xff, 0xfe, 0xff, 0xfe, 0xff, 0xfe, 0xff, 0xfe, 0xff, 0xfe, 0xff,
    0xfe, 0xff, 0xfe, 0xff, 0xfe, 0xff, 0xfe, 0xff, 0xfe, 0xff, 0xfe, 0xff, 0xfe, 0xff, 0xfe, 0xff,
    0xfe, 0xff, 0xfe, 0xff, 0xfe, 0xff, 0xfe, 0xff, 0xfe, 0xff, 0xfe, 0xff, 0xfe, 0xff, 0xfe, 0xff,
    0xfe, 0xff, 0xfe, 0xff, 0xfe, 0xff, 0xfe, 0xff, 0xfe, 0xff, 0xfe, 0xff, 0xfe, 0xff, 0xde, 0xff,
    0xde, 0xff, 0xde, 0xff, 0xde, 0xff, 0xdd, 0xff, 0xdd, 0xff, 0xde, 0xff, 0xdd, 0xff, 0xdd, 0xff,
    0xdd, 0xff, 0xde, 0xff, 0xde, 0xff, 0xdd, 0xff, 0xdd, 0xff, 0xde, 0xff, 0xfe, 0xff, 0xdd, 0xff,
    0xfe, 0xff, 0xfe, 0xff, 0xfd, 0xff, 0xdd, 0xff, 0xdd, 0xff, 0xdd, 0xff, 0xdd, 0xff, 0xdd, 0xff,
    0xdd, 0xff, 0xdd, 0xff, 0xdd, 0xff, 0xde, 0xff, 0xdd, 0xff, 0xdd, 0xff, 0xdd, 0xff, 0xdd, 0xff,
    0xdd, 0xff, 0xdc, 0xff, 0xdd, 0xff, 0xdd, 0xff, 0xdd, 0xff, 0xdd, 0xff, 0xdd, 0xff, 0xdd, 0xff,
    0xdd, 0xff, 0xdd, 0xff, 0xdd, 0xff, 0xdd, 0xff, 0xdd, 0xff, 0xdd, 0xff, 0xdd, 0xff, 0xdd, 0xff,
    0xdd, 0xff, 0xdd, 0xff, 0xdd, 0xff, 0xdd, 0xff, 0xdd, 0xff, 0xdd, 0xff, 0xdd, 0xff, 0xdc, 0xff,
    0xdd, 0xff, 0xdd, 0xff, 0xdd, 0xff, 0xdd, 0xff, 0xdd, 0xff, 0xdd, 0xff, 0xdd, 0xff, 0xbd, 0xff,
    0xbd, 0xff, 0xbd, 0xff, 0xbd, 0xff, 0xbd, 0xff, 0xbd, 0xff, 0xbd, 0xff, 0xbd, 0xff, 0xbd, 0xff,
    0xbd, 0xff, 0xbd, 0xff, 0xbd, 0xff, 0xbd, 0xff, 0xbd, 0xff, 0xbd, 0xff, 0xbd, 0xff, 0xbd, 0xff,
    0xbd, 0xff, 0xbd, 0xff, 0xbd, 0xff, 0xbd, 0xff, 0xbd, 0xff, 0xbd, 0xff, 0xbd, 0xff, 0xbd, 0xff,
    0xbd, 0xff, 0xbd, 0xff, 0x9d, 0xff, 0x9d, 0xff, 0x9d, 0xff, 0xbd, 0xff, 0x9d, 0xff, 0x9d, 0xff,
    0x9d, 0xff, 0x9d, 0xff, 0x9d, 0xff, 0x9d, 0xff, 0x9d, 0xf7, 0x9d, 0xff, 0x9d, 0xff, 0x9d, 0xff,
    0x9d, 0xff, 0x9c, 0xf7, 0x9c, 0xf7, 0x9d, 0xf7, 0x9c, 0xf7, 0x9c, 0xf7, 0x9c, 0xf7, 0x9c, 0xf7,
    0x9d, 0xf7, 0x9d, 0xf7, 0x9d, 0xf7, 0x9d, 0xf7, 0x9d, 0xf7, 0x9d, 0xf7, 0x9d, 0xf7, 0x9c, 0xf7,
    0x9c, 0xf7, 0x9c, 0xf7, 0x9c, 0xf7, 0x9c, 0xf7, 0x7c, 0xf7, 0x7c, 0xf7, 0x9c, 0xf7, 0x7c, 0xf7,
    0x7c, 0xf7, 0x7c, 0xf7, 0x7c, 0xf7, 0x7c, 0xf7, 0x7c, 0xf7, 0x7c, 0xf7, 0x7c, 0xf7, 0x9c, 0xf7,
    0x9c, 0xf7, 0x7c, 0xf7, 0x7c, 0xf7, 0x7c, 0xf7, 0x7c, 0xf7, 0x7c, 0xf7, 0x7c, 0xf7, 0x7c, 0xef,
    0x5c, 0xef, 0x7c, 0xef, 0x7c, 0xef, 0x5c, 0xef, 0x5c, 0xef, 0x5c, 0xef, 0x5c, 0xef, 0x5c, 0xef,
    0x5c, 0xef, 0x5c, 0xef, 0x5c, 0xef, 0x5c, 0xef, 0x5c, 0xef, 0x5c, 0xef, 0x5c, 0xef, 0x5c, 0xef,
    0x5c, 0xef, 0x5c, 0xef, 0x5c, 0xef, 0x5c, 0xef, 0x5c, 0xef, 0x5c, 0xef, 0x5c, 0xef, 0x3c, 0xef,
    0x3c, 0xef, 0x3c, 0xef, 0x3c, 0xef, 0x3c, 0xef, 0x3c, 0xef, 0x3c, 0xef, 0x3c, 0xef, 0x3c, 0xef,
    0x3c, 0xef, 0x3c, 0xe7, 0x3c, 0xe7, 0x3c, 0xe7, 0x3c, 0xe7, 0x3c, 0xe7, 0x3c, 0xe7, 0x3b, 0xe7,
    0x1c, 0xe7, 0x1b, 0xe7, 0x1b, 0xe7, 0x1b, 0xe7, 0x1b, 0xe7, 0x1b, 0xe7, 0x1b, 0xe7, 0x1b, 0xe7,
    0x1b, 0xe7, 0x1b, 0xe7, 0x1b, 0xe7, 0x1b, 0xe7, 0x1b, 0xe7, 0x1b, 0xe7, 0x1b, 0xe7, 0x1b, 0xe7,
    0x1b, 0xe7, 0xfb, 0xe6, 0xfb, 0xde, 0xfb, 0xde, 0xfb, 0xe6, 0xfb, 0xde, 0xfb, 0xde, 0xfb, 0xde,
    0xfb, 0xde, 0xfb, 0xde, 0xfb, 0xde, 0xfb, 0xde, 0xfb, 0xde, 0xfb, 0xde, 0xdb, 0xde, 0xdb, 0xde,
    0xdb, 0xde, 0xdb, 0xde, 0xda, 0xde, 0xda, 0xde, 0xda, 0xde, 0xda, 0xde, 0xda, 0xde, 0xda, 0xde,
    0xda, 0xde, 0xda, 0xde, 0xda, 0xde, 0xda, 0xde, 0xda, 0xde, 0xda, 0xde, 0xda, 0xde, 0xda, 0xde,
    0xda, 0xde, 0xdb, 0xde, 0xdb, 0xde, 0xda, 0xde, 0xda, 0xd6, 0xba, 0xd6, 0xba, 0xd6, 0xba, 0xd6,
    0xba, 0xd6, 0xba, 0xd6, 0xba, 0xd6, 0xba, 0xd6, 0xba, 0xd6, 0xba, 0xd6, 0xba, 0xd6, 0xba, 0xd6,
    0xba, 0xd6, 0xba, 0xd6, 0xba, 0xd6, 0xba, 0xd6, 0xba, 0xd6, 0xba, 0xd6, 0xba, 0xd6, 0xba, 0xd6,
    0xba, 0xd6, 0xba, 0xd6, 0xba, 0xd6, 0xba, 0xd6, 0xba, 0xd6, 0xba, 0xd6, 0xba, 0xd6, 0xda, 0xd6,
    0xff, 0xff, 0xff, 0xff, 0xff, 0xff, 0xff, 0xff, 0xff, 0xff, 0xff, 0xff, 0xff, 0xff, 0xfe, 0xff,
    0xfe, 0xff, 0xfe, 0xff, 0xfe, 0xff, 0xfe, 0xff, 0xfd, 0xff, 0xfe, 0xff, 0xfe, 0xff, 0xfe, 0xff,
    0xfe, 0xff, 0xfe, 0xff, 0xfe, 0xff, 0xfe, 0xff, 0xfe, 0xff, 0xfe, 0xff, 0xfe, 0xff, 0xfe, 0xff,
    0xfe, 0xff, 0xfe, 0xff, 0xfe, 0xff, 0xfe, 0xff, 0xfe, 0xff, 0xfe, 0xff, 0xfe, 0xff, 0xfe, 0xff,
    0xfe, 0xff, 0xfe, 0xff, 0xfe, 0xff, 0xfe, 0xff, 0xfe, 0xff, 0xfe, 0xff, 0xfe, 0xff, 0xfe, 0xff,
    0xfe, 0xff, 0xfe, 0xff, 0xfe, 0xff, 0xfe, 0xff, 0xfe, 0xff, 0xfe, 0xff, 0xfe, 0xff, 0xfe, 0xff,
    0xfe, 0xff, 0xfe, 0xff, 0xfe, 0xff, 0xfe, 0xff, 0xfe, 0xff, 0xfe, 0xff, 0xde, 0xff, 0xde, 0xff,
    0xfe, 0xff, 0xfe, 0xff, 0xde, 0xff, 0xde, 0xff, 0xdd, 0xff, 0xde, 0xff, 0xdd, 0xff, 0xdd, 0xff,
    0xdd, 0xff, 0xde, 0xff, 0xde, 0xff, 0xdd, 0xff, 0xdd, 0xff, 0xfd, 0xff, 0xde, 0xff, 0xfe, 0xff,
    0xfe, 0xff, 0xde, 0xff, 0xdd, 0xff, 0xdd, 0xff, 0xdd, 0xff, 0xdd, 0xff, 0xdd, 0xff, 0xdd, 0xff,
    0xdd, 0xff, 0xdd, 0xff, 0xdd, 0xff, 0xde, 0xff, 0xdd, 0xff, 0xdd, 0xff, 0xdd, 0xff, 0xdd, 0xff,
    0xdd, 0xff, 0xdd, 0xff, 0xdd, 0xff, 0xdd, 0xff, 0xdd, 0xff, 0xdd, 0xff, 0xdd, 0xff, 0xdd, 0xff,
    0xdd, 0xff, 0xdd, 0xff, 0xdd, 0xff, 0xdd, 0xff, 0xdd, 0xff, 0xdd, 0xff, 0xdd, 0xff, 0xdd, 0xff,
    0xdd, 0xff, 0xdd, 0xff, 0xdd, 0xff, 0xdd, 0xff, 0xdd, 0xff, 0xdd, 0xff, 0xdd, 0xff, 0xdd, 0xff,
    0xdd, 0xff, 0xdd, 0xff, 0xdd, 0xff, 0xdd, 0xff, 0xdd, 0xff, 0xdd, 0xff, 0xbd, 0xff, 0xdd, 0xff,
    0xbd, 0xff, 0xbd, 0xff, 0xbd, 0xff, 0xbd, 0xff, 0xbd, 0xff, 0xbd, 0xff, 0xbd, 0xff, 0xbd, 0xff,
    0xbd, 0xff, 0xbd, 0xff, 0xbd, 0xff, 0xbd, 0xff, 0xbd, 0xff, 0xbd, 0xff, 0xbd, 0xff, 0xbd, 0xff,
    0xbd, 0xff, 0xbd, 0xff, 0xbd, 0xff, 0xbd, 0xff, 0xbd, 0xff, 0xbd, 0xff, 0xbd, 0xff, 0xbd, 0xff,
    0xbd, 0xff, 0x9d, 0xff, 0x9d, 0xff, 0x9d, 0xff, 0x9d, 0xff, 0x9d, 0xff, 0x9d, 0xff, 0x9d, 0xff,
    0x9d, 0xff, 0x9d, 0xff, 0x9d, 0xff, 0x9d, 0xff, 0x9d, 0xff, 0x9d, 0xff, 0x9d, 0xff, 0x9d, 0xff,
    0x9d, 0xf7, 0x9d, 0xf7, 0x9d, 0xf7, 0x9c, 0xf7, 0x9c, 0xf7, 0x9c, 0xf7, 0x9c, 0xf7, 0x9c, 0xf7,
    0x9c, 0xf7, 0x9d, 0xf7, 0x9d, 0xf7, 0x9d, 0xf7, 0x9d, 0xf7, 0x9d, 0xf7, 0x9d, 0xf7, 0x9c, 0xf7,
    0x9c, 0xf7, 0x9c, 0xf7, 0x9c, 0xf7, 0x7c, 0xf7, 0x7c, 0xf7, 0x7c, 0xf7, 0x7c, 0xf7, 0x7c, 0xf7,
    0x7c, 0xf7, 0x7c, 0xf7, 0x7c, 0xf7, 0x7c, 0xf7, 0x7c, 0xf7, 0x7c, 0xf7, 0x7c, 0xf7, 0x9c, 0xf7,
    0x7c, 0xf7, 0x7c, 0xf7, 0x7c, 0xf7, 0x7c, 0xf7, 0x7c, 0xf7, 0x7c, 0xf7, 0x7c, 0xf7, 0x5c, 0xf7,
    0x5c, 0xf7, 0x5c, 0xef, 0x5c, 0xef, 0x5c, 0xf7, 0x5c, 0xef, 0x5c, 0xef, 0x5c, 0xef, 0x5c, 0xef,
    0x5c, 0xef, 0x5c, 0xef, 0x5c, 0xef, 0x5c, 0xef, 0x5c, 0xef, 0x5c, 0xef, 0x5c, 0xef, 0x5c, 0xef,
    0x5c, 0xef, 0x5c, 0xef, 0x5c, 0xef, 0x5c, 0xef, 0x5c, 0xef, 0x5c, 0xef, 0x3c, 0xef, 0x3c, 0xef,
    0x3c, 0xef, 0x3c, 0xe7, 0x3c, 0xe7, 0x3c, 0xef, 0x3c, 0xef, 0x3c, 0xef, 0x3c, 0xe7, 0x3c, 0xef,
    0x3c, 0xe7, 0x3c, 0xe7, 0x3c, 0xe7, 0x3c, 0xe7, 0x3c, 0xe7, 0x3c, 0xe7, 0x3c, 0xe7, 0x3b, 0xe7,
    0x3c, 0xe7, 0x1b, 0xe7, 0x1b, 0xe7, 0x1b, 0xe7, 0x1b, 0xe7, 0x1b, 0xe7, 0x1b, 0xe7, 0x1b, 0xe7,
    0x1b, 0xe7, 0x1b, 0xe7, 0x1b, 0xe7, 0x1b, 0xe7, 0x1b, 0xe7, 0x1b, 0xe7, 0x1b, 0xe7, 0x1b, 0xe7,
    0x1b, 0xe7, 0xfb, 0xde, 0xfb, 0xe6, 0xfb, 0xde, 0xfb, 0xe6, 0xfb, 0xde, 0xfb, 0xde, 0xfb, 0xde,
    0xfb, 0xde, 0xfb, 0xde, 0xfb, 0xde, 0xfb, 0xde, 0xfb, 0xde, 0xfb, 0xde, 0xdb, 0xde, 0xdb, 0xde,
    0xdb, 0xde, 0xdb, 0xde, 0xda, 0xde, 0xda, 0xde, 0xda, 0xde, 0xda, 0xde, 0xda, 0xde, 0xda, 0xde,
    0xda, 0xde, 0xda, 0xde, 0xda, 0xde, 0xda, 0xde, 0xda, 0xde, 0xda, 0xde, 0xda, 0xde, 0xdb, 0xde,
    0xdb, 0xde, 0xda, 0xde, 0xda, 0xde, 0xda, 0xde, 0xda, 0xd6, 0xba, 0xd6, 0xba, 0xd6, 0xba, 0xd6,
    0xba, 0xd6, 0xba, 0xd6, 0xba, 0xd6, 0xba, 0xd6, 0xba, 0xd6, 0xba, 0xd6, 0xba, 0xd6, 0xba, 0xd6,
    0xba, 0xd6, 0xba, 0xd6, 0xba, 0xd6, 0xba, 0xd6, 0xba, 0xd6, 0xba, 0xd6, 0xba, 0xd6, 0xba, 0xd6,
    0xba, 0xd6, 0xba, 0xd6, 0xba, 0xd6, 0xba, 0xd6, 0xba, 0xd6, 0xba, 0xd6, 0xba, 0xd6, 0xbb, 0xd6,
    0xff, 0xff, 0xff, 0xff, 0xff, 0xff, 0xff, 0xff, 0xff, 0xff, 0xff, 0xff, 0xff, 0xff, 0xfe, 0xff,
    0xfe, 0xff, 0xfe, 0xff, 0xfe, 0xff, 0xfe, 0xff, 0xfe, 0xff, 0xfe, 0xff, 0xfe, 0xff, 0xfe, 0xff,
    0xfe, 0xff, 0xfe, 0xff, 0xfe, 0xff, 0xfe, 0xff, 0xfe, 0xff, 0xfe, 0xff, 0xfe, 0xff, 0xfe, 0xff,
    0xfe, 0xff, 0xfe, 0xff, 0xfe, 0xff, 0xfe, 0xff, 0xfe, 0xff, 0xfe, 0xff, 0xfe, 0xff, 0xfe, 0xff,
    0xfe, 0xff, 0xfe, 0xff, 0xfe, 0xff, 0xfe, 0xff, 0xfe, 0xff, 0xfe, 0xff, 0xfe, 0xff, 0xfe, 0xff,
    0xfe, 0xff, 0xfe, 0xff, 0xfe, 0xff, 0xfe, 0xff, 0xfe, 0xff, 0xde, 0xff, 0xfe, 0xff, 0xfe, 0xff,
    0xde, 0xff, 0xfe, 0xff, 0xfe, 0xff, 0xfe, 0xff, 0xfe, 0xff, 0xfe, 0xff, 0xfe, 0xff, 0xfe, 0xff,
    0xde, 0xff, 0xde, 0xff, 0xde, 0xff, 0xdd, 0xff, 0xde, 0xff, 0xfe, 0xff, 0xfe, 0xff, 0xfe, 0xff,
    0xfd, 0xff, 0xde, 0xff, 0xfe, 0xff, 0xfe, 0xff, 0xdd, 0xff, 0xdd, 0xff, 0xdd, 0xff, 0xde, 0xff,
    0xfe, 0xff, 0xfd, 0xff, 0xdd, 0xff, 0xfd, 0xff, 0xdd, 0xff, 0xdd, 0xff, 0xdd, 0xff, 0xdd, 0xff,
    0xdd, 0xff, 0xdd, 0xff, 0xdd, 0xff, 0xdd, 0xff, 0xdd, 0xff, 0xdd, 0xff, 0xdd, 0xff, 0xdd, 0xff,
    0xdc, 0xff, 0xdd, 0xff, 0xdd, 0xff, 0xdd, 0xff, 0xdd, 0xff, 0xdd, 0xff, 0xdd, 0xff, 0xdd, 0xff,
    0xdd, 0xff, 0xdd, 0xff, 0xdd, 0xff, 0xdd, 0xff, 0xdd, 0xff, 0xdd, 0xff, 0xdd, 0xff, 0xdd, 0xff,
    0xdd, 0xff, 0xdd, 0xff, 0xdd, 0xff, 0xdd, 0xff, 0xdd, 0xff, 0xdd, 0xff, 0xdd, 0xff, 0xdd, 0xff,
    0xdd, 0xff, 0xdd, 0xff, 0xdd, 0xff, 0xdd, 0xff, 0xdd, 0xff, 0xdd, 0xff, 0xdd, 0xff, 0xdd, 0xff,
    0xbd, 0xff, 0xbd, 0xff, 0xbd, 0xff, 0xbd, 0xff, 0xbd, 0xff, 0xbd, 0xff, 0xbd, 0xff, 0xbd, 0xff,
    0xbd, 0xff, 0xbd, 0xff, 0xbd, 0xff, 0xbd, 0xff, 0xbd, 0xff, 0xbd, 0xff, 0xbd, 0xff, 0xbd, 0xff,
    0xbd, 0xff, 0xbd, 0xff, 0xbd, 0xff, 0xbd, 0xff, 0xbd, 0xff, 0xbd, 0xff, 0xbd, 0xff, 0xbd, 0xff,
    0xbd, 0xff, 0x9d, 0xff, 0x9d, 0xff, 0xbd, 0xff, 0x9d, 0xff, 0x9d, 0xff, 0x9d, 0xff, 0x9d, 0xff,
    0x9d, 0xff, 0x9d, 0xff, 0x9d, 0xff, 0x9d, 0xff, 0x9d, 0xff, 0x9d, 0xf7, 0x9d, 0xf7, 0x9d, 0xf7,
    0x9d, 0xf7, 0x9d, 0xf7, 0x9c, 0xf7, 0x9c, 0xf7, 0x9c, 0xf7, 0x9c, 0xf7, 0x9d, 0xf7, 0x9d, 0xf7,
    0x9d, 0xf7, 0x9d, 0xf7, 0x9d, 0xf7, 0x9d, 0xf7, 0x9c, 0xf7, 0x9c, 0xf7, 0x9c, 0xf7, 0x9d, 0xf7,
    0x9c, 0xf7, 0x9c, 0xf7, 0x9c, 0xf7, 0x9c, 0xf7, 0x9c, 0xf7, 0x7c, 0xf7, 0x7c, 0xf7, 0x7c, 0xf7,
    0x7c, 0xf7, 0x7c, 0xf7, 0x7c, 0xf7, 0x7c, 0xf7, 0x7c, 0xf7, 0x7c, 0xf7, 0x7c, 0xf7, 0x7c, 0xf7,
    0x7c, 0xf7, 0x7c, 0xf7, 0x7c, 0xf7, 0x7c, 0xf7, 0x7c, 0xf7, 0x7c, 0xf7, 0x7c, 0xf7, 0x5c, 0xf7,
    0x5c, 0xf7, 0x5c, 0xef, 0x5c, 0xef, 0x5c, 0xef, 0x5c, 0xef, 0x5c, 0xef, 0x5c, 0xef, 0x5c, 0xef,
    0x5c, 0xef, 0x5c, 0xef, 0x5c, 0xef, 0x5c, 0xef, 0x5c, 0xef, 0x5c, 0xef, 0x5c, 0xef, 0x5c, 0xef,
    0x5c, 0xef, 0x5c, 0xef, 0x5c, 0xef, 0x5c, 0xef, 0x5c, 0xef, 0x5c, 0xef, 0x3c, 0xef, 0x3c, 0xef,
    0x3c, 0xef, 0x3c, 0xef, 0x3c, 0xef, 0x3c, 0xef, 0x3c, 0xef, 0x3c, 0xef, 0x3c, 0xe7, 0x3c, 0xef,
    0x3c, 0xe7, 0x3c, 0xe7, 0x3c, 0xe7, 0x3c, 0xe7, 0x3c, 0xe7, 0x3c, 0xe7, 0x3c, 0xe7, 0x3c, 0xe7,
    0x3c, 0xe7, 0x3c, 0xe7, 0x1c, 0xe7, 0x1b, 0xe7, 0x1b, 0xe7, 0x1b, 0xe7, 0x1b, 0xe7, 0x1b, 0xe7,
    0x1b, 0xe7, 0x1b, 0xe7, 0x1b, 0xe7, 0x1b, 0xe7, 0x1b, 0xe7, 0x1b, 0xe7, 0x1b, 0xe7, 0x1b, 0xe7,
    0x1b, 0xe7, 0xfb, 0xde, 0xfb, 0xde, 0xfb, 0xde, 0xfb, 0xde, 0xfb, 0xde, 0xfb, 0xde, 0xfb, 0xde,
    0xfb, 0xde, 0xfb, 0xde, 0xfb, 0xde, 0xfb, 0xde, 0xfb, 0xde, 0xfb, 0xde, 0xdb, 0xde, 0xdb, 0xde,
    0xdb, 0xde, 0xdb, 0xde, 0xdb, 0xde, 0xdb, 0xde, 0xda, 0xde, 0xda, 0xde, 0xda, 0xde, 0xda, 0xde,
    0xda, 0xde, 0xda, 0xde, 0xda, 0xde, 0xda, 0xde, 0xda, 0xde, 0xda, 0xde, 0xdb, 0xde, 0xda, 0xde,
    0xda, 0xde, 0xda, 0xde, 0xda, 0xde, 0xda, 0xde, 0xba, 0xd6, 0xba, 0xd6, 0xba, 0xd6, 0xba, 0xd6,
    0xba, 0xd6, 0xba, 0xd6, 0xba, 0xd6, 0xba, 0xd6, 0xba, 0xd6, 0xba, 0xd6, 0xba, 0xd6, 0xba, 0xd6,
    0xba, 0xd6, 0xba, 0xd6, 0xba, 0xd6, 0xba, 0xd6, 0xba, 0xd6, 0xba, 0xd6, 0xba, 0xd6, 0xba, 0xd6,
    0xba, 0xd6, 0xba, 0xd6, 0xba, 0xd6, 0xba, 0xd6, 0xba, 0xd6, 0xba, 0xd6, 0xba, 0xd6, 0xbb, 0xd6,
    0xff, 0xff, 0xff, 0xff, 0xff, 0xff, 0xff, 0xff, 0xff, 0xff, 0xff, 0xff, 0xff, 0xff, 0xff, 0xff,
    0xfe, 0xff, 0xfe, 0xff, 0xfe, 0xff, 0xfe, 0xff, 0xfe, 0xff, 0xfe, 0xff, 0xfe, 0xff, 0xfe, 0xff,
    0xfe, 0xff, 0xfe, 0xff, 0xfe, 0xff, 0xfe, 0xff, 0xfe, 0xff, 0xfe, 0xff, 0xfe, 0xff, 0xfe, 0xff,
    0xfe, 0xff, 0xfe, 0xff, 0xfe, 0xff, 0xfe, 0xff, 0xfe, 0xff, 0xfe, 0xff, 0xfe, 0xff, 0xfe, 0xff,
    0xfe, 0xff, 0xfe, 0xff, 0xfe, 0xff, 0xfe, 0xff, 0xfe, 0xff, 0xfe, 0xff, 0xfe, 0xff, 0xfe, 0xff,
    0xfe, 0xff, 0xfe, 0xff, 0xfe, 0xff, 0xfe, 0xff, 0xfe, 0xff, 0xfe, 0xff, 0xfe, 0xff, 0xfe, 0xff,
    0xfe, 0xff, 0xfe, 0xff, 0xfe, 0xff, 0xde, 0xff, 0xfe, 0xff, 0xfe, 0xff, 0xfe, 0xff, 0xde, 0xff,
    0xde, 0xff, 0xde, 0xff, 0xde, 0xff, 0xdd, 0xff, 0xde, 0xff, 0xde, 0xff, 0xde, 0xff, 0xde, 0xff,
    0xde, 0xff, 0xfe, 0xff, 0xfe, 0xff, 0xfe, 0xff, 0xde, 0xff, 0xdd, 0xff, 0xdd, 0xff, 0xfd, 0xff,
    0xdd, 0xff, 0xde, 0xff, 0xfe, 0xff, 0xdd, 0xff, 0xdd, 0xff, 0xdd, 0xff, 0xdd, 0xff, 0xdd, 0xff,
    0xdd, 0xff, 0xdd, 0xff, 0xdd, 0xff, 0xdd, 0xff, 0xdd, 0xff, 0xdd, 0xff, 0xdd, 0xff, 0xdd, 0xff,
    0xdd, 0xff, 0xdd, 0xff, 0xdd, 0xff, 0xdd, 0xff, 0xdd, 0xff, 0xdd, 0xff, 0xdd, 0xff, 0xdd, 0xff,
    0xdd, 0xff, 0xdd, 0xff, 0xdd, 0xff, 0xdd, 0xff, 0xdd, 0xff, 0xdd, 0xff, 0xdd, 0xff, 0xdd, 0xff,
    0xdd, 0xff, 0xdd, 0xff, 0xdd, 0xff, 0xdd, 0xff, 0xdd, 0xff, 0xdd, 0xff, 0xdd, 0xff, 0xdd, 0xff,
    0xdd, 0xff, 0xdd, 0xff, 0xdd, 0xff, 0xdd, 0xff, 0xdd, 0xff, 0xbd, 0xff, 0xbd, 0xff, 0xbd, 0xff,
    0xbd, 0xff, 0xbd, 0xff, 0xbd, 0xff, 0xbd, 0xff, 0xbd, 0xff, 0xbd, 0xff, 0xbd, 0xff, 0xbd, 0xff,
    0xbd, 0xff, 0xbd, 0xff, 0xbd, 0xff, 0xbd, 0xff, 0xbd, 0xff, 0xbd, 0xff, 0xbd, 0xff, 0xbd, 0xff,
    0xbd, 0xff, 0xbd, 0xff, 0xbd, 0xff, 0xbd, 0xff, 0xbd, 0xff, 0xbd, 0xff, 0xbd, 0xff, 0xbd, 0xff,
    0xbd, 0xff, 0xbd, 0xff, 0x9d, 0xff, 0x9d, 0xff, 0x9d, 0xff, 0x9d, 0xff, 0x9d, 0xff, 0x9d, 0xff,
    0x9d, 0xff, 0x9d, 0xf7, 0x9d, 0xf7, 0x9c, 0xf7, 0x9c, 0xf7, 0x9c, 0xf7, 0x9c, 0xf7, 0x9c, 0xf7,
    0x9c, 0xf7, 0x9c, 0xf7, 0x9c, 0xf7, 0x9c, 0xf7, 0x9c, 0xf7, 0x9c, 0xf7, 0x9d, 0xf7, 0x9d, 0xf7,
    0x9d, 0xf7, 0x9d, 0xf7, 0x9c, 0xf7, 0x9c, 0xf7, 0x9c, 0xf7, 0x9c, 0xf7, 0x9c, 0xf7, 0x9d, 0xf7,
    0x9d, 0xf7, 0x9c, 0xf7, 0x9c, 0xf7, 0x9c, 0xf7, 0x9c, 0xf7, 0x7c, 0xf7, 0x7c, 0xf7, 0x7c, 0xf7,
    0x7c, 0xf7, 0x7c, 0xf7, 0x7c, 0xf7, 0x7c, 0xf7, 0x7c, 0xf7, 0x7c, 0xf7, 0x7c, 0xf7, 0x7c, 0xf7,
    0x9c, 0xf7, 0x7c, 0xf7, 0x7c, 0xf7, 0x7c, 0xf7, 0x7c, 0xf7, 0x7c, 0xf7, 0x7c, 0xf7, 0x5c, 0xf7,
    0x5c, 0xf7, 0x5c, 0xf7, 0x5c, 0xf7, 0x5c, 0xef, 0x5c, 0xef, 0x5c, 0xef, 0x5c, 0xef, 0x5c, 0xef,
    0x5c, 0xef, 0x5c, 0xef, 0x5c, 0xef, 0x5c, 0xef, 0x5c, 0xef, 0x5c, 0xef, 0x5c, 0xef, 0x5c, 0xef,
    0x5c, 0xef, 0x5c, 0xef, 0x5c, 0xef, 0x5c, 0xef, 0x5c, 0xef, 0x3c, 0xef, 0x3c, 0xef, 0x3c, 0xef,
    0x3c, 0xef, 0x3c, 0xef, 0x3c, 0xef, 0x3c, 0xef, 0x3c, 0xef, 0x3c, 0xef, 0x3c, 0xef, 0x3c, 0xef,
    0x3c, 0xe7, 0x3c, 0xe7, 0x3c, 0xe7, 0x3c, 0xe7, 0x3c, 0xe7, 0x3c, 0xe7, 0x3c, 0xe7, 0x3c, 0xe7,
    0x3b, 0xe7, 0x1b, 0xe7, 0x1b, 0xe7, 0x1b, 0xe7, 0x1b, 0xe7, 0x1b, 0xe7, 0x1b, 0xe7, 0x1b, 0xe7,
    0x1b, 0xe7, 0x1b, 0xe7, 0x1b, 0xe7, 0x1b, 0xe7, 0x1b, 0xe7, 0x1b, 0xe7, 0x1b, 0xe7, 0xfb, 0xe6,
    0x1b, 0xe7, 0xfb, 0xe6, 0xfb, 0xe6, 0xfb, 0xde, 0xfb, 0xde, 0xfb, 0xde, 0xfb, 0xde, 0xfb, 0xde,
    0xfb, 0xde, 0xfb, 0xde, 0xfb, 0xde, 0xfb, 0xde, 0xfb, 0xde, 0xfb, 0xde, 0xfb, 0xde, 0xfb, 0xde,
    0xfb, 0xde, 0xdb, 0xde, 0xdb, 0xde, 0xdb, 0xde, 0xda, 0xde, 0xda, 0xde, 0xda, 0xde, 0xda, 0xde,
    0xda, 0xde, 0xda, 0xde, 0xda, 0xde, 0xda, 0xde, 0xda, 0xde, 0xda, 0xde, 0xda, 0xde, 0xda, 0xde,
    0xda, 0xde, 0xda, 0xde, 0xda, 0xde, 0xda, 0xde, 0xba, 0xd6, 0xba, 0xd6, 0xba, 0xd6, 0xba, 0xd6,
    0xba, 0xd6, 0xba, 0xd6, 0xba, 0xd6, 0xba, 0xd6, 0xba, 0xd6, 0xba, 0xd6, 0xba, 0xd6, 0xba, 0xd6,
    0xba, 0xd6, 0xba, 0xd6, 0xba, 0xd6, 0xba, 0xd6, 0xba, 0xd6, 0xba, 0xd6, 0xba, 0xd6, 0xba, 0xd6,
    0xba, 0xd6, 0xba, 0xd6, 0xba, 0xd6, 0xda, 0xd6, 0xda, 0xde, 0xda, 0xd6, 0xda, 0xd6, 0xbb, 0xd6,
    0xff, 0xff, 0xff, 0xff, 0xff, 0xff, 0xff, 0xff, 0xff, 0xff, 0xff, 0xff, 0xff, 0xff, 0xfe, 0xff,
    0xfe, 0xff, 0xfe, 0xff, 0xfe, 0xff, 0xfe, 0xff, 0xfe, 0xff, 0xfe, 0xff, 0xfe, 0xff, 0xfe, 0xff,
    0xfe, 0xff, 0xfe, 0xff, 0xfe, 0xff, 0xfe, 0xff, 0xfe, 0xff, 0xfe, 0xff, 0xfe, 0xff, 0xfe, 0xff,
    0xfe, 0xff, 0xfe, 0xff, 0xfe, 0xff, 0xfe, 0xff, 0xfe, 0xff, 0xfe, 0xff, 0xfe, 0xff, 0xfe, 0xff,
    0xfe, 0xff, 0xfe, 0xff, 0xfe, 0xff, 0xfe, 0xff, 0xfe, 0xff, 0xfe, 0xff, 0xfe, 0xff, 0xfe, 0xff,
    0xfe, 0xff, 0xfe, 0xff, 0xfe, 0xff, 0xfe, 0xff, 0xfe, 0xff, 0xfe, 0xff, 0xfe, 0xff, 0xfe, 0xff,
    0xfe, 0xff, 0xfe, 0xff, 0xfe, 0xff, 0xfe, 0xff, 0xfe, 0xff, 0xfe, 0xff, 0xfe, 0xff, 0xde, 0xff,
    0xde, 0xff, 0xde, 0xff, 0xde, 0xff, 0xde, 0xff, 0xfe, 0xff, 0xde, 0xff, 0xde, 0xff, 0xfe, 0xff,
    0xfe, 0xff, 0xde, 0xff, 0xfe, 0xff, 0xfe, 0xff, 0xde, 0xff, 0xdd, 0xff, 0xdd, 0xff, 0xde, 0xff,
    0xfe, 0xff, 0xfe, 0xff, 0xfe, 0xff, 0xdd, 0xff, 0xdd, 0xff, 0xdd, 0xff, 0xdd, 0xff, 0xdd, 0xff,
    0xdd, 0xff, 0xdd, 0xff, 0xdd, 0xff, 0xdd, 0xff, 0xdd, 0xff, 0xdd, 0xff, 0xdd, 0xff, 0xdd, 0xff,
    0xdd, 0xff, 0xdd, 0xff, 0xdd, 0xff, 0xdd, 0xff, 0xdd, 0xff, 0xdd, 0xff, 0xdd, 0xff, 0xdd, 0xff,
    0xdd, 0xff, 0xdd, 0xff, 0xdd, 0xff, 0xdd, 0xff, 0xdd, 0xff, 0xdd, 0xff, 0xdd, 0xff, 0xdd, 0xff,
    0xdd, 0xff, 0xdd, 0xff, 0xdd, 0xff, 0xdd, 0xff, 0xdd, 0xff, 0xdd, 0xff, 0xdd, 0xff, 0xdd, 0xff,
    0xdd, 0xff, 0xdd, 0xff, 0xdd, 0xff, 0xdd, 0xff, 0xdd, 0xff, 0xbd, 0xff, 0xbd, 0xff, 0xbd, 0xff,
    0xbd, 0xff, 0xbd, 0xff, 0xbd, 0xff, 0xbd, 0xff, 0xbd, 0xff, 0xbd, 0xff, 0xbd, 0xff, 0xbd, 0xff,
    0xbd, 0xff, 0xbd, 0xff, 0xbd, 0xff, 0xbd, 0xff, 0xbd, 0xff, 0xbd, 0xff, 0xbd, 0xff, 0xbd, 0xff,
    0xbd, 0xff, 0xbd, 0xff, 0xbd, 0xff, 0xbd, 0xff, 0xbd, 0xff, 0xbd, 0xff, 0xbd, 0xff, 0xbd, 0xff,
    0xbd, 0xff, 0xbd, 0xff, 0x9d, 0xff, 0x9d, 0xff, 0x9d, 0xf7, 0x9d, 0xff, 0x9d, 0xff, 0x9d, 0xff,
    0x9d, 0xff, 0x9d, 0xff, 0x9c, 0xf7, 0x9c, 0xf7, 0x9c, 0xf7, 0x9c, 0xf7, 0x9c, 0xf7, 0x9d, 0xf7,
    0x9c, 0xf7, 0x9c, 0xf7, 0x9d, 0xf7, 0x9c, 0xf7, 0x9c, 0xf7, 0x9c, 0xf7, 0x9d, 0xf7, 0x9c, 0xf7,
    0x9d, 0xf7, 0x9d, 0xf7, 0x9d, 0xf7, 0x9d, 0xf7, 0x9c, 0xf7, 0x9c, 0xf7, 0x9c, 0xf7, 0x9d, 0xf7,
    0x9d, 0xf7, 0x9c, 0xf7, 0x9d, 0xf7, 0x9c, 0xf7, 0x7c, 0xf7, 0x7c, 0xf7, 0x7c, 0xf7, 0x7c, 0xf7,
    0x7c, 0xf7, 0x7c, 0xf7, 0x7c, 0xf7, 0x7c, 0xf7, 0x7c, 0xf7, 0x7c, 0xf7, 0x7c, 0xf7, 0x7c, 0xf7,
    0x7c, 0xf7, 0x7c, 0xf7, 0x7c, 0xf7, 0x7c, 0xf7, 0x7c, 0xf7, 0x7c, 0xf7, 0x5c, 0xf7, 0x5c, 0xef,
    0x7c, 0xf7, 0x5c, 0xef, 0x5c, 0xef, 0x5c, 0xef, 0x5c, 0xef, 0x5c, 0xef, 0x5c, 0xef, 0x5c, 0xef,
    0x5c, 0xef, 0x5c, 0xef, 0x5c, 0xef, 0x5c, 0xef, 0x5c, 0xef, 0x5c, 0xef, 0x5c, 0xef, 0x5c, 0xef,
    0x5c, 0xef, 0x5c, 0xef, 0x5c, 0xef, 0x5c, 0xef, 0x3c, 0xef, 0x3c, 0xef, 0x3c, 0xef, 0x3c, 0xe7,
    0x3c, 0xef, 0x3c, 0xef, 0x3c, 0xe7, 0x3c, 0xe7, 0x3c, 0xef, 0x3c, 0xef, 0x3c, 0xef, 0x3c, 0xe7,
    0x3c, 0xe7, 0x3c, 0xe7, 0x3c, 0xe7, 0x3c, 0xe7, 0x3c, 0xe7, 0x3c, 0xe7, 0x3c, 0xe7, 0x3c, 0xe7,
    0x1b, 0xe7, 0x1b, 0xe7, 0x1b, 0xe7, 0x1b, 0xe7, 0x1b, 0xe7, 0x1b, 0xe7, 0x1b, 0xe7, 0x1b, 0xe7,
    0x1b, 0xe7, 0x1b, 0xe7, 0x1b, 0xe7, 0x1b, 0xe7, 0x1b, 0xe7, 0x1b, 0xe7, 0x1b, 0xe7, 0x1b, 0xe7,
    0x1b, 0xe7, 0xfb, 0xe6, 0xfb, 0xde, 0xfb, 0xde, 0xfb, 0xde, 0xfb, 0xde, 0xfb, 0xde, 0xfb, 0xde,
    0xfb, 0xde, 0xfb, 0xde, 0xfb, 0xde, 0xfb, 0xde, 0xfb, 0xde, 0xfb, 0xde, 0xfb, 0xde, 0xfb, 0xde,
    0xfb, 0xde, 0xfb, 0xde, 0xfb, 0xde, 0xdb, 0xde, 0xdb, 0xde, 0xdb, 0xde, 0xda, 0xde, 0xda, 0xde,
    0xda, 0xde, 0xda, 0xde, 0xda, 0xde, 0xda, 0xde, 0xda, 0xde, 0xda, 0xde, 0xda, 0xde, 0xda, 0xde,
    0xda, 0xde, 0xdb, 0xde, 0xda, 0xde, 0xba, 0xd6, 0xba, 0xd6, 0xba, 0xd6, 0xba, 0xd6, 0xba, 0xd6,
    0xba, 0xd6, 0xba, 0xd6, 0xba, 0xd6, 0xba, 0xd6, 0xba, 0xd6, 0xba, 0xd6, 0xba, 0xd6, 0xba, 0xd6,
    0xba, 0xd6, 0xba, 0xd6, 0xba, 0xd6, 0xba, 0xd6, 0xba, 0xd6, 0xba, 0xd6, 0xba, 0xd6, 0xba, 0xd6,
    0xba, 0xd6, 0xba, 0xd6, 0xba, 0xd6, 0xda, 0xde, 0xda, 0xd6, 0xda, 0xd6, 0xda, 0xd6, 0xdb, 0xd6,
    0xff, 0xff, 0xff, 0xff, 0xff, 0xff, 0xff, 0xff, 0xff, 0xff, 0xff, 0xff, 0xff, 0xff, 0xfe, 0xff,
    0xfe, 0xff, 0xfe, 0xff, 0xfe, 0xff, 0xfe, 0xff, 0xfe, 0xff, 0xfe, 0xff, 0xfe, 0xff, 0xfe, 0xff,
    0xfe, 0xff, 0xfe, 0xff, 0xfe, 0xff, 0xfe, 0xff, 0xfe, 0xff, 0xfe, 0xff, 0xfe, 0xff, 0xfe, 0xff,
    0xfe, 0xff, 0xfe, 0xff, 0xfe, 0xff, 0xfe, 0xff, 0xfe, 0xff, 0xfe, 0xff, 0xfe, 0xff, 0xfe, 0xff,
    0xfe, 0xff, 0xfe, 0xff, 0xfe, 0xff, 0xfe, 0xff, 0xfe, 0xff, 0xfe, 0xff, 0xfe, 0xff, 0xfe, 0xff,
    0xfe, 0xff, 0xfe, 0xff, 0xfe, 0xff, 0xfe, 0xff, 0xfe, 0xff, 0xfe, 0xff, 0xfe, 0xff, 0xfe, 0xff,
    0xfe, 0xff, 0xfe, 0xff, 0xfe, 0xff, 0xde, 0xff, 0xfe, 0xff, 0xfe, 0xff, 0xdd, 0xff, 0xde, 0xff,
    0xde, 0xff, 0xdd, 0xff, 0xde, 0xff, 0xfe, 0xff, 0xfe, 0xff, 0xfe, 0xff, 0xfe, 0xff, 0xfd, 0xff,
    0xfe, 0xff, 0xde, 0xff, 0xde, 0xff, 0xfe, 0xff, 0xde, 0xff, 0xde, 0xff, 0xde, 0xff, 0xde, 0xff,
    0xfe, 0xff, 0xfd, 0xff, 0xde, 0xff, 0xfd, 0xff, 0xfc, 0xff, 0xdd, 0xff, 0xdd, 0xff, 0xde, 0xff,
    0xdd, 0xff, 0xdd, 0xff, 0xdd, 0xff, 0xdd, 0xff, 0xdd, 0xff, 0xdd, 0xff, 0xde, 0xff, 0xdd, 0xff,
    0xdd, 0xff, 0xdd, 0xff, 0xdd, 0xff, 0xdd, 0xff, 0xdd, 0xff, 0xdd, 0xff, 0xdd, 0xff, 0xdd, 0xff,
    0xdd, 0xff, 0xdd, 0xff, 0xdd, 0xff, 0xdd, 0xff, 0xdd, 0xff, 0xdd, 0xff, 0xdd, 0xff, 0xdd, 0xff,
    0xdd, 0xff, 0xdd, 0xff, 0xdd, 0xff, 0xdd, 0xff, 0xdd, 0xff, 0xdd, 0xff, 0xdd, 0xff, 0xdd, 0xff,
    0xdd, 0xff, 0xdd, 0xff, 0xdd, 0xff, 0xdd, 0xff, 0xdd, 0xff, 0xbd, 0xff, 0xbd, 0xff, 0xbd, 0xff,
    0xbd, 0xff, 0xbd, 0xff, 0xbd, 0xff, 0xbd, 0xff, 0xbd, 0xff, 0xbd, 0xff, 0xbd, 0xff, 0xbd, 0xff,
    0xbd, 0xff, 0xbd, 0xff, 0xbd, 0xff, 0xbd, 0xff, 0xbd, 0xff, 0xbd, 0xff, 0xbd, 0xff, 0xbd, 0xff,
    0xbd, 0xff, 0xbd, 0xff, 0xbd, 0xff, 0xbd, 0xff, 0xbd, 0xff, 0xbd, 0xff, 0xbd, 0xff, 0xbd, 0xff,
    0xbd, 0xff, 0xbd, 0xff, 0xbd, 0xff, 0x9d, 0xff, 0x9d, 0xff, 0x9d, 0xff, 0x9d, 0xf7, 0x9d, 0xf7,
    0x9d, 0xff, 0x9d, 0xff, 0x9c, 0xf7, 0x9c, 0xf7, 0x9c, 0xf7, 0x9d, 0xf7, 0x9d, 0xf7, 0x9c, 0xf7,
    0x9d, 0xf7, 0x9c, 0xf7, 0x9c, 0xf7, 0x9c, 0xf7, 0x9d, 0xf7, 0x9c, 0xf7, 0x9c, 0xf7, 0x9d, 0xf7,
    0x9c, 0xf7, 0x9d, 0xf7, 0x9c, 0xf7, 0x9c, 0xf7, 0x9c, 0xf7, 0x9c, 0xf7, 0x9d, 0xf7, 0x9c, 0xf7,
    0x9d, 0xf7, 0x9d, 0xf7, 0x9c, 0xf7, 0x9c, 0xf7, 0x9c, 0xf7, 0x7c, 0xf7, 0x7c, 0xf7, 0x7c, 0xf7,
    0x7c, 0xf7, 0x7c, 0xf7, 0x7c, 0xf7, 0x7c, 0xf7, 0x7c, 0xf7, 0x7c, 0xf7, 0x7c, 0xf7, 0x7c, 0xf7,
    0x7c, 0xf7, 0x7c, 0xf7, 0x7c, 0xf7, 0x7c, 0xf7, 0x7c, 0xef, 0x7c, 0xf7, 0x7c, 0xef, 0x5c, 0xef,
    0x5c, 0xef, 0x5c, 0xef, 0x5c, 0xef, 0x5c, 0xef, 0x5c, 0xef, 0x5c, 0xef, 0x5c, 0xef, 0x5c, 0xef,
    0x5c, 0xef, 0x5c, 0xef, 0x5c, 0xef, 0x5c, 0xef, 0x5c, 0xef, 0x5c, 0xef, 0x5c, 0xef, 0x5c, 0xef,
    0x5c, 0xef, 0x5c, 0xef, 0x5c, 0xef, 0x5c, 0xef, 0x3c, 0xef, 0x3c, 0xef, 0x3c, 0xef, 0x3c, 0xe7,
    0x3c, 0xe7, 0x3c, 0xe7, 0x3c, 0xe7, 0x3c, 0xe7, 0x3c, 0xef, 0x3c, 0xe7, 0x3c, 0xef, 0x3c, 0xe7,
    0x3c, 0xe7, 0x3c, 0xe7, 0x3c, 0xe7, 0x3c, 0xe7, 0x3c, 0xe7, 0x3c, 0xe7, 0x3c, 0xe7, 0x3c, 0xe7,
    0x1b, 0xe7, 0x1c, 0xe7, 0x1b, 0xe7, 0x1b, 0xe7, 0x1b, 0xe7, 0x1b, 0xe7, 0x1b, 0xe7, 0x1b, 0xe7,
    0x1b, 0xe7, 0x1b, 0xe7, 0x1b, 0xe7, 0x1b, 0xe7, 0x1b, 0xe7, 0x1b, 0xe7, 0x1b, 0xe7, 0x1b, 0xe7,
    0xfb, 0xde, 0xfb, 0xde, 0xfb, 0xde, 0xfb, 0xde, 0xfb, 0xde, 0xfb, 0xde, 0xfb, 0xde, 0xfb, 0xde,
    0xfb, 0xde, 0xfb, 0xde, 0xfb, 0xde, 0xfb, 0xde, 0xdb, 0xde, 0xfb, 0xde, 0xfb, 0xde, 0xfb, 0xde,
    0xfb, 0xde, 0xfb, 0xde, 0xfb, 0xde, 0xfb, 0xde, 0xdb, 0xde, 0xdb, 0xde, 0xdb, 0xde, 0xda, 0xde,
    0xda, 0xde, 0xdb, 0xde, 0xda, 0xde, 0xda, 0xde, 0xda, 0xde, 0xda, 0xde, 0xdb, 0xde, 0xda, 0xde,
    0xda, 0xde, 0xda, 0xde, 0xda, 0xde, 0xba, 0xd6, 0xba, 0xd6, 0xba, 0xd6, 0xba, 0xd6, 0xba, 0xd6,
    0xba, 0xd6, 0xba, 0xd6, 0xba, 0xd6, 0xba, 0xd6, 0xba, 0xd6, 0xba, 0xd6, 0xba, 0xd6, 0xba, 0xd6,
    0xba, 0xd6, 0xba, 0xd6, 0xba, 0xd6, 0xba, 0xd6, 0xba, 0xd6, 0xba, 0xd6, 0xba, 0xd6, 0xba, 0xd6,
    0xba, 0xd6, 0xba, 0xd6, 0xda, 0xd6, 0xda, 0xd6, 0xda, 0xd6, 0xda, 0xd6, 0xda, 0xd6, 0xdb, 0xd6,
    0xff, 0xff, 0xff, 0xff, 0xff, 0xff, 0xff, 0xff, 0xff, 0xff, 0xff, 0xff, 0xfe, 0xff, 0xfe, 0xff,
    0xfe, 0xff, 0xfe, 0xff, 0xfd, 0xff, 0xfe, 0xff, 0xfe, 0xff, 0xfe, 0xff, 0xfe, 0xff, 0xfe, 0xff,
    0xfe, 0xff, 0xfe, 0xff, 0xfe, 0xff, 0xfe, 0xff, 0xfe, 0xff, 0xfe, 0xff, 0xfe, 0xff, 0xfe, 0xff,
    0xfe, 0xff, 0xfe, 0xff, 0xfe, 0xff, 0xfe, 0xff, 0xfe, 0xff, 0xfe, 0xff, 0xfe, 0xff, 0xfe, 0xff,
    0xfe, 0xff, 0xfe, 0xff, 0xfe, 0xff, 0xfe, 0xff, 0xfe, 0xff, 0xfe, 0xff, 0xfe, 0xff, 0xfe, 0xff,
    0xfe, 0xff, 0xfe, 0xff, 0xfe, 0xff, 0xfe, 0xff, 0xfe, 0xff, 0xfe, 0xff, 0xfe, 0xff, 0xfe, 0xff,
    0xfe, 0xff, 0xfe, 0xff, 0xfe, 0xff, 0xfe, 0xff, 0xfe, 0xff, 0xfe, 0xff, 0xfe, 0xff, 0xdd, 0xff,
    0xde, 0xff, 0xde, 0xff, 0xde, 0xff, 0xde, 0xff, 0xde, 0xff, 0xfe, 0xff, 0xfe, 0xff, 0xfd, 0xff,
    0xfe, 0xff, 0xfe, 0xff, 0xfd, 0xff, 0xfe, 0xff, 0xfe, 0xff, 0xde, 0xff, 0xfe, 0xff, 0xde, 0xff,
    0xde, 0xff, 0xdd, 0xff, 0xdd, 0xff, 0xdd, 0xff, 0xdd, 0xff, 0xdd, 0xff, 0xdd, 0xff, 0xdd, 0xff,
    0xdd, 0xff, 0xdd, 0xff, 0xdd, 0xff, 0xdd, 0xff, 0xdd, 0xff, 0xdd, 0xff, 0xdd, 0xff, 0xdd, 0xff,
    0xdd, 0xff, 0xdd, 0xff, 0xdd, 0xff, 0xdd, 0xff, 0xdd, 0xff, 0xdd, 0xff, 0xdd, 0xff, 0xdd, 0xff,
    0xdd, 0xff, 0xdd, 0xff, 0xdd, 0xff, 0xdd, 0xff, 0xdd, 0xff, 0xdd, 0xff, 0xdd, 0xff, 0xdd, 0xff,
    0xdd, 0xff, 0xdd, 0xff, 0xdd, 0xff, 0xdd, 0xff, 0xdd, 0xff, 0xdd, 0xff, 0xdd, 0xff, 0xdd, 0xff,
    0xdd, 0xff, 0xdd, 0xff, 0xdd, 0xff, 0xbd, 0xff, 0xbd, 0xff, 0xbd, 0xff, 0xbd, 0xff, 0xbd, 0xff,
    0xbd, 0xff, 0xbd, 0xff, 0xbd, 0xff, 0xbd, 0xff, 0xbd, 0xff, 0xbd, 0xff, 0xbd, 0xff, 0xbd, 0xff,
    0xbd, 0xff, 0xbd, 0xff, 0xbd, 0xff, 0xbd, 0xff, 0xbd, 0xff, 0xbd, 0xff, 0xbd, 0xff, 0xbd, 0xff,
    0xbd, 0xff, 0xbd, 0xff, 0xbd, 0xff, 0xbd, 0xff, 0xbd, 0xff, 0xbd, 0xff, 0xbd, 0xff, 0xbd, 0xff,
    0xbd, 0xff, 0xbd, 0xff, 0x9d, 0xff, 0x9d, 0xff, 0x9d, 0xff, 0x9d, 0xff, 0x9d, 0xf7, 0x9d, 0xf7,
    0x9d, 0xff, 0x9c, 0xf7, 0x9c, 0xf7, 0x9c, 0xf7, 0x9d, 0xf7, 0x9c, 0xf7, 0x9c, 0xf7, 0x9c, 0xf7,
    0x9c, 0xf7, 0x9d, 0xf7, 0x9c, 0xf7, 0x9c, 0xf7, 0x9c, 0xf7, 0x9c, 0xf7, 0x9c, 0xf7, 0x9d, 0xf7,
    0x9c, 0xf7, 0x9c, 0xf7, 0x9c, 0xf7, 0x9c, 0xf7, 0x9c, 0xf7, 0x9c, 0xf7, 0x9d, 0xf7, 0x9d, 0xf7,
    0x9d, 0xf7, 0x9d, 0xf7, 0x9d, 0xf7, 0x9c, 0xf7, 0x9c, 0xf7, 0x7c, 0xf7, 0x7c, 0xf7, 0x7c, 0xf7,
    0x7c, 0xf7, 0x7c, 0xf7, 0x7c, 0xf7, 0x7c, 0xf7, 0x7c, 0xf7, 0x7c, 0xf7, 0x7c, 0xf7, 0x7c, 0xf7,
    0x7c, 0xf7, 0x7c, 0xf7, 0x7c, 0xf7, 0x7c, 0xf7, 0x7c, 0xf7, 0x7c, 0xf7, 0x7c, 0xef, 0x5c, 0xef,
    0x5c, 0xef, 0x5c, 0xf7, 0x5c, 0xef, 0x5c, 0xef, 0x5c, 0xef, 0x5c, 0xef, 0x5c, 0xef, 0x5c, 0xef,
    0x5c, 0xef, 0x5c, 0xef, 0x5c, 0xef, 0x5c, 0xef, 0x5c, 0xef, 0x5c, 0xef, 0x5c, 0xef, 0x5c, 0xef,
    0x5c, 0xef, 0x5c, 0xef, 0x3c, 0xef, 0x3c, 0xef, 0x3c, 0xef, 0x3c, 0xef, 0x3c, 0xe7, 0x3c, 0xe7,
    0x3c, 0xe7, 0x3c, 0xe7, 0x3c, 0xe7, 0x3c, 0xe7, 0x3c, 0xe7, 0x3c, 0xe7, 0x3c, 0xe7, 0x3c, 0xe7,
    0x3c, 0xe7, 0x3c, 0xe7, 0x3c, 0xe7, 0x3c, 0xe7, 0x3c, 0xe7, 0x3c, 0xe7, 0x3c, 0xe7, 0x1b, 0xe7,
    0x1b, 0xe7, 0x1b, 0xe7, 0x1b, 0xe7, 0x1b, 0xe7, 0x1b, 0xe7, 0x1b, 0xe7, 0x1b, 0xe7, 0x1b, 0xe7,
    0x1b, 0xe7, 0x1b, 0xe7, 0x1b, 0xe7, 0x1b, 0xe7, 0x1b, 0xe7, 0x1b, 0xe7, 0x1b, 0xe7, 0xfb, 0xde,
    0xfb, 0xde, 0xfb, 0xde, 0xfb, 0xde, 0xfb, 0xde, 0xfb, 0xde, 0xfb, 0xde, 0xfb, 0xde, 0xfb, 0xde,
    0xfb, 0xde, 0xdb, 0xde, 0xfb, 0xde, 0xfb, 0xde, 0xfb, 0xde, 0xfb, 0xde, 0xfb, 0xde, 0xfb, 0xde,
    0xfb, 0xde, 0xfb, 0xde, 0xfb, 0xde, 0xfb, 0xde, 0xdb, 0xde, 0xdb, 0xde, 0xdb, 0xde, 0xda, 0xde,
    0xda, 0xde, 0xda, 0xde, 0xda, 0xde, 0xda, 0xde, 0xda, 0xde, 0xda, 0xde, 0xdb, 0xde, 0xda, 0xde,
    0xda, 0xde, 0xda, 0xde, 0xda, 0xd6, 0xba, 0xd6, 0xba, 0xd6, 0xba, 0xd6, 0xba, 0xd6, 0xba, 0xd6,
    0xba, 0xd6, 0xba, 0xd6, 0xba, 0xd6, 0xba, 0xd6, 0xba, 0xd6, 0xba, 0xd6, 0xba, 0xd6, 0xba, 0xd6,
    0xba, 0xd6, 0xba, 0xd6, 0xba, 0xd6, 0xba, 0xd6, 0xba, 0xd6, 0xba, 0xd6, 0xba, 0xd6, 0xba, 0xd6,
    0xba, 0xd6, 0xba, 0xd6, 0xba, 0xd6, 0xda, 0xd6, 0xda, 0xd6, 0xdb, 0xd6, 0xdb, 0xd6, 0xdb, 0xd6,
    0xff, 0xff, 0xff, 0xff, 0xff, 0xff, 0xff, 0xff, 0xff, 0xff, 0xff, 0xff, 0xff, 0xff, 0xfe, 0xff,
    0xfe, 0xff, 0xfe, 0xff, 0xfe, 0xff, 0xfe, 0xff, 0xfe, 0xff, 0xfe, 0xff, 0xfe, 0xff, 0xfe, 0xff,
    0xfe, 0xff, 0xfe, 0xff, 0xfe, 0xff, 0xfe, 0xff, 0xfe, 0xff, 0xfe, 0xff, 0xfe, 0xff, 0xfe, 0xff,
    0xfe, 0xff, 0xfe, 0xff, 0xfe, 0xff, 0xfe, 0xff, 0xfe, 0xff, 0xfe, 0xff, 0xfe, 0xff, 0xfe, 0xff,
    0xfe, 0xff, 0xfe, 0xff, 0xfe, 0xff, 0xfe, 0xff, 0xfe, 0xff, 0xfe, 0xff, 0xfe, 0xff, 0xfe, 0xff,
    0xfe, 0xff, 0xfe, 0xff, 0xfe, 0xff, 0xfe, 0xff, 0xfe, 0xff, 0xfe, 0xff, 0xfe, 0xff, 0xfe, 0xff,
    0xfe, 0xff, 0xfe, 0xff, 0xfe, 0xff, 0xfe, 0xff, 0xfe, 0xff, 0xfe, 0xff, 0xfe, 0xff, 0xde, 0xff,
    0xde, 0xff, 0xde, 0xff, 0xde, 0xff, 0xdd, 0xff, 0xdd, 0xff, 0xfe, 0xff, 0xfe, 0xff, 0xfe, 0xff,
    0xfe, 0xff, 0xfe, 0xff, 0xde, 0xff, 0xde, 0xff, 0xfe, 0xff, 0xfe, 0xff, 0xde, 0xff, 0xde, 0xff,
    0xde, 0xff, 0xfd, 0xff, 0xfd, 0xff, 0xfd, 0xff, 0xdd, 0xff, 0xdd, 0xff, 0xdd, 0xff, 0xdd, 0xff,
    0xdd, 0xff, 0xdd, 0xff, 0xdd, 0xff, 0xdd, 0xff, 0xdd, 0xff, 0xde, 0xff, 0xdd, 0xff, 0xdd, 0xff,
    0xdd, 0xff, 0xdd, 0xff, 0xdd, 0xff, 0xdd, 0xff, 0xdd, 0xff, 0xdd, 0xff, 0xdd, 0xff, 0xdd, 0xff,
    0xdd, 0xff, 0xdd, 0xff, 0xdd, 0xff, 0xdd, 0xff, 0xdd, 0xff, 0xdd, 0xff, 0xdd, 0xff, 0xdd, 0xff,
    0xdd, 0xff, 0xdd, 0xff, 0xdd, 0xff, 0xdd, 0xff, 0xdd, 0xff, 0xdd, 0xff, 0xdd, 0xff, 0xdd, 0xff,
    0xdd, 0xff, 0xdd, 0xff, 0xdd, 0xff, 0xbd, 0xff, 0xbd, 0xff, 0xbd, 0xff, 0xbd, 0xff, 0xbd, 0xff,
    0xbd, 0xff, 0xbd, 0xff, 0xbd, 0xff, 0xbd, 0xff, 0xbd, 0xff, 0xbd, 0xff, 0xbd, 0xff, 0xbd, 0xff,
    0xbd, 0xff, 0xbd, 0xff, 0xbd, 0xff, 0xbd, 0xff, 0xbd, 0xff, 0xbd, 0xff, 0xbd, 0xff, 0xbd, 0xff,
    0xbd, 0xff, 0xbd, 0xff, 0xbd, 0xff, 0xbd, 0xff, 0xbd, 0xff, 0xbd, 0xff, 0xbd, 0xff, 0xbd, 0xff,
    0xbd, 0xff, 0xbd, 0xff, 0x9d, 0xff, 0x9d, 0xff, 0x9d, 0xff, 0x9d, 0xff, 0x9d, 0xff, 0x9d, 0xff,
    0x9c, 0xf7, 0x9c, 0xf7, 0x9c, 0xf7, 0x9d, 0xf7, 0x9d, 0xf7, 0x9c, 0xf7, 0x9c, 0xf7, 0x9c, 0xf7,
    0x9d, 0xf7, 0x9c, 0xf7, 0x9c, 0xf7, 0x9c, 0xf7, 0x9c, 0xf7, 0x9c, 0xf7, 0x9c, 0xf7, 0x9c, 0xf7,
    0x9c, 0xf7, 0x9c, 0xf7, 0x9c, 0xf7, 0x9c, 0xf7, 0x9c, 0xf7, 0x9c, 0xf7, 0x9c, 0xf7, 0x9d, 0xf7,
    0x9c, 0xf7, 0x9c, 0xf7, 0x9c, 0xf7, 0x9c, 0xf7, 0x7c, 0xf7, 0x7c, 0xf7, 0x7c, 0xf7, 0x7c, 0xf7,
    0x7c, 0xf7, 0x7c, 0xf7, 0x7c, 0xf7, 0x7c, 0xf7, 0x7c, 0xf7, 0x7c, 0xf7, 0x7c, 0xf7, 0x7c, 0xf7,
    0x7c, 0xf7, 0x7c, 0xf7, 0x7c, 0xf7, 0x7c, 0xf7, 0x7c, 0xf7, 0x7c, 0xf7, 0x7c, 0xef, 0x7c, 0xef,
    0x5c, 0xef, 0x5c, 0xef, 0x5c, 0xef, 0x5c, 0xef, 0x5c, 0xef, 0x5c, 0xef, 0x5c, 0xef, 0x5c, 0xef,
    0x5c, 0xef, 0x5c, 0xef, 0x5c, 0xef, 0x5c, 0xef, 0x5c, 0xef, 0x5c, 0xef, 0x5c, 0xef, 0x5c, 0xef,
    0x5c, 0xef, 0x3c, 0xef, 0x3c, 0xef, 0x3c, 0xef, 0x3c, 0xef, 0x3c, 0xe7, 0x3c, 0xe7, 0x3c, 0xe7,
    0x3c, 0xe7, 0x3c, 0xe7, 0x3c, 0xe7, 0x3c, 0xe7, 0x3c, 0xe7, 0x3c, 0xe7, 0x3c, 0xe7, 0x3c, 0xe7,
    0x3c, 0xe7, 0x3c, 0xe7, 0x3c, 0xe7, 0x3c, 0xe7, 0x3c, 0xe7, 0x1b, 0xe7, 0x1b, 0xe7, 0x1b, 0xe7,
    0x1b, 0xe7, 0x1b, 0xe7, 0x1b, 0xe7, 0x1b, 0xe7, 0x1b, 0xe7, 0x1b, 0xe7, 0x1b, 0xe7, 0x1b, 0xe7,
    0xfb, 0xe6, 0xfb, 0xe6, 0xfb, 0xe6, 0x1b, 0xe7, 0x1b, 0xe7, 0x1b, 0xe7, 0x1b, 0xe7, 0xfb, 0xe6,
    0xfb, 0xde, 0xfb, 0xde, 0xfb, 0xde, 0xfb, 0xde, 0xfb, 0xde, 0xfb, 0xde, 0xfb, 0xde, 0xfb, 0xde,
    0xfb, 0xde, 0xfb, 0xde, 0xfb, 0xde, 0xfb, 0xde, 0xdb, 0xde, 0xfb, 0xde, 0xfb, 0xde, 0xfb, 0xde,
    0xfb, 0xde, 0xfb, 0xde, 0xfb, 0xde, 0xfb, 0xde, 0xfb, 0xde, 0xdb, 0xde, 0xdb, 0xde, 0xda, 0xde,
    0xda, 0xde, 0xda, 0xde, 0xda, 0xde, 0xda, 0xde, 0xda, 0xde, 0xda, 0xde, 0xdb, 0xde, 0xda, 0xde,
    0xda, 0xd6, 0xda, 0xde, 0xba, 0xd6, 0xba, 0xd6, 0xba, 0xd6, 0xba, 0xd6, 0xba, 0xd6, 0xba, 0xd6,
    0xba, 0xd6, 0xba, 0xd6, 0xba, 0xd6, 0xba, 0xd6, 0xba, 0xd6, 0xba, 0xd6, 0xba, 0xd6, 0xba, 0xd6,
    0xba, 0xd6, 0xba, 0xd6, 0xba, 0xd6, 0xba, 0xd6, 0xba, 0xd6, 0xba, 0xd6, 0xba, 0xd6, 0xba, 0xd6,
    0xba, 0xd6, 0xba, 0xd6, 0xba, 0xd6, 0xda, 0xd6, 0xda, 0xd6, 0xda, 0xde, 0xda, 0xd6, 0xdb, 0xd6,
    0xff, 0xff, 0xff, 0xff, 0xff, 0xff, 0xff, 0xff, 0xff, 0xff, 0xff, 0xff, 0xff, 0xff, 0xfe, 0xff,
    0xfe, 0xff, 0xfe, 0xff, 0xfe, 0xff, 0xfe, 0xff, 0xfe, 0xff, 0xfe, 0xff, 0xfe, 0xff, 0xfe, 0xff,
    0xfe, 0xff, 0xfe, 0xff, 0xfe, 0xff, 0xfe, 0xff, 0xfe, 0xff, 0xfe, 0xff, 0xfe, 0xff, 0xfe, 0xff,
    0xfe, 0xff, 0xfe, 0xff, 0xfe, 0xff, 0xfe, 0xff, 0xfe, 0xff, 0xfe, 0xff, 0xfe, 0xff, 0xfe, 0xff,
    0xfe, 0xff, 0xfe, 0xff, 0xfe, 0xff, 0xfe, 0xff, 0xfe, 0xff, 0xfe, 0xff, 0xfe, 0xff, 0xfe, 0xff,
    0xfe, 0xff, 0xfe, 0xff, 0xfe, 0xff, 0xfe, 0xff, 0xfe, 0xff, 0xfe, 0xff, 0xfe, 0xff, 0xfe, 0xff,
    0xfe, 0xff, 0xfe, 0xff, 0xfe, 0xff, 0xfe, 0xff, 0xfe, 0xff, 0xde, 0xff, 0xdd, 0xff, 0xfe, 0xff,
    0xfe, 0xff, 0xdd, 0xff, 0xde, 0xff, 0xdd, 0xff, 0xdd, 0xff, 0xfe, 0xff, 0xde, 0xff, 0xdd, 0xff,
    0xdd, 0xff, 0xdd, 0xff, 0xfe, 0xff, 0xfe, 0xff, 0xde, 0xff, 0xde, 0xff, 0xde, 0xff, 0xfe, 0xff,
    0xfe, 0xff, 0xfd, 0xff, 0xdd, 0xff, 0xdd, 0xff, 0xdd, 0xff, 0xdd, 0xff, 0xdd, 0xff, 0xdd, 0xff,
    0xdd, 0xff, 0xdd, 0xff, 0xdd, 0xff, 0xdd, 0xff, 0xdd, 0xff, 0xdd, 0xff, 0xdd, 0xff, 0xdd, 0xff,
    0xdd, 0xff, 0xdd, 0xff, 0xdd, 0xff, 0xdd, 0xff, 0xdd, 0xff, 0xdd, 0xff, 0xdd, 0xff, 0xdd, 0xff,
    0xdd, 0xff, 0xdd, 0xff, 0xdd, 0xff, 0xdd, 0xff, 0xdd, 0xff, 0xdd, 0xff, 0xdd, 0xff, 0xdd, 0xff,
    0xdd, 0xff, 0xdd, 0xff, 0xdd, 0xff, 0xdd, 0xff, 0xdd, 0xff, 0xdd, 0xff, 0xdd, 0xff, 0xdd, 0xff,
    0xbd, 0xff, 0xbd, 0xff, 0xdd, 0xff, 0xbd, 0xff, 0xbd, 0xff, 0xbd, 0xff, 0xbd, 0xff, 0xbd, 0xff,
    0xbd, 0xff, 0xbd, 0xff, 0xbd, 0xff, 0xbd, 0xff, 0xbd, 0xff, 0xbd, 0xff, 0xbd, 0xff, 0xbd, 0xff,
    0xbd, 0xff, 0xbd, 0xff, 0xbd, 0xff, 0xbd, 0xff, 0xbd, 0xff, 0xbd, 0xff, 0xbd, 0xff, 0xbd, 0xff,
    0xbd, 0xff, 0xbd, 0xff, 0xbd, 0xff, 0xbd, 0xff, 0xbd, 0xff, 0xbd, 0xff, 0xbd, 0xff, 0xbd, 0xff,
    0xbd, 0xff, 0xbd, 0xff, 0x9d, 0xff, 0x9d, 0xff, 0x9d, 0xff, 0x9d, 0xff, 0x9d, 0xf7, 0x9c, 0xf7,
    0x9d, 0xf7, 0x9c, 0xf7, 0x9c, 0xf7, 0x9c, 0xf7, 0x9c, 0xf7, 0x9d, 0xf7, 0x9c, 0xf7, 0x9c, 0xf7,
    0x9c, 0xf7, 0x9c, 0xf7, 0x9c, 0xf7, 0x9c, 0xf7, 0x9c, 0xf7, 0x9c, 0xf7, 0x9c, 0xf7, 0x9c, 0xf7,
    0x9c, 0xf7, 0x9c, 0xf7, 0x9c, 0xf7, 0x9c, 0xf7, 0x7c, 0xf7, 0x7c, 0xf7, 0x9c, 0xf7, 0x9c, 0xf7,
    0x9c, 0xf7, 0x7c, 0xf7, 0x7c, 0xf7, 0x7c, 0xf7, 0x7c, 0xf7, 0x7c, 0xf7, 0x7c, 0xf7, 0x7c, 0xf7,
    0x7c, 0xf7, 0x7c, 0xf7, 0x7c, 0xf7, 0x7c, 0xf7, 0x7c, 0xf7, 0x7c, 0xf7, 0x7c, 0xf7, 0x7c, 0xf7,
    0x7c, 0xf7, 0x7c, 0xf7, 0x7c, 0xf7, 0x7c, 0xf7, 0x7c, 0xf7, 0x7c, 0xef, 0x7c, 0xf7, 0x7c, 0xef,
    0x5c, 0xf7, 0x5c, 0xf7, 0x5c, 0xef, 0x5c, 0xef, 0x5c, 0xef, 0x5c, 0xef, 0x5c, 0xef, 0x5c, 0xef,
    0x5c, 0xef, 0x5c, 0xef, 0x5c, 0xef, 0x5c, 0xef, 0x5c, 0xef, 0x5c, 0xef, 0x5c, 0xef, 0x5c, 0xef,
    0x5c, 0xef, 0x3c, 0xef, 0x3c, 0xef, 0x3c, 0xef, 0x3c, 0xe7, 0x3c, 0xef, 0x3c, 0xe7, 0x3c, 0xe7,
    0x3b, 0xe7, 0x3c, 0xe7, 0x3c, 0xe7, 0x3c, 0xe7, 0x3c, 0xe7, 0x3c, 0xe7, 0x3c, 0xe7, 0x3c, 0xe7,
    0x3c, 0xe7, 0x3c, 0xe7, 0x3c, 0xe7, 0x3c, 0xe7, 0x1b, 0xe7, 0x1b, 0xe7, 0x1c, 0xe7, 0x1b, 0xe7,
    0x1b, 0xe7, 0x1b, 0xe7, 0x1b, 0xe7, 0x1b, 0xe7, 0x1b, 0xe7, 0x1b, 0xe7, 0x1b, 0xe7, 0x1b, 0xe7,
    0xfb, 0xe6, 0xfb, 0xe6, 0xfb, 0xe6, 0x1b, 0xe7, 0x1b, 0xe7, 0x1b, 0xe7, 0xfb, 0xe6, 0xfb, 0xe6,
    0xfb, 0xde, 0xfb, 0xde, 0xfb, 0xde, 0xfb, 0xde, 0xfb, 0xde, 0xfb, 0xde, 0xfb, 0xde, 0xfb, 0xde,
    0xfb, 0xde, 0xfb, 0xde, 0xfb, 0xde, 0xfb, 0xde, 0xfb, 0xde, 0xfb, 0xde, 0xfb, 0xde, 0xfb, 0xde,
    0xfb, 0xde, 0xfb, 0xde, 0xfb, 0xde, 0xfb, 0xde, 0xfb, 0xde, 0xdb, 0xde, 0xdb, 0xde, 0xdb, 0xde,
    0xda, 0xde, 0xdb, 0xde, 0xda, 0xde, 0xda, 0xde, 0xda, 0xde, 0xda, 0xde, 0xdb, 0xde, 0xda, 0xde,
    0xda, 0xd6, 0xba, 0xd6, 0xba, 0xd6, 0xba, 0xd6, 0xba, 0xd6, 0xba, 0xd6, 0xba, 0xd6, 0xba, 0xd6,
    0xba, 0xd6, 0xba, 0xd6, 0xba, 0xd6, 0xba, 0xd6, 0xba, 0xd6, 0xba, 0xd6, 0xba, 0xd6, 0xba, 0xd6,
    0xba, 0xd6, 0xba, 0xd6, 0xba, 0xd6, 0xba, 0xd6, 0xba, 0xd6, 0xba, 0xd6, 0xba, 0xd6, 0xba, 0xd6,
    0xba, 0xd6, 0xba, 0xd6, 0xba, 0xd6, 0xda, 0xd6, 0xda, 0xd6, 0xda, 0xd6, 0xdb, 0xd6, 0xdb, 0xd6,
    0xff, 0xff, 0xff, 0xff, 0xff, 0xff, 0xff, 0xff, 0xff, 0xff, 0xff, 0xff, 0xff, 0xff, 0xff, 0xff,
    0xfe, 0xff, 0xfe, 0xff, 0xfe, 0xff, 0xfe, 0xff, 0xfe, 0xff, 0xfe, 0xff, 0xfe, 0xff, 0xfe, 0xff,
    0xfe, 0xff, 0xfe, 0xff, 0xfe, 0xff, 0xfe, 0xff, 0xfe, 0xff, 0xfe, 0xff, 0xfe, 0xff, 0xfe, 0xff,
    0xfe, 0xff, 0xfe, 0xff, 0xfe, 0xff, 0xfe, 0xff, 0xfe, 0xff, 0xfe, 0xff, 0xfe, 0xff, 0xfe, 0xff,
    0xfe, 0xff, 0xfe, 0xff, 0xfe, 0xff, 0xfe, 0xff, 0xfe, 0xff, 0xfe, 0xff, 0xfe, 0xff, 0xfe, 0xff,
    0xfe, 0xff, 0xfe, 0xff, 0xfe, 0xff, 0xfe, 0xff, 0xfe, 0xff, 0xfe, 0xff, 0xfe, 0xff, 0xfe, 0xff,
    0xfe, 0xff, 0xfe, 0xff, 0xfe, 0xff, 0xfe, 0xff, 0xfe, 0xff, 0xfe, 0xff, 0xfe, 0xff, 0xfe, 0xff,
    0xfe, 0xff, 0xde, 0xff, 0xde, 0xff, 0xde, 0xff, 0xde, 0xff, 0xde, 0xff, 0xde, 0xff, 0xdd, 0xff,
    0xdd, 0xff, 0xdd, 0xff, 0xde, 0xff, 0xfe, 0xff, 0xfe, 0xff, 0xfe, 0xff, 0xfe, 0xff, 0xfe, 0xff,
    0xfe, 0xff, 0xfe, 0xff, 0xde, 0xff, 0xde, 0xff, 0xdd, 0xff, 0xdd, 0xff, 0xdd, 0xff, 0xdd, 0xff,
    0xdd, 0xff, 0xdd, 0xff, 0xdd, 0xff, 0xdd, 0xff, 0xdd, 0xff, 0xdd, 0xff, 0xdd, 0xff, 0xdd, 0xff,
    0xdd, 0xff, 0xdd, 0xff, 0xdd, 0xff, 0xdd, 0xff, 0xdd, 0xff, 0xdd, 0xff, 0xdd, 0xff, 0xdd, 0xff,
    0xdd, 0xff, 0xdd, 0xff, 0xdd, 0xff, 0xdd, 0xff, 0xdd, 0xff, 0xdd, 0xff, 0xdd, 0xff, 0xdd, 0xff,
    0xdd, 0xff, 0xdd, 0xff, 0xdd, 0xff, 0xdd, 0xff, 0xdd, 0xff, 0xdd, 0xff, 0xdd, 0xff, 0xdd, 0xff,
    0xdd, 0xff, 0xdd, 0xff, 0xbd, 0xff, 0xbd, 0xff, 0xbd, 0xff, 0xbd, 0xff, 0xbd, 0xff, 0xbd, 0xff,
    0xbd, 0xff, 0xbd, 0xff, 0xbd, 0xff, 0xbd, 0xff, 0xbd, 0xff, 0xbd, 0xff, 0xbd, 0xff, 0xbd, 0xff,
    0xbd, 0xff, 0xbd, 0xff, 0xbd, 0xff, 0xbd, 0xff, 0xbd, 0xff, 0xbd, 0xff, 0xbd, 0xff, 0xbd, 0xff,
    0xbd, 0xff, 0xbd, 0xff, 0xbd, 0xff, 0xbd, 0xff, 0xbd, 0xff, 0xbd, 0xff, 0xbd, 0xff, 0xbd, 0xff,
    0xbd, 0xff, 0x9d, 0xff, 0x9d, 0xff, 0x9d, 0xff, 0x9d, 0xff, 0x9d, 0xff, 0x9d, 0xf7, 0x9c, 0xff,
    0x9d, 0xff, 0x9d, 0xf7, 0x9d, 0xf7, 0x9d, 0xf7, 0x9d, 0xf7, 0x9d, 0xf7, 0x9c, 0xf7, 0x9d, 0xf7,
    0x9c, 0xf7, 0x9c, 0xf7, 0x9c, 0xf7, 0x9c, 0xf7, 0x9c, 0xf7, 0x9d, 0xf7, 0x9d, 0xf7, 0x9c, 0xf7,
    0x9c, 0xf7, 0x9c, 0xf7, 0x9c, 0xf7, 0x7c, 0xf7, 0x9c, 0xf7, 0x9c, 0xf7, 0x9c, 0xf7, 0x9c, 0xf7,
    0x7c, 0xf7, 0x7c, 0xf7, 0x7c, 0xf7, 0x7c, 0xf7, 0x7c, 0xf7, 0x7c, 0xf7, 0x7c, 0xf7, 0x7c, 0xf7,
    0x7c, 0xf7, 0x7c, 0xf7, 0x7c, 0xf7, 0x7c, 0xf7, 0x7c, 0xf7, 0x7c, 0xf7, 0x7c, 0xf7, 0x7c, 0xf7,
    0x7c, 0xf7, 0x7c, 0xf7, 0x7c, 0xf7, 0x7c, 0xf7, 0x7c, 0xf7, 0x7c, 0xf7, 0x7c, 0xef, 0x7c, 0xef,
    0x5c, 0xef, 0x5c, 0xf7, 0x5c, 0xef, 0x5c, 0xef, 0x5c, 0xef, 0x5c, 0xef, 0x5c, 0xef, 0x5c, 0xef,
    0x5c, 0xef, 0x5c, 0xef, 0x5c, 0xef, 0x5c, 0xef, 0x5c, 0xef, 0x5c, 0xef, 0x5c, 0xef, 0x3c, 0xef,
    0x3c, 0xef, 0x3c, 0xef, 0x3c, 0xef, 0x3c, 0xe7, 0x3c, 0xe7, 0x3c, 0xe7, 0x3c, 0xe7, 0x3c, 0xe7,
    0x3c, 0xe7, 0x3c, 0xe7, 0x3c, 0xe7, 0x3c, 0xe7, 0x3c, 0xe7, 0x3c, 0xe7, 0x3c, 0xe7, 0x3c, 0xe7,
    0x3c, 0xe7, 0x3c, 0xe7, 0x3c, 0xe7, 0x3c, 0xe7, 0x3b, 0xe7, 0x1b, 0xe7, 0x1b, 0xe7, 0x1b, 0xe7,
    0x1b, 0xe7, 0x1b, 0xe7, 0x1b, 0xe7, 0x1b, 0xe7, 0x1b, 0xe7, 0x1b, 0xe7, 0x1b, 0xe7, 0x1b, 0xe7,
    0x1b, 0xe7, 0xfb, 0xe6, 0xfb, 0xe6, 0xfb, 0xe6, 0xfb, 0xe6, 0x1b, 0xe7, 0x1b, 0xe7, 0x1b, 0xe7,
    0xfb, 0xde, 0xfb, 0xde, 0xfb, 0xde, 0xfb, 0xde, 0xfb, 0xde, 0xfb, 0xde, 0xfb, 0xde, 0xfb, 0xde,
    0xfb, 0xde, 0xfb, 0xde, 0xfb, 0xde, 0xfb, 0xde, 0xfb, 0xde, 0xfb, 0xde, 0xfb, 0xde, 0xfb, 0xde,
    0xfb, 0xde, 0xfb, 0xde, 0xfb, 0xde, 0xfb, 0xde, 0xdb, 0xde, 0xdb, 0xde, 0xdb, 0xde, 0xdb, 0xde,
    0xda, 0xde, 0xda, 0xde, 0xda, 0xde, 0xda, 0xde, 0xda, 0xde, 0xda, 0xde, 0xda, 0xde, 0xda, 0xde,
    0xda, 0xde, 0xba, 0xd6, 0xba, 0xd6, 0xba, 0xd6, 0xba, 0xd6, 0xba, 0xd6, 0xba, 0xd6, 0xba, 0xd6,
    0xba, 0xd6, 0xba, 0xd6, 0xba, 0xd6, 0xba, 0xd6, 0xba, 0xd6, 0xba, 0xd6, 0xba, 0xd6, 0xba, 0xd6,
    0xba, 0xd6, 0xba, 0xd6, 0xba, 0xd6, 0xba, 0xd6, 0xba, 0xd6, 0xba, 0xd6, 0xba, 0xd6, 0xba, 0xd6,
    0xba, 0xd6, 0xba, 0xd6, 0xda, 0xd6, 0xda, 0xd6, 0xdb, 0xd6, 0xdb, 0xd6, 0xdb, 0xd6, 0xdb, 0xd6,
    0xff, 0xff, 0xff, 0xff, 0xff, 0xff, 0xff, 0xff, 0xff, 0xff, 0xff, 0xff, 0xff, 0xff, 0xff, 0xff,
    0xfe, 0xff, 0xfd, 0xff, 0xfe, 0xff, 0xfe, 0xff, 0xfe, 0xff, 0xfe, 0xff, 0xfe, 0xff, 0xfe, 0xff,
    0xfe, 0xff, 0xfe, 0xff, 0xfe, 0xff, 0xfe, 0xff, 0xfe, 0xff, 0xfe, 0xff, 0xfe, 0xff, 0xfe, 0xff,
    0xfe, 0xff, 0xfe, 0xff, 0xfe, 0xff, 0xfe, 0xff, 0xfe, 0xff, 0xfe, 0xff, 0xfe, 0xff, 0xfe, 0xff,
    0xfe, 0xff, 0xfe, 0xff, 0xfe, 0xff, 0xfe, 0xff, 0xfe, 0xff, 0xfe, 0xff, 0xfe, 0xff, 0xfe, 0xff,
    0xfe, 0xff, 0xfe, 0xff, 0xfe, 0xff, 0xfe, 0xff, 0xfe, 0xff, 0xfe, 0xff, 0xfe, 0xff, 0xfe, 0xff,
    0xfe, 0xff, 0xfe, 0xff, 0xfe, 0xff, 0xfe, 0xff, 0xfe, 0xff, 0xfe, 0xff, 0xde, 0xff, 0xfe, 0xff,
    0xfe, 0xff, 0xfe, 0xff, 0xde, 0xff, 0xde, 0xff, 0xde, 0xff, 0xde, 0xff, 0xdd, 0xff, 0xfd, 0xff,
    0xfd, 0xff, 0xde, 0xff, 0xfe, 0xff, 0xfe, 0xff, 0xfe, 0xff, 0xfe, 0xff, 0xfe, 0xff, 0xfe, 0xff,
    0xfe, 0xff, 0xfe, 0xff, 0xfe, 0xff, 0xfe, 0xff, 0xfd, 0xff, 0xde, 0xff, 0xdd, 0xff, 0xdd, 0xff,
    0xdd, 0xff, 0xdd, 0xff, 0xdd, 0xff, 0xdd, 0xff, 0xdd, 0xff, 0xdd, 0xff, 0xdd, 0xff, 0xdd, 0xff,
    0xdd, 0xff, 0xdd, 0xff, 0xdd, 0xff, 0xdd, 0xff, 0xdd, 0xff, 0xdd, 0xff, 0xdd, 0xff, 0xdd, 0xff,
    0xdd, 0xff, 0xdd, 0xff, 0xdd, 0xff, 0xdd, 0xff, 0xdd, 0xff, 0xdd, 0xff, 0xdd, 0xff, 0xdd, 0xff,
    0xdd, 0xff, 0xdd, 0xff, 0xdd, 0xff, 0xdd, 0xff, 0xdd, 0xff, 0xdd, 0xff, 0xdd, 0xff, 0xdd, 0xff,
    0xdd, 0xff, 0xdd, 0xff, 0xbd, 0xff, 0xbd, 0xff, 0xbd, 0xff, 0xbd, 0xff, 0xbd, 0xff, 0xbd, 0xff,
    0xbd, 0xff, 0xbd, 0xff, 0xbd, 0xff, 0xbd, 0xff, 0xbd, 0xff, 0xbd, 0xff, 0xbd, 0xff, 0xbd, 0xff,
    0xbd, 0xff, 0xbd, 0xff, 0xbd, 0xff, 0xbd, 0xff, 0xbd, 0xff, 0xbd, 0xff, 0xbd, 0xff, 0xbd, 0xff,
    0xbd, 0xff, 0xbd, 0xff, 0xbd, 0xff, 0xbd, 0xff, 0xbd, 0xff, 0xbd, 0xff, 0xbd, 0xff, 0xbd, 0xff,
    0xbd, 0xff, 0x9d, 0xff, 0xbd, 0xff, 0x9d, 0xff, 0x9d, 0xff, 0x9d, 0xff, 0x9d, 0xff, 0x9d, 0xff,
    0x9c, 0xf7, 0x9c, 0xf7, 0x9d, 0xf7, 0x9d, 0xf7, 0x9d, 0xf7, 0x9d, 0xf7, 0x9d, 0xf7, 0x9c, 0xf7,
    0x9c, 0xf7, 0x9c, 0xf7, 0x9d, 0xf7, 0x9c, 0xf7, 0x9c, 0xf7, 0x9c, 0xf7, 0x9c, 0xf7, 0x9c, 0xf7,
    0x9c, 0xf7, 0x9c, 0xf7, 0x9c, 0xf7, 0x9c, 0xf7, 0x9c, 0xf7, 0x9c, 0xf7, 0x9c, 0xf7, 0x9c, 0xf7,
    0x9c, 0xf7, 0x9c, 0xf7, 0x7c, 0xf7, 0x7c, 0xf7, 0x7c, 0xf7, 0x7c, 0xf7, 0x7c, 0xf7, 0x7c, 0xf7,
    0x7c, 0xf7, 0x7c, 0xf7, 0x7c, 0xf7, 0x7c, 0xf7, 0x7c, 0xf7, 0x7c, 0xf7, 0x7c, 0xf7, 0x7c, 0xf7,
    0x7c, 0xf7, 0x7c, 0xf7, 0x7c, 0xf7, 0x7c, 0xf7, 0x7c, 0xf7, 0x7c, 0xf7, 0x7c, 0xef, 0x5c, 0xef,
    0x5c, 0xef, 0x5c, 0xef, 0x5c, 0xef, 0x5c, 0xef, 0x5c, 0xef, 0x5c, 0xef, 0x5c, 0xef, 0x5c, 0xef,
    0x5c, 0xef, 0x5c, 0xef, 0x5c, 0xef, 0x5c, 0xef, 0x5c, 0xef, 0x5c, 0xef, 0x5c, 0xef, 0x5c, 0xef,
    0x5c, 0xef, 0x3c, 0xef, 0x3c, 0xef, 0x3c, 0xef, 0x3c, 0xef, 0x3c, 0xe7, 0x3c, 0xe7, 0x3c, 0xe7,
    0x3c, 0xe7, 0x3c, 0xe7, 0x3c, 0xe7, 0x3c, 0xe7, 0x3c, 0xe7, 0x3c, 0xe7, 0x3c, 0xe7, 0x3c, 0xe7,
    0x3c, 0xe7, 0x3c, 0xe7, 0x3c, 0xe7, 0x1b, 0xe7, 0x1b, 0xe7, 0x1b, 0xe7, 0x1b, 0xe7, 0x1b, 0xe7,
    0x1b, 0xe7, 0x1b, 0xe7, 0x1b, 0xe7, 0x1b, 0xe7, 0x1b, 0xe7, 0x1b, 0xe7, 0x1b, 0xe7, 0x1b, 0xe7,
    0x1b, 0xe7, 0x1b, 0xe7, 0x1b, 0xe7, 0x1b, 0xe7, 0xfb, 0xe6, 0x1b, 0xe7, 0xfb, 0xe6, 0xfb, 0xe6,
    0xfb, 0xde, 0xfb, 0xde, 0xfb, 0xde, 0xfb, 0xde, 0xfb, 0xde, 0xfb, 0xde, 0xfb, 0xde, 0xfb, 0xde,
    0xfb, 0xde, 0xfb, 0xde, 0xfb, 0xde, 0xfb, 0xde, 0xfb, 0xde, 0xfb, 0xde, 0xfb, 0xde, 0xfb, 0xde,
    0xfb, 0xde, 0xfb, 0xde, 0xdb, 0xde, 0xdb, 0xde, 0xdb, 0xde, 0xdb, 0xde, 0xdb, 0xde, 0xdb, 0xde,
    0xdb, 0xde, 0xda, 0xde, 0xda, 0xde, 0xda, 0xde, 0xda, 0xde, 0xda, 0xde, 0xda, 0xde, 0xda, 0xde,
    0xda, 0xd6, 0xba, 0xd6, 0xba, 0xd6, 0xba, 0xd6, 0xba, 0xd6, 0xba, 0xd6, 0xba, 0xd6, 0xba, 0xd6,
    0xba, 0xd6, 0xba, 0xd6, 0xba, 0xd6, 0xba, 0xd6, 0xba, 0xd6, 0xba, 0xd6, 0xba, 0xd6, 0xba, 0xd6,
    0xba, 0xd6, 0xba, 0xd6, 0xba, 0xd6, 0xba, 0xd6, 0xba, 0xd6, 0xba, 0xd6, 0xba, 0xd6, 0xba, 0xd6,
    0xba, 0xd6, 0xba, 0xd6, 0xba, 0xd6, 0xda, 0xd6, 0xda, 0xd6, 0xda, 0xce, 0xdb, 0xd6, 0xdb, 0xd6,
    0xff, 0xff, 0xff, 0xff, 0xff, 0xff, 0xff, 0xff, 0xff, 0xff, 0xff, 0xff, 0xff, 0xff, 0xfe, 0xff,
    0xfe, 0xff, 0xfe, 0xff, 0xfe, 0xff, 0xfe, 0xff, 0xfe, 0xff, 0xfe, 0xff, 0xfe, 0xff, 0xfe, 0xff,
    0xfe, 0xff, 0xfe, 0xff, 0xfe, 0xff, 0xfe, 0xff, 0xfe, 0xff, 0xfe, 0xff, 0xfe, 0xff, 0xfe, 0xff,
    0xfe, 0xff, 0xfe, 0xff, 0xfe, 0xff, 0xfe, 0xff, 0xfe, 0xff, 0xfe, 0xff, 0xfe, 0xff, 0xfe, 0xff,
    0xfe, 0xff, 0xfe, 0xff, 0xfe, 0xff, 0xfe, 0xff, 0xfe, 0xff, 0xfe, 0xff, 0xfe, 0xff, 0xfe, 0xff,
    0xfe, 0xff, 0xfe, 0xff, 0xfe, 0xff, 0xfe, 0xff, 0xfe, 0xff, 0xfe, 0xff, 0xfe, 0xff, 0xfe, 0xff,
    0xfe, 0xff, 0xfe, 0xff, 0xfe, 0xff, 0xfe, 0xff, 0xfe, 0xff, 0xfe, 0xff, 0xfe, 0xff, 0xfe, 0xff,
    0xfe, 0xff, 0xfe, 0xff, 0xfe, 0xff, 0xfe, 0xff, 0xde, 0xff, 0xde, 0xff, 0xde, 0xff, 0xde, 0xff,
    0xde, 0xff, 0xfe, 0xff, 0xfe, 0xff, 0xfe, 0xff, 0xfe, 0xff, 0xfe, 0xff, 0xfe, 0xff, 0xfe, 0xff,
    0xfe, 0xff, 0xfe, 0xff, 0xfe, 0xff, 0xfd, 0xff, 0xdd, 0xff, 0xdd, 0xff, 0xdd, 0xff, 0xdd, 0xff,
    0xdd, 0xff, 0xdd, 0xff, 0xdd, 0xff, 0xdd, 0xff, 0xdd, 0xff, 0xdd, 0xff, 0xdd, 0xff, 0xdd, 0xff,
    0xdd, 0xff, 0xdd, 0xff, 0xdd, 0xff, 0xdd, 0xff, 0xdd, 0xff, 0xdd, 0xff, 0xdd, 0xff, 0xdd, 0xff,
    0xdd, 0xff, 0xdd, 0xff, 0xdd, 0xff, 0xdd, 0xff, 0xdd, 0xff, 0xdc, 0xff, 0xdd, 0xff, 0xdd, 0xff,
    0xdd, 0xff, 0xdd, 0xff, 0xdd, 0xff, 0xdd, 0xff, 0xdd, 0xff, 0xdd, 0xff, 0xdd, 0xff, 0xdd, 0xff,
    0xbd, 0xff, 0xbd, 0xff, 0xbd, 0xff, 0xbd, 0xff, 0xbd, 0xff, 0xbd, 0xff, 0xbd, 0xff, 0xbd, 0xff,
    0xbd, 0xff, 0xbd, 0xff, 0xbd, 0xff, 0xbd, 0xff, 0xbd, 0xff, 0xbd, 0xff, 0xbd, 0xff, 0xbd, 0xff,
    0xbd, 0xff, 0xbd, 0xff, 0xbd, 0xff, 0xbd, 0xff, 0xbd, 0xff, 0xbd, 0xff, 0xbd, 0xff, 0xbd, 0xff,
    0xbd, 0xff, 0xbd, 0xff, 0xbd, 0xff, 0xbd, 0xff, 0xbd, 0xff, 0xbd, 0xff, 0xbd, 0xff, 0xbd, 0xff,
    0xbd, 0xff, 0x9d, 0xff, 0x9d, 0xff, 0x9d, 0xff, 0x9d, 0xff, 0x9d, 0xff, 0x9d, 0xf7, 0x9c, 0xff,
    0x9c, 0xf7, 0x9c, 0xf7, 0x9d, 0xf7, 0x9d, 0xf7, 0x9d, 0xf7, 0x9d, 0xf7, 0x9d, 0xf7, 0x9d, 0xf7,
    0x9c, 0xf7, 0x9c, 0xf7, 0x9c, 0xf7, 0x9c, 0xf7, 0x9d, 0xf7, 0x9c, 0xf7, 0x9c, 0xf7, 0x9c, 0xf7,
    0x9c, 0xf7, 0x9c, 0xf7, 0x9c, 0xf7, 0x9d, 0xf7, 0x9c, 0xf7, 0x9c, 0xf7, 0x9c, 0xf7, 0x9c, 0xf7,
    0x9c, 0xf7, 0x9c, 0xf7, 0x9c, 0xf7, 0x7c, 0xf7, 0x7c, 0xf7, 0x7c, 0xf7, 0x7c, 0xf7, 0x7c, 0xf7,
    0x7c, 0xf7, 0x7c, 0xf7, 0x7c, 0xf7, 0x7c, 0xf7, 0x7c, 0xf7, 0x7c, 0xf7, 0x7c, 0xf7, 0x7c, 0xf7,
    0x7c, 0xf7, 0x7c, 0xf7, 0x7c, 0xf7, 0x7c, 0xf7, 0x7c, 0xf7, 0x7c, 0xf7, 0x7c, 0xf7, 0x7c, 0xef,
    0x5c, 0xef, 0x5c, 0xef, 0x5c, 0xef, 0x5c, 0xef, 0x5c, 0xef, 0x5c, 0xef, 0x5c, 0xef, 0x5c, 0xef,
    0x5c, 0xef, 0x5c, 0xef, 0x5c, 0xef, 0x5c, 0xef, 0x5c, 0xef, 0x5c, 0xef, 0x3c, 0xef, 0x3c, 0xef,
    0x3c, 0xef, 0x3c, 0xef, 0x3c, 0xe7, 0x3c, 0xef, 0x3c, 0xe7, 0x3c, 0xe7, 0x3c, 0xe7, 0x3c, 0xe7,
    0x3b, 0xe7, 0x3c, 0xe7, 0x3c, 0xe7, 0x3c, 0xe7, 0x3c, 0xe7, 0x3c, 0xe7, 0x3c, 0xe7, 0x3c, 0xe7,
    0x3c, 0xe7, 0x3c, 0xe7, 0x3c, 0xe7, 0x1b, 0xe7, 0x1b, 0xe7, 0x1b, 0xe7, 0x1b, 0xe7, 0x1b, 0xe7,
    0x1b, 0xe7, 0x1b, 0xe7, 0x1b, 0xe7, 0x1b, 0xe7, 0x1b, 0xe7, 0x1b, 0xe7, 0x1b, 0xe7, 0x1b, 0xe7,
    0x1b, 0xe7, 0x1b, 0xe7, 0x1b, 0xe7, 0x1b, 0xe7, 0x1b, 0xe7, 0x1b, 0xe7, 0x1b, 0xe7, 0x1b, 0xe7,
    0x1b, 0xe7, 0xfb, 0xde, 0xfb, 0xe6, 0xfb, 0xe6, 0xfb, 0xde, 0xfb, 0xde, 0xfb, 0xde, 0xfb, 0xde,
    0xfb, 0xde, 0xfb, 0xde, 0xfb, 0xde, 0xfb, 0xde, 0xfb, 0xde, 0xfb, 0xde, 0xfb, 0xde, 0xfb, 0xde,
    0xfb, 0xde, 0xdb, 0xde, 0xdb, 0xde, 0xdb, 0xde, 0xdb, 0xde, 0xdb, 0xde, 0xdb, 0xde, 0xdb, 0xde,
    0xda, 0xde, 0xda, 0xde, 0xda, 0xde, 0xda, 0xde, 0xda, 0xde, 0xda, 0xde, 0xda, 0xde, 0xda, 0xde,
    0xba, 0xd6, 0xba, 0xd6, 0xba, 0xd6, 0xba, 0xd6, 0xba, 0xd6, 0xba, 0xd6, 0xba, 0xd6, 0xba, 0xd6,
    0xba, 0xd6, 0xba, 0xd6, 0xba, 0xd6, 0xba, 0xd6, 0xba, 0xd6, 0xba, 0xd6, 0xba, 0xd6, 0xba, 0xd6,
    0xba, 0xd6, 0xba, 0xd6, 0xba, 0xd6, 0xba, 0xd6, 0xba, 0xd6, 0xba, 0xd6, 0xba, 0xd6, 0xba, 0xd6,
    0xba, 0xd6, 0xba, 0xd6, 0xba, 0xd6, 0xda, 0xd6, 0xda, 0xd6, 0xda, 0xd6, 0xdb, 0xd6, 0xdb, 0xd6,
    0xff, 0xff, 0xff, 0xff, 0xff, 0xff, 0xff, 0xff, 0xff, 0xff, 0xff, 0xff, 0xff, 0xff, 0xff, 0xff,
    0xfe, 0xff, 0xfe, 0xff, 0xfe, 0xff, 0xfe, 0xff, 0xfe, 0xff, 0xfe, 0xff, 0xfe, 0xff, 0xfe, 0xff,
    0xfe, 0xff, 0xfe, 0xff, 0xfe, 0xff, 0xfe, 0xff, 0xfe, 0xff, 0xfe, 0xff, 0xfe, 0xff, 0xfe, 0xff,
    0xfe, 0xff, 0xfe, 0xff, 0xfe, 0xff, 0xfe, 0xff, 0xfe, 0xff, 0xfe, 0xff, 0xfe, 0xff, 0xfe, 0xff,
    0xfe, 0xff, 0xfe, 0xff, 0xfe, 0xff, 0xfe, 0xff, 0xfe, 0xff, 0xfe, 0xff, 0xfe, 0xff, 0xfe, 0xff,
    0xfe, 0xff, 0xfe, 0xff, 0xfe, 0xff, 0xfe, 0xff, 0xfe, 0xff, 0xfe, 0xff, 0xfe, 0xff, 0xfe, 0xff,
    0xfe, 0xff, 0xfe, 0xff, 0xfe, 0xff, 0xfe, 0xff, 0xfe, 0xff, 0xfe, 0xff, 0xfe, 0xff, 0xfe, 0xff,
    0xfe, 0xff, 0xde, 0xff, 0xde, 0xff, 0xfe, 0xff, 0xde, 0xff, 0xde, 0xff, 0xdd, 0xff, 0xfe, 0xff,
    0xfe, 0xff, 0xfe, 0xff, 0xfe, 0xff, 0xfe, 0xff, 0xfe, 0xff, 0xfe, 0xff, 0xfe, 0xff, 0xfe, 0xff,
    0xfe, 0xff, 0xfe, 0xff, 0xdd, 0xff, 0xdd, 0xff, 0xdd, 0xff, 0xdd, 0xff, 0xdd, 0xff, 0xdd, 0xff,
    0xdd, 0xff, 0xdd, 0xff, 0xdd, 0xff, 0xdd, 0xff, 0xdd, 0xff, 0xdd, 0xff, 0xdd, 0xff, 0xdd, 0xff,
    0xdd, 0xff, 0xdd, 0xff, 0xdd, 0xff, 0xdd, 0xff, 0xdd, 0xff, 0xdd, 0xff, 0xdd, 0xff, 0xdd, 0xff,
    0xdd, 0xff, 0xdd, 0xff, 0xdd, 0xff, 0xdd, 0xff, 0xdd, 0xff, 0xdc, 0xff, 0xdd, 0xff, 0xdd, 0xff,
    0xdd, 0xff, 0xdd, 0xff, 0xdd, 0xff, 0xdd, 0xff, 0xdd, 0xff, 0xdd, 0xff, 0xdd, 0xff, 0xdd, 0xff,
    0xbd, 0xff, 0xbd, 0xff, 0xbd, 0xff, 0xbd, 0xff, 0xbd, 0xff, 0xbd, 0xff, 0xbd, 0xff, 0xbd, 0xff,
    0xbd, 0xff, 0xbd, 0xff, 0xbd, 0xff, 0xbd, 0xff, 0xbd, 0xff, 0xbd, 0xff, 0xbd, 0xff, 0xbd, 0xff,
    0xbd, 0xff, 0xbd, 0xff, 0xbd, 0xff, 0xbd, 0xff, 0xbd, 0xff, 0xbd, 0xff, 0xbd, 0xff, 0xbd, 0xff,
    0xbd, 0xff, 0xbd, 0xff, 0xbd, 0xff, 0xbd, 0xff, 0xbd, 0xff, 0xbd, 0xff, 0xbd, 0xff, 0xbd, 0xff,
    0xbd, 0xff, 0xbd, 0xff, 0x9d, 0xff, 0x9d, 0xff, 0x9d, 0xff, 0x9d, 0xff, 0x9d, 0xf7, 0x9c, 0xf7,
    0x9c, 0xf7, 0x9d, 0xf7, 0x9d, 0xf7, 0x9d, 0xf7, 0x9d, 0xf7, 0x9d, 0xf7, 0x9d, 0xf7, 0x9d, 0xf7,
    0x9d, 0xf7, 0x9c, 0xf7, 0x9c, 0xf7, 0x9c, 0xf7, 0x9d, 0xf7, 0x9d, 0xf7, 0x9c, 0xf7, 0x9d, 0xf7,
    0x9c, 0xf7, 0x9c, 0xf7, 0x9c, 0xf7, 0x9c, 0xf7, 0x9c, 0xf7, 0x9c, 0xf7, 0x9c, 0xf7, 0x9c, 0xf7,
    0x9c, 0xf7, 0x9c, 0xf7, 0x9c, 0xf7, 0x7c, 0xf7, 0x7c, 0xf7, 0x7c, 0xf7, 0x7c, 0xf7, 0x7c, 0xf7,
    0x7c, 0xf7, 0x7c, 0xf7, 0x7c, 0xf7, 0x7c, 0xf7, 0x7c, 0xf7, 0x7c, 0xf7, 0x7c, 0xf7, 0x7c, 0xf7,
    0x7c, 0xf7, 0x7c, 0xf7, 0x7c, 0xf7, 0x7c, 0xf7, 0x7c, 0xef, 0x7c, 0xef, 0x7c, 0xef, 0x5c, 0xef,
    0x5c, 0xef, 0x5c, 0xef, 0x5c, 0xef, 0x5c, 0xef, 0x5c, 0xe7, 0x5c, 0xef, 0x5c, 0xef, 0x5c, 0xef,
    0x5c, 0xef, 0x5c, 0xef, 0x5c, 0xef, 0x5c, 0xef, 0x5c, 0xef, 0x5c, 0xef, 0x3c, 0xef, 0x3c, 0xef,
    0x3c, 0xef, 0x3c, 0xef, 0x3c, 0xe7, 0x3c, 0xe7, 0x3c, 0xe7, 0x3c, 0xe7, 0x3c, 0xe7, 0x3c, 0xe7,
    0x3b, 0xe7, 0x3c, 0xe7, 0x3c, 0xe7, 0x3c, 0xe7, 0x3c, 0xe7, 0x3c, 0xe7, 0x3c, 0xe7, 0x3c, 0xe7,
    0x3c, 0xe7, 0x3c, 0xe7, 0x3b, 0xe7, 0x1b, 0xe7, 0x1b, 0xe7, 0x1b, 0xe7, 0x1b, 0xe7, 0x1b, 0xe7,
    0x1b, 0xe7, 0x1c, 0xe7, 0x1b, 0xe7, 0x1b, 0xe7, 0x1b, 0xe7, 0x1b, 0xe7, 0x1b, 0xe7, 0x1b, 0xe7,
    0x1b, 0xe7, 0x1b, 0xe7, 0x1b, 0xe7, 0x1b, 0xe7, 0x1b, 0xe7, 0x1b, 0xe7, 0x1b, 0xe7, 0x1b, 0xe7,
    0x1b, 0xe7, 0xfb, 0xe6, 0xfb, 0xde, 0xfb, 0xde, 0xfb, 0xde, 0xfb, 0xde, 0xfb, 0xde, 0xfb, 0xde,
    0xfb, 0xde, 0xfb, 0xde, 0xfb, 0xde, 0xfb, 0xde, 0xfb, 0xde, 0xfb, 0xde, 0xfb, 0xde, 0xfb, 0xde,
    0xfb, 0xde, 0xdb, 0xde, 0xdb, 0xde, 0xdb, 0xde, 0xdb, 0xde, 0xdb, 0xde, 0xdb, 0xde, 0xda, 0xde,
    0xda, 0xde, 0xdb, 0xde, 0xdb, 0xde, 0xda, 0xde, 0xda, 0xde, 0xda, 0xde, 0xda, 0xde, 0xda, 0xde,
    0xda, 0xd6, 0xba, 0xd6, 0xba, 0xd6, 0xba, 0xd6, 0xba, 0xd6, 0xba, 0xd6, 0xba, 0xd6, 0xba, 0xd6,
    0xba, 0xd6, 0xba, 0xd6, 0xba, 0xd6, 0xba, 0xd6, 0xba, 0xd6, 0xba, 0xd6, 0xba, 0xd6, 0xba, 0xd6,
    0xba, 0xd6, 0xba, 0xd6, 0xba, 0xd6, 0xba, 0xd6, 0xba, 0xd6, 0xba, 0xd6, 0xba, 0xd6, 0xba, 0xd6,
    0xba, 0xd6, 0xba, 0xd6, 0xda, 0xd6, 0xda, 0xd6, 0xda, 0xd6, 0xda, 0xd6, 0xda, 0xd6, 0xda, 0xd6,
    0xff, 0xff, 0xff, 0xff, 0xff, 0xff, 0xff, 0xff, 0xff, 0xff, 0xff, 0xff, 0xff, 0xff, 0xfe, 0xff,
    0xfe, 0xff, 0xfe, 0xff, 0xfe, 0xff, 0xfe, 0xff, 0xfe, 0xff, 0xfe, 0xff, 0xfe, 0xff, 0xfe, 0xff,
    0xfe, 0xff, 0xfe, 0xff, 0xfe, 0xff, 0xfe, 0xff, 0xfe, 0xff, 0xfe, 0xff, 0xfe, 0xff, 0xfe, 0xff,
    0xfe, 0xff, 0xfe, 0xff, 0xfe, 0xff, 0xfe, 0xff, 0xfe, 0xff, 0xfe, 0xff, 0xfe, 0xff, 0xfe, 0xff,
    0xfe, 0xff, 0xfe, 0xff, 0xfe, 0xff, 0xfe, 0xff, 0xfe, 0xff, 0xfe, 0xff, 0xfe, 0xff, 0xfe, 0xff,
    0xfe, 0xff, 0xfe, 0xff, 0xfe, 0xff, 0xfe, 0xff, 0xfe, 0xff, 0xfe, 0xff, 0xfe, 0xff, 0xfe, 0xff,
    0xfe, 0xff, 0xfe, 0xff, 0xde, 0xff, 0xfe, 0xff, 0xfe, 0xff, 0xfe, 0xff, 0xfe, 0xff, 0xfe, 0xff,
    0xfe, 0xff, 0xfe, 0xff, 0xde, 0xff, 0xde, 0xff, 0xfe, 0xff, 0xde, 0xff, 0xfd, 0xff, 0xfe, 0xff,
    0xde, 0xff, 0xfe, 0xff, 0xde, 0xff, 0xde, 0xff, 0xfe, 0xff, 0xfe, 0xff, 0xfe, 0xff, 0xfe, 0xff,
    0xfe, 0xff, 0xfe, 0xff, 0xdd, 0xff, 0xdd, 0xff, 0xdd, 0xff, 0xdd, 0xff, 0xdd, 0xff, 0xdd, 0xff,
    0xdd, 0xff, 0xdd, 0xff, 0xdd, 0xff, 0xdd, 0xff, 0xdd, 0xff, 0xdd, 0xff, 0xdd, 0xff, 0xdd, 0xff,
    0xdd, 0xff, 0xdd, 0xff, 0xdd, 0xff, 0xdd, 0xff, 0xdd, 0xff, 0xdd, 0xff, 0xdd, 0xff, 0xdd, 0xff,
    0xdd, 0xff, 0xdd, 0xff, 0xdd, 0xff, 0xdd, 0xff, 0xdd, 0xff, 0xdd, 0xff, 0xdd, 0xff, 0xdd, 0xff,
    0xdd, 0xff, 0xdd, 0xff, 0xdd, 0xff, 0xdd, 0xff, 0xdd, 0xff, 0xdd, 0xff, 0xdd, 0xff, 0xbd, 0xff,
    0xbd, 0xff, 0xbd, 0xff, 0xbd, 0xff, 0xbd, 0xff, 0xbd, 0xff, 0xbd, 0xff, 0xbd, 0xff, 0xbd, 0xff,
    0xbd, 0xff, 0xbd, 0xff, 0xbd, 0xff, 0xbd, 0xff, 0xbd, 0xff, 0xbd, 0xff, 0xbd, 0xff, 0xbd, 0xff,
    0xbd, 0xff, 0xbd, 0xff, 0xbd, 0xff, 0xbd, 0xff, 0xbd, 0xff, 0xbd, 0xff, 0xbd, 0xff, 0xbd, 0xff,
    0xbd, 0xff, 0xbd, 0xff, 0xbd, 0xff, 0xbd, 0xff, 0xbd, 0xff, 0xbd, 0xff, 0x9d, 0xff, 0xbd, 0xff,
    0xbd, 0xff, 0xbd, 0xff, 0x9d, 0xff, 0x9d, 0xff, 0x9d, 0xff, 0x9d, 0xff, 0x9d, 0xff, 0x9d, 0xf7,
    0x9d, 0xf7, 0x9d, 0xf7, 0x9d, 0xf7, 0x9d, 0xff, 0x9d, 0xff, 0x9d, 0xff, 0x9d, 0xf7, 0x9c, 0xf7,
    0x9c, 0xf7, 0x9d, 0xf7, 0x9d, 0xf7, 0x9d, 0xf7, 0x9c, 0xf7, 0x9c, 0xf7, 0x9c, 0xf7, 0x9c, 0xf7,
    0x9c, 0xf7, 0x9c, 0xf7, 0x9c, 0xf7, 0x9c, 0xf7, 0x9c, 0xf7, 0x9c, 0xf7, 0x9c, 0xf7, 0x9c, 0xf7,
    0x9c, 0xf7, 0x7c, 0xf7, 0x7c, 0xf7, 0x7c, 0xf7, 0x7c, 0xf7, 0x7c, 0xf7, 0x7c, 0xf7, 0x7c, 0xf7,
    0x7c, 0xf7, 0x7c, 0xf7, 0x7c, 0xf7, 0x9c, 0xf7, 0x7c, 0xf7, 0x7c, 0xf7, 0x7c, 0xf7, 0x7c, 0xf7,
    0x7c, 0xf7, 0x7c, 0xf7, 0x7c, 0xf7, 0x7c, 0xf7, 0x7c, 0xf7, 0x5c, 0xf7, 0x7c, 0xef, 0x5c, 0xef,
    0x5c, 0xef, 0x5c, 0xef, 0x5c, 0xef, 0x5c, 0xef, 0x5c, 0xef, 0x5c, 0xef, 0x5c, 0xef, 0x5c, 0xef,
    0x5c, 0xef, 0x5c, 0xef, 0x5c, 0xef, 0x5c, 0xef, 0x5c, 0xef, 0x5c, 0xef, 0x5c, 0xef, 0x3c, 0xef,
    0x3c, 0xef, 0x3c, 0xef, 0x3c, 0xef, 0x3c, 0xef, 0x3c, 0xef, 0x3c, 0xe7, 0x3c, 0xe7, 0x3c, 0xe7,
    0x3b, 0xe7, 0x3b, 0xe7, 0x3c, 0xe7, 0x3c, 0xe7, 0x3b, 0xe7, 0x3b, 0xe7, 0x3b, 0xe7, 0x3b, 0xe7,
    0x3b, 0xe7, 0x1b, 0xe7, 0x1b, 0xe7, 0x1b, 0xe7, 0x1b, 0xe7, 0x1b, 0xe7, 0x1b, 0xe7, 0x1c, 0xe7,
    0x1b, 0xe7, 0x1b, 0xe7, 0x1b, 0xe7, 0x1b, 0xe7, 0x1b, 0xe7, 0x1b, 0xe7, 0x1b, 0xe7, 0x1b, 0xe7,
    0x1b, 0xe7, 0x1b, 0xe7, 0x1b, 0xe7, 0x1b, 0xe7, 0x1b, 0xe7, 0x1b, 0xe7, 0x1b, 0xe7, 0x1b, 0xe7,
    0x1b, 0xe7, 0x1b, 0xe7, 0xfb, 0xde, 0xfb, 0xde, 0xfb, 0xde, 0xfb, 0xde, 0xfb, 0xde, 0xfb, 0xde,
    0xfb, 0xde, 0xfb, 0xde, 0xfb, 0xde, 0xfb, 0xde, 0xfb, 0xde, 0xfb, 0xde, 0xfb, 0xde, 0xfb, 0xde,
    0xdb, 0xde, 0xdb, 0xde, 0xdb, 0xde, 0xda, 0xde, 0xdb, 0xde, 0xdb, 0xde, 0xda, 0xde, 0xda, 0xde,
    0xdb, 0xde, 0xda, 0xde, 0xda, 0xde, 0xda, 0xde, 0xda, 0xde, 0xda, 0xde, 0xda, 0xde, 0xda, 0xde,
    0xda, 0xd6, 0xba, 0xd6, 0xba, 0xd6, 0xba, 0xd6, 0xba, 0xd6, 0xba, 0xd6, 0xba, 0xd6, 0xba, 0xd6,
    0xba, 0xd6, 0xba, 0xd6, 0xba, 0xd6, 0xba, 0xd6, 0xba, 0xd6, 0xba, 0xd6, 0xba, 0xd6, 0xba, 0xd6,
    0xba, 0xd6, 0xba, 0xd6, 0xba, 0xd6, 0xba, 0xd6, 0xba, 0xd6, 0xba, 0xd6, 0xba, 0xd6, 0xda, 0xd6,
    0xda, 0xd6, 0xba, 0xd6, 0xda, 0xd6, 0xda, 0xd6, 0xda, 0xde, 0xda, 0xd6, 0xda, 0xd6, 0xda, 0xd6,
    0xff, 0xff, 0xff, 0xff, 0xff, 0xff, 0xff, 0xff, 0xff, 0xff, 0xff, 0xff, 0xfe, 0xff, 0xfe, 0xff,
    0xfe, 0xff, 0xfe, 0xff, 0xfe, 0xff, 0xfe, 0xff, 0xfe, 0xff, 0xfe, 0xff, 0xfe, 0xff, 0xfe, 0xff,
    0xfe, 0xff, 0xfe, 0xff, 0xfe, 0xff, 0xfe, 0xff, 0xfe, 0xff, 0xfe, 0xff, 0xfe, 0xff, 0xfe, 0xff,
    0xfe, 0xff, 0xfe, 0xff, 0xfe, 0xff, 0xfe, 0xff, 0xfe, 0xff, 0xfe, 0xff, 0xfe, 0xff, 0xfe, 0xff,
    0xfe, 0xff, 0xfe, 0xff, 0xfe, 0xff, 0xfe, 0xff, 0xfe, 0xff, 0xfe, 0xff, 0xfe, 0xff, 0xfe, 0xff,
    0xfe, 0xff, 0xfe, 0xff, 0xfe, 0xff, 0xfe, 0xff, 0xfe, 0xff, 0xfe, 0xff, 0xfe, 0xff, 0xfe, 0xff,
    0xfe, 0xff, 0xfe, 0xff, 0xfe, 0xff, 0xfe, 0xff, 0xfe, 0xff, 0xde, 0xff, 0xde, 0xff, 0xde, 0xff,
    0xde, 0xff, 0xde, 0xff, 0xde, 0xff, 0xde, 0xff, 0xde, 0xff, 0xde, 0xff, 0xde, 0xff, 0xde, 0xff,
    0xfe, 0xff, 0xde, 0xff, 0xfe, 0xff, 0xfe, 0xff, 0xfd, 0xff, 0xfd, 0xff, 0xfe, 0xff, 0xfd, 0xff,
    0xfe, 0xff, 0xfd, 0xff, 0xfd, 0xff, 0xdd, 0xff, 0xdd, 0xff, 0xdd, 0xff, 0xdd, 0xff, 0xdd, 0xff,
    0xdd, 0xff, 0xdd, 0xff, 0xdd, 0xff, 0xdd, 0xff, 0xdd, 0xff, 0xdd, 0xff, 0xdd, 0xff, 0xde, 0xff,
    0xdd, 0xff, 0xdd, 0xff, 0xdd, 0xff, 0xdd, 0xff, 0xdd, 0xff, 0xdd, 0xff, 0xdd, 0xff, 0xdd, 0xff,
    0xdd, 0xff, 0xdd, 0xff, 0xdd, 0xff, 0xdd, 0xff, 0xdd, 0xff, 0xdd, 0xff, 0xdd, 0xff, 0xdd, 0xff,
    0xdd, 0xff, 0xdd, 0xff, 0xdd, 0xff, 0xdd, 0xff, 0xdd, 0xff, 0xdd, 0xff, 0xdd, 0xff, 0xbd, 0xff,
    0xbd, 0xff, 0xbd, 0xff, 0xbd, 0xff, 0xbd, 0xff, 0xbd, 0xff, 0xbd, 0xff, 0xbd, 0xff, 0xbd, 0xff,
    0xbd, 0xff, 0xbd, 0xff, 0xbd, 0xff, 0xbd, 0xff, 0xbd, 0xff, 0xbd, 0xff, 0xbd, 0xff, 0xbd, 0xff,
    0xbd, 0xff, 0xbd, 0xff, 0xbd, 0xff, 0xbd, 0xff, 0xbd, 0xff, 0xbd, 0xff, 0xbd, 0xff, 0xbd, 0xff,
    0xbd, 0xff, 0xbd, 0xff, 0xbd, 0xff, 0xbd, 0xff, 0xbd, 0xff, 0xbd, 0xff, 0xbd, 0xff, 0xbd, 0xff,
    0x9d, 0xff, 0xbd, 0xff, 0xbd, 0xff, 0x9d, 0xff, 0x9d, 0xff, 0x9d, 0xff, 0x9d, 0xff, 0x9d, 0xff,
    0x9d, 0xf7, 0x9d, 0xff, 0x9d, 0xf7, 0x9d, 0xf7, 0x9d, 0xf7, 0x9d, 0xf7, 0x9d, 0xf7, 0x9d, 0xf7,
    0x9c, 0xf7, 0x9c, 0xf7, 0x9c, 0xf7, 0x9d, 0xf7, 0x9d, 0xf7, 0x9c, 0xf7, 0x9d, 0xf7, 0x9d, 0xf7,
    0x9c, 0xf7, 0x9c, 0xf7, 0x9d, 0xf7, 0x9c, 0xf7, 0x9c, 0xf7, 0x9c, 0xf7, 0x9c, 0xf7, 0x9c, 0xf7,
    0x9c, 0xf7, 0x7d, 0xf7, 0x7c, 0xf7, 0x7c, 0xf7, 0x7c, 0xf7, 0x7c, 0xf7, 0x7c, 0xf7, 0x7c, 0xf7,
    0x7c, 0xf7, 0x7c, 0xf7, 0x7c, 0xf7, 0x7c, 0xf7, 0x7c, 0xf7, 0x7c, 0xf7, 0x7c, 0xf7, 0x7c, 0xf7,
    0x7c, 0xf7, 0x7c, 0xf7, 0x7c, 0xef, 0x7c, 0xef, 0x7c, 0xef, 0x5c, 0xf7, 0x5c, 0xf7, 0x5c, 0xef,
    0x5c, 0xef, 0x5c, 0xef, 0x5c, 0xef, 0x5c, 0xef, 0x5c, 0xef, 0x5c, 0xef, 0x5c, 0xef, 0x5c, 0xef,
    0x5c, 0xef, 0x5c, 0xef, 0x5c, 0xef, 0x5c, 0xef, 0x3c, 0xef, 0x5c, 0xef, 0x3c, 0xef, 0x3c, 0xef,
    0x3c, 0xef, 0x3c, 0xef, 0x3c, 0xef, 0x3c, 0xef, 0x3c, 0xef, 0x3c, 0xef, 0x3c, 0xe7, 0x3c, 0xe7,
    0x3c, 0xe7, 0x3c, 0xe7, 0x3c, 0xe7, 0x3c, 0xe7, 0x3c, 0xe7, 0x3b, 0xe7, 0x3b, 0xe7, 0x1b, 0xe7,
    0x3c, 0xe7, 0x3c, 0xe7, 0x1b, 0xe7, 0x1b, 0xe7, 0x1b, 0xe7, 0x1b, 0xe7, 0x1b, 0xe7, 0x1b, 0xe7,
    0x1b, 0xe7, 0x1b, 0xe7, 0x1b, 0xe7, 0x1b, 0xe7, 0x1b, 0xe7, 0x1b, 0xe7, 0x1b, 0xe7, 0x1b, 0xe7,
    0x1b, 0xe7, 0x1b, 0xe7, 0x1b, 0xe7, 0x1b, 0xe7, 0x1b, 0xe7, 0x1b, 0xe7, 0x1b, 0xe7, 0xfb, 0xe6,
    0xfb, 0xe6, 0x1b, 0xe7, 0xfb, 0xde, 0xfb, 0xde, 0xfb, 0xde, 0xfb, 0xd6, 0xfb, 0xde, 0xfb, 0xde,
    0xfb, 0xde, 0xfb, 0xde, 0xfb, 0xde, 0xfb, 0xde, 0xfb, 0xde, 0xfb, 0xde, 0xfb, 0xde, 0xfb, 0xde,
    0xdb, 0xde, 0xdb, 0xde, 0xdb, 0xde, 0xdb, 0xde, 0xdb, 0xde, 0xdb, 0xde, 0xda, 0xde, 0xda, 0xde,
    0xda, 0xde, 0xda, 0xde, 0xda, 0xde, 0xda, 0xde, 0xda, 0xde, 0xda, 0xde, 0xda, 0xde, 0xda, 0xde,
    0xda, 0xde, 0xda, 0xd6, 0xba, 0xd6, 0xba, 0xd6, 0xba, 0xd6, 0xba, 0xd6, 0xba, 0xd6, 0xba, 0xd6,
    0xba, 0xd6, 0xba, 0xd6, 0xba, 0xd6, 0xba, 0xd6, 0xba, 0xd6, 0xba, 0xd6, 0xba, 0xd6, 0xba, 0xd6,
    0xba, 0xd6, 0xba, 0xd6, 0xba, 0xd6, 0xba, 0xd6, 0xba, 0xd6, 0xba, 0xd6, 0xba, 0xd6, 0xba, 0xd6,
    0xba, 0xd6, 0xda, 0xd6, 0xda, 0xd6, 0xda, 0xde, 0xda, 0xd6, 0xda, 0xd6, 0xda, 0xd6, 0xda, 0xd6,
    0xff, 0xff, 0xff, 0xff, 0xff, 0xff, 0xff, 0xff, 0xff, 0xff, 0xff, 0xff, 0xff, 0xff, 0xfe, 0xff,
    0xfe, 0xff, 0xfe, 0xff, 0xfe, 0xff, 0xfe, 0xff, 0xfe, 0xff, 0xfe, 0xff, 0xfe, 0xff, 0xfe, 0xff,
    0xfe, 0xff, 0xfe, 0xff, 0xfe, 0xff, 0xfe, 0xff, 0xfe, 0xff, 0xfe, 0xff, 0xfe, 0xff, 0xfe, 0xff,
    0xfe, 0xff, 0xfe, 0xff, 0xfe, 0xff, 0xfe, 0xff, 0xfe, 0xff, 0xfe, 0xff, 0xfe, 0xff, 0xfe, 0xff,
    0xfe, 0xff, 0xfe, 0xff, 0xfe, 0xff, 0xfe, 0xff, 0xfe, 0xff, 0xfe, 0xff, 0xfe, 0xff, 0xfe, 0xff,
    0xfe, 0xff, 0xfe, 0xff, 0xfe, 0xff, 0xfe, 0xff, 0xfe, 0xff, 0xfe, 0xff, 0xfe, 0xff, 0xfe, 0xff,
    0xfe, 0xff, 0xfe, 0xff, 0xfe, 0xff, 0xfe, 0xff, 0xfe, 0xff, 0xde, 0xff, 0xde, 0xff, 0xfe, 0xff,
    0xde, 0xff, 0xdd, 0xff, 0xfd, 0xff, 0xde, 0xff, 0xde, 0xff, 0xde, 0xff, 0xde, 0xff, 0xfe, 0xff,
    0xfe, 0xff, 0xde, 0xff, 0xde, 0xff, 0xfe, 0xff, 0xfd, 0xff, 0xfe, 0xff, 0xde, 0xff, 0xfe, 0xff,
    0xde, 0xff, 0xdd, 0xff, 0xfd, 0xff, 0xde, 0xff, 0xdd, 0xff, 0xdd, 0xff, 0xdd, 0xff, 0xdd, 0xff,
    0xdd, 0xff, 0xdd, 0xff, 0xdd, 0xff, 0xdd, 0xff, 0xdd, 0xff, 0xdd, 0xff, 0xdd, 0xff, 0xdd, 0xff,
    0xdd, 0xff, 0xdd, 0xff, 0xdd, 0xff, 0xdd, 0xff, 0xdd, 0xff, 0xdd, 0xff, 0xdd, 0xff, 0xdd, 0xff,
    0xdd, 0xff, 0xdd, 0xff, 0xdd, 0xff, 0xdd, 0xff, 0xdd, 0xff, 0xdd, 0xff, 0xdd, 0xff, 0xdd, 0xff,
    0xdd, 0xff, 0xdd, 0xff, 0xdd, 0xff, 0xdd, 0xff, 0xdd, 0xff, 0xdd, 0xff, 0xdd, 0xff, 0xbd, 0xff,
    0xbd, 0xff, 0xbd, 0xff, 0xbd, 0xff, 0xbd, 0xff, 0xbd, 0xff, 0xbd, 0xff, 0xbd, 0xff, 0xbd, 0xff,
    0xbd, 0xff, 0xbd, 0xff, 0xbd, 0xff, 0xbd, 0xff, 0xbd, 0xff, 0xbd, 0xff, 0xbd, 0xff, 0xbd, 0xff,
    0xbd, 0xff, 0xbd, 0xff, 0xbd, 0xff, 0xbd, 0xff, 0xbd, 0xff, 0xbd, 0xff, 0xbd, 0xff, 0xbd, 0xff,
    0x9d, 0xff, 0xbd, 0xff, 0xbd, 0xff, 0xbd, 0xff, 0xbd, 0xff, 0xbd, 0xff, 0x9d, 0xff, 0xbd, 0xff,
    0x9d, 0xff, 0x9d, 0xff, 0x9d, 0xff, 0x9d, 0xff, 0x9d, 0xff, 0x9d, 0xff, 0x9d, 0xff, 0x9d, 0xff,
    0x9d, 0xf7, 0x9d, 0xf7, 0x9d, 0xff, 0x9d, 0xff, 0x9d, 0xf7, 0x9d, 0xf7, 0x9d, 0xff, 0x9c, 0xf7,
    0x9c, 0xf7, 0x9d, 0xf7, 0x9d, 0xf7, 0x9c, 0xf7, 0x9c, 0xf7, 0x9c, 0xf7, 0x9c, 0xf7, 0x9c, 0xf7,
    0x9d, 0xf7, 0x9c, 0xf7, 0x9c, 0xf7, 0x9d, 0xf7, 0x9c, 0xf7, 0x9c, 0xf7, 0x9c, 0xf7, 0x9c, 0xf7,
    0x7c, 0xf7, 0x7c, 0xf7, 0x7c, 0xf7, 0x7c, 0xf7, 0x7c, 0xf7, 0x7c, 0xf7, 0x7c, 0xf7, 0x7c, 0xf7,
    0x7c, 0xf7, 0x7c, 0xf7, 0x7c, 0xf7, 0x7c, 0xf7, 0x7c, 0xf7, 0x7c, 0xf7, 0x7c, 0xf7, 0x7c, 0xf7,
    0x7c, 0xf7, 0x7c, 0xf7, 0x7c, 0xef, 0x7c, 0xef, 0x5c, 0xef, 0x5c, 0xf7, 0x5c, 0xef, 0x5c, 0xef,
    0x5c, 0xef, 0x5c, 0xef, 0x5c, 0xef, 0x5c, 0xef, 0x5c, 0xef, 0x5c, 0xef, 0x5c, 0xef, 0x5c, 0xef,
    0x5c, 0xef, 0x5c, 0xef, 0x5c, 0xef, 0x5c, 0xef, 0x5c, 0xef, 0x5c, 0xef, 0x5c, 0xef, 0x3c, 0xef,
    0x3c, 0xef, 0x3c, 0xef, 0x3c, 0xe7, 0x3c, 0xef, 0x3c, 0xe7, 0x3c, 0xef, 0x3c, 0xe7, 0x3c, 0xe7,
    0x3c, 0xe7, 0x3c, 0xe7, 0x3c, 0xe7, 0x3c, 0xe7, 0x3c, 0xe7, 0x3c, 0xe7, 0x1b, 0xe7, 0x1b, 0xe7,
    0x1b, 0xe7, 0x1b, 0xe7, 0x1b, 0xe7, 0x1b, 0xe7, 0x1b, 0xe7, 0x1b, 0xe7, 0x1b, 0xe7, 0x1b, 0xe7,
    0x1b, 0xe7, 0x1b, 0xe7, 0x1b, 0xe7, 0x1b, 0xe7, 0x1b, 0xe7, 0x1b, 0xe7, 0x1b, 0xe7, 0x1b, 0xe7,
    0x1b, 0xe7, 0x1b, 0xe7, 0x1b, 0xe7, 0x1b, 0xe7, 0xfb, 0xe6, 0x1b, 0xe7, 0x1b, 0xe7, 0x1b, 0xe7,
    0x1b, 0xe7, 0xfb, 0xe6, 0xfb, 0xde, 0xfb, 0xde, 0xfb, 0xde, 0xfb, 0xde, 0xfb, 0xde, 0xfb, 0xde,
    0xfb, 0xde, 0xfb, 0xde, 0xfb, 0xde, 0xfb, 0xde, 0xfb, 0xde, 0xfb, 0xde, 0xdb, 0xde, 0xfb, 0xde,
    0xfb, 0xde, 0xfb, 0xde, 0xdb, 0xde, 0xdb, 0xde, 0xdb, 0xde, 0xdb, 0xde, 0xda, 0xde, 0xda, 0xde,
    0xda, 0xde, 0xda, 0xde, 0xda, 0xde, 0xda, 0xde, 0xda, 0xde, 0xda, 0xde, 0xda, 0xde, 0xda, 0xde,
    0xda, 0xde, 0xda, 0xd6, 0xba, 0xd6, 0xba, 0xd6, 0xba, 0xd6, 0xba, 0xd6, 0xba, 0xd6, 0xba, 0xd6,
    0xba, 0xd6, 0xba, 0xd6, 0xba, 0xd6, 0xba, 0xd6, 0xba, 0xd6, 0xba, 0xd6, 0xba, 0xd6, 0xba, 0xd6,
    0xba, 0xd6, 0xba, 0xd6, 0xba, 0xd6, 0xba, 0xd6, 0xba, 0xd6, 0xba, 0xd6, 0xba, 0xd6, 0xba, 0xd6,
    0xba, 0xd6, 0xda, 0xd6, 0xda, 0xd6, 0xda, 0xde, 0xda, 0xd6, 0xda, 0xd6, 0xda, 0xd6, 0xda, 0xd6,
    0xff, 0xff, 0xff, 0xff, 0xff, 0xff, 0xff, 0xff, 0xff, 0xff, 0xff, 0xff, 0xfe, 0xff, 0xff, 0xff,
    0xfe, 0xff, 0xfe, 0xff, 0xfe, 0xff, 0xfe, 0xff, 0xfe, 0xff, 0xfe, 0xff, 0xfe, 0xff, 0xfe, 0xff,
    0xfe, 0xff, 0xfe, 0xff, 0xfe, 0xff, 0xfe, 0xff, 0xfe, 0xff, 0xfe, 0xff, 0xfe, 0xff, 0xfe, 0xff,
    0xfe, 0xff, 0xfe, 0xff, 0xfe, 0xff, 0xfe, 0xff, 0xfe, 0xff, 0xfe, 0xff, 0xfe, 0xff, 0xfe, 0xff,
    0xfe, 0xff, 0xfe, 0xff, 0xfe, 0xff, 0xfe, 0xff, 0xfe, 0xff, 0xfe, 0xff, 0xfe, 0xff, 0xfe, 0xff,
    0xfe, 0xff, 0xfe, 0xff, 0xfe, 0xff, 0xfe, 0xff, 0xfe, 0xff, 0xfe, 0xff, 0xfe, 0xff, 0xfe, 0xff,
    0xfe, 0xff, 0xfe, 0xff, 0xfe, 0xff, 0xfe, 0xff, 0xfe, 0xff, 0xde, 0xff, 0xfe, 0xff, 0xde, 0xff,
    0xde, 0xff, 0xfe, 0xff, 0xfe, 0xff, 0xdd, 0xff, 0xfd, 0xff, 0xde, 0xff, 0xfe, 0xff, 0xde, 0xff,
    0xfd, 0xff, 0xfe, 0xff, 0xde, 0xff, 0xde, 0xff, 0xde, 0xff, 0xde, 0xff, 0xde, 0xff, 0xfd, 0xff,
    0xdd, 0xff, 0xdd, 0xff, 0xfd, 0xff, 0xdd, 0xff, 0xdd, 0xff, 0xdd, 0xff, 0xdd, 0xff, 0xdd, 0xff,
    0xdd, 0xff, 0xdd, 0xff, 0xdd, 0xff, 0xdd, 0xff, 0xdd, 0xff, 0xdd, 0xff, 0xdd, 0xff, 0xdd, 0xff,
    0xdd, 0xff, 0xdd, 0xff, 0xdd, 0xff, 0xdd, 0xff, 0xdd, 0xff, 0xdd, 0xff, 0xdd, 0xff, 0xdd, 0xff,
    0xdd, 0xff, 0xdd, 0xff, 0xdd, 0xff, 0xdd, 0xff, 0xdd, 0xff, 0xdd, 0xff, 0xdd, 0xff, 0xdd, 0xff,
    0xdd, 0xff, 0xdd, 0xff, 0xdd, 0xff, 0xdd, 0xff, 0xdd, 0xff, 0xdd, 0xff, 0xdd, 0xff, 0xbd, 0xff,
    0xbd, 0xff, 0xbd, 0xff, 0xbd, 0xff, 0xbd, 0xff, 0xbd, 0xff, 0xbd, 0xff, 0xbd, 0xff, 0xbd, 0xff,
    0xbd, 0xff, 0xbd, 0xff, 0xbd, 0xff, 0xbd, 0xff, 0xbd, 0xff, 0xbd, 0xff, 0xbd, 0xff, 0xbd, 0xff,
    0xbd, 0xff, 0xbd, 0xff, 0xbd, 0xff, 0xbd, 0xff, 0xbd, 0xff, 0xbd, 0xff, 0xbd, 0xff, 0x9d, 0xff,
    0xbd, 0xff, 0x9d, 0xff, 0x9d, 0xff, 0x9d, 0xff, 0x9d, 0xff, 0x9d, 0xff, 0x9d, 0xff, 0x9d, 0xff,
    0x9d, 0xff, 0xbd, 0xff, 0x9d, 0xff, 0x9d, 0xff, 0x9d, 0xff, 0x9d, 0xff, 0x9d, 0xff, 0x9d, 0xff,
    0x9d, 0xff, 0x9d, 0xff, 0x9d, 0xff, 0x9d, 0xff, 0x9d, 0xf7, 0x9d, 0xf7, 0x9d, 0xf7, 0x9c, 0xf7,
    0x9c, 0xef, 0x9c, 0xf7, 0x9c, 0xf7, 0x9d, 0xf7, 0x9c, 0xf7, 0x9d, 0xf7, 0x9c, 0xf7, 0x9d, 0xf7,
    0x9c, 0xf7, 0x9d, 0xf7, 0x9c, 0xf7, 0x9c, 0xf7, 0x9c, 0xf7, 0x9d, 0xf7, 0x9c, 0xf7, 0x9c, 0xf7,
    0x9c, 0xf7, 0x7c, 0xf7, 0x7c, 0xf7, 0x7d, 0xf7, 0x7c, 0xf7, 0x7c, 0xf7, 0x7c, 0xf7, 0x7c, 0xf7,
    0x9c, 0xf7, 0x9c, 0xf7, 0x7c, 0xf7, 0x7c, 0xf7, 0x7c, 0xf7, 0x7c, 0xf7, 0x7c, 0xf7, 0x7c, 0xf7,
    0x7c, 0xf7, 0x7c, 0xef, 0x7c, 0xef, 0x7c, 0xf7, 0x5c, 0xf7, 0x5c, 0xef, 0x5c, 0xef, 0x5c, 0xef,
    0x5c, 0xef, 0x5c, 0xef, 0x5c, 0xef, 0x5c, 0xef, 0x5c, 0xef, 0x5c, 0xef, 0x5c, 0xef, 0x5c, 0xef,
    0x5c, 0xef, 0x5c, 0xef, 0x3c, 0xef, 0x5c, 0xef, 0x5c, 0xef, 0x5c, 0xef, 0x3c, 0xef, 0x3c, 0xef,
    0x5c, 0xef, 0x3c, 0xef, 0x3c, 0xef, 0x3c, 0xef, 0x3c, 0xef, 0x3c, 0xef, 0x3c, 0xe7, 0x3c, 0xe7,
    0x3c, 0xe7, 0x3c, 0xe7, 0x3c, 0xe7, 0x3c, 0xe7, 0x3c, 0xe7, 0x3b, 0xe7, 0x1b, 0xe7, 0x1b, 0xe7,
    0x1b, 0xe7, 0x1b, 0xe7, 0x1b, 0xe7, 0x1b, 0xe7, 0x1b, 0xe7, 0x1b, 0xe7, 0x1b, 0xe7, 0x1b, 0xe7,
    0x1b, 0xe7, 0x1b, 0xe7, 0x1b, 0xe7, 0x1b, 0xe7, 0x1b, 0xe7, 0x1b, 0xe7, 0x1b, 0xe7, 0x1b, 0xe7,
    0x1b, 0xe7, 0x1b, 0xe7, 0xfb, 0xe6, 0xfb, 0xe6, 0xfb, 0xe6, 0xfb, 0xe6, 0xfb, 0xe6, 0xfb, 0xe6,
    0xfb, 0xe6, 0xfb, 0xe6, 0xfb, 0xde, 0xfb, 0xde, 0xfb, 0xde, 0xfb, 0xde, 0xfb, 0xde, 0xfb, 0xde,
    0xfb, 0xde, 0xfb, 0xde, 0xfb, 0xde, 0xfb, 0xde, 0xfb, 0xde, 0xfb, 0xde, 0xfb, 0xde, 0xfb, 0xde,
    0xfb, 0xde, 0xfb, 0xde, 0xdb, 0xde, 0xdb, 0xde, 0xdb, 0xde, 0xdb, 0xde, 0xda, 0xde, 0xda, 0xde,
    0xda, 0xde, 0xda, 0xde, 0xda, 0xde, 0xda, 0xde, 0xda, 0xde, 0xda, 0xde, 0xd9, 0xde, 0xda, 0xde,
    0xda, 0xde, 0xba, 0xd6, 0xba, 0xd6, 0xba, 0xd6, 0xba, 0xd6, 0xba, 0xd6, 0xba, 0xd6, 0xba, 0xd6,
    0xba, 0xd6, 0xba, 0xd6, 0xba, 0xd6, 0xba, 0xd6, 0xba, 0xd6, 0xba, 0xd6, 0xba, 0xd6, 0xba, 0xd6,
    0xba, 0xd6, 0xba, 0xd6, 0xba, 0xd6, 0xba, 0xd6, 0xba, 0xd6, 0xba, 0xd6, 0xda, 0xde, 0xba, 0xd6,
    0xba, 0xd6, 0xda, 0xde, 0xda, 0xd6, 0xda, 0xd6, 0xba, 0xd6, 0xba, 0xd6, 0xba, 0xd6, 0xda, 0xd6,
    0xff, 0xff, 0xff, 0xff, 0xff, 0xff, 0xff, 0xff, 0xff, 0xff, 0xff, 0xff, 0xfe, 0xff, 0xfe, 0xff,
    0xfe, 0xff, 0xfe, 0xff, 0xfe, 0xff, 0xfe, 0xff, 0xfe, 0xff, 0xfe, 0xff, 0xfe, 0xff, 0xfe, 0xff,
    0xfe, 0xff, 0xfe, 0xff, 0xfe, 0xff, 0xfe, 0xff, 0xfe, 0xff, 0xfe, 0xff, 0xfe, 0xff, 0xfe, 0xff,
    0xfe, 0xff, 0xfe, 0xff, 0xfe, 0xff, 0xfe, 0xff, 0xfe, 0xff, 0xfe, 0xff, 0xfe, 0xff, 0xfe, 0xff,
    0xfe, 0xff, 0xfe, 0xff, 0xfe, 0xff, 0xfe, 0xff, 0xfe, 0xff, 0xfe, 0xff, 0xfe, 0xff, 0xfe, 0xff,
    0xfe, 0xff, 0xfe, 0xff, 0xfe, 0xff, 0xfe, 0xff, 0xfe, 0xff, 0xfe, 0xff, 0xfe, 0xff, 0xfe, 0xff,
    0xfe, 0xff, 0xfe, 0xff, 0xfe, 0xff, 0xfe, 0xff, 0xfe, 0xff, 0xfe, 0xff, 0xfe, 0xff, 0xfe, 0xff,
    0xfe, 0xff, 0xfe, 0xff, 0xfe, 0xff, 0xfe, 0xff, 0xfd, 0xff, 0xfe, 0xff, 0xfd, 0xff, 0xdd, 0xff,
    0xfe, 0xff, 0xfe, 0xff, 0xfd, 0xff, 0xdd, 0xff, 0xde, 0xff, 0xde, 0xff, 0xde, 0xff, 0xdd, 0xff,
    0xdd, 0xff, 0xdd, 0xff, 0xdd, 0xff, 0xdd, 0xff, 0xdd, 0xff, 0xdd, 0xff, 0xdd, 0xff, 0xdd, 0xff,
    0xdd, 0xff, 0xdd, 0xff, 0xdd, 0xff, 0xdd, 0xff, 0xdd, 0xff, 0xdd, 0xff, 0xdd, 0xff, 0xdd, 0xff,
    0xdd, 0xff, 0xdd, 0xff, 0xdd, 0xff, 0xdd, 0xff, 0xdd, 0xff, 0xdd, 0xff, 0xdd, 0xff, 0xdd, 0xff,
    0xdd, 0xff, 0xdd, 0xff, 0xdd, 0xff, 0xdd, 0xff, 0xdd, 0xff, 0xdd, 0xff, 0xdd, 0xff, 0xdd, 0xff,
    0xdd, 0xff, 0xdd, 0xff, 0xdd, 0xff, 0xbd, 0xff, 0xdd, 0xff, 0xdd, 0xff, 0xdd, 0xff, 0xdd, 0xff,
    0xbd, 0xff, 0xbd, 0xff, 0xbd, 0xff, 0xbd, 0xff, 0xbd, 0xff, 0xbd, 0xff, 0xbd, 0xff, 0xbd, 0xff,
    0xbd, 0xff, 0xbd, 0xff, 0xbd, 0xff, 0xbd, 0xff, 0xbd, 0xff, 0xbd, 0xff, 0xbd, 0xff, 0xbd, 0xff,
    0xbd, 0xff, 0xbd, 0xff, 0xbd, 0xff, 0xbd, 0xff, 0xbd, 0xff, 0xbd, 0xff, 0xbd, 0xff, 0x9d, 0xff,
    0xbd, 0xff, 0x9d, 0xff, 0x9d, 0xff, 0x9d, 0xff, 0x9d, 0xff, 0x9d, 0xff, 0x9d, 0xff, 0x9d, 0xff,
    0x9d, 0xff, 0x9d, 0xff, 0x9d, 0xff, 0x9d, 0xff, 0x9d, 0xff, 0x9d, 0xff, 0x9d, 0xff, 0x9d, 0xf7,
    0x9d, 0xf7, 0x9d, 0xff, 0x9d, 0xff, 0x9d, 0xf7, 0x9d, 0xf7, 0x9d, 0xf7, 0x9d, 0xf7, 0x9d, 0xf7,
    0x9d, 0xf7, 0x9c, 0xf7, 0x9c, 0xf7, 0x9d, 0xf7, 0x9d, 0xf7, 0x9c, 0xf7, 0x9d, 0xf7, 0x9c, 0xf7,
    0x9c, 0xf7, 0x9c, 0xf7, 0x9d, 0xf7, 0x9d, 0xf7, 0x9c, 0xf7, 0x9c, 0xf7, 0x9c, 0xf7, 0x9c, 0xf7,
    0x7c, 0xf7, 0x9c, 0xf7, 0x7c, 0xf7, 0x7c, 0xf7, 0x7c, 0xf7, 0x7c, 0xf7, 0x7c, 0xf7, 0x7c, 0xf7,
    0x7c, 0xf7, 0x9c, 0xf7, 0x7c, 0xf7, 0x7c, 0xf7, 0x7c, 0xf7, 0x7c, 0xf7, 0x7c, 0xf7, 0x7c, 0xf7,
    0x7c, 0xf7, 0x7c, 0xef, 0x5c, 0xef, 0x5c, 0xf7, 0x7c, 0xef, 0x5c, 0xef, 0x5c, 0xef, 0x5c, 0xef,
    0x5c, 0xef, 0x5c, 0xef, 0x5c, 0xef, 0x5c, 0xef, 0x5c, 0xef, 0x5c, 0xef, 0x5c, 0xef, 0x5c, 0xef,
    0x5c, 0xef, 0x5c, 0xef, 0x5c, 0xef, 0x5c, 0xef, 0x5c, 0xef, 0x5c, 0xef, 0x3c, 0xef, 0x3c, 0xef,
    0x3c, 0xef, 0x3c, 0xef, 0x3c, 0xef, 0x3c, 0xef, 0x3c, 0xef, 0x3c, 0xe7, 0x3c, 0xef, 0x3c, 0xe7,
    0x3c, 0xe7, 0x3c, 0xe7, 0x3b, 0xe7, 0x3b, 0xe7, 0x1b, 0xe7, 0x1b, 0xe7, 0x1b, 0xe7, 0x1b, 0xe7,
    0x1b, 0xe7, 0x1b, 0xe7, 0x1b, 0xe7, 0x1b, 0xe7, 0x1b, 0xe7, 0x1b, 0xe7, 0x1b, 0xe7, 0x1b, 0xe7,
    0x1b, 0xe7, 0x1b, 0xe7, 0x1b, 0xe7, 0x1b, 0xe7, 0x1b, 0xe7, 0x1b, 0xe7, 0x1b, 0xe7, 0x1b, 0xe7,
    0x1b, 0xe7, 0x1b, 0xe7, 0x1b, 0xe7, 0xfb, 0xe6, 0xfb, 0xe6, 0xfb, 0xde, 0xfb, 0xde, 0xfb, 0xde,
    0xfb, 0xde, 0xfb, 0xde, 0xfb, 0xe6, 0xfb, 0xde, 0xfb, 0xde, 0xfb, 0xde, 0xfb, 0xde, 0xfb, 0xde,
    0xfb, 0xde, 0xfb, 0xde, 0xdb, 0xde, 0xfb, 0xde, 0xfb, 0xde, 0xfb, 0xde, 0xfb, 0xde, 0xfb, 0xde,
    0xfb, 0xde, 0xfb, 0xde, 0xdb, 0xde, 0xdb, 0xde, 0xdb, 0xde, 0xdb, 0xde, 0xda, 0xde, 0xdb, 0xde,
    0xda, 0xde, 0xdb, 0xde, 0xda, 0xde, 0xd9, 0xde, 0xda, 0xde, 0xda, 0xde, 0xda, 0xde, 0xda, 0xde,
    0xba, 0xd6, 0xba, 0xd6, 0xba, 0xd6, 0xba, 0xd6, 0xba, 0xd6, 0xba, 0xd6, 0xba, 0xd6, 0xba, 0xd6,
    0xba, 0xd6, 0xba, 0xd6, 0xba, 0xd6, 0xba, 0xd6, 0xba, 0xd6, 0xba, 0xd6, 0xba, 0xd6, 0xba, 0xd6,
    0xba, 0xd6, 0xba, 0xd6, 0xba, 0xd6, 0xba, 0xd6, 0xba, 0xd6, 0xba, 0xd6, 0xba, 0xd6, 0xba, 0xd6,
    0xba, 0xd6, 0xda, 0xd6, 0xda, 0xde, 0xda, 0xd6, 0xba, 0xd6, 0xba, 0xd6, 0xba, 0xd6, 0xba, 0xd6,
    0xff, 0xff, 0xff, 0xff, 0xff, 0xff, 0xff, 0xff, 0xff, 0xff, 0xff, 0xff, 0xff, 0xff, 0xff, 0xff,
    0xfe, 0xff, 0xfd, 0xff, 0xfe, 0xff, 0xfe, 0xff, 0xfe, 0xff, 0xfe, 0xff, 0xfe, 0xff, 0xfe, 0xff,
    0xfe, 0xff, 0xfe, 0xff, 0xfe, 0xff, 0xfe, 0xff, 0xfe, 0xff, 0xfe, 0xff, 0xfe, 0xff, 0xfe, 0xff,
    0xfe, 0xff, 0xfe, 0xff, 0xfe, 0xff, 0xfe, 0xff, 0xfe, 0xff, 0xfe, 0xff, 0xfe, 0xff, 0xfe, 0xff,
    0xfe, 0xff, 0xfe, 0xff, 0xfe, 0xff, 0xfe, 0xff, 0xfe, 0xff, 0xfe, 0xff, 0xfe, 0xff, 0xfe, 0xff,
    0xfe, 0xff, 0xfe, 0xff, 0xfe, 0xff, 0xfe, 0xff, 0xfe, 0xff, 0xfe, 0xff, 0xfe, 0xff, 0xde, 0xff,
    0xde, 0xff, 0xde, 0xff, 0xfe, 0xff, 0xfe, 0xff, 0xfe, 0xff, 0xfe, 0xff, 0xfe, 0xff, 0xde, 0xff,
    0xfe, 0xff, 0xfe, 0xff, 0xde, 0xff, 0xfe, 0xff, 0xfe, 0xff, 0xfe, 0xff, 0xfe, 0xff, 0xfe, 0xff,
    0xfe, 0xff, 0xfd, 0xff, 0xdd, 0xff, 0xdd, 0xff, 0xfe, 0xff, 0xfe, 0xff, 0xdd, 0xff, 0xdd, 0xff,
    0xdd, 0xff, 0xdd, 0xff, 0xde, 0xff, 0xdd, 0xff, 0xdd, 0xff, 0xdd, 0xff, 0xdd, 0xff, 0xdd, 0xff,
    0xdd, 0xff, 0xdd, 0xff, 0xdd, 0xff, 0xdd, 0xff, 0xdd, 0xff, 0xdd, 0xff, 0xdd, 0xff, 0xdd, 0xff,
    0xdd, 0xff, 0xdd, 0xff, 0xdd, 0xff, 0xdd, 0xff, 0xdd, 0xff, 0xdd, 0xff, 0xdd, 0xff, 0xdd, 0xff,
    0xdd, 0xff, 0xdd, 0xff, 0xdd, 0xff, 0xdd, 0xff, 0xdd, 0xff, 0xdd, 0xff, 0xdd, 0xff, 0xdd, 0xff,
    0xdd, 0xff, 0xdd, 0xff, 0xdd, 0xff, 0xdd, 0xff, 0xdd, 0xff, 0xbd, 0xff, 0xbd, 0xff, 0xbd, 0xff,
    0xbd, 0xff, 0xbd, 0xff, 0xbd, 0xff, 0xbd, 0xff, 0xbd, 0xff, 0xbd, 0xff, 0xbd, 0xff, 0xbd, 0xff,
    0xbd, 0xff, 0xbd, 0xff, 0xbd, 0xff, 0xbd, 0xff, 0xbd, 0xff, 0xbd, 0xff, 0xbd, 0xff, 0xbd, 0xff,
    0xbd, 0xff, 0xbd, 0xff, 0xbd, 0xff, 0xbd, 0xff, 0xbd, 0xff, 0xbd, 0xff, 0xbd, 0xff, 0xbd, 0xff,
    0x9d, 0xff, 0x9d, 0xff, 0x9d, 0xff, 0x9d, 0xff, 0x9d, 0xff, 0x9d, 0xff, 0x9d, 0xff, 0x9d, 0xff,
    0x9d, 0xff, 0x9d, 0xff, 0x9d, 0xff, 0x9d, 0xff, 0x9d, 0xff, 0x9d, 0xff, 0x9c, 0xf7, 0x9d, 0xf7,
    0x9d, 0xff, 0x9d, 0xff, 0x9d, 0xff, 0x9d, 0xf7, 0x9d, 0xf7, 0x9d, 0xf7, 0x9d, 0xf7, 0x9c, 0xf7,
    0x9c, 0xf7, 0x9c, 0xf7, 0x9c, 0xf7, 0x9d, 0xf7, 0x9c, 0xf7, 0x9c, 0xf7, 0x9c, 0xf7, 0x9c, 0xf7,
    0x9c, 0xf7, 0x9c, 0xf7, 0x9d, 0xf7, 0x9d, 0xf7, 0x9c, 0xf7, 0x9c, 0xf7, 0x9c, 0xf7, 0x9c, 0xf7,
    0x7c, 0xf7, 0x7c, 0xf7, 0x7c, 0xf7, 0x7c, 0xf7, 0x7c, 0xf7, 0x7c, 0xf7, 0x7c, 0xf7, 0x7c, 0xf7,
    0x7c, 0xf7, 0x7c, 0xf7, 0x7c, 0xf7, 0x7c, 0xf7, 0x7c, 0xef, 0x7c, 0xf7, 0x7c, 0xf7, 0x7c, 0xef,
    0x7c, 0xef, 0x7c, 0xef, 0x7c, 0xef, 0x5c, 0xf7, 0x7c, 0xf7, 0x5c, 0xf7, 0x7c, 0xef, 0x5c, 0xef,
    0x5c, 0xef, 0x5c, 0xef, 0x5c, 0xef, 0x5c, 0xef, 0x5c, 0xef, 0x5c, 0xef, 0x5c, 0xef, 0x5c, 0xef,
    0x5c, 0xef, 0x5c, 0xef, 0x5c, 0xef, 0x5c, 0xef, 0x5c, 0xef, 0x5c, 0xef, 0x3c, 0xef, 0x5c, 0xef,
    0x3c, 0xef, 0x3c, 0xef, 0x5c, 0xef, 0x3c, 0xef, 0x3c, 0xef, 0x3c, 0xef, 0x3c, 0xef, 0x3c, 0xef,
    0x3c, 0xe7, 0x3b, 0xe7, 0x3b, 0xe7, 0x3b, 0xe7, 0x3c, 0xe7, 0x1b, 0xe7, 0x1b, 0xe7, 0x1b, 0xe7,
    0x1b, 0xe7, 0x1b, 0xe7, 0x1b, 0xe7, 0x1b, 0xe7, 0x1b, 0xe7, 0x1b, 0xe7, 0x1b, 0xe7, 0x1b, 0xe7,
    0x1b, 0xe7, 0x1b, 0xe7, 0x1b, 0xe7, 0x1b, 0xe7, 0x1b, 0xe7, 0x1b, 0xe7, 0x1b, 0xe7, 0x1b, 0xe7,
    0xfb, 0xe6, 0x1b, 0xe7, 0xfb, 0xe6, 0xfb, 0xe6, 0xfb, 0xe6, 0xfb, 0xe6, 0xfb, 0xe6, 0xfb, 0xde,
    0xfb, 0xde, 0xfb, 0xe6, 0xfb, 0xde, 0xfb, 0xde, 0xfb, 0xde, 0xfb, 0xde, 0xfb, 0xde, 0xfb, 0xde,
    0xfb, 0xde, 0xfb, 0xde, 0xfb, 0xde, 0xfb, 0xde, 0xfb, 0xde, 0xfb, 0xde, 0xfb, 0xde, 0xfb, 0xde,
    0xfb, 0xde, 0xfb, 0xde, 0xfb, 0xde, 0xfb, 0xde, 0xdb, 0xde, 0xdb, 0xde, 0xdb, 0xde, 0xdb, 0xde,
    0xdb, 0xde, 0xda, 0xde, 0xda, 0xde, 0xda, 0xde, 0xda, 0xde, 0xda, 0xde, 0xda, 0xde, 0xda, 0xde,
    0xba, 0xd6, 0xba, 0xd6, 0xba, 0xd6, 0xba, 0xd6, 0xba, 0xd6, 0xba, 0xd6, 0xba, 0xd6, 0xba, 0xd6,
    0xba, 0xd6, 0xba, 0xd6, 0xba, 0xd6, 0xba, 0xd6, 0xba, 0xd6, 0xba, 0xd6, 0xba, 0xd6, 0xba, 0xd6,
    0xba, 0xd6, 0xba, 0xd6, 0xba, 0xd6, 0xba, 0xd6, 0xda, 0xd6, 0xba, 0xd6, 0xba, 0xd6, 0xba, 0xd6,
    0xba, 0xd6, 0xba, 0xd6, 0xda, 0xde, 0xda, 0xd6, 0xba, 0xd6, 0xda, 0xd6, 0xba, 0xd6, 0xba, 0xd6,
    0xff, 0xff, 0xff, 0xff, 0xff, 0xff, 0xff, 0xff, 0xff, 0xff, 0xff, 0xff, 0xfe, 0xff, 0xfe, 0xff,
    0xfe, 0xff, 0xfd, 0xff, 0xfe, 0xff, 0xfe, 0xff, 0xfe, 0xff, 0xfe, 0xff, 0xfe, 0xff, 0xfe, 0xff,
    0xfe, 0xff, 0xfe, 0xff, 0xfe, 0xff, 0xfe, 0xff, 0xfe, 0xff, 0xfe, 0xff, 0xfe, 0xff, 0xfe, 0xff,
    0xfe, 0xff, 0xfe, 0xff, 0xfe, 0xff, 0xfe, 0xff, 0xfe, 0xff, 0xfe, 0xff, 0xfe, 0xff, 0xfe, 0xff,
    0xfe, 0xff, 0xfe, 0xff, 0xfe, 0xff, 0xfe, 0xff, 0xfe, 0xff, 0xfe, 0xff, 0xfe, 0xff, 0xfe, 0xff,
    0xfe, 0xff, 0xfe, 0xff, 0xfe, 0xff, 0xfe, 0xff, 0xfe, 0xff, 0xfe, 0xff, 0xfe, 0xff, 0xfe, 0xff,
    0xde, 0xff, 0xfe, 0xff, 0xfe, 0xff, 0xfe, 0xff, 0xfe, 0xff, 0xfe, 0xff, 0xfe, 0xff, 0xfe, 0xff,
    0xfe, 0xff, 0xfe, 0xff, 0xfe, 0xff, 0xfe, 0xff, 0xfd, 0xff, 0xfe, 0xff, 0xfe, 0xff, 0xfe, 0xff,
    0xfe, 0xff, 0xfd, 0xff, 0xfe, 0xff, 0xfd, 0xff, 0xde, 0xff, 0xdd, 0xff, 0xdd, 0xff, 0xde, 0xff,
    0xdd, 0xff, 0xde, 0xff, 0xdd, 0xff, 0xdd, 0xff, 0xdd, 0xff, 0xdd, 0xff, 0xde, 0xff, 0xdd, 0xff,
    0xdd, 0xff, 0xdd, 0xff, 0xdd, 0xff, 0xdd, 0xff, 0xdd, 0xff, 0xdd, 0xff, 0xdd, 0xff, 0xdd, 0xff,
    0xdd, 0xff, 0xdd, 0xff, 0xdd, 0xff, 0xdd, 0xff, 0xdd, 0xff, 0xdd, 0xff, 0xdd, 0xff, 0xdd, 0xff,
    0xdd, 0xff, 0xdd, 0xff, 0xdd, 0xff, 0xdd, 0xff, 0xdd, 0xff, 0xdd, 0xff, 0xdd, 0xff, 0xdd, 0xff,
    0xdd, 0xff, 0xdd, 0xff, 0xdd, 0xff, 0xdd, 0xff, 0xdd, 0xff, 0xdd, 0xff, 0xbd, 0xff, 0xbd, 0xff,
    0xbd, 0xff, 0xbd, 0xff, 0xbd, 0xff, 0xbd, 0xff, 0xbd, 0xff, 0xbd, 0xff, 0xbd, 0xff, 0xbd, 0xff,
    0xbd, 0xff, 0xbd, 0xff, 0xbd, 0xff, 0xbd, 0xff, 0xbd, 0xff, 0xbd, 0xff, 0xbd, 0xff, 0xbd, 0xff,
    0xbd, 0xff, 0xbd, 0xff, 0xbd, 0xff, 0xbd, 0xff, 0xbd, 0xff, 0xbd, 0xff, 0xbd, 0xff, 0xbd, 0xff,
    0x9d, 0xff, 0x9d, 0xff, 0x9d, 0xff, 0x9d, 0xff, 0x9d, 0xff, 0x9d, 0xff, 0x9d, 0xff, 0x9d, 0xff,
    0x9d, 0xff, 0x9d, 0xff, 0x9d, 0xff, 0x9d, 0xff, 0x9d, 0xff, 0x9d, 0xff, 0x9d, 0xff, 0x9d, 0xf7,
    0x9d, 0xf7, 0x9d, 0xf7, 0x9d, 0xf7, 0x9d, 0xf7, 0x9d, 0xf7, 0x9d, 0xf7, 0x9d, 0xf7, 0x9c, 0xf7,
    0x9c, 0xf7, 0x9c, 0xf7, 0x9c, 0xf7, 0x9c, 0xf7, 0x9c, 0xf7, 0x9d, 0xf7, 0x9c, 0xf7, 0x9c, 0xf7,
    0x9c, 0xf7, 0x9c, 0xf7, 0x9c, 0xf7, 0x9c, 0xf7, 0x9c, 0xf7, 0x9d, 0xf7, 0x9c, 0xf7, 0x7c, 0xf7,
    0x7c, 0xf7, 0x7c, 0xf7, 0x7c, 0xf7, 0x7c, 0xf7, 0x7c, 0xf7, 0x7c, 0xf7, 0x7c, 0xf7, 0x7c, 0xf7,
    0x7c, 0xf7, 0x7c, 0xf7, 0x7c, 0xf7, 0x7c, 0xf7, 0x7c, 0xef, 0x7c, 0xf7, 0x7c, 0xf7, 0x7c, 0xf7,
    0x5c, 0xef, 0x5c, 0xef, 0x5c, 0xef, 0x5c, 0xef, 0x5c, 0xef, 0x5c, 0xef, 0x7c, 0xef, 0x5c, 0xef,
    0x5c, 0xef, 0x5c, 0xef, 0x5c, 0xef, 0x5c, 0xef, 0x5c, 0xef, 0x5c, 0xef, 0x5c, 0xef, 0x5c, 0xef,
    0x5c, 0xef, 0x5c, 0xef, 0x5c, 0xef, 0x5c, 0xef, 0x5c, 0xef, 0x5c, 0xef, 0x3c, 0xef, 0x3c, 0xef,
    0x3c, 0xef, 0x3c, 0xef, 0x3c, 0xef, 0x3c, 0xef, 0x3c, 0xef, 0x3c, 0xef, 0x3c, 0xef, 0x3c, 0xef,
    0x3c, 0xe7, 0x3c, 0xe7, 0x3c, 0xe7, 0x3c, 0xe7, 0x3c, 0xe7, 0x1b, 0xe7, 0x1b, 0xe7, 0x1b, 0xe7,
    0x1b, 0xe7, 0x1b, 0xe7, 0x1b, 0xe7, 0x1b, 0xe7, 0x1b, 0xe7, 0x1b, 0xe7, 0x1b, 0xe7, 0x1b, 0xe7,
    0x1b, 0xe7, 0x1b, 0xe7, 0x1b, 0xe7, 0x1b, 0xe7, 0x1b, 0xe7, 0x1b, 0xe7, 0x1b, 0xe7, 0xfb, 0xe6,
    0xfb, 0xe6, 0x1b, 0xe7, 0xfb, 0xe6, 0xfb, 0xde, 0xfb, 0xe6, 0xfb, 0xe6, 0xfb, 0xe6, 0xfb, 0xde,
    0xfb, 0xde, 0xfb, 0xde, 0xfb, 0xde, 0xfb, 0xde, 0xfb, 0xde, 0xfb, 0xde, 0xfb, 0xde, 0xfb, 0xde,
    0xfb, 0xde, 0xfb, 0xde, 0xfb, 0xde, 0xdb, 0xde, 0xdb, 0xde, 0xdb, 0xde, 0xdb, 0xde, 0xfb, 0xde,
    0xfb, 0xde, 0xdb, 0xde, 0xfb, 0xde, 0xfb, 0xde, 0xdb, 0xde, 0xdb, 0xde, 0xdb, 0xde, 0xdb, 0xde,
    0xdb, 0xde, 0xda, 0xde, 0xda, 0xde, 0xda, 0xde, 0xda, 0xde, 0xda, 0xde, 0xda, 0xde, 0xba, 0xd6,
    0xba, 0xd6, 0xba, 0xd6, 0xba, 0xd6, 0xba, 0xd6, 0xba, 0xd6, 0xba, 0xd6, 0xba, 0xd6, 0xba, 0xd6,
    0xba, 0xd6, 0xba, 0xd6, 0xba, 0xd6, 0xba, 0xd6, 0xba, 0xd6, 0xba, 0xd6, 0xba, 0xd6, 0xba, 0xd6,
    0xba, 0xd6, 0xba, 0xd6, 0xba, 0xd6, 0xba, 0xd6, 0xba, 0xd6, 0xba, 0xd6, 0xba, 0xd6, 0xba, 0xd6,
    0xba, 0xd6, 0xba, 0xd6, 0xda, 0xde, 0xba, 0xd6, 0xba, 0xd6, 0xba, 0xd6, 0xba, 0xd6, 0xba, 0xd6,
    0xff, 0xff, 0xff, 0xff, 0xff, 0xff, 0xff, 0xff, 0xff, 0xff, 0xff, 0xff, 0xfe, 0xff, 0xfe, 0xff,
    0xfe, 0xff, 0xfe, 0xff, 0xfe, 0xff, 0xfe, 0xff, 0xfe, 0xff, 0xfe, 0xff, 0xfe, 0xff, 0xfe, 0xff,
    0xfe, 0xff, 0xfe, 0xff, 0xfe, 0xff, 0xfe, 0xff, 0xfe, 0xff, 0xfe, 0xff, 0xfe, 0xff, 0xfe, 0xff,
    0xfe, 0xff, 0xfe, 0xff, 0xfe, 0xff, 0xfe, 0xff, 0xfe, 0xff, 0xfe, 0xff, 0xfe, 0xff, 0xfe, 0xff,
    0xfe, 0xff, 0xfe, 0xff, 0xfe, 0xff, 0xfe, 0xff, 0xfe, 0xff, 0xfe, 0xff, 0xfe, 0xff, 0xfe, 0xff,
    0xfe, 0xff, 0xfe, 0xff, 0xfe, 0xff, 0xfe, 0xff, 0xfe, 0xff, 0xfe, 0xff, 0xfe, 0xff, 0xfe, 0xff,
    0xfe, 0xff, 0xfe, 0xff, 0xfe, 0xff, 0xfe, 0xff, 0xfe, 0xff, 0xde, 0xff, 0xde, 0xff, 0xfe, 0xff,
    0xfe, 0xff, 0xde, 0xff, 0xfd, 0xff, 0xdd, 0xff, 0xde, 0xff, 0xfe, 0xff, 0xde, 0xff, 0xfe, 0xff,
    0xfe, 0xff, 0xfe, 0xff, 0xfe, 0xff, 0xde, 0xff, 0xfe, 0xff, 0xdd, 0xff, 0xdd, 0xff, 0xdd, 0xff,
    0xde, 0xff, 0xdd, 0xff, 0xdd, 0xff, 0xdd, 0xff, 0xdd, 0xff, 0xdd, 0xff, 0xdd, 0xff, 0xdd, 0xff,
    0xdd, 0xff, 0xdd, 0xff, 0xdd, 0xff, 0xdd, 0xff, 0xdd, 0xff, 0xdd, 0xff, 0xdd, 0xff, 0xdd, 0xff,
    0xdd, 0xff, 0xdd, 0xff, 0xdd, 0xff, 0xdd, 0xff, 0xdd, 0xff, 0xdd, 0xff, 0xdd, 0xff, 0xdd, 0xff,
    0xdd, 0xff, 0xdd, 0xff, 0xdd, 0xff, 0xdd, 0xff, 0xdd, 0xff, 0xdd, 0xff, 0xbd, 0xff, 0xdd, 0xff,
    0xdd, 0xff, 0xdd, 0xff, 0xdd, 0xff, 0xdd, 0xff, 0xdd, 0xff, 0xbd, 0xff, 0xbc, 0xff, 0xbd, 0xff,
    0xbd, 0xff, 0xbd, 0xff, 0xbd, 0xff, 0xbd, 0xff, 0xbd, 0xff, 0xbd, 0xff, 0xbd, 0xff, 0xbd, 0xff,
    0xbd, 0xff, 0xbd, 0xff, 0xbd, 0xff, 0xbd, 0xff, 0xbd, 0xff, 0xbd, 0xff, 0xbd, 0xff, 0xbd, 0xff,
    0xbd, 0xff, 0xbd, 0xff, 0xbd, 0xff, 0xbd, 0xff, 0xbd, 0xff, 0xbd, 0xff, 0xbd, 0xff, 0x9d, 0xff,
    0xbd, 0xff, 0x9d, 0xff, 0x9d, 0xff, 0x9d, 0xff, 0x9d, 0xff, 0x9d, 0xff, 0x9d, 0xff, 0x9d, 0xff,
    0x9d, 0xff, 0x9d, 0xff, 0x9d, 0xff, 0x9d, 0xff, 0x9d, 0xff, 0x9d, 0xff, 0x9d, 0xff, 0x9d, 0xff,
    0x9d, 0xf7, 0x9d, 0xf7, 0x9d, 0xff, 0x9d, 0xf7, 0x9d, 0xf7, 0x9d, 0xf7, 0x9d, 0xf7, 0x9c, 0xf7,
    0x9c, 0xf7, 0x9d, 0xf7, 0x9c, 0xf7, 0x9d, 0xf7, 0x9d, 0xf7, 0x9d, 0xf7, 0x9c, 0xf7, 0x9d, 0xf7,
    0x9c, 0xf7, 0x9c, 0xf7, 0x9c, 0xf7, 0x9c, 0xf7, 0x9c, 0xf7, 0x7c, 0xf7, 0x7c, 0xf7, 0x7c, 0xf7,
    0x7c, 0xf7, 0x7c, 0xf7, 0x7c, 0xf7, 0x9c, 0xf7, 0x7c, 0xf7, 0x7c, 0xf7, 0x7c, 0xf7, 0x7c, 0xf7,
    0x7c, 0xf7, 0x7c, 0xf7, 0x7c, 0xf7, 0x7c, 0xf7, 0x7c, 0xf7, 0x7c, 0xf7, 0x7c, 0xf7, 0x7c, 0xf7,
    0x7c, 0xef, 0x5c, 0xef, 0x5c, 0xef, 0x5c, 0xef, 0x5c, 0xf7, 0x5c, 0xef, 0x5c, 0xef, 0x5c, 0xef,
    0x7c, 0xef, 0x5c, 0xef, 0x5c, 0xef, 0x5c, 0xef, 0x5c, 0xef, 0x5c, 0xef, 0x5c, 0xef, 0x5c, 0xef,
    0x5c, 0xef, 0x5c, 0xef, 0x5c, 0xef, 0x5c, 0xef, 0x5c, 0xef, 0x3c, 0xef, 0x3c, 0xef, 0x3c, 0xef,
    0x3c, 0xef, 0x3c, 0xef, 0x3c, 0xe7, 0x3c, 0xef, 0x3c, 0xef, 0x3c, 0xef, 0x3c, 0xe7, 0x3c, 0xe7,
    0x3c, 0xe7, 0x3c, 0xe7, 0x3b, 0xe7, 0x3b, 0xe7, 0x3c, 0xe7, 0x3c, 0xe7, 0x1b, 0xe7, 0x1b, 0xe7,
    0x1b, 0xe7, 0x1b, 0xe7, 0x1b, 0xe7, 0x1b, 0xe7, 0x1b, 0xe7, 0x1b, 0xe7, 0x1b, 0xe7, 0x1b, 0xe7,
    0x1b, 0xe7, 0x1b, 0xe7, 0x1b, 0xe7, 0x1b, 0xe7, 0x1b, 0xe7, 0x1b, 0xe7, 0xfb, 0xe6, 0xfb, 0xe6,
    0x1b, 0xe7, 0xfb, 0xe6, 0x1b, 0xe7, 0xfb, 0xe6, 0xfb, 0xe6, 0xfb, 0xe6, 0xfb, 0xe6, 0xfb, 0xde,
    0xfb, 0xde, 0xfb, 0xde, 0xfb, 0xde, 0xfb, 0xde, 0xfb, 0xde, 0xfb, 0xde, 0xfb, 0xde, 0xfb, 0xde,
    0xfb, 0xde, 0xfb, 0xde, 0xfb, 0xde, 0xdb, 0xde, 0xfb, 0xde, 0xfb, 0xde, 0xfb, 0xde, 0xdb, 0xde,
    0xdb, 0xde, 0xdb, 0xde, 0xfb, 0xde, 0xfb, 0xde, 0xdb, 0xde, 0xdb, 0xde, 0xdb, 0xde, 0xdb, 0xde,
    0xda, 0xde, 0xda, 0xde, 0xda, 0xde, 0xda, 0xde, 0xda, 0xde, 0xda, 0xde, 0xda, 0xde, 0xba, 0xd6,
    0xba, 0xd6, 0xba, 0xd6, 0xba, 0xd6, 0xba, 0xd6, 0xba, 0xd6, 0xba, 0xd6, 0xba, 0xd6, 0xba, 0xd6,
    0xba, 0xd6, 0xba, 0xd6, 0xba, 0xd6, 0xba, 0xd6, 0xba, 0xd6, 0xba, 0xd6, 0xba, 0xd6, 0xba, 0xd6,
    0xba, 0xd6, 0xba, 0xd6, 0xba, 0xd6, 0xba, 0xd6, 0xba, 0xd6, 0xba, 0xd6, 0xba, 0xd6, 0xba, 0xd6,
    0xba, 0xd6, 0xba, 0xd6, 0xda, 0xde, 0xda, 0xd6, 0xba, 0xd6, 0xba, 0xd6, 0xba, 0xd6, 0xba, 0xd6,
    0xff, 0xff, 0xff, 0xff, 0xff, 0xff, 0xff, 0xff, 0xff, 0xff, 0xff, 0xff, 0xff, 0xff, 0xff, 0xff,
    0xfe, 0xff, 0xfe, 0xff, 0xfe, 0xff, 0xfe, 0xff, 0xfe, 0xff, 0xfe, 0xff, 0xfe, 0xff, 0xfe, 0xff,
    0xfe, 0xff, 0xfe, 0xff, 0xfe, 0xff, 0xfe, 0xff, 0xfe, 0xff, 0xfe, 0xff, 0xfe, 0xff, 0xfe, 0xff,
    0xfe, 0xff, 0xfe, 0xff, 0xfe, 0xff, 0xfe, 0xff, 0xfe, 0xff, 0xfe, 0xff, 0xfe, 0xff, 0xfe, 0xff,
    0xfe, 0xff, 0xfe, 0xff, 0xfe, 0xff, 0xfe, 0xff, 0xfe, 0xff, 0xfe, 0xff, 0xfe, 0xff, 0xfe, 0xff,
    0xfe, 0xff, 0xfe, 0xff, 0xfe, 0xff, 0xfe, 0xff, 0xfe, 0xff, 0xfe, 0xff, 0xfe, 0xff, 0xfe, 0xff,
    0xfe, 0xff, 0xfe, 0xff, 0xfe, 0xff, 0xfe, 0xff, 0xfe, 0xff, 0xfe, 0xff, 0xfe, 0xff, 0xfe, 0xff,
    0xde, 0xff, 0xfe, 0xff, 0xdd, 0xff, 0xdd, 0xff, 0xfd, 0xff, 0xfe, 0xff, 0xfe, 0xff, 0xfe, 0xff,
    0xfe, 0xff, 0xde, 0xff, 0xde, 0xff, 0xde, 0xff, 0xdd, 0xff, 0xdd, 0xff, 0xde, 0xff, 0xde, 0xff,
    0xdd, 0xff, 0xde, 0xff, 0xdd, 0xff, 0xdd, 0xff, 0xdd, 0xff, 0xdd, 0xff, 0xdd, 0xff, 0xdd, 0xff,
    0xdd, 0xff, 0xdd, 0xff, 0xdd, 0xff, 0xdd, 0xff, 0xdd, 0xff, 0xdd, 0xff, 0xdd, 0xff, 0xdd, 0xff,
    0xdd, 0xff, 0xdd, 0xff, 0xdd, 0xff, 0xdd, 0xff, 0xdd, 0xff, 0xdd, 0xff, 0xdd, 0xff, 0xdd, 0xff,
    0xdd, 0xff, 0xdd, 0xff, 0xdd, 0xff, 0xbd, 0xff, 0xbd, 0xff, 0xdd, 0xff, 0xdd, 0xff, 0xdd, 0xff,
    0xdd, 0xff, 0xdd, 0xff, 0xdd, 0xff, 0xdd, 0xff, 0xdd, 0xff, 0xdd, 0xff, 0xbd, 0xff, 0xbd, 0xff,
    0xbd, 0xff, 0xbd, 0xff, 0xbd, 0xff, 0xbd, 0xff, 0xbd, 0xff, 0xbd, 0xff, 0xbd, 0xff, 0xbd, 0xff,
    0xbd, 0xff, 0xbd, 0xff, 0xbd, 0xff, 0xbd, 0xff, 0xbd, 0xff, 0xbd, 0xff, 0xbd, 0xff, 0xbd, 0xff,
    0xbd, 0xff, 0xbd, 0xff, 0xbd, 0xff, 0xbd, 0xff, 0xbd, 0xff, 0xbd, 0xff, 0xbd, 0xff, 0xbd, 0xff,
    0xbd, 0xff, 0x9d, 0xff, 0x9d, 0xff, 0x9d, 0xff, 0x9d, 0xff, 0x9d, 0xff, 0x9d, 0xff, 0x9d, 0xff,
    0x9d, 0xff, 0x9d, 0xff, 0x9d, 0xff, 0x9d, 0xff, 0x9d, 0xff, 0x9d, 0xff, 0x9d, 0xf7, 0x9d, 0xf7,
    0x9d, 0xf7, 0x9d, 0xf7, 0x9d, 0xf7, 0x9d, 0xf7, 0x9d, 0xf7, 0x9d, 0xf7, 0x9d, 0xf7, 0x9d, 0xf7,
    0x9c, 0xf7, 0x9c, 0xf7, 0x9d, 0xf7, 0x9c, 0xf7, 0x9d, 0xf7, 0x9d, 0xf7, 0x9d, 0xf7, 0x9d, 0xf7,
    0x9c, 0xf7, 0x9c, 0xf7, 0x9c, 0xf7, 0x7d, 0xf7, 0x9c, 0xf7, 0x9c, 0xf7, 0x9c, 0xf7, 0x7c, 0xf7,
    0x7c, 0xf7, 0x7c, 0xf7, 0x7c, 0xf7, 0x9c, 0xf7, 0x7c, 0xf7, 0x7c, 0xf7, 0x7c, 0xf7, 0x7c, 0xf7,
    0x7c, 0xf7, 0x7c, 0xf7, 0x7c, 0xf7, 0x7c, 0xf7, 0x7c, 0xf7, 0x7c, 0xef, 0x7c, 0xf7, 0x7c, 0xf7,
    0x7c, 0xef, 0x5c, 0xf7, 0x5c, 0xef, 0x5c, 0xef, 0x5c, 0xef, 0x7c, 0xef, 0x5c, 0xef, 0x5c, 0xef,
    0x5c, 0xef, 0x5c, 0xef, 0x5c, 0xef, 0x5c, 0xef, 0x5c, 0xef, 0x5c, 0xef, 0x5c, 0xef, 0x5c, 0xef,
    0x5c, 0xef, 0x5c, 0xef, 0x5c, 0xef, 0x5c, 0xef, 0x5c, 0xef, 0x5c, 0xef, 0x3c, 0xef, 0x5c, 0xef,
    0x3c, 0xef, 0x3c, 0xef, 0x3c, 0xef, 0x3c, 0xe7, 0x3c, 0xe7, 0x3c, 0xe7, 0x3c, 0xe7, 0x3c, 0xe7,
    0x3c, 0xe7, 0x3c, 0xe7, 0x3c, 0xe7, 0x3c, 0xe7, 0x3c, 0xe7, 0x1b, 0xe7, 0x1b, 0xe7, 0x1b, 0xe7,
    0x1b, 0xe7, 0x1b, 0xe7, 0x1b, 0xe7, 0x1b, 0xe7, 0x1b, 0xe7, 0x1b, 0xe7, 0x1b, 0xe7, 0x1b, 0xe7,
    0x1b, 0xe7, 0x1b, 0xe7, 0x1b, 0xe7, 0x1b, 0xe7, 0x1b, 0xe7, 0x1b, 0xe7, 0xfb, 0xe6, 0xfb, 0xe6,
    0x1b, 0xe7, 0x1b, 0xe7, 0x1b, 0xe7, 0xfb, 0xe6, 0x1b, 0xe7, 0x1b, 0xdf, 0xfb, 0xe6, 0xfb, 0xe6,
    0xfb, 0xde, 0xfb, 0xde, 0xfb, 0xde, 0xfb, 0xde, 0xfb, 0xde, 0xfb, 0xde, 0xfb, 0xde, 0xfb, 0xde,
    0xfb, 0xde, 0xfb, 0xde, 0xdb, 0xde, 0xdb, 0xde, 0xfb, 0xde, 0xdb, 0xde, 0xdb, 0xde, 0xdb, 0xde,
    0xdb, 0xde, 0xdb, 0xde, 0xdb, 0xde, 0xdb, 0xde, 0xfb, 0xde, 0xdb, 0xde, 0xdb, 0xde, 0xda, 0xde,
    0xda, 0xde, 0xda, 0xde, 0xda, 0xde, 0xd9, 0xde, 0xda, 0xde, 0xda, 0xd6, 0xba, 0xd6, 0xba, 0xd6,
    0xba, 0xd6, 0xba, 0xd6, 0xba, 0xd6, 0xba, 0xd6, 0xba, 0xd6, 0xba, 0xd6, 0xba, 0xd6, 0xba, 0xd6,
    0xba, 0xd6, 0xba, 0xd6, 0xba, 0xd6, 0xba, 0xd6, 0xba, 0xd6, 0xba, 0xd6, 0xba, 0xd6, 0xba, 0xd6,
    0xba, 0xd6, 0xba, 0xd6, 0xba, 0xd6, 0xba, 0xd6, 0xba, 0xd6, 0xba, 0xd6, 0xda, 0xd6, 0xda, 0xde,
    0xda, 0xde, 0xda, 0xde, 0xda, 0xde, 0xda, 0xd6, 0xba, 0xd6, 0xba, 0xd6, 0xba, 0xd6, 0xba, 0xd6,
    0xff, 0xff, 0xff, 0xff, 0xff, 0xff, 0xff, 0xff, 0xff, 0xff, 0xff, 0xff, 0xff, 0xff, 0xfe, 0xff,
    0xfe, 0xff, 0xfe, 0xff, 0xfe, 0xff, 0xfe, 0xff, 0xfe, 0xff, 0xfe, 0xff, 0xfe, 0xff, 0xfe, 0xff,
    0xfe, 0xff, 0xfe, 0xff, 0xfe, 0xff, 0xfe, 0xff, 0xfe, 0xff, 0xfe, 0xff, 0xfe, 0xff, 0xfe, 0xff,
    0xfe, 0xff, 0xfe, 0xff, 0xfe, 0xff, 0xfe, 0xff, 0xfe, 0xff, 0xfe, 0xff, 0xfe, 0xff, 0xfe, 0xff,
    0xfe, 0xff, 0xfe, 0xff, 0xfe, 0xff, 0xfe, 0xff, 0xfe, 0xff, 0xfe, 0xff, 0xfe, 0xff, 0xfe, 0xff,
    0xfe, 0xff, 0xfe, 0xff, 0xfe, 0xff, 0xfe, 0xff, 0xfe, 0xff, 0xfe, 0xff, 0xfe, 0xff, 0xfe, 0xff,
    0xfe, 0xff, 0xfe, 0xff, 0xfe, 0xff, 0xfe, 0xff, 0xfe, 0xff, 0xfe, 0xff, 0xfe, 0xff, 0xdd, 0xff,
    0xdd, 0xff, 0xde, 0xff, 0xde, 0xff, 0xfe, 0xff, 0xfd, 0xff, 0xde, 0xff, 0xde, 0xff, 0xdd, 0xff,
    0xdd, 0xff, 0xde, 0xff, 0xdd, 0xff, 0xdd, 0xff, 0xdd, 0xff, 0xfd, 0xff, 0xde, 0xff, 0xdd, 0xff,
    0xdd, 0xff, 0xde, 0xff, 0xde, 0xff, 0xde, 0xff, 0xde, 0xff, 0xdd, 0xff, 0xdd, 0xff, 0xdd, 0xff,
    0xdd, 0xff, 0xdd, 0xff, 0xdd, 0xff, 0xdd, 0xff, 0xdd, 0xff, 0xdd, 0xff, 0xdd, 0xff, 0xdd, 0xff,
    0xdd, 0xff, 0xdd, 0xff, 0xdd, 0xff, 0xdd, 0xff, 0xdd, 0xff, 0xdd, 0xff, 0xdd, 0xff, 0xdd, 0xff,
    0xdd, 0xff, 0xdd, 0xff, 0xdd, 0xff, 0xdd, 0xff, 0xdd, 0xff, 0xbd, 0xff, 0xbd, 0xff, 0xbd, 0xff,
    0xdd, 0xff, 0xdd, 0xff, 0xdd, 0xff, 0xdd, 0xff, 0xdd, 0xff, 0xbd, 0xff, 0xdd, 0xff, 0xbd, 0xff,
    0xbd, 0xff, 0xbd, 0xff, 0xbd, 0xff, 0xbd, 0xff, 0xbd, 0xff, 0xbd, 0xff, 0xbd, 0xff, 0xbd, 0xff,
    0xbd, 0xff, 0xbd, 0xff, 0xbd, 0xff, 0xbd, 0xff, 0xbd, 0xff, 0xbd, 0xff, 0xbd, 0xff, 0xbd, 0xff,
    0xbd, 0xff, 0xbd, 0xff, 0xbd, 0xff, 0xbd, 0xff, 0xbd, 0xff, 0xbd, 0xff, 0xbd, 0xff, 0xbd, 0xff,
    0xbd, 0xff, 0x9d, 0xff, 0xbd, 0xff, 0x9d, 0xff, 0x9d, 0xff, 0x9d, 0xff, 0x9d, 0xff, 0x9d, 0xff,
    0x9d, 0xff, 0x9d, 0xff, 0x9d, 0xff, 0x9d, 0xff, 0x9d, 0xff, 0x9d, 0xff, 0x9d, 0xff, 0x9d, 0xf7,
    0x9d, 0xf7, 0x9d, 0xf7, 0x9d, 0xf7, 0x9d, 0xf7, 0x9d, 0xf7, 0x9d, 0xf7, 0x9c, 0xf7, 0x9c, 0xf7,
    0x9d, 0xf7, 0x9c, 0xf7, 0x9d, 0xf7, 0x9c, 0xf7, 0x9c, 0xf7, 0x9c, 0xf7, 0x9c, 0xf7, 0x9d, 0xf7,
    0x9c, 0xf7, 0x9c, 0xf7, 0x9c, 0xf7, 0x9d, 0xf7, 0x9c, 0xf7, 0x7c, 0xf7, 0x7c, 0xf7, 0x7c, 0xf7,
    0x7c, 0xf7, 0x7c, 0xf7, 0x7c, 0xf7, 0x7c, 0xf7, 0x7c, 0xf7, 0x7c, 0xf7, 0x7c, 0xf7, 0x7c, 0xf7,
    0x7c, 0xf7, 0x7c, 0xf7, 0x7c, 0xf7, 0x7c, 0xf7, 0x7c, 0xf7, 0x7c, 0xef, 0x7c, 0xef, 0x7c, 0xef,
    0x7c, 0xef, 0x7c, 0xef, 0x7c, 0xef, 0x5c, 0xef, 0x5c, 0xef, 0x5c, 0xef, 0x5c, 0xf7, 0x5c, 0xef,
    0x5c, 0xef, 0x5c, 0xef, 0x5c, 0xef, 0x5c, 0xef, 0x5c, 0xef, 0x5c, 0xef, 0x5c, 0xef, 0x5c, 0xef,
    0x5c, 0xef, 0x5c, 0xef, 0x5c, 0xef, 0x5c, 0xef, 0x5c, 0xef, 0x3c, 0xef, 0x3c, 0xef, 0x3c, 0xef,
    0x3c, 0xef, 0x3c, 0xef, 0x3c, 0xef, 0x3c, 0xe7, 0x3c, 0xe7, 0x3c, 0xe7, 0x3b, 0xe7, 0x3c, 0xe7,
    0x3c, 0xe7, 0x3c, 0xe7, 0x3c, 0xe7, 0x3c, 0xe7, 0x3c, 0xe7, 0x3c, 0xe7, 0x1b, 0xe7, 0x1b, 0xe7,
    0x1b, 0xe7, 0x1b, 0xe7, 0x1b, 0xe7, 0x1b, 0xe7, 0x1b, 0xe7, 0x1b, 0xe7, 0x1b, 0xe7, 0x1b, 0xe7,
    0x1b, 0xe7, 0x1b, 0xe7, 0x1b, 0xe7, 0x1b, 0xe7, 0x1b, 0xe7, 0x1b, 0xe7, 0xfb, 0xe6, 0xfb, 0xe6,
    0x1b, 0xe7, 0x1b, 0xe7, 0x1b, 0xe7, 0x1b, 0xe7, 0xfb, 0xe6, 0xfb, 0xe6, 0x1b, 0xe7, 0xfb, 0xe6,
    0xfb, 0xde, 0xfb, 0xde, 0xfb, 0xde, 0xfb, 0xde, 0xfb, 0xde, 0xfb, 0xde, 0xfb, 0xde, 0xfb, 0xde,
    0xfb, 0xde, 0xfb, 0xde, 0xfb, 0xde, 0xdb, 0xde, 0xdb, 0xde, 0xdb, 0xde, 0xdb, 0xde, 0xdb, 0xde,
    0xdb, 0xde, 0xdb, 0xde, 0xdb, 0xde, 0xdb, 0xde, 0xdb, 0xde, 0xdb, 0xde, 0xdb, 0xde, 0xda, 0xde,
    0xda, 0xde, 0xda, 0xde, 0xda, 0xde, 0xda, 0xde, 0xda, 0xde, 0xda, 0xd6, 0xba, 0xd6, 0xba, 0xd6,
    0xba, 0xd6, 0xba, 0xd6, 0xba, 0xd6, 0xba, 0xd6, 0xba, 0xd6, 0xba, 0xd6, 0xba, 0xd6, 0xba, 0xd6,
    0xba, 0xd6, 0xba, 0xd6, 0xba, 0xd6, 0xba, 0xd6, 0xba, 0xd6, 0xba, 0xd6, 0xba, 0xd6, 0xba, 0xd6,
    0xba, 0xd6, 0xba, 0xd6, 0xba, 0xd6, 0xba, 0xd6, 0xba, 0xd6, 0xba, 0xd6, 0xba, 0xd6, 0xda, 0xde,
    0xdb, 0xde, 0xdb, 0xde, 0xdb, 0xde, 0xda, 0xde, 0xba, 0xd6, 0xba, 0xd6, 0xba, 0xd6, 0xba, 0xd6,
    0xff, 0xff, 0xff, 0xff, 0xff, 0xff, 0xff, 0xff, 0xff, 0xff, 0xff, 0xff, 0xfe, 0xff, 0xfe, 0xff,
    0xfe, 0xff, 0xfe, 0xff, 0xfe, 0xff, 0xfe, 0xff, 0xfe, 0xff, 0xfe, 0xff, 0xfe, 0xff, 0xfe, 0xff,
    0xfe, 0xff, 0xfe, 0xff, 0xfe, 0xff, 0xfe, 0xff, 0xfe, 0xff, 0xfe, 0xff, 0xfe, 0xff, 0xfe, 0xff,
    0xfe, 0xff, 0xfe, 0xff, 0xfe, 0xff, 0xfe, 0xff, 0xfe, 0xff, 0xfe, 0xff, 0xfe, 0xff, 0xfe, 0xff,
    0xfe, 0xff, 0xfe, 0xff, 0xfe, 0xff, 0xfe, 0xff, 0xfe, 0xff, 0xfe, 0xff, 0xfe, 0xff, 0xfe, 0xff,
    0xfe, 0xff, 0xfe, 0xff, 0xfe, 0xff, 0xfe, 0xff, 0xfe, 0xff, 0xfe, 0xff, 0xfe, 0xff, 0xfe, 0xff,
    0xfe, 0xff, 0xfe, 0xff, 0xfe, 0xff, 0xfe, 0xff, 0xfe, 0xff, 0xfe, 0xff, 0xfe, 0xff, 0xdd, 0xff,
    0xdd, 0xff, 0xdd, 0xff, 0xdd, 0xff, 0xdd, 0xff, 0xde, 0xff, 0xdd, 0xff, 0xdd, 0xff, 0xdd, 0xff,
    0xdd, 0xff, 0xdd, 0xff, 0xdd, 0xff, 0xdd, 0xff, 0xdd, 0xff, 0xdd, 0xff, 0xde, 0xff, 0xde, 0xff,
    0xde, 0xff, 0xde, 0xff, 0xde, 0xff, 0xde, 0xff, 0xde, 0xff, 0xdd, 0xff, 0xdd, 0xff, 0xdd, 0xff,
    0xdd, 0xff, 0xdd, 0xff, 0xdd, 0xff, 0xdd, 0xff, 0xdd, 0xff, 0xdd, 0xff, 0xdd, 0xff, 0xdd, 0xff,
    0xdd, 0xff, 0xdd, 0xff, 0xdd, 0xff, 0xdd, 0xff, 0xdd, 0xff, 0xdd, 0xff, 0xdd, 0xff, 0xdd, 0xff,
    0xdd, 0xff, 0xdd, 0xff, 0xdd, 0xff, 0xdd, 0xff, 0xdd, 0xff, 0xdd, 0xff, 0xbd, 0xff, 0xdd, 0xff,
    0xbd, 0xff, 0xdd, 0xff, 0xdd, 0xff, 0xdd, 0xff, 0xdd, 0xff, 0xdd, 0xff, 0xdd, 0xff, 0xdd, 0xff,
    0xbd, 0xff, 0xbd, 0xff, 0xbd, 0xff, 0xbd, 0xff, 0xbd, 0xff, 0xbd, 0xff, 0xbd, 0xff, 0xbd, 0xff,
    0xbd, 0xff, 0xbd, 0xff, 0xbd, 0xff, 0xbd, 0xff, 0xbd, 0xff, 0xbd, 0xff, 0xbd, 0xff, 0xbd, 0xff,
    0xbd, 0xff, 0xbd, 0xff, 0xbd, 0xff, 0xbd, 0xff, 0xbd, 0xff, 0xbd, 0xff, 0xbd, 0xff, 0xbd, 0xff,
    0xbd, 0xff, 0x9d, 0xff, 0x9d, 0xff, 0x9d, 0xff, 0xbd, 0xff, 0x9d, 0xff, 0xbd, 0xff, 0x9d, 0xff,
    0x9d, 0xff, 0x9d, 0xff, 0x9d, 0xff, 0x9d, 0xff, 0x9d, 0xf7, 0x9d, 0xf7, 0x9d, 0xf7, 0x9d, 0xf7,
    0x9d, 0xf7, 0x9d, 0xf7, 0x9d, 0xf7, 0x9c, 0xf7, 0x9c, 0xf7, 0x9d, 0xf7, 0x9d, 0xf7, 0x9c, 0xf7,
    0x9c, 0xf7, 0x9d, 0xf7, 0x9c, 0xf7, 0x9c, 0xf7, 0x9c, 0xf7, 0x9c, 0xf7, 0x9c, 0xf7, 0x9d, 0xf7,
    0x9c, 0xf7, 0x9c, 0xf7, 0x9d, 0xf7, 0x9c, 0xf7, 0x7c, 0xf7, 0x7c, 0xf7, 0x7c, 0xf7, 0x7c, 0xf7,
    0x7c, 0xf7, 0x7c, 0xf7, 0x7c, 0xf7, 0x7c, 0xf7, 0x7c, 0xf7, 0x7c, 0xf7, 0x7c, 0xf7, 0x7c, 0xf7,
    0x7c, 0xf7, 0x7c, 0xf7, 0x7c, 0xf7, 0x7c, 0xf7, 0x7c, 0xf7, 0x7c, 0xf7, 0x7c, 0xef, 0x7c, 0xef,
    0x7c, 0xef, 0x7c, 0xef, 0x7c, 0xef, 0x7c, 0xef, 0x5c, 0xef, 0x5c, 0xef, 0x5c, 0xef, 0x5c, 0xef,
    0x5c, 0xef, 0x5c, 0xef, 0x5c, 0xef, 0x5c, 0xef, 0x5c, 0xef, 0x5c, 0xef, 0x5c, 0xef, 0x5c, 0xef,
    0x5c, 0xef, 0x5c, 0xef, 0x5c, 0xef, 0x5c, 0xef, 0x3c, 0xef, 0x3c, 0xef, 0x3c, 0xef, 0x3c, 0xef,
    0x3c, 0xef, 0x3c, 0xe7, 0x3c, 0xef, 0x3c, 0xe7, 0x3c, 0xe7, 0x3b, 0xe7, 0x3b, 0xe7, 0x3c, 0xe7,
    0x3c, 0xe7, 0x3c, 0xe7, 0x3c, 0xe7, 0x3c, 0xe7, 0x3c, 0xe7, 0x3b, 0xe7, 0x1b, 0xe7, 0x1b, 0xe7,
    0x1b, 0xe7, 0x1b, 0xe7, 0x1b, 0xe7, 0x1b, 0xe7, 0x1b, 0xe7, 0x1b, 0xe7, 0x1b, 0xe7, 0x1b, 0xe7,
    0x1b, 0xe7, 0x1b, 0xe7, 0x1b, 0xe7, 0x1b, 0xe7, 0x1b, 0xe7, 0x1b, 0xe7, 0x1c, 0xe7, 0x1b, 0xe7,
    0x1b, 0xe7, 0x1b, 0xe7, 0x1b, 0xe7, 0x1b, 0xe7, 0xfb, 0xe6, 0x1b, 0xe7, 0xfb, 0xde, 0xfb, 0xde,
    0xfb, 0xde, 0xfb, 0xde, 0xfb, 0xde, 0xfb, 0xde, 0xfb, 0xde, 0xfb, 0xde, 0xfb, 0xde, 0xfb, 0xde,
    0xfb, 0xde, 0xdb, 0xde, 0xdb, 0xde, 0xfb, 0xde, 0xfb, 0xde, 0xdb, 0xde, 0xdb, 0xde, 0xdb, 0xde,
    0xdb, 0xde, 0xdb, 0xde, 0xdb, 0xde, 0xdb, 0xde, 0xdb, 0xde, 0xdb, 0xde, 0xdb, 0xde, 0xda, 0xde,
    0xda, 0xde, 0xda, 0xde, 0xda, 0xde, 0xda, 0xde, 0xda, 0xde, 0xba, 0xd6, 0xba, 0xd6, 0xba, 0xd6,
    0xba, 0xd6, 0xba, 0xd6, 0xba, 0xd6, 0xba, 0xd6, 0xba, 0xd6, 0xba, 0xd6, 0xba, 0xd6, 0xba, 0xd6,
    0xba, 0xd6, 0xba, 0xd6, 0xba, 0xd6, 0xba, 0xd6, 0xba, 0xd6, 0xba, 0xd6, 0xba, 0xd6, 0xba, 0xd6,
    0xba, 0xd6, 0xba, 0xd6, 0xba, 0xd6, 0xba, 0xd6, 0xba, 0xd6, 0xba, 0xd6, 0xda, 0xd6, 0xda, 0xde,
    0xda, 0xde, 0xda, 0xde, 0xda, 0xde, 0xda, 0xde, 0xda, 0xde, 0xba, 0xd6, 0xba, 0xd6, 0xba, 0xd6,
    0xff, 0xff, 0xff, 0xff, 0xff, 0xff, 0xff, 0xff, 0xff, 0xff, 0xff, 0xff, 0xfe, 0xff, 0xfe, 0xff,
    0xfe, 0xff, 0xfe, 0xff, 0xfe, 0xff, 0xfe, 0xff, 0xfe, 0xff, 0xfe, 0xff, 0xfe, 0xff, 0xfe, 0xff,
    0xfe, 0xff, 0xfe, 0xff, 0xfe, 0xff, 0xfe, 0xff, 0xfe, 0xff, 0xfe, 0xff, 0xfe, 0xff, 0xfe, 0xff,
    0xfe, 0xff, 0xfe, 0xff, 0xfe, 0xff, 0xfe, 0xff, 0xfe, 0xff, 0xfe, 0xff, 0xfe, 0xff, 0xfe, 0xff,
    0xfe, 0xff, 0xfe, 0xff, 0xfe, 0xff, 0xfe, 0xff, 0xfe, 0xff, 0xfe, 0xff, 0xfe, 0xff, 0xfe, 0xff,
    0xfe, 0xff, 0xfe, 0xff, 0xfe, 0xff, 0xfe, 0xff, 0xfe, 0xff, 0xfe, 0xff, 0xfe, 0xff, 0xfe, 0xff,
    0xfe, 0xff, 0xfe, 0xff, 0xfe, 0xff, 0xfe, 0xff, 0xfe, 0xff, 0xfe, 0xff, 0xfd, 0xff, 0xde, 0xff,
    0xdd, 0xff, 0xde, 0xff, 0xdd, 0xff, 0xdd, 0xff, 0xdd, 0xff, 0xdd, 0xff, 0xdd, 0xff, 0xdd, 0xff,
    0xdd, 0xff, 0xdd, 0xff, 0xdd, 0xff, 0xdd, 0xff, 0xde, 0xff, 0xdd, 0xff, 0xdd, 0xff, 0xdd, 0xff,
    0xdd, 0xff, 0xde, 0xff, 0xdd, 0xff, 0xde, 0xff, 0xdd, 0xff, 0xdd, 0xff, 0xdd, 0xff, 0xdd, 0xff,
    0xdd, 0xff, 0xdd, 0xff, 0xdd, 0xff, 0xdd, 0xff, 0xdd, 0xff, 0xdd, 0xff, 0xdd, 0xff, 0xdd, 0xff,
    0xdd, 0xff, 0xdd, 0xff, 0xdd, 0xff, 0xdd, 0xff, 0xdd, 0xff, 0xdd, 0xff, 0xdd, 0xff, 0xdd, 0xff,
    0xdd, 0xff, 0xdd, 0xff, 0xdd, 0xff, 0xdd, 0xff, 0xdd, 0xff, 0xdd, 0xff, 0xdd, 0xff, 0xbd, 0xff,
    0xdd, 0xff, 0xdd, 0xff, 0xdd, 0xff, 0xdd, 0xff, 0xdd, 0xff, 0xdd, 0xff, 0xdd, 0xff, 0xdd, 0xff,
    0xbd, 0xff, 0xbd, 0xff, 0xbd, 0xff, 0xbd, 0xff, 0xbd, 0xff, 0xbd, 0xff, 0xbd, 0xff, 0xbd, 0xff,
    0xbd, 0xff, 0xbd, 0xff, 0xbd, 0xff, 0xbd, 0xff, 0xbd, 0xff, 0xbd, 0xff, 0xbd, 0xff, 0xbd, 0xff,
    0xbd, 0xff, 0xbd, 0xff, 0xbd, 0xff, 0xbd, 0xff, 0xbd, 0xff, 0xbd, 0xff, 0xbd, 0xff, 0xbd, 0xff,
    0xbd, 0xff, 0xbd, 0xff, 0xbd, 0xff, 0xbd, 0xff, 0xbd, 0xff, 0xbd, 0xff, 0x9d, 0xff, 0xbd, 0xff,
    0x9d, 0xff, 0x9d, 0xff, 0x9d, 0xff, 0x9d, 0xff, 0x9d, 0xf7, 0x9d, 0xf7, 0x9d, 0xf7, 0x9d, 0xf7,
    0x9d, 0xf7, 0x9d, 0xf7, 0x9c, 0xf7, 0x9c, 0xf7, 0x9d, 0xf7, 0x9d, 0xf7, 0x9c, 0xf7, 0x9c, 0xf7,
    0x9d, 0xf7, 0x9d, 0xf7, 0x9d, 0xf7, 0x9d, 0xf7, 0x9c, 0xf7, 0x9c, 0xf7, 0x9c, 0xf7, 0x9c, 0xf7,
    0x9c, 0xf7, 0x9c, 0xf7, 0x7d, 0xf7, 0x9c, 0xf7, 0x7c, 0xf7, 0x7d, 0xf7, 0x7c, 0xf7, 0x7c, 0xf7,
    0x7c, 0xf7, 0x7c, 0xf7, 0x7c, 0xf7, 0x7c, 0xf7, 0x7c, 0xf7, 0x7c, 0xf7, 0x7c, 0xf7, 0x7c, 0xf7,
    0x7c, 0xf7, 0x7c, 0xf7, 0x7c, 0xf7, 0x7c, 0xf7, 0x7c, 0xf7, 0x7c, 0xef, 0x7c, 0xef, 0x7c, 0xef,
    0x7c, 0xef, 0x7c, 0xef, 0x7c, 0xef, 0x7c, 0xef, 0x7c, 0xef, 0x5c, 0xef, 0x5c, 0xef, 0x5c, 0xef,
    0x5c, 0xef, 0x5c, 0xef, 0x5c, 0xef, 0x5c, 0xef, 0x5c, 0xef, 0x5c, 0xef, 0x5c, 0xef, 0x5c, 0xef,
    0x5c, 0xef, 0x5c, 0xef, 0x5c, 0xef, 0x5c, 0xef, 0x5c, 0xef, 0x3c, 0xef, 0x3c, 0xef, 0x3c, 0xef,
    0x3c, 0xef, 0x3c, 0xe7, 0x3c, 0xef, 0x3c, 0xe7, 0x3c, 0xe7, 0x3c, 0xe7, 0x3c, 0xe7, 0x3b, 0xe7,
    0x3b, 0xe7, 0x3c, 0xe7, 0x3b, 0xe7, 0x3c, 0xe7, 0x3b, 0xe7, 0x3b, 0xe7, 0x3c, 0xe7, 0x1b, 0xe7,
    0x1b, 0xe7, 0x1b, 0xe7, 0x1b, 0xe7, 0x1b, 0xe7, 0x1b, 0xe7, 0x1b, 0xe7, 0x1b, 0xe7, 0x1b, 0xe7,
    0x1b, 0xe7, 0x1b, 0xe7, 0x1b, 0xe7, 0x1b, 0xe7, 0x1b, 0xe7, 0x1b, 0xe7, 0x1b, 0xe7, 0x1b, 0xe7,
    0x1b, 0xe7, 0x1b, 0xe7, 0xfb, 0xe6, 0xfb, 0xe6, 0xfb, 0xde, 0xfb, 0xe6, 0xfb, 0xde, 0xfb, 0xde,
    0xfb, 0xde, 0xfb, 0xde, 0xfb, 0xde, 0xfb, 0xde, 0xfb, 0xde, 0xfb, 0xde, 0xfb, 0xde, 0xfb, 0xde,
    0xfb, 0xde, 0xfb, 0xde, 0xdb, 0xde, 0xdb, 0xde, 0xdb, 0xde, 0xdb, 0xde, 0xdb, 0xde, 0xdb, 0xde,
    0xdb, 0xde, 0xdb, 0xde, 0xdb, 0xde, 0xdb, 0xde, 0xdb, 0xde, 0xdb, 0xde, 0xda, 0xde, 0xda, 0xde,
    0xda, 0xde, 0xda, 0xde, 0xda, 0xde, 0xda, 0xde, 0xda, 0xde, 0xba, 0xd6, 0xba, 0xd6, 0xba, 0xd6,
    0xba, 0xd6, 0xba, 0xd6, 0xba, 0xd6, 0xba, 0xd6, 0xba, 0xd6, 0xba, 0xd6, 0xba, 0xd6, 0xba, 0xd6,
    0xba, 0xd6, 0xba, 0xd6, 0xba, 0xd6, 0xba, 0xd6, 0xba, 0xd6, 0xba, 0xd6, 0xba, 0xd6, 0xba, 0xd6,
    0xba, 0xd6, 0xba, 0xd6, 0xba, 0xd6, 0xba, 0xd6, 0xba, 0xd6, 0xda, 0xd6, 0xda, 0xd6, 0xda, 0xd6,
    0xda, 0xde, 0xda, 0xde, 0xda, 0xde, 0xda, 0xde, 0xda, 0xde, 0xba, 0xd6, 0xba, 0xd6, 0xba, 0xd6,
    0xff, 0xff, 0xff, 0xff, 0xff, 0xff, 0xff, 0xff, 0xff, 0xff, 0xff, 0xff, 0xfe, 0xff, 0xfe, 0xff,
    0xfe, 0xff, 0xfe, 0xff, 0xfe, 0xff, 0xfe, 0xff, 0xfe, 0xff, 0xfe, 0xff, 0xfe, 0xff, 0xfe, 0xff,
    0xfe, 0xff, 0xfe, 0xff, 0xfe, 0xff, 0xfe, 0xff, 0xfe, 0xff, 0xfe, 0xff, 0xfe, 0xff, 0xfe, 0xff,
    0xfe, 0xff, 0xfe, 0xff, 0xfe, 0xff, 0xfe, 0xff, 0xfe, 0xff, 0xfe, 0xff, 0xfe, 0xff, 0xfe, 0xff,
    0xfe, 0xff, 0xfe, 0xff, 0xfe, 0xff, 0xfe, 0xff, 0xfe, 0xff, 0xfe, 0xff, 0xfe, 0xff, 0xfe, 0xff,
    0xfe, 0xff, 0xfe, 0xff, 0xfe, 0xff, 0xfe, 0xff, 0xfe, 0xff, 0xfe, 0xff, 0xfe, 0xff, 0xfe, 0xff,
    0xfe, 0xff, 0xfe, 0xff, 0xde, 0xff, 0xfe, 0xff, 0xde, 0xff, 0xde, 0xff, 0xfe, 0xff, 0xde, 0xff,
    0xde, 0xff, 0xde, 0xff, 0xde, 0xff, 0xde, 0xff, 0xdd, 0xff, 0xdd, 0xff, 0xdd, 0xff, 0xdd, 0xff,
    0xdd, 0xff, 0xdd, 0xff, 0xdd, 0xff, 0xdd, 0xff, 0xdd, 0xff, 0xdd, 0xff, 0xdd, 0xff, 0xdd, 0xff,
    0xdd, 0xff, 0xde, 0xff, 0xde, 0xff, 0xde, 0xff, 0xdd, 0xff, 0xdd, 0xff, 0xdd, 0xff, 0xdd, 0xff,
    0xdd, 0xff, 0xdd, 0xff, 0xdd, 0xff, 0xdd, 0xff, 0xdd, 0xff, 0xdd, 0xff, 0xdd, 0xff, 0xdd, 0xff,
    0xdd, 0xff, 0xdd, 0xff, 0xdd, 0xff, 0xdd, 0xff, 0xdd, 0xff, 0xdd, 0xff, 0xdd, 0xff, 0xdd, 0xff,
    0xdd, 0xff, 0xdd, 0xff, 0xdd, 0xff, 0xdd, 0xff, 0xbd, 0xff, 0xbd, 0xff, 0xbd, 0xff, 0xdd, 0xff,
    0xdd, 0xff, 0xdd, 0xff, 0xdd, 0xff, 0xdd, 0xff, 0xdd, 0xff, 0xdd, 0xff, 0xbd, 0xff, 0xbd, 0xff,
    0xbd, 0xff, 0xbd, 0xff, 0xbd, 0xff, 0xbd, 0xff, 0xbd, 0xff, 0xbd, 0xff, 0xbd, 0xff, 0xbd, 0xff,
    0xbd, 0xff, 0xbd, 0xff, 0xbd, 0xff, 0xbd, 0xff, 0xbd, 0xff, 0xbd, 0xff, 0xbd, 0xff, 0xbd, 0xff,
    0xbd, 0xff, 0xbd, 0xff, 0xbd, 0xff, 0xbd, 0xff, 0xbd, 0xff, 0xbd, 0xff, 0xbd, 0xff, 0x9d, 0xff,
    0xbd, 0xff, 0xbd, 0xff, 0xbd, 0xff, 0xbd, 0xff, 0xbd, 0xff, 0xbd, 0xff, 0xbd, 0xff, 0xbd, 0xff,
    0xbd, 0xff, 0x9d, 0xff, 0x9d, 0xff, 0x9d, 0xff, 0x9d, 0xff, 0x9d, 0xf7, 0x9d, 0xf7, 0x9d, 0xf7,
    0x9d, 0xf7, 0x9d, 0xf7, 0x9c, 0xf7, 0x9d, 0xf7, 0x9c, 0xf7, 0x9c, 0xf7, 0x9c, 0xf7, 0x9d, 0xf7,
    0x9d, 0xf7, 0x9d, 0xf7, 0x9d, 0xf7, 0x9c, 0xf7, 0x9c, 0xf7, 0x9c, 0xf7, 0x9c, 0xf7, 0x9c, 0xf7,
    0x9c, 0xf7, 0x9c, 0xf7, 0x9c, 0xf7, 0x7c, 0xf7, 0x7c, 0xf7, 0x7c, 0xf7, 0x7c, 0xf7, 0x7c, 0xf7,
    0x7c, 0xf7, 0x7c, 0xf7, 0x7c, 0xf7, 0x7c, 0xf7, 0x7c, 0xf7, 0x7c, 0xf7, 0x7c, 0xf7, 0x7c, 0xf7,
    0x7c, 0xf7, 0x7c, 0xf7, 0x7c, 0xf7, 0x7c, 0xf7, 0x7c, 0xef, 0x7c, 0xef, 0x7c, 0xef, 0x5c, 0xef,
    0x5c, 0xef, 0x7c, 0xef, 0x7c, 0xef, 0x5c, 0xef, 0x5c, 0xef, 0x5c, 0xef, 0x5c, 0xef, 0x5c, 0xef,
    0x5c, 0xef, 0x5c, 0xef, 0x5c, 0xef, 0x5c, 0xef, 0x5c, 0xef, 0x5c, 0xef, 0x5c, 0xef, 0x5c, 0xef,
    0x5c, 0xef, 0x5c, 0xef, 0x5c, 0xef, 0x5c, 0xef, 0x5c, 0xef, 0x5c, 0xef, 0x3c, 0xef, 0x3c, 0xef,
    0x3c, 0xef, 0x3c, 0xe7, 0x3c, 0xe7, 0x3c, 0xe7, 0x3c, 0xe7, 0x3c, 0xe7, 0x3c, 0xe7, 0x3c, 0xe7,
    0x3c, 0xe7, 0x3c, 0xe7, 0x3b, 0xe7, 0x3c, 0xe7, 0x3c, 0xe7, 0x3c, 0xe7, 0x3c, 0xe7, 0x1b, 0xe7,
    0x1c, 0xe7, 0x1b, 0xe7, 0x1b, 0xe7, 0x1b, 0xe7, 0x1b, 0xe7, 0x1b, 0xe7, 0x1b, 0xe7, 0x1b, 0xe7,
    0x1b, 0xe7, 0x1b, 0xe7, 0x1b, 0xe7, 0x1b, 0xe7, 0x1b, 0xe7, 0x1b, 0xe7, 0x1b, 0xe7, 0x1b, 0xe7,
    0x1b, 0xe7, 0x1b, 0xe7, 0xfb, 0xe6, 0xfb, 0xde, 0xfb, 0xde, 0xfb, 0xde, 0xfb, 0xde, 0xfb, 0xde,
    0xfb, 0xde, 0xfb, 0xde, 0xfb, 0xde, 0xfb, 0xde, 0xfb, 0xde, 0xfb, 0xde, 0xfb, 0xde, 0xfb, 0xde,
    0xfb, 0xde, 0xdb, 0xde, 0xdb, 0xde, 0xdb, 0xde, 0xdb, 0xde, 0xdb, 0xde, 0xdb, 0xde, 0xdb, 0xde,
    0xdb, 0xde, 0xdb, 0xde, 0xda, 0xde, 0xda, 0xde, 0xdb, 0xde, 0xda, 0xde, 0xda, 0xde, 0xda, 0xde,
    0xdb, 0xde, 0xda, 0xde, 0xda, 0xde, 0xda, 0xde, 0xda, 0xde, 0xba, 0xd6, 0xba, 0xd6, 0xba, 0xd6,
    0xba, 0xd6, 0xba, 0xd6, 0xba, 0xd6, 0xba, 0xd6, 0xba, 0xd6, 0xba, 0xd6, 0xba, 0xd6, 0xba, 0xd6,
    0xba, 0xd6, 0xba, 0xd6, 0xba, 0xd6, 0xba, 0xd6, 0xba, 0xd6, 0xba, 0xd6, 0xba, 0xd6, 0xba, 0xd6,
    0xba, 0xd6, 0xba, 0xd6, 0xba, 0xd6, 0xba, 0xd6, 0xba, 0xd6, 0xba, 0xd6, 0xba, 0xd6, 0xba, 0xd6,
    0xba, 0xd6, 0xba, 0xd6, 0xda, 0xd6, 0xda, 0xd6, 0xda, 0xde, 0xba, 0xd6, 0xba, 0xd6, 0xba, 0xd6,
    0xff, 0xff, 0xff, 0xff, 0xff, 0xff, 0xff, 0xff, 0xff, 0xff, 0xfe, 0xff, 0xfe, 0xff, 0xfe, 0xff,
    0xfe, 0xff, 0xfe, 0xff, 0xfe, 0xff, 0xfe, 0xff, 0xfe, 0xff, 0xfe, 0xff, 0xfe, 0xff, 0xfe, 0xff,
    0xfe, 0xff, 0xfe, 0xff, 0xfe, 0xff, 0xfe, 0xff, 0xfe, 0xff, 0xfe, 0xff, 0xfe, 0xff, 0xfe, 0xff,
    0xfe, 0xff, 0xfe, 0xff, 0xfe, 0xff, 0xfe, 0xff, 0xfe, 0xff, 0xfe, 0xff, 0xfe, 0xff, 0xfe, 0xff,
    0xfe, 0xff, 0xfe, 0xff, 0xfe, 0xff, 0xfe, 0xff, 0xfe, 0xff, 0xfe, 0xff, 0xfe, 0xff, 0xfe, 0xff,
    0xfe, 0xff, 0xfe, 0xff, 0xfe, 0xff, 0xfe, 0xff, 0xfe, 0xff, 0xfe, 0xff, 0xfe, 0xff, 0xfe, 0xff,
    0xfe, 0xff, 0xfe, 0xff, 0xfe, 0xff, 0xfe, 0xff, 0xde, 0xff, 0xde, 0xff, 0xfe, 0xff, 0xdd, 0xff,
    0xde, 0xff, 0xde, 0xff, 0xde, 0xff, 0xdd, 0xff, 0xdd, 0xff, 0xdd, 0xff, 0xdd, 0xff, 0xdd, 0xff,
    0xdd, 0xff, 0xdd, 0xff, 0xde, 0xff, 0xdd, 0xff, 0xdd, 0xff, 0xdd, 0xff, 0xde, 0xff, 0xde, 0xff,
    0xdd, 0xff, 0xdd, 0xff, 0xde, 0xff, 0xdd, 0xff, 0xdd, 0xff, 0xde, 0xff, 0xdd, 0xff, 0xdd, 0xff,
    0xdd, 0xff, 0xdd, 0xff, 0xdd, 0xff, 0xdd, 0xff, 0xdd, 0xff, 0xdd, 0xff, 0xdd, 0xff, 0xdd, 0xff,
    0xdd, 0xff, 0xdd, 0xff, 0xdd, 0xff, 0xdd, 0xff, 0xdd, 0xff, 0xdd, 0xff, 0xdd, 0xff, 0xdd, 0xff,
    0xdd, 0xff, 0xbd, 0xff, 0xdd, 0xff, 0xbd, 0xff, 0xbd, 0xff, 0xbd, 0xff, 0xdd, 0xff, 0xdd, 0xff,
    0xdd, 0xff, 0xdd, 0xff, 0xdd, 0xff, 0xdd, 0xff, 0xdd, 0xff, 0xdd, 0xff, 0xdd, 0xff, 0xbd, 0xff,
    0xbd, 0xff, 0xbd, 0xff, 0xbd, 0xff, 0xbd, 0xff, 0xbd, 0xff, 0xbd, 0xff, 0xbd, 0xff, 0xbd, 0xff,
    0xbd, 0xff, 0xbd, 0xff, 0xbd, 0xff, 0xbd, 0xff, 0xbd, 0xff, 0xbd, 0xff, 0xbd, 0xff, 0xbd, 0xff,
    0xbd, 0xff, 0xbd, 0xff, 0xbd, 0xff, 0xbd, 0xff, 0xbd, 0xff, 0x9d, 0xff, 0xbd, 0xff, 0xbd, 0xff,
    0xbd, 0xff, 0xbd, 0xff, 0xbd, 0xff, 0xbd, 0xff, 0xbd, 0xff, 0xbd, 0xff, 0xbd, 0xff, 0x9d, 0xff,
    0xbd, 0xff, 0x9d, 0xff, 0x9d, 0xff, 0x9d, 0xff, 0x9d, 0xff, 0x9d, 0xff, 0x9d, 0xf7, 0x9d, 0xf7,
    0x9d, 0xf7, 0x9c, 0xf7, 0x9d, 0xf7, 0x9d, 0xf7, 0x9d, 0xf7, 0x9c, 0xf7, 0x9c, 0xf7, 0x9d, 0xf7,
    0x9c, 0xf7, 0x9c, 0xf7, 0x9d, 0xf7, 0x9c, 0xf7, 0x9d, 0xf7, 0x9c, 0xf7, 0x9c, 0xf7, 0x9c, 0xf7,
    0x9d, 0xf7, 0x9c, 0xf7, 0x9c, 0xf7, 0x7c, 0xf7, 0x7c, 0xf7, 0x7c, 0xf7, 0x7c, 0xf7, 0x7c, 0xf7,
    0x7c, 0xf7, 0x7c, 0xf7, 0x7c, 0xf7, 0x7c, 0xf7, 0x7c, 0xf7, 0x7c, 0xf7, 0x7c, 0xf7, 0x7c, 0xf7,
    0x7c, 0xf7, 0x7c, 0xf7, 0x7c, 0xf7, 0x7c, 0xf7, 0x7c, 0xef, 0x7c, 0xef, 0x7c, 0xef, 0x5c, 0xef,
    0x5c, 0xf7, 0x7c, 0xef, 0x7c, 0xef, 0x5c, 0xef, 0x5c, 0xef, 0x5c, 0xef, 0x5c, 0xef, 0x5c, 0xef,
    0x5c, 0xef, 0x5c, 0xef, 0x5c, 0xef, 0x5c, 0xef, 0x5c, 0xef, 0x5c, 0xef, 0x5c, 0xef, 0x5c, 0xef,
    0x5c, 0xef, 0x5c, 0xef, 0x5c, 0xef, 0x5c, 0xef, 0x5c, 0xef, 0x5c, 0xef, 0x3c, 0xef, 0x3c, 0xef,
    0x3c, 0xef, 0x3c, 0xef, 0x3c, 0xe7, 0x3c, 0xe7, 0x3c, 0xe7, 0x3c, 0xe7, 0x3c, 0xe7, 0x3c, 0xe7,
    0x3c, 0xe7, 0x3c, 0xe7, 0x3c, 0xe7, 0x3c, 0xe7, 0x3c, 0xe7, 0x3c, 0xe7, 0x3c, 0xe7, 0x1c, 0xe7,
    0x1b, 0xe7, 0x1b, 0xe7, 0x1b, 0xe7, 0x1b, 0xe7, 0x1b, 0xe7, 0x1b, 0xe7, 0x1b, 0xe7, 0x1b, 0xe7,
    0x1b, 0xe7, 0x1b, 0xe7, 0x1b, 0xe7, 0x1b, 0xe7, 0x1b, 0xe7, 0x1b, 0xe7, 0x1b, 0xe7, 0x1b, 0xe7,
    0xfb, 0xe6, 0x1b, 0xe7, 0x1b, 0xe7, 0xfb, 0xe6, 0xfb, 0xde, 0xfb, 0xde, 0xfb, 0xde, 0xfb, 0xde,
    0xfb, 0xde, 0xfb, 0xde, 0xfb, 0xde, 0xfb, 0xde, 0xfb, 0xde, 0xfb, 0xde, 0xfb, 0xde, 0xfb, 0xde,
    0xfb, 0xde, 0xfb, 0xde, 0xdb, 0xde, 0xdb, 0xde, 0xdb, 0xde, 0xdb, 0xde, 0xdb, 0xde, 0xdb, 0xde,
    0xdb, 0xde, 0xdb, 0xde, 0xda, 0xde, 0xda, 0xde, 0xda, 0xde, 0xda, 0xde, 0xda, 0xde, 0xda, 0xde,
    0xda, 0xde, 0xdb, 0xde, 0xda, 0xde, 0xda, 0xde, 0xba, 0xd6, 0xba, 0xd6, 0xba, 0xd6, 0xba, 0xd6,
    0xba, 0xde, 0xba, 0xd6, 0xba, 0xd6, 0xba, 0xd6, 0xba, 0xd6, 0xba, 0xd6, 0xba, 0xd6, 0xba, 0xd6,
    0xba, 0xd6, 0xba, 0xd6, 0xba, 0xd6, 0xba, 0xd6, 0xba, 0xd6, 0xba, 0xd6, 0xba, 0xd6, 0xba, 0xd6,
    0xba, 0xd6, 0xba, 0xd6, 0xba, 0xd6, 0xba, 0xd6, 0xba, 0xd6, 0xba, 0xd6, 0xba, 0xd6, 0xba, 0xd6,
    0xba, 0xd6, 0xba, 0xd6, 0xba, 0xd6, 0xba, 0xd6, 0xba, 0xd6, 0xbb, 0xd6, 0xba, 0xd6, 0xba, 0xd6,
    0xff, 0xff, 0xff, 0xff, 0xff, 0xff, 0xff, 0xff, 0xff, 0xff, 0xfe, 0xff, 0xff, 0xff, 0xff, 0xff,
    0xfe, 0xff, 0xfe, 0xff, 0xfe, 0xff, 0xfe, 0xff, 0xfe, 0xff, 0xfe, 0xff, 0xfe, 0xff, 0xfe, 0xff,
    0xfe, 0xff, 0xfe, 0xff, 0xfe, 0xff, 0xfe, 0xff, 0xfe, 0xff, 0xfe, 0xff, 0xfe, 0xff, 0xfe, 0xff,
    0xfe, 0xff, 0xfe, 0xff, 0xfe, 0xff, 0xfe, 0xff, 0xfe, 0xff, 0xfe, 0xff, 0xfe, 0xff, 0xfe, 0xff,
    0xfe, 0xff, 0xfe, 0xff, 0xfe, 0xff, 0xfe, 0xff, 0xfe, 0xff, 0xfe, 0xff, 0xfe, 0xff, 0xfe, 0xff,
    0xfe, 0xff, 0xfe, 0xff, 0xfe, 0xff, 0xfe, 0xff, 0xfe, 0xff, 0xfe, 0xff, 0xfe, 0xff, 0xfe, 0xff,
    0xde, 0xff, 0xfe, 0xff, 0xfe, 0xff, 0xfe, 0xff, 0xfe, 0xff, 0xdd, 0xff, 0xdd, 0xff, 0xdd, 0xff,
    0xde, 0xff, 0xde, 0xff, 0xdd, 0xff, 0xdd, 0xff, 0xdd, 0xff, 0xdd, 0xff, 0xdd, 0xff, 0xdd, 0xff,
    0xdd, 0xff, 0xdd, 0xff, 0xdd, 0xff, 0xdd, 0xff, 0xdd, 0xff, 0xdd, 0xff, 0xde, 0xff, 0xde, 0xff,
    0xdd, 0xff, 0xdd, 0xff, 0xdd, 0xff, 0xde, 0xff, 0xdd, 0xff, 0xdd, 0xff, 0xdd, 0xff, 0xdd, 0xff,
    0xdd, 0xff, 0xdd, 0xff, 0xdd, 0xff, 0xdd, 0xff, 0xdd, 0xff, 0xdd, 0xff, 0xdd, 0xff, 0xdd, 0xff,
    0xdd, 0xff, 0xdd, 0xff, 0xdd, 0xff, 0xdd, 0xff, 0xdd, 0xff, 0xdd, 0xff, 0xdd, 0xff, 0xdd, 0xff,
    0xdd, 0xff, 0xdd, 0xff, 0xbd, 0xff, 0xbd, 0xff, 0xbd, 0xff, 0xbd, 0xff, 0xbd, 0xff, 0xdd, 0xff,
    0xdd, 0xff, 0xdd, 0xff, 0xdd, 0xff, 0xdd, 0xff, 0xdd, 0xff, 0xbd, 0xff, 0xbd, 0xff, 0xbd, 0xff,
    0xbd, 0xff, 0xbd, 0xff, 0xbd, 0xff, 0xbd, 0xff, 0xbd, 0xff, 0xbd, 0xff, 0xbd, 0xff, 0xbd, 0xff,
    0xbd, 0xff, 0xbd, 0xff, 0xbd, 0xff, 0xbd, 0xff, 0xbd, 0xff, 0xbd, 0xff, 0xbd, 0xff, 0xbd, 0xff,
    0xbd, 0xff, 0xbd, 0xff, 0xbd, 0xff, 0xbd, 0xff, 0xbd, 0xff, 0xbd, 0xff, 0xbd, 0xff, 0xbd, 0xff,
    0xbd, 0xff, 0xbd, 0xff, 0xbd, 0xff, 0xbd, 0xff, 0xbd, 0xff, 0xbd, 0xff, 0x9d, 0xff, 0x9d, 0xff,
    0xbd, 0xff, 0x9d, 0xff, 0x9d, 0xff, 0x9d, 0xff, 0x9d, 0xff, 0x9d, 0xff, 0x9d, 0xf7, 0x9d, 0xf7,
    0x9d, 0xf7, 0x9d, 0xf7, 0x9d, 0xf7, 0x9c, 0xf7, 0x9d, 0xf7, 0x9d, 0xf7, 0x9c, 0xf7, 0x9d, 0xf7,
    0x9d, 0xf7, 0x9d, 0xf7, 0x9d, 0xf7, 0x9c, 0xf7, 0x9d, 0xf7, 0x9c, 0xf7, 0x9d, 0xf7, 0x9d, 0xf7,
    0x9c, 0xf7, 0x9c, 0xf7, 0x7c, 0xf7, 0x7c, 0xf7, 0x7c, 0xf7, 0x7c, 0xf7, 0x7c, 0xf7, 0x7c, 0xf7,
    0x7c, 0xf7, 0x7c, 0xf7, 0x7c, 0xf7, 0x7c, 0xf7, 0x7c, 0xf7, 0x7c, 0xef, 0x7c, 0xf7, 0x7c, 0xef,
    0x7c, 0xef, 0x7c, 0xf7, 0x7c, 0xf7, 0x7c, 0xef, 0x7c, 0xef, 0x7c, 0xef, 0x7c, 0xef, 0x5c, 0xf7,
    0x5c, 0xef, 0x5c, 0xef, 0x5c, 0xef, 0x5c, 0xef, 0x5c, 0xef, 0x5c, 0xef, 0x5c, 0xef, 0x5c, 0xef,
    0x5c, 0xef, 0x5c, 0xef, 0x5c, 0xef, 0x5c, 0xef, 0x5c, 0xef, 0x5c, 0xef, 0x5c, 0xef, 0x5c, 0xef,
    0x5c, 0xef, 0x5c, 0xef, 0x5c, 0xef, 0x5c, 0xef, 0x5c, 0xef, 0x3c, 0xef, 0x3c, 0xef, 0x3c, 0xef,
    0x3c, 0xe7, 0x3c, 0xe7, 0x3c, 0xe7, 0x3c, 0xe7, 0x3c, 0xe7, 0x3c, 0xe7, 0x3c, 0xe7, 0x3c, 0xe7,
    0x3c, 0xe7, 0x3c, 0xe7, 0x3c, 0xe7, 0x3c, 0xe7, 0x3c, 0xe7, 0x3c, 0xe7, 0x1b, 0xe7, 0x1b, 0xe7,
    0x1b, 0xe7, 0x1b, 0xe7, 0x1b, 0xe7, 0x1b, 0xe7, 0x1b, 0xe7, 0x1b, 0xe7, 0x1b, 0xe7, 0x1b, 0xe7,
    0x1b, 0xe7, 0x1b, 0xe7, 0x1b, 0xe7, 0x1b, 0xe7, 0x1b, 0xe7, 0x1b, 0xe7, 0x1b, 0xe7, 0xfb, 0xe6,
    0xfb, 0xde, 0xfb, 0xde, 0xfb, 0xde, 0xfb, 0xde, 0xfb, 0xe6, 0xfb, 0xde, 0xfb, 0xde, 0xfb, 0xde,
    0xfb, 0xde, 0xfb, 0xde, 0xfb, 0xde, 0xfb, 0xde, 0xfb, 0xde, 0xfb, 0xde, 0xfb, 0xde, 0xfb, 0xde,
    0xfb, 0xde, 0xdb, 0xde, 0xdb, 0xde, 0xdb, 0xde, 0xdb, 0xde, 0xdb, 0xde, 0xdb, 0xde, 0xdb, 0xde,
    0xdb, 0xde, 0xdb, 0xde, 0xdb, 0xde, 0xda, 0xde, 0xda, 0xde, 0xda, 0xde, 0xda, 0xde, 0xda, 0xde,
    0xda, 0xde, 0xda, 0xde, 0xda, 0xde, 0xda, 0xde, 0xba, 0xd6, 0xba, 0xd6, 0xba, 0xd6, 0xba, 0xd6,
    0xba, 0xd6, 0xba, 0xd6, 0xba, 0xd6, 0xba, 0xd6, 0xba, 0xd6, 0xba, 0xd6, 0xba, 0xd6, 0xba, 0xd6,
    0xba, 0xd6, 0xba, 0xd6, 0xba, 0xd6, 0xba, 0xd6, 0xba, 0xd6, 0xba, 0xd6, 0xba, 0xd6, 0xba, 0xd6,
    0xba, 0xd6, 0xba, 0xd6, 0xba, 0xd6, 0xba, 0xd6, 0xba, 0xd6, 0xba, 0xd6, 0xba, 0xd6, 0xba, 0xd6,
    0xba, 0xd6, 0xba, 0xd6, 0xba, 0xd6, 0xba, 0xd6, 0xba, 0xd6, 0xbb, 0xd6, 0xba, 0xd6, 0xba, 0xd6,
    0xff, 0xff, 0xff, 0xff, 0xff, 0xff, 0xff, 0xff, 0xff, 0xff, 0xfe, 0xff, 0xfe, 0xff, 0xfe, 0xff,
    0xfe, 0xff, 0xfe, 0xff, 0xfe, 0xff, 0xfe, 0xff, 0xfe, 0xff, 0xfe, 0xff, 0xfe, 0xff, 0xfe, 0xff,
    0xfe, 0xff, 0xfe, 0xff, 0xfe, 0xff, 0xfe, 0xff, 0xfe, 0xff, 0xfe, 0xff, 0xfe, 0xff, 0xfe, 0xff,
    0xfe, 0xff, 0xfe, 0xff, 0xfe, 0xff, 0xfe, 0xff, 0xfe, 0xff, 0xfe, 0xff, 0xfe, 0xff, 0xfe, 0xff,
    0xfe, 0xff, 0xfe, 0xff, 0xfe, 0xff, 0xfe, 0xff, 0xfe, 0xff, 0xfe, 0xff, 0xfe, 0xff, 0xfe, 0xff,
    0xfe, 0xff, 0xfe, 0xff, 0xfe, 0xff, 0xfe, 0xff, 0xfe, 0xff, 0xfe, 0xff, 0xfe, 0xff, 0xde, 0xff,
    0xfe, 0xff, 0xfe, 0xff, 0xde, 0xff, 0xde, 0xff, 0xde, 0xff, 0xdd, 0xff, 0xdd, 0xff, 0xdd, 0xff,
    0xde, 0xff, 0xdd, 0xff, 0xdd, 0xff, 0xdd, 0xff, 0xdd, 0xff, 0xdd, 0xff, 0xdd, 0xff, 0xdd, 0xff,
    0xdd, 0xff, 0xdd, 0xff, 0xdd, 0xff, 0xdd, 0xff, 0xdd, 0xff, 0xdd, 0xff, 0xdd, 0xff, 0xdd, 0xff,
    0xdd, 0xff, 0xdd, 0xff, 0xdd, 0xff, 0xdd, 0xff, 0xdd, 0xff, 0xdd, 0xff, 0xdd, 0xff, 0xdd, 0xff,
    0xdd, 0xff, 0xdd, 0xff, 0xdd, 0xff, 0xdd, 0xff, 0xdd, 0xff, 0xdd, 0xff, 0xdd, 0xff, 0xdd, 0xff,
    0xdd, 0xff, 0xdd, 0xff, 0xdd, 0xff, 0xdd, 0xff, 0xdd, 0xff, 0xdd, 0xff, 0xdd, 0xff, 0xdd, 0xff,
    0xbd, 0xff, 0xbd, 0xff, 0xbd, 0xff, 0xbd, 0xff, 0xbd, 0xff, 0xbd, 0xff, 0xdd, 0xff, 0xdd, 0xff,
    0xdd, 0xff, 0xdd, 0xff, 0xdd, 0xff, 0xbd, 0xff, 0xdd, 0xff, 0xbd, 0xff, 0xbd, 0xff, 0xbd, 0xff,
    0xbd, 0xff, 0xbd, 0xff, 0xbd, 0xff, 0xbd, 0xff, 0xbd, 0xff, 0xbd, 0xff, 0xbd, 0xff, 0xbd, 0xff,
    0xbd, 0xff, 0xbd, 0xff, 0xbd, 0xff, 0xbd, 0xff, 0xbd, 0xff, 0xbd, 0xff, 0xbd, 0xff, 0xbd, 0xff,
    0xbd, 0xff, 0xbd, 0xff, 0xbd, 0xff, 0xbd, 0xff, 0xbd, 0xff, 0xbd, 0xff, 0xbd, 0xff, 0x9d, 0xff,
    0x9d, 0xff, 0x9d, 0xff, 0x9d, 0xff, 0xbd, 0xff, 0xbd, 0xff, 0x9d, 0xff, 0x9d, 0xff, 0x9d, 0xff,
    0x9d, 0xff, 0x9d, 0xff, 0x9d, 0xff, 0x9d, 0xff, 0x9d, 0xf7, 0x9d, 0xf7, 0x9d, 0xf7, 0x9d, 0xf7,
    0x9d, 0xf7, 0x9d, 0xf7, 0x9d, 0xf7, 0x9c, 0xf7, 0x9d, 0xf7, 0x9d, 0xf7, 0x9c, 0xf7, 0x9c, 0xf7,
    0x9c, 0xf7, 0x9c, 0xf7, 0x9c, 0xf7, 0x9d, 0xf7, 0x9c, 0xf7, 0x9c, 0xf7, 0x9c, 0xf7, 0x9c, 0xf7,
    0x9c, 0xf7, 0x7c, 0xf7, 0x7c, 0xf7, 0x7c, 0xf7, 0x7c, 0xf7, 0x7c, 0xf7, 0x7c, 0xf7, 0x7c, 0xf7,
    0x7c, 0xf7, 0x7c, 0xf7, 0x7c, 0xf7, 0x7c, 0xf7, 0x7c, 0xef, 0x7c, 0xef, 0x5c, 0xef, 0x7c, 0xef,
    0x7c, 0xef, 0x7c, 0xef, 0x7c, 0xef, 0x7c, 0xef, 0x5c, 0xf7, 0x7c, 0xef, 0x7c, 0xef, 0x5c, 0xef,
    0x5c, 0xef, 0x5c, 0xef, 0x5c, 0xef, 0x5c, 0xef, 0x5c, 0xef, 0x5c, 0xef, 0x5c, 0xef, 0x5c, 0xef,
    0x5c, 0xef, 0x5c, 0xef, 0x5c, 0xef, 0x5c, 0xef, 0x5c, 0xef, 0x5c, 0xef, 0x5c, 0xef, 0x5c, 0xef,
    0x5c, 0xef, 0x5c, 0xef, 0x5c, 0xef, 0x5c, 0xef, 0x3c, 0xef, 0x3c, 0xef, 0x3c, 0xef, 0x3c, 0xef,
    0x3c, 0xe7, 0x3c, 0xe7, 0x3c, 0xe7, 0x3c, 0xe7, 0x3b, 0xe7, 0x3c, 0xe7, 0x3c, 0xe7, 0x3c, 0xe7,
    0x3c, 0xe7, 0x3c, 0xe7, 0x3c, 0xe7, 0x3c, 0xe7, 0x3c, 0xe7, 0x3c, 0xe7, 0x1b, 0xe7, 0x1b, 0xe7,
    0x1b, 0xe7, 0x1b, 0xe7, 0x1b, 0xe7, 0x1b, 0xe7, 0x1b, 0xe7, 0x1c, 0xe7, 0x1b, 0xe7, 0x1b, 0xe7,
    0x1b, 0xe7, 0x1b, 0xe7, 0x1b, 0xe7, 0x1b, 0xe7, 0x1b, 0xe7, 0x1b, 0xe7, 0x1b, 0xe7, 0x1b, 0xe7,
    0xfb, 0xe6, 0xfb, 0xde, 0xfb, 0xe6, 0xfb, 0xde, 0xfb, 0xde, 0xfb, 0xde, 0xfb, 0xde, 0xfb, 0xde,
    0xfb, 0xde, 0xfb, 0xde, 0xfb, 0xde, 0xfb, 0xde, 0xfb, 0xde, 0xfb, 0xde, 0xfb, 0xde, 0xfb, 0xde,
    0xfb, 0xde, 0xfb, 0xde, 0xfb, 0xde, 0xdb, 0xde, 0xdb, 0xde, 0xdb, 0xde, 0xdb, 0xde, 0xdb, 0xde,
    0xda, 0xde, 0xda, 0xde, 0xda, 0xde, 0xda, 0xde, 0xda, 0xde, 0xda, 0xde, 0xdb, 0xde, 0xda, 0xde,
    0xda, 0xde, 0xda, 0xde, 0xdb, 0xde, 0xda, 0xde, 0xda, 0xd6, 0xba, 0xd6, 0xba, 0xd6, 0xba, 0xd6,
    0xba, 0xd6, 0xba, 0xd6, 0xba, 0xd6, 0xba, 0xd6, 0xba, 0xd6, 0xba, 0xd6, 0xba, 0xd6, 0xba, 0xd6,
    0xba, 0xd6, 0xba, 0xd6, 0xba, 0xd6, 0xba, 0xd6, 0xba, 0xd6, 0xba, 0xd6, 0xba, 0xd6, 0xba, 0xd6,
    0xba, 0xd6, 0xba, 0xd6, 0xba, 0xd6, 0xba, 0xd6, 0xba, 0xd6, 0xba, 0xd6, 0xba, 0xd6, 0xba, 0xd6,
    0xba, 0xd6, 0xba, 0xd6, 0xba, 0xd6, 0xba, 0xd6, 0xba, 0xd6, 0xba, 0xd6, 0xba, 0xd6, 0xba, 0xd6,
    0xff, 0xff, 0xff, 0xff, 0xff, 0xff, 0xff, 0xff, 0xff, 0xff, 0xfe, 0xff, 0xfe, 0xff, 0xfe, 0xff,
    0xfe, 0xff, 0xfe, 0xff, 0xfe, 0xff, 0xfe, 0xff, 0xfe, 0xff, 0xfe, 0xff, 0xfe, 0xff, 0xfe, 0xff,
    0xfe, 0xff, 0xfe, 0xff, 0xfe, 0xff, 0xfe, 0xff, 0xfe, 0xff, 0xfe, 0xff, 0xfe, 0xff, 0xfe, 0xff,
    0xfe, 0xff, 0xfe, 0xff, 0xfe, 0xff, 0xfe, 0xff, 0xfe, 0xff, 0xfe, 0xff, 0xfe, 0xff, 0xfe, 0xff,
    0xfe, 0xff, 0xfe, 0xff, 0xfe, 0xff, 0xfe, 0xff, 0xde, 0xff, 0xfe, 0xff, 0xfe, 0xff, 0xfe, 0xff,
    0xfe, 0xff, 0xfe, 0xff, 0xfe, 0xff, 0xfe, 0xff, 0xfe, 0xff, 0xfe, 0xff, 0xfe, 0xff, 0xde, 0xff,
    0xdd, 0xff, 0xde, 0xff, 0xfe, 0xff, 0xde, 0xff, 0xde, 0xff, 0xde, 0xff, 0xdd, 0xff, 0xdd, 0xff,
    0xdd, 0xff, 0xdd, 0xff, 0xdd, 0xff, 0xfe, 0xff, 0xde, 0xff, 0xde, 0xff, 0xdd, 0xff, 0xde, 0xff,
    0xdd, 0xff, 0xdd, 0xff, 0xdd, 0xff, 0xdd, 0xff, 0xdd, 0xff, 0xdd, 0xff, 0xdd, 0xff, 0xdd, 0xff,
    0xdd, 0xff, 0xdd, 0xff, 0xdd, 0xff, 0xdd, 0xff, 0xdd, 0xff, 0xdd, 0xff, 0xdd, 0xff, 0xdd, 0xff,
    0xdd, 0xff, 0xdd, 0xff, 0xdd, 0xff, 0xdd, 0xff, 0xdd, 0xff, 0xdd, 0xff, 0xde, 0xff, 0xdd, 0xff,
    0xdd, 0xff, 0xdd, 0xff, 0xdd, 0xff, 0xdd, 0xff, 0xdd, 0xff, 0xdd, 0xff, 0xdd, 0xff, 0xdd, 0xff,
    0xbd, 0xff, 0xdd, 0xff, 0xbd, 0xff, 0xbd, 0xff, 0xdd, 0xff, 0xbd, 0xff, 0xbd, 0xff, 0xdd, 0xff,
    0xdd, 0xff, 0xdd, 0xff, 0xdd, 0xff, 0xbd, 0xff, 0xbd, 0xff, 0xbd, 0xff, 0xbd, 0xff, 0xbd, 0xff,
    0xbd, 0xff, 0xbd, 0xff, 0xbd, 0xff, 0xbd, 0xff, 0xbd, 0xff, 0xbd, 0xff, 0xbd, 0xff, 0xbd, 0xff,
    0xbd, 0xff, 0xbd, 0xff, 0xbd, 0xff, 0xbd, 0xff, 0xbd, 0xff, 0xbd, 0xff, 0xbd, 0xff, 0xbd, 0xff,
    0xbd, 0xff, 0xbd, 0xff, 0xbd, 0xff, 0xbd, 0xff, 0xbd, 0xff, 0xbd, 0xff, 0xbd, 0xff, 0xbd, 0xff,
    0x9d, 0xff, 0xbd, 0xff, 0x9d, 0xff, 0x9d, 0xff, 0x9d, 0xf7, 0x9d, 0xff, 0x9d, 0xff, 0x9d, 0xff,
    0x9d, 0xf7, 0x9d, 0xff, 0x9d, 0xff, 0x9d, 0xff, 0x9d, 0xf7, 0x9d, 0xf7, 0x9d, 0xf7, 0x9d, 0xf7,
    0x9c, 0xf7, 0x9c, 0xf7, 0x9c, 0xf7, 0x9c, 0xf7, 0x9c, 0xf7, 0x9c, 0xf7, 0x9c, 0xf7, 0x9c, 0xf7,
    0x9c, 0xf7, 0x9c, 0xf7, 0x9c, 0xf7, 0x9d, 0xf7, 0x9d, 0xf7, 0x9c, 0xf7, 0x9c, 0xf7, 0x7c, 0xf7,
    0x7c, 0xf7, 0x7c, 0xf7, 0x7c, 0xf7, 0x7c, 0xf7, 0x7c, 0xf7, 0x7c, 0xf7, 0x7c, 0xf7, 0x7c, 0xf7,
    0x7c, 0xf7, 0x7c, 0xf7, 0x7c, 0xf7, 0x7c, 0xf7, 0x7c, 0xef, 0x7c, 0xef, 0x7c, 0xf7, 0x7c, 0xef,
    0x7c, 0xef, 0x7c, 0xef, 0x7c, 0xef, 0x7c, 0xf7, 0x7c, 0xef, 0x5c, 0xf7, 0x5c, 0xf7, 0x5c, 0xf7,
    0x5c, 0xef, 0x5c, 0xef, 0x5c, 0xef, 0x5c, 0xef, 0x5c, 0xef, 0x5c, 0xef, 0x5c, 0xef, 0x5c, 0xef,
    0x5c, 0xef, 0x5c, 0xef, 0x5c, 0xef, 0x5c, 0xef, 0x5c, 0xef, 0x5c, 0xef, 0x5c, 0xef, 0x5c, 0xef,
    0x5c, 0xef, 0x5c, 0xef, 0x5c, 0xef, 0x5c, 0xef, 0x5c, 0xef, 0x3c, 0xef, 0x3c, 0xef, 0x3c, 0xef,
    0x3c, 0xef, 0x3c, 0xe7, 0x3c, 0xe7, 0x3b, 0xe7, 0x3b, 0xe7, 0x3c, 0xe7, 0x3c, 0xe7, 0x3c, 0xe7,
    0x3c, 0xe7, 0x3c, 0xe7, 0x3c, 0xe7, 0x1b, 0xe7, 0x3b, 0xe7, 0x1b, 0xe7, 0x1b, 0xe7, 0x1b, 0xe7,
    0x1b, 0xe7, 0x1b, 0xe7, 0x1b, 0xe7, 0x1c, 0xe7, 0x1b, 0xe7, 0x1b, 0xe7, 0x1b, 0xe7, 0x1b, 0xe7,
    0x1b, 0xe7, 0x1b, 0xe7, 0x1b, 0xe7, 0x1b, 0xe7, 0x1b, 0xe7, 0x1b, 0xe7, 0xfb, 0xe6, 0x1b, 0xe7,
    0xfb, 0xe6, 0x1b, 0xdf, 0xfb, 0xe6, 0xfb, 0xe6, 0xfb, 0xe6, 0xfb, 0xde, 0xfb, 0xde, 0xfb, 0xde,
    0xfb, 0xde, 0xfb, 0xde, 0xfb, 0xde, 0xfb, 0xde, 0xfb, 0xde, 0xfb, 0xde, 0xfb, 0xde, 0xfb, 0xde,
    0xfb, 0xde, 0xdb, 0xde, 0xdb, 0xde, 0xdb, 0xde, 0xdb, 0xde, 0xdb, 0xde, 0xdb, 0xde, 0xda, 0xde,
    0xdb, 0xde, 0xda, 0xde, 0xda, 0xde, 0xda, 0xde, 0xda, 0xde, 0xda, 0xde, 0xda, 0xde, 0xda, 0xde,
    0xda, 0xde, 0xda, 0xde, 0xda, 0xde, 0xda, 0xde, 0xda, 0xd6, 0xba, 0xd6, 0xba, 0xd6, 0xba, 0xd6,
    0xba, 0xd6, 0xba, 0xd6, 0xba, 0xd6, 0xba, 0xd6, 0xba, 0xd6, 0xba, 0xd6, 0xba, 0xd6, 0xba, 0xd6,
    0xba, 0xd6, 0xba, 0xd6, 0xba, 0xd6, 0xba, 0xd6, 0xba, 0xd6, 0xba, 0xd6, 0xba, 0xd6, 0xba, 0xd6,
    0xba, 0xd6, 0xba, 0xd6, 0xba, 0xd6, 0xba, 0xd6, 0xba, 0xd6, 0xba, 0xd6, 0xba, 0xd6, 0xba, 0xd6,
    0xb9, 0xd6, 0xba, 0xd6, 0xba, 0xd6, 0xba, 0xd6, 0xba, 0xd6, 0xda, 0xd6, 0xba, 0xd6, 0xba, 0xd6,
    0xff, 0xff, 0xff, 0xff, 0xff, 0xff, 0xff, 0xff, 0xff, 0xff, 0xff, 0xff, 0xfe, 0xff, 0xfe, 0xff,
    0xfe, 0xff, 0xfe, 0xff, 0xfe, 0xff, 0xfe, 0xff, 0xfe, 0xff, 0xfe, 0xff, 0xfe, 0xff, 0xfe, 0xff,
    0xfe, 0xff, 0xfe, 0xff, 0xfe, 0xff, 0xfe, 0xff, 0xfe, 0xff, 0xfe, 0xff, 0xfe, 0xff, 0xfe, 0xff,
    0xfe, 0xff, 0xfe, 0xff, 0xfe, 0xff, 0xfe, 0xff, 0xfe, 0xff, 0xfe, 0xff, 0xfe, 0xff, 0xfe, 0xff,
    0xfe, 0xff, 0xfe, 0xff, 0xfe, 0xff, 0xfe, 0xff, 0xfe, 0xff, 0xde, 0xff, 0xde, 0xff, 0xfe, 0xff,
    0xde, 0xff, 0xfe, 0xff, 0xfe, 0xff, 0xfe, 0xff, 0xfe, 0xff, 0xfe, 0xff, 0xfe, 0xff, 0xde, 0xff,
    0xdd, 0xff, 0xdd, 0xff, 0xfe, 0xff, 0xde, 0xff, 0xde, 0xff, 0xdd, 0xff, 0xdd, 0xff, 0xdd, 0xff,
    0xdd, 0xff, 0xdd, 0xff, 0xfe, 0xff, 0xde, 0xff, 0xde, 0xff, 0xdd, 0xff, 0xdd, 0xff, 0xdd, 0xff,
    0xdd, 0xff, 0xdd, 0xff, 0xdd, 0xff, 0xdd, 0xff, 0xdd, 0xff, 0xdd, 0xff, 0xdd, 0xff, 0xdd, 0xff,
    0xde, 0xff, 0xdd, 0xff, 0xdd, 0xff, 0xdd, 0xff, 0xdd, 0xff, 0xdd, 0xff, 0xdd, 0xff, 0xdd, 0xff,
    0xdd, 0xff, 0xdd, 0xff, 0xdd, 0xff, 0xdd, 0xff, 0xdd, 0xff, 0xdd, 0xff, 0xdd, 0xff, 0xdd, 0xff,
    0xdd, 0xff, 0xdd, 0xff, 0xdd, 0xff, 0xdd, 0xff, 0xdd, 0xff, 0xbd, 0xff, 0xbd, 0xff, 0xdd, 0xff,
    0xdd, 0xff, 0xbd, 0xff, 0xbd, 0xff, 0xbd, 0xff, 0xbd, 0xff, 0xbd, 0xff, 0xbd, 0xff, 0xdd, 0xff,
    0xdd, 0xff, 0xdd, 0xff, 0xbd, 0xff, 0xbd, 0xff, 0xbd, 0xff, 0xbd, 0xff, 0xbd, 0xff, 0xbd, 0xff,
    0xbd, 0xff, 0xbd, 0xff, 0xbd, 0xff, 0xbd, 0xff, 0xbd, 0xff, 0xbd, 0xff, 0xbd, 0xff, 0xbd, 0xff,
    0xbd, 0xff, 0xbd, 0xff, 0xbd, 0xff, 0xbd, 0xff, 0xbd, 0xff, 0xbd, 0xff, 0xbd, 0xff, 0xbd, 0xff,
    0xbd, 0xff, 0xbd, 0xff, 0xbd, 0xff, 0xbd, 0xff, 0xbd, 0xff, 0xbd, 0xff, 0xbd, 0xff, 0xbd, 0xff,
    0xbd, 0xff, 0xbd, 0xff, 0xbd, 0xff, 0xbd, 0xff, 0x9d, 0xff, 0x9d, 0xff, 0x9d, 0xff, 0x9d, 0xff,
    0x9d, 0xff, 0xbd, 0xff, 0x9d, 0xf7, 0x9d, 0xf7, 0x9d, 0xf7, 0x9d, 0xff, 0x9c, 0xf7, 0x9c, 0xf7,
    0x9c, 0xf7, 0x9d, 0xf7, 0x9d, 0xf7, 0x9c, 0xf7, 0x9d, 0xf7, 0x9c, 0xf7, 0x9c, 0xf7, 0x9c, 0xf7,
    0x9c, 0xf7, 0x9c, 0xf7, 0x9d, 0xf7, 0x9c, 0xf7, 0x9c, 0xf7, 0x7c, 0xf7, 0x7c, 0xf7, 0x9c, 0xf7,
    0x7c, 0xf7, 0x7c, 0xf7, 0x7c, 0xf7, 0x7c, 0xf7, 0x7c, 0xf7, 0x7c, 0xf7, 0x7c, 0xf7, 0x7c, 0xf7,
    0x7c, 0xf7, 0x7c, 0xf7, 0x7c, 0xf7, 0x7c, 0xf7, 0x7c, 0xef, 0x7c, 0xef, 0x7c, 0xef, 0x7c, 0xef,
    0x7c, 0xef, 0x7c, 0xef, 0x7c, 0xef, 0x7c, 0xef, 0x5c, 0xef, 0x5c, 0xf7, 0x5c, 0xef, 0x5c, 0xef,
    0x5c, 0xef, 0x5c, 0xef, 0x5c, 0xef, 0x5c, 0xef, 0x5c, 0xef, 0x5c, 0xef, 0x5c, 0xef, 0x5c, 0xef,
    0x5c, 0xef, 0x5c, 0xef, 0x5c, 0xef, 0x5c, 0xef, 0x5c, 0xef, 0x5c, 0xef, 0x5c, 0xef, 0x5c, 0xef,
    0x5c, 0xef, 0x5c, 0xef, 0x5c, 0xef, 0x5c, 0xef, 0x3c, 0xef, 0x3c, 0xef, 0x3c, 0xe7, 0x3c, 0xe7,
    0x3c, 0xe7, 0x3c, 0xe7, 0x3c, 0xe7, 0x3c, 0xe7, 0x3c, 0xe7, 0x3c, 0xe7, 0x3b, 0xe7, 0x3c, 0xe7,
    0x3c, 0xe7, 0x3c, 0xe7, 0x3c, 0xe7, 0x1b, 0xe7, 0x1b, 0xe7, 0x1b, 0xe7, 0x1b, 0xe7, 0x1b, 0xe7,
    0x1b, 0xe7, 0x1b, 0xe7, 0x1b, 0xe7, 0x1b, 0xe7, 0x1b, 0xe7, 0x1b, 0xe7, 0x1b, 0xe7, 0x1b, 0xe7,
    0x1b, 0xe7, 0x1b, 0xe7, 0x1b, 0xe7, 0x1b, 0xe7, 0x1b, 0xe7, 0x1b, 0xe7, 0xfb, 0xe6, 0x1b, 0xe7,
    0xfb, 0xe6, 0xfb, 0xe6, 0xfb, 0xe6, 0x1b, 0xe7, 0xfb, 0xe6, 0xfb, 0xde, 0xfb, 0xe6, 0xfb, 0xe6,
    0xfb, 0xde, 0xfb, 0xde, 0xfb, 0xde, 0xfb, 0xde, 0xfb, 0xde, 0xfb, 0xde, 0xfb, 0xde, 0xfb, 0xde,
    0xfb, 0xde, 0xdb, 0xde, 0xfb, 0xde, 0xdb, 0xde, 0xdb, 0xde, 0xdb, 0xde, 0xdb, 0xde, 0xdb, 0xde,
    0xdb, 0xde, 0xda, 0xde, 0xda, 0xde, 0xda, 0xde, 0xda, 0xde, 0xdb, 0xde, 0xda, 0xde, 0xda, 0xde,
    0xdb, 0xde, 0xda, 0xde, 0xda, 0xde, 0xda, 0xde, 0xda, 0xd6, 0xda, 0xde, 0xba, 0xd6, 0xda, 0xd6,
    0xda, 0xd6, 0xba, 0xd6, 0xba, 0xd6, 0xba, 0xd6, 0xba, 0xd6, 0xba, 0xd6, 0xba, 0xd6, 0xba, 0xd6,
    0xba, 0xd6, 0xba, 0xd6, 0xba, 0xd6, 0xba, 0xd6, 0xba, 0xd6, 0xba, 0xd6, 0xba, 0xd6, 0xba, 0xd6,
    0xba, 0xd6, 0xba, 0xd6, 0xba, 0xd6, 0xba, 0xd6, 0xba, 0xd6, 0xba, 0xd6, 0xba, 0xd6, 0xba, 0xd6,
    0xba, 0xd6, 0xba, 0xd6, 0xba, 0xd6, 0xba, 0xd6, 0xba, 0xd6, 0xba, 0xd6, 0xba, 0xd6, 0xba, 0xd6,
    0xff, 0xff, 0xff, 0xff, 0xff, 0xff, 0xff, 0xff, 0xff, 0xff, 0xff, 0xff, 0xfe, 0xff, 0xfe, 0xff,
    0xfe, 0xff, 0xfe, 0xff, 0xfe, 0xff, 0xfe, 0xff, 0xfe, 0xff, 0xfe, 0xff, 0xfe, 0xff, 0xfe, 0xff,
    0xfe, 0xff, 0xfe, 0xff, 0xfe, 0xff, 0xfe, 0xff, 0xfe, 0xff, 0xfe, 0xff, 0xfe, 0xff, 0xfe, 0xff,
    0xfe, 0xff, 0xfe, 0xff, 0xfe, 0xff, 0xfe, 0xff, 0xfe, 0xff, 0xfe, 0xff, 0xfe, 0xff, 0xfe, 0xff,
    0xfe, 0xff, 0xfe, 0xff, 0xfe, 0xff, 0xfe, 0xff, 0xfe, 0xff, 0xfe, 0xff, 0xfe, 0xff, 0xfe, 0xff,
    0xde, 0xff, 0xfe, 0xff, 0xfe, 0xff, 0xfe, 0xff, 0xfe, 0xff, 0xfe, 0xff, 0xfe, 0xff, 0xde, 0xff,
    0xfe, 0xff, 0xfe, 0xff, 0xde, 0xff, 0xde, 0xff, 0xdd, 0xff, 0xdd, 0xff, 0xdd, 0xff, 0xde, 0xff,
    0xdd, 0xff, 0xfe, 0xff, 0xde, 0xff, 0xde, 0xff, 0xde, 0xff, 0xdd, 0xff, 0xdd, 0xff, 0xdd, 0xff,
    0xdd, 0xff, 0xdd, 0xff, 0xdd, 0xff, 0xdd, 0xff, 0xdd, 0xff, 0xdd, 0xff, 0xde, 0xff, 0xdd, 0xff,
    0xdd, 0xff, 0xdd, 0xff, 0xdd, 0xff, 0xdd, 0xff, 0xdd, 0xff, 0xdd, 0xff, 0xdd, 0xff, 0xdd, 0xff,
    0xdd, 0xff, 0xdd, 0xff, 0xdd, 0xff, 0xdd, 0xff, 0xdd, 0xff, 0xdd, 0xff, 0xdd, 0xff, 0xdd, 0xff,
    0xdd, 0xff, 0xdd, 0xff, 0xdd, 0xff, 0xdd, 0xff, 0xdd, 0xff, 0xbd, 0xff, 0xbd, 0xff, 0xbd, 0xff,
    0xbd, 0xff, 0xbd, 0xff, 0xbd, 0xff, 0xbd, 0xff, 0xbd, 0xff, 0xbd, 0xff, 0xbd, 0xff, 0xbd, 0xff,
    0xdd, 0xff, 0xdd, 0xff, 0xbd, 0xff, 0xbd, 0xff, 0xbd, 0xff, 0xbd, 0xff, 0xbd, 0xff, 0xbd, 0xff,
    0xbd, 0xff, 0xbd, 0xff, 0xbd, 0xff, 0xbd, 0xff, 0xbd, 0xff, 0xbd, 0xff, 0xbd, 0xff, 0xbd, 0xff,
    0xbd, 0xff, 0xbd, 0xff, 0xbd, 0xff, 0xbd, 0xff, 0xbd, 0xff, 0xbd, 0xff, 0xbd, 0xff, 0xbd, 0xff,
    0xbd, 0xff, 0xbd, 0xff, 0xbd, 0xff, 0xbd, 0xff, 0xbd, 0xff, 0xbd, 0xff, 0xbd, 0xff, 0xbd, 0xff,
    0xbd, 0xff, 0xbd, 0xff, 0xbd, 0xf7, 0xbd, 0xff, 0xbd, 0xff, 0x9d, 0xff, 0x9d, 0xff, 0x9c, 0xf7,
    0x9c, 0xf7, 0x9d, 0xff, 0x9d, 0xf7, 0x9d, 0xf7, 0x9c, 0xf7, 0x9c, 0xf7, 0x9c, 0xf7, 0x9c, 0xf7,
    0x9d, 0xf7, 0x9d, 0xf7, 0x9c, 0xf7, 0x9d, 0xf7, 0x9c, 0xf7, 0x9c, 0xf7, 0x9c, 0xf7, 0x9c, 0xf7,
    0x9c, 0xf7, 0x9c, 0xf7, 0x9c, 0xf7, 0x9d, 0xf7, 0x9c, 0xf7, 0x9c, 0xf7, 0x7c, 0xf7, 0x7c, 0xf7,
    0x7c, 0xf7, 0x7c, 0xf7, 0x7c, 0xf7, 0x7c, 0xf7, 0x7c, 0xf7, 0x7c, 0xf7, 0x7c, 0xf7, 0x7c, 0xf7,
    0x7c, 0xf7, 0x7c, 0xf7, 0x7c, 0xf7, 0x7c, 0xf7, 0x7c, 0xf7, 0x7c, 0xef, 0x7c, 0xef, 0x7c, 0xef,
    0x7c, 0xef, 0x7c, 0xef, 0x7c, 0xef, 0x7c, 0xef, 0x5c, 0xf7, 0x7c, 0xf7, 0x7c, 0xef, 0x5c, 0xef,
    0x5c, 0xef, 0x5c, 0xef, 0x5c, 0xef, 0x5c, 0xef, 0x5c, 0xef, 0x5c, 0xef, 0x5c, 0xef, 0x5c, 0xef,
    0x5c, 0xef, 0x5c, 0xef, 0x5c, 0xef, 0x5c, 0xef, 0x5c, 0xef, 0x5c, 0xef, 0x5c, 0xef, 0x5c, 0xef,
    0x5c, 0xef, 0x5c, 0xef, 0x5c, 0xef, 0x5c, 0xef, 0x3c, 0xef, 0x3c, 0xef, 0x3c, 0xef, 0x3c, 0xe7,
    0x3c, 0xe7, 0x3c, 0xe7, 0x3c, 0xe7, 0x3c, 0xe7, 0x3c, 0xe7, 0x3c, 0xe7, 0x3c, 0xe7, 0x3c, 0xe7,
    0x3c, 0xe7, 0x3b, 0xe7, 0x1c, 0xe7, 0x1b, 0xe7, 0x1b, 0xe7, 0x1b, 0xe7, 0x1b, 0xe7, 0x1b, 0xe7,
    0x1b, 0xe7, 0x1b, 0xe7, 0x1b, 0xe7, 0x1b, 0xe7, 0x1b, 0xe7, 0x1c, 0xe7, 0x1b, 0xe7, 0x1b, 0xe7,
    0x1b, 0xe7, 0x1b, 0xe7, 0x1b, 0xe7, 0x1b, 0xe7, 0x1b, 0xe7, 0x1b, 0xe7, 0x1b, 0xe7, 0x1b, 0xe7,
    0x1b, 0xe7, 0xfb, 0xe6, 0x1b, 0xe7, 0xfb, 0xe6, 0xfb, 0xe6, 0xfb, 0xde, 0xfb, 0xde, 0xfb, 0xde,
    0xfb, 0xde, 0xfb, 0xde, 0xfb, 0xde, 0xfb, 0xde, 0xfb, 0xde, 0xfb, 0xde, 0xfb, 0xde, 0xfb, 0xde,
    0xdb, 0xde, 0xdb, 0xde, 0xdb, 0xde, 0xdb, 0xde, 0xdb, 0xde, 0xdb, 0xde, 0xdb, 0xde, 0xda, 0xde,
    0xdb, 0xde, 0xda, 0xde, 0xda, 0xde, 0xda, 0xde, 0xdb, 0xde, 0xdb, 0xde, 0xda, 0xde, 0xdb, 0xde,
    0xda, 0xde, 0xda, 0xde, 0xdb, 0xde, 0xda, 0xde, 0xda, 0xde, 0xba, 0xd6, 0xda, 0xd6, 0xda, 0xde,
    0xda, 0xde, 0xba, 0xd6, 0xba, 0xd6, 0xba, 0xd6, 0xba, 0xd6, 0xba, 0xd6, 0xba, 0xd6, 0xba, 0xd6,
    0xba, 0xd6, 0xba, 0xd6, 0xba, 0xd6, 0xba, 0xd6, 0xba, 0xd6, 0xba, 0xd6, 0xba, 0xd6, 0xba, 0xd6,
    0xba, 0xd6, 0xba, 0xd6, 0xba, 0xd6, 0xba, 0xd6, 0xba, 0xd6, 0xba, 0xd6, 0xba, 0xd6, 0xba, 0xd6,
    0xba, 0xd6, 0xba, 0xd6, 0xba, 0xd6, 0xba, 0xd6, 0xbb, 0xd6, 0xbb, 0xd6, 0xbb, 0xd6, 0xba, 0xd6,
    0xff, 0xff, 0xff, 0xff, 0xff, 0xff, 0xff, 0xff, 0xff, 0xff, 0xfe, 0xff, 0xfe, 0xff, 0xfe, 0xff,
    0xfe, 0xff, 0xfe, 0xff, 0xfe, 0xff, 0xfe, 0xff, 0xfe, 0xff, 0xfe, 0xff, 0xfe, 0xff, 0xfe, 0xff,
    0xfe, 0xff, 0xfe, 0xff, 0xfe, 0xff, 0xfe, 0xff, 0xfe, 0xff, 0xfe, 0xff, 0xfe, 0xff, 0xfe, 0xff,
    0xfe, 0xff, 0xfe, 0xff, 0xfe, 0xff, 0xfe, 0xff, 0xfe, 0xff, 0xfe, 0xff, 0xfe, 0xff, 0xfe, 0xff,
    0xfe, 0xff, 0xfe, 0xff, 0xfe, 0xff, 0xfe, 0xff, 0xfe, 0xff, 0xfe, 0xff, 0xfe, 0xff, 0xfe, 0xff,
    0xfe, 0xff, 0xfe, 0xff, 0xfe, 0xff, 0xfe, 0xff, 0xfe, 0xff, 0xfe, 0xff, 0xfe, 0xff, 0xfe, 0xff,
    0xde, 0xff, 0xde, 0xff, 0xfe, 0xff, 0xde, 0xff, 0xde, 0xff, 0xfd, 0xff, 0xfe, 0xff, 0xfe, 0xff,
    0xfd, 0xff, 0xdd, 0xff, 0xde, 0xff, 0xfe, 0xff, 0xde, 0xff, 0xdd, 0xff, 0xdd, 0xff, 0xdd, 0xff,
    0xdd, 0xff, 0xdd, 0xff, 0xdd, 0xff, 0xdd, 0xff, 0xde, 0xff, 0xde, 0xff, 0xdd, 0xff, 0xde, 0xff,
    0xdd, 0xff, 0xdd, 0xff, 0xdd, 0xff, 0xdd, 0xff, 0xdd, 0xff, 0xdd, 0xff, 0xdd, 0xff, 0xdd, 0xff,
    0xdd, 0xff, 0xdd, 0xff, 0xdd, 0xff, 0xdd, 0xff, 0xdd, 0xff, 0xdd, 0xff, 0xdd, 0xff, 0xdd, 0xff,
    0xdd, 0xff, 0xdd, 0xff, 0xdd, 0xff, 0xdd, 0xff, 0xdd, 0xff, 0xbd, 0xff, 0xbd, 0xff, 0xbd, 0xff,
    0xbd, 0xff, 0xbd, 0xff, 0xbd, 0xff, 0xbd, 0xff, 0xbd, 0xff, 0xbd, 0xff, 0xbd, 0xff, 0xbd, 0xff,
    0xbd, 0xff, 0xdd, 0xff, 0xbd, 0xff, 0xbd, 0xff, 0xbd, 0xff, 0xbd, 0xff, 0xbd, 0xff, 0xbd, 0xff,
    0xbd, 0xff, 0xbd, 0xff, 0xbd, 0xff, 0xbd, 0xff, 0xbd, 0xff, 0xbd, 0xff, 0xbd, 0xff, 0xbd, 0xff,
    0xbd, 0xff, 0xbd, 0xff, 0xbd, 0xff, 0xbd, 0xff, 0xbd, 0xff, 0xbd, 0xff, 0x9d, 0xff, 0x9d, 0xff,
    0x9d, 0xff, 0xbd, 0xff, 0xbd, 0xff, 0x9d, 0xff, 0xbd, 0xff, 0xbd, 0xff, 0xbd, 0xff, 0xbd, 0xff,
    0xbd, 0xff, 0xbd, 0xff, 0xbd, 0xf7, 0xbd, 0xff, 0xbd, 0xff, 0x9d, 0xff, 0x9d, 0xf7, 0x9d, 0xf7,
    0x9d, 0xf7, 0x9d, 0xf7, 0x9d, 0xf7, 0x9d, 0xf7, 0x9d, 0xf7, 0x9d, 0xf7, 0x9d, 0xf7, 0x9d, 0xf7,
    0x9d, 0xf7, 0x9d, 0xf7, 0x9c, 0xf7, 0x9d, 0xf7, 0x9c, 0xf7, 0x9c, 0xf7, 0x9c, 0xf7, 0x9c, 0xf7,
    0x9c, 0xf7, 0x9c, 0xf7, 0x9c, 0xf7, 0x9d, 0xf7, 0x9c, 0xf7, 0x9c, 0xf7, 0x7c, 0xf7, 0x7c, 0xf7,
    0x7c, 0xf7, 0x7c, 0xf7, 0x7c, 0xf7, 0x7c, 0xf7, 0x7c, 0xf7, 0x7c, 0xf7, 0x7c, 0xf7, 0x7c, 0xf7,
    0x7c, 0xf7, 0x7c, 0xf7, 0x7c, 0xf7, 0x7c, 0xef, 0x7c, 0xf7, 0x7c, 0xef, 0x7c, 0xef, 0x7c, 0xef,
    0x7c, 0xef, 0x7c, 0xef, 0x5c, 0xef, 0x5c, 0xef, 0x7c, 0xef, 0x7c, 0xef, 0x5c, 0xef, 0x5c, 0xef,
    0x5c, 0xef, 0x5c, 0xef, 0x5c, 0xef, 0x5c, 0xef, 0x5c, 0xef, 0x5c, 0xef, 0x5c, 0xef, 0x5c, 0xef,
    0x5c, 0xef, 0x5c, 0xef, 0x5c, 0xef, 0x5c, 0xef, 0x5c, 0xef, 0x5c, 0xef, 0x5c, 0xef, 0x5c, 0xef,
    0x5c, 0xef, 0x5c, 0xef, 0x5c, 0xef, 0x5c, 0xef, 0x3c, 0xef, 0x3c, 0xef, 0x3c, 0xef, 0x3c, 0xe7,
    0x3c, 0xe7, 0x3b, 0xe7, 0x3c, 0xe7, 0x3c, 0xe7, 0x3c, 0xe7, 0x3c, 0xe7, 0x3c, 0xe7, 0x3c, 0xe7,
    0x3c, 0xe7, 0x3c, 0xe7, 0x1c, 0xe7, 0x1b, 0xe7, 0x1b, 0xe7, 0x1b, 0xe7, 0x1b, 0xe7, 0x1b, 0xe7,
    0x1b, 0xe7, 0x1b, 0xe7, 0x1b, 0xe7, 0x1b, 0xe7, 0x1b, 0xe7, 0x1b, 0xe7, 0x1b, 0xe7, 0x1b, 0xe7,
    0x1b, 0xe7, 0x1b, 0xe7, 0x1b, 0xe7, 0x1b, 0xe7, 0x1b, 0xe7, 0x1b, 0xe7, 0x1b, 0xe7, 0x1b, 0xe7,
    0x1b, 0xe7, 0x1b, 0xe7, 0xfb, 0xe6, 0xfb, 0xde, 0xfb, 0xde, 0xfb, 0xde, 0xfb, 0xde, 0xfb, 0xde,
    0xfb, 0xde, 0xfb, 0xde, 0xfb, 0xde, 0xfb, 0xde, 0xfb, 0xde, 0xfb, 0xde, 0xfb, 0xde, 0xfb, 0xde,
    0xdb, 0xde, 0xfb, 0xde, 0xdb, 0xde, 0xdb, 0xde, 0xdb, 0xde, 0xdb, 0xde, 0xdb, 0xde, 0xdb, 0xde,
    0xdb, 0xde, 0xdb, 0xde, 0xdb, 0xde, 0xdb, 0xde, 0xda, 0xde, 0xda, 0xde, 0xdb, 0xde, 0xda, 0xde,
    0xda, 0xde, 0xda, 0xde, 0xda, 0xde, 0xda, 0xde, 0xda, 0xd6, 0xba, 0xd6, 0xba, 0xd6, 0xda, 0xd6,
    0xba, 0xd6, 0xba, 0xd6, 0xba, 0xd6, 0xba, 0xd6, 0xba, 0xd6, 0xba, 0xd6, 0xba, 0xd6, 0xba, 0xd6,
    0xba, 0xd6, 0xba, 0xd6, 0xba, 0xd6, 0xba, 0xd6, 0xba, 0xd6, 0xba, 0xd6, 0xba, 0xd6, 0xba, 0xd6,
    0xba, 0xd6, 0xba, 0xd6, 0xba, 0xd6, 0xba, 0xd6, 0xba, 0xd6, 0xba, 0xd6, 0xba, 0xd6, 0xba, 0xd6,
    0xba, 0xd6, 0xba, 0xd6, 0xba, 0xd6, 0xba, 0xd6, 0xba, 0xd6, 0xbb, 0xd6, 0xba, 0xd6, 0xba, 0xd6,
    0xff, 0xff, 0xff, 0xff, 0xff, 0xff, 0xff, 0xff, 0xff, 0xff, 0xff, 0xff, 0xfe, 0xff, 0xfe, 0xff,
    0xfe, 0xff, 0xfe, 0xff, 0xfe, 0xff, 0xfe, 0xff, 0xfe, 0xff, 0xfe, 0xff, 0xfe, 0xff, 0xfe, 0xff,
    0xfe, 0xff, 0xfe, 0xff, 0xfe, 0xff, 0xfe, 0xff, 0xfe, 0xff, 0xfe, 0xff, 0xfe, 0xff, 0xfe, 0xff,
    0xfe, 0xff, 0xfe, 0xff, 0xfe, 0xff, 0xfe, 0xff, 0xfe, 0xff, 0xfe, 0xff, 0xfe, 0xff, 0xfe, 0xff,
    0xfe, 0xff, 0xfe, 0xff, 0xfe, 0xff, 0xfe, 0xff, 0xfe, 0xff, 0xfe, 0xff, 0xfe, 0xff, 0xfe, 0xff,
    0xfe, 0xff, 0xfe, 0xff, 0xfe, 0xff, 0xfe, 0xff, 0xfe, 0xff, 0xfe, 0xff, 0xfe, 0xff, 0xfe, 0xff,
    0xde, 0xff, 0xde, 0xff, 0xfe, 0xff, 0xde, 0xff, 0xdd, 0xff, 0xdd, 0xff, 0xfd, 0xff, 0xfe, 0xff,
    0xfe, 0xff, 0xfe, 0xff, 0xfe, 0xff, 0xde, 0xff, 0xde, 0xff, 0xdd, 0xff, 0xdd, 0xff, 0xdd, 0xff,
    0xdd, 0xff, 0xdd, 0xff, 0xdd, 0xff, 0xdd, 0xff, 0xdd, 0xff, 0xde, 0xff, 0xdd, 0xff, 0xdd, 0xff,
    0xdd, 0xff, 0xdd, 0xff, 0xdd, 0xff, 0xdd, 0xff, 0xdd, 0xff, 0xdd, 0xff, 0xdd, 0xff, 0xdd, 0xff,
    0xdd, 0xff, 0xdd, 0xff, 0xdd, 0xff, 0xdd, 0xff, 0xdd, 0xff, 0xdd, 0xff, 0xdd, 0xff, 0xdd, 0xff,
    0xdd, 0xff, 0xdd, 0xff, 0xdd, 0xff, 0xdd, 0xff, 0xdd, 0xff, 0xbd, 0xff, 0xbd, 0xff, 0xbd, 0xff,
    0xbd, 0xff, 0xbd, 0xff, 0xbd, 0xff, 0xbd, 0xff, 0xbd, 0xff, 0xbd, 0xff, 0xbd, 0xff, 0xbd, 0xff,
    0xbd, 0xff, 0xdd, 0xff, 0xdd, 0xff, 0xbd, 0xff, 0xbd, 0xff, 0xbd, 0xff, 0xbd, 0xff, 0xbd, 0xff,
    0xbd, 0xff, 0xbd, 0xff, 0xbd, 0xff, 0xbd, 0xff, 0xbd, 0xff, 0xbd, 0xff, 0xbd, 0xff, 0xbd, 0xff,
    0xbd, 0xff, 0xbd, 0xff, 0xbd, 0xff, 0xbd, 0xff, 0xbd, 0xff, 0xbd, 0xff, 0x9d, 0xff, 0x9d, 0xff,
    0x9d, 0xff, 0xbd, 0xff, 0xbd, 0xff, 0x9d, 0xff, 0xbd, 0xff, 0xbd, 0xff, 0xbd, 0xff, 0xbd, 0xff,
    0xbd, 0xff, 0xbd, 0xff, 0xbd, 0xff, 0xbd, 0xff, 0xbd, 0xff, 0xbd, 0xff, 0x9d, 0xff, 0x9d, 0xf7,
    0x9d, 0xf7, 0x9d, 0xff, 0x9d, 0xf7, 0x9d, 0xf7, 0x9d, 0xf7, 0x9d, 0xf7, 0x9d, 0xf7, 0x9d, 0xf7,
    0x9c, 0xf7, 0x9d, 0xf7, 0x9c, 0xf7, 0x9d, 0xf7, 0x9c, 0xf7, 0x9c, 0xf7, 0x9c, 0xf7, 0x9c, 0xf7,
    0x9c, 0xf7, 0x9c, 0xf7, 0x9c, 0xf7, 0x9c, 0xf7, 0x7c, 0xf7, 0x7c, 0xf7, 0x7c, 0xf7, 0x7c, 0xf7,
    0x7c, 0xf7, 0x7c, 0xf7, 0x7c, 0xf7, 0x7c, 0xf7, 0x7c, 0xf7, 0x7c, 0xf7, 0x7c, 0xf7, 0x7c, 0xf7,
    0x7c, 0xf7, 0x7c, 0xf7, 0x7c, 0xf7, 0x7c, 0xf7, 0x7c, 0xef, 0x7c, 0xf7, 0x7c, 0xef, 0x7c, 0xef,
    0x7c, 0xef, 0x7c, 0xef, 0x7c, 0xef, 0x7c, 0xef, 0x7c, 0xef, 0x7c, 0xef, 0x5c, 0xef, 0x5c, 0xef,
    0x5c, 0xef, 0x5c, 0xef, 0x5c, 0xef, 0x5c, 0xef, 0x5c, 0xef, 0x5c, 0xef, 0x5c, 0xef, 0x5c, 0xef,
    0x5c, 0xef, 0x5c, 0xef, 0x5c, 0xef, 0x5c, 0xef, 0x5c, 0xef, 0x5c, 0xef, 0x5c, 0xef, 0x5c, 0xef,
    0x5c, 0xef, 0x5c, 0xef, 0x3c, 0xef, 0x3c, 0xef, 0x3c, 0xef, 0x3c, 0xef, 0x3c, 0xef, 0x3c, 0xe7,
    0x3c, 0xe7, 0x3b, 0xe7, 0x3c, 0xe7, 0x3c, 0xe7, 0x3c, 0xe7, 0x3c, 0xe7, 0x3c, 0xe7, 0x3c, 0xe7,
    0x1b, 0xe7, 0x1b, 0xe7, 0x1b, 0xe7, 0x1b, 0xe7, 0x1b, 0xe7, 0x1b, 0xe7, 0x1b, 0xe7, 0x1b, 0xe7,
    0x1b, 0xe7, 0x1b, 0xe7, 0x1b, 0xe7, 0x1b, 0xe7, 0x1b, 0xe7, 0x1b, 0xe7, 0x1b, 0xe7, 0x1b, 0xe7,
    0x1b, 0xe7, 0x1b, 0xe7, 0x1b, 0xe7, 0x1b, 0xe7, 0x1b, 0xe7, 0x1b, 0xe7, 0x1b, 0xe7, 0xfb, 0xe6,
    0xfb, 0xe6, 0x1b, 0xe7, 0xfb, 0xe6, 0x1b, 0xe7, 0xfb, 0xde, 0xfb, 0xde, 0xfb, 0xde, 0xfb, 0xde,
    0xfb, 0xde, 0xfb, 0xde, 0xfb, 0xde, 0xfb, 0xde, 0xfb, 0xde, 0xfb, 0xde, 0xdb, 0xde, 0xfb, 0xde,
    0xfb, 0xde, 0xdb, 0xde, 0xdb, 0xde, 0xdb, 0xde, 0xdb, 0xde, 0xdb, 0xde, 0xdb, 0xde, 0xdb, 0xde,
    0xdb, 0xde, 0xdb, 0xde, 0xdb, 0xde, 0xda, 0xde, 0xda, 0xde, 0xda, 0xde, 0xdb, 0xde, 0xdb, 0xde,
    0xdb, 0xde, 0xda, 0xde, 0xda, 0xde, 0xda, 0xde, 0xda, 0xde, 0xda, 0xde, 0xda, 0xd6, 0xda, 0xde,
    0xba, 0xd6, 0xba, 0xd6, 0xba, 0xd6, 0xba, 0xd6, 0xba, 0xd6, 0xba, 0xd6, 0xba, 0xd6, 0xba, 0xd6,
    0xba, 0xd6, 0xba, 0xd6, 0xba, 0xd6, 0xba, 0xd6, 0xba, 0xd6, 0xba, 0xd6, 0xba, 0xd6, 0xba, 0xd6,
    0xba, 0xd6, 0xba, 0xd6, 0xba, 0xd6, 0xba, 0xd6, 0xba, 0xd6, 0xba, 0xd6, 0xba, 0xd6, 0xba, 0xd6,
    0xba, 0xd6, 0xba, 0xd6, 0xba, 0xd6, 0xba, 0xd6, 0xba, 0xd6, 0xba, 0xd6, 0xba, 0xd6, 0xba, 0xd6,
    0xff, 0xff, 0xff, 0xff, 0xff, 0xff, 0xff, 0xff, 0xff, 0xff, 0xff, 0xff, 0xff, 0xff, 0xfe, 0xff,
    0xfe, 0xff, 0xfe, 0xff, 0xfe, 0xff, 0xfe, 0xff, 0xfe, 0xff, 0xfe, 0xff, 0xfe, 0xff, 0xfe, 0xff,
    0xfe, 0xff, 0xfe, 0xff, 0xfe, 0xff, 0xfe, 0xff, 0xfe, 0xff, 0xfe, 0xff, 0xfe, 0xff, 0xfe, 0xff,
    0xfe, 0xff, 0xfe, 0xff, 0xfe, 0xff, 0xfe, 0xff, 0xfe, 0xff, 0xfe, 0xff, 0xfe, 0xff, 0xfe, 0xff,
    0xfe, 0xff, 0xfe, 0xff, 0xfe, 0xff, 0xfe, 0xff, 0xfe, 0xff, 0xfe, 0xff, 0xfe, 0xff, 0xfe, 0xff,
    0xfe, 0xff, 0xfe, 0xff, 0xfe, 0xff, 0xfe, 0xff, 0xfe, 0xff, 0xfe, 0xff, 0xfe, 0xff, 0xfe, 0xff,
    0xfe, 0xff, 0xfe, 0xff, 0xfe, 0xff, 0xfe, 0xff, 0xfd, 0xff, 0xfd, 0xff, 0xfd, 0xff, 0xfe, 0xff,
    0xde, 0xff, 0xfe, 0xff, 0xfe, 0xff, 0xfe, 0xff, 0xdd, 0xff, 0xde, 0xff, 0xdd, 0xff, 0xdd, 0xff,
    0xde, 0xff, 0xde, 0xff, 0xdd, 0xff, 0xde, 0xff, 0xdd, 0xff, 0xdd, 0xff, 0xdd, 0xff, 0xdd, 0xff,
    0xdd, 0xff, 0xdd, 0xff, 0xdd, 0xff, 0xdd, 0xff, 0xdd, 0xff, 0xdd, 0xff, 0xdd, 0xff, 0xdd, 0xff,
    0xdd, 0xff, 0xdd, 0xff, 0xdd, 0xff, 0xdd, 0xff, 0xdd, 0xff, 0xdd, 0xff, 0xdd, 0xff, 0xdd, 0xff,
    0xdd, 0xff, 0xdd, 0xff, 0xbd, 0xff, 0xdd, 0xff, 0xdd, 0xff, 0xbd, 0xff, 0xbd, 0xff, 0xbd, 0xff,
    0xbd, 0xff, 0xbd, 0xff, 0xbd, 0xff, 0xbd, 0xff, 0xbd, 0xff, 0xbd, 0xff, 0xbd, 0xff, 0xbd, 0xff,
    0xbd, 0xff, 0xdd, 0xff, 0xbd, 0xff, 0xbd, 0xff, 0xbd, 0xff, 0xbd, 0xff, 0xbd, 0xff, 0xbd, 0xff,
    0xbd, 0xff, 0xbd, 0xff, 0xbd, 0xff, 0xbd, 0xff, 0xbd, 0xff, 0xbd, 0xff, 0xbd, 0xff, 0xbd, 0xff,
    0xbd, 0xff, 0xbd, 0xff, 0xbd, 0xff, 0xbd, 0xff, 0xbd, 0xff, 0xbd, 0xff, 0x9d, 0xff, 0x9d, 0xff,
    0x9d, 0xff, 0x9d, 0xff, 0xbd, 0xff, 0x9d, 0xff, 0x9d, 0xff, 0x9d, 0xff, 0xbd, 0xff, 0xbd, 0xff,
    0xbd, 0xff, 0xbd, 0xff, 0xbd, 0xff, 0xbd, 0xff, 0xbd, 0xff, 0x9d, 0xff, 0x9d, 0xff, 0x9d, 0xff,
    0x9d, 0xf7, 0x9d, 0xf7, 0x9d, 0xf7, 0x9d, 0xf7, 0x9d, 0xf7, 0x9d, 0xf7, 0x9d, 0xf7, 0x9d, 0xf7,
    0x9d, 0xf7, 0x9d, 0xf7, 0x9c, 0xf7, 0x9c, 0xf7, 0x9d, 0xf7, 0x9d, 0xf7, 0x9c, 0xf7, 0x9d, 0xf7,
    0x9c, 0xf7, 0x9c, 0xf7, 0x9c, 0xf7, 0x9c, 0xf7, 0x7c, 0xf7, 0x7c, 0xf7, 0x7c, 0xf7, 0x7c, 0xf7,
    0x7c, 0xf7, 0x7c, 0xf7, 0x7c, 0xf7, 0x7c, 0xf7, 0x7c, 0xf7, 0x7c, 0xf7, 0x7c, 0xf7, 0x7c, 0xf7,
    0x7c, 0xf7, 0x7c, 0xf7, 0x7c, 0xf7, 0x7c, 0xf7, 0x7c, 0xf7, 0x7c, 0xf7, 0x7c, 0xf7, 0x7c, 0xef,
    0x7c, 0xef, 0x7c, 0xef, 0x7c, 0xef, 0x7c, 0xef, 0x7c, 0xef, 0x7c, 0xef, 0x5c, 0xef, 0x5c, 0xef,
    0x5c, 0xef, 0x5c, 0xef, 0x5c, 0xef, 0x5c, 0xef, 0x5c, 0xef, 0x5c, 0xef, 0x5c, 0xef, 0x5c, 0xef,
    0x5c, 0xef, 0x5c, 0xef, 0x5c, 0xef, 0x5c, 0xef, 0x5c, 0xef, 0x5c, 0xef, 0x5c, 0xef, 0x5c, 0xef,
    0x5c, 0xef, 0x5c, 0xef, 0x3c, 0xef, 0x3c, 0xef, 0x3c, 0xef, 0x3c, 0xef, 0x3c, 0xe7, 0x3c, 0xe7,
    0x3c, 0xe7, 0x3c, 0xe7, 0x3c, 0xe7, 0x3c, 0xe7, 0x3c, 0xe7, 0x3c, 0xe7, 0x3c, 0xe7, 0x1b, 0xe7,
    0x1c, 0xe7, 0x1b, 0xe7, 0x1b, 0xe7, 0x1a, 0xe7, 0x1b, 0xe7, 0x1b, 0xe7, 0x1b, 0xe7, 0x1b, 0xe7,
    0x1b, 0xe7, 0x1b, 0xe7, 0x1b, 0xe7, 0x1b, 0xe7, 0x1b, 0xe7, 0x1b, 0xe7, 0x1b, 0xe7, 0x1b, 0xe7,
    0x1b, 0xe7, 0x1b, 0xe7, 0x1b, 0xe7, 0x1b, 0xe7, 0x1b, 0xe7, 0x1b, 0xe7, 0x1b, 0xe7, 0x1b, 0xe7,
    0xfb, 0xe6, 0xfb, 0xe6, 0xfb, 0xde, 0xfb, 0xe6, 0xfb, 0xde, 0xfb, 0xe6, 0xfb, 0xde, 0xfb, 0xde,
    0xfb, 0xde, 0xfb, 0xde, 0xfb, 0xde, 0xfb, 0xde, 0xfb, 0xde, 0xfb, 0xde, 0xfb, 0xde, 0xfb, 0xde,
    0xfb, 0xde, 0xfb, 0xde, 0xdb, 0xde, 0xdb, 0xde, 0xdb, 0xde, 0xdb, 0xde, 0xdb, 0xde, 0xda, 0xde,
    0xdb, 0xde, 0xdb, 0xde, 0xdb, 0xde, 0xdb, 0xde, 0xdb, 0xde, 0xda, 0xde, 0xda, 0xde, 0xda, 0xde,
    0xda, 0xde, 0xda, 0xde, 0xda, 0xde, 0xda, 0xde, 0xda, 0xde, 0xda, 0xde, 0xba, 0xd6, 0xba, 0xd6,
    0xba, 0xd6, 0xba, 0xd6, 0xba, 0xd6, 0xba, 0xd6, 0xba, 0xd6, 0xba, 0xd6, 0xba, 0xd6, 0xba, 0xd6,
    0xba, 0xd6, 0xba, 0xd6, 0xba, 0xd6, 0xba, 0xd6, 0xba, 0xd6, 0xba, 0xd6, 0xba, 0xd6, 0xba, 0xd6,
    0xba, 0xd6, 0xba, 0xd6, 0xba, 0xd6, 0xba, 0xd6, 0xba, 0xd6, 0xba, 0xd6, 0xba, 0xd6, 0xba, 0xd6,
    0xba, 0xd6, 0xba, 0xd6, 0xba, 0xd6, 0xba, 0xd6, 0xba, 0xd6, 0xba, 0xd6, 0xba, 0xd6, 0xba, 0xd6,
    0xff, 0xff, 0xff, 0xff, 0xff, 0xff, 0xff, 0xff, 0xff, 0xff, 0xff, 0xff, 0xff, 0xff, 0xfe, 0xff,
    0xfe, 0xff, 0xfe, 0xff, 0xfe, 0xff, 0xfe, 0xff, 0xfe, 0xff, 0xfe, 0xff, 0xfe, 0xff, 0xfe, 0xff,
    0xfe, 0xff, 0xfe, 0xff, 0xfe, 0xff, 0xfe, 0xff, 0xfe, 0xff, 0xfe, 0xff, 0xfe, 0xff, 0xfe, 0xff,
    0xfe, 0xff, 0xfe, 0xff, 0xfe, 0xff, 0xfe, 0xff, 0xfe, 0xff, 0xfe, 0xff, 0xfe, 0xff, 0xfe, 0xff,
    0xfe, 0xff, 0xfe, 0xff, 0xfe, 0xff, 0xfe, 0xff, 0xfe, 0xff, 0xfe, 0xff, 0xfe, 0xff, 0xfe, 0xff,
    0xfe, 0xff, 0xfe, 0xff, 0xfe, 0xff, 0xfe, 0xff, 0xfe, 0xff, 0xfe, 0xff, 0xfe, 0xff, 0xfe, 0xff,
    0xfe, 0xff, 0xfe, 0xff, 0xfe, 0xff, 0xfe, 0xff, 0xde, 0xff, 0xdd, 0xff, 0xde, 0xff, 0xdd, 0xff,
    0xfd, 0xff, 0xfd, 0xff, 0xfe, 0xff, 0xfe, 0xff, 0xfd, 0xff, 0xde, 0xff, 0xdd, 0xff, 0xdd, 0xff,
    0xdd, 0xff, 0xdd, 0xff, 0xdd, 0xff, 0xdd, 0xff, 0xde, 0xff, 0xdd, 0xff, 0xdd, 0xff, 0xdd, 0xff,
    0xdd, 0xff, 0xdd, 0xff, 0xdd, 0xff, 0xdd, 0xff, 0xdd, 0xff, 0xdd, 0xff, 0xdd, 0xff, 0xdd, 0xff,
    0xdd, 0xff, 0xdd, 0xff, 0xdd, 0xff, 0xdd, 0xff, 0xdd, 0xff, 0xdd, 0xff, 0xdd, 0xff, 0xdd, 0xff,
    0xdd, 0xff, 0xdd, 0xff, 0xbd, 0xff, 0xbd, 0xff, 0xbd, 0xff, 0xbd, 0xff, 0xbd, 0xff, 0xbd, 0xff,
    0xbd, 0xff, 0xbd, 0xff, 0xbd, 0xff, 0xbd, 0xff, 0xbd, 0xff, 0xbd, 0xff, 0xbd, 0xff, 0xbd, 0xff,
    0xbd, 0xff, 0xbd, 0xff, 0xbd, 0xff, 0xbd, 0xff, 0xbd, 0xff, 0xbd, 0xff, 0xbd, 0xff, 0xbd, 0xff,
    0xbd, 0xff, 0xbd, 0xff, 0xbd, 0xff, 0xbd, 0xff, 0xbd, 0xff, 0xbd, 0xff, 0xbd, 0xff, 0xbd, 0xff,
    0xbd, 0xff, 0xbd, 0xff, 0xbd, 0xff, 0xbd, 0xff, 0xbd, 0xff, 0x9d, 0xff, 0x9d, 0xff, 0x9d, 0xff,
    0xbd, 0xff, 0x9d, 0xff, 0xbd, 0xff, 0x9d, 0xff, 0xbd, 0xff, 0x9d, 0xff, 0x9d, 0xff, 0x9d, 0xff,
    0x9d, 0xff, 0x9d, 0xf7, 0xbd, 0xf7, 0x9d, 0xff, 0x9d, 0xf7, 0x9d, 0xff, 0xbd, 0xff, 0x9d, 0xf7,
    0x9d, 0xff, 0x9d, 0xf7, 0x9d, 0xf7, 0x9d, 0xf7, 0x9d, 0xf7, 0x9d, 0xf7, 0x9d, 0xf7, 0x9d, 0xf7,
    0x9d, 0xf7, 0x9d, 0xf7, 0x9c, 0xf7, 0x9c, 0xf7, 0x9c, 0xf7, 0x9d, 0xf7, 0x9d, 0xf7, 0x9d, 0xf7,
    0x9c, 0xf7, 0x9c, 0xf7, 0x7c, 0xf7, 0x7c, 0xf7, 0x7c, 0xf7, 0x7c, 0xf7, 0x7c, 0xf7, 0x7c, 0xf7,
    0x7c, 0xf7, 0x7c, 0xf7, 0x7c, 0xf7, 0x7c, 0xf7, 0x7c, 0xf7, 0x7c, 0xf7, 0x7c, 0xf7, 0x7c, 0xf7,
    0x7c, 0xf7, 0x7c, 0xf7, 0x7c, 0xef, 0x7c, 0xef, 0x7c, 0xf7, 0x7c, 0xf7, 0x7c, 0xef, 0x7c, 0xef,
    0x7c, 0xef, 0x7c, 0xef, 0x5c, 0xef, 0x5c, 0xef, 0x7c, 0xef, 0x7c, 0xef, 0x7c, 0xef, 0x5c, 0xef,
    0x5c, 0xef, 0x5c, 0xef, 0x5c, 0xef, 0x5c, 0xef, 0x5c, 0xef, 0x5c, 0xef, 0x5c, 0xef, 0x5c, 0xef,
    0x5c, 0xef, 0x5c, 0xef, 0x5c, 0xef, 0x5c, 0xef, 0x5c, 0xef, 0x5c, 0xef, 0x5c, 0xef, 0x5c, 0xef,
    0x5c, 0xef, 0x3c, 0xef, 0x3c, 0xef, 0x3c, 0xef, 0x3c, 0xef, 0x3c, 0xef, 0x3c, 0xef, 0x3c, 0xe7,
    0x3c, 0xe7, 0x3c, 0xe7, 0x3c, 0xe7, 0x3c, 0xe7, 0x3c, 0xe7, 0x3c, 0xe7, 0x3c, 0xe7, 0x1b, 0xe7,
    0x1b, 0xe7, 0x1b, 0xe7, 0x1b, 0xe7, 0x1b, 0xe7, 0x1b, 0xe7, 0x1b, 0xe7, 0x1b, 0xe7, 0x1b, 0xe7,
    0x1b, 0xe7, 0x1b, 0xe7, 0x1b, 0xe7, 0x1b, 0xe7, 0x1b, 0xe7, 0x1b, 0xe7, 0x1b, 0xe7, 0x1b, 0xe7,
    0x1b, 0xe7, 0x1b, 0xe7, 0x1b, 0xe7, 0x1b, 0xe7, 0x1b, 0xe7, 0x1b, 0xe7, 0x1b, 0xe7, 0x1b, 0xe7,
    0xfb, 0xe6, 0xfb, 0xe6, 0xfb, 0xde, 0xfb, 0xe6, 0xfb, 0xe6, 0xfb, 0xde, 0xfb, 0xde, 0xfb, 0xde,
    0xfb, 0xde, 0xfb, 0xde, 0xfb, 0xde, 0xfb, 0xde, 0xfb, 0xde, 0xfb, 0xde, 0xfb, 0xde, 0xfb, 0xde,
    0xfb, 0xde, 0xfb, 0xde, 0xdb, 0xde, 0xdb, 0xde, 0xdb, 0xde, 0xdb, 0xde, 0xdb, 0xde, 0xda, 0xde,
    0xdb, 0xde, 0xdb, 0xde, 0xdb, 0xde, 0xdb, 0xde, 0xda, 0xde, 0xda, 0xde, 0xda, 0xde, 0xda, 0xde,
    0xda, 0xde, 0xda, 0xde, 0xda, 0xde, 0xda, 0xde, 0xda, 0xde, 0xba, 0xd6, 0xba, 0xd6, 0xba, 0xd6,
    0xba, 0xd6, 0xba, 0xd6, 0xba, 0xd6, 0xba, 0xd6, 0xba, 0xd6, 0xba, 0xd6, 0xba, 0xd6, 0xba, 0xd6,
    0xba, 0xd6, 0xba, 0xd6, 0xba, 0xd6, 0xba, 0xd6, 0xba, 0xd6, 0xba, 0xd6, 0xba, 0xd6, 0xba, 0xd6,
    0xba, 0xd6, 0xba, 0xd6, 0xba, 0xd6, 0xba, 0xd6, 0xba, 0xd6, 0xba, 0xd6, 0xba, 0xd6, 0xba, 0xd6,
    0xba, 0xd6, 0xba, 0xd6, 0xb9, 0xd6, 0xba, 0xd6, 0xba, 0xd6, 0xba, 0xd6, 0xba, 0xd6, 0xba, 0xd6,
    0xff, 0xff, 0xff, 0xff, 0xff, 0xff, 0xff, 0xff, 0xff, 0xff, 0xff, 0xff, 0xff, 0xff, 0xfe, 0xff,
    0xfe, 0xff, 0xfe, 0xff, 0xfe, 0xff, 0xfe, 0xff, 0xfe, 0xff, 0xfe, 0xff, 0xfe, 0xff, 0xfe, 0xff,
    0xfe, 0xff, 0xfe, 0xff, 0xfe, 0xff, 0xfe, 0xff, 0xfe, 0xff, 0xfe, 0xff, 0xfe, 0xff, 0xfe, 0xff,
    0xfe, 0xff, 0xfe, 0xff, 0xfe, 0xff, 0xfe, 0xff, 0xfe, 0xff, 0xfe, 0xff, 0xfe, 0xff, 0xfe, 0xff,
    0xfe, 0xff, 0xfe, 0xff, 0xfe, 0xff, 0xfe, 0xff, 0xfe, 0xff, 0xfe, 0xff, 0xfe, 0xff, 0xfe, 0xff,
    0xfe, 0xff, 0xfe, 0xff, 0xfe, 0xff, 0xfe, 0xff, 0xfe, 0xff, 0xfe, 0xff, 0xfe, 0xff, 0xfe, 0xff,
    0xfe, 0xff, 0xfe, 0xff, 0xde, 0xff, 0xde, 0xff, 0xdd, 0xff, 0xdd, 0xff, 0xdd, 0xff, 0xdd, 0xff,
    0xdd, 0xff, 0xdd, 0xff, 0xdd, 0xff, 0xde, 0xff, 0xde, 0xff, 0xfe, 0xff, 0xde, 0xff, 0xde, 0xff,
    0xdd, 0xff, 0xde, 0xff, 0xdd, 0xff, 0xde, 0xff, 0xde, 0xff, 0xde, 0xff, 0xdd, 0xff, 0xdd, 0xff,
    0xdd, 0xff, 0xdd, 0xff, 0xdd, 0xff, 0xdd, 0xff, 0xdd, 0xff, 0xdd, 0xff, 0xdd, 0xff, 0xdd, 0xff,
    0xdd, 0xff, 0xdd, 0xff, 0xdd, 0xff, 0xdd, 0xff, 0xdd, 0xff, 0xdd, 0xff, 0xdd, 0xff, 0xdd, 0xff,
    0xdd, 0xff, 0xdd, 0xff, 0xdd, 0xff, 0xbd, 0xff, 0xbd, 0xff, 0xbd, 0xff, 0xbd, 0xff, 0xbd, 0xff,
    0xbd, 0xff, 0xbd, 0xff, 0xbd, 0xff, 0xbd, 0xff, 0xbd, 0xff, 0xbd, 0xff, 0xdd, 0xff, 0xbd, 0xff,
    0xdd, 0xff, 0xbd, 0xff, 0xbd, 0xff, 0xbd, 0xff, 0xbd, 0xff, 0xbd, 0xff, 0xbd, 0xff, 0xbd, 0xff,
    0xbd, 0xff, 0xbd, 0xff, 0xbd, 0xff, 0xbd, 0xff, 0xbd, 0xff, 0xbd, 0xff, 0xbd, 0xff, 0xbd, 0xff,
    0xbd, 0xff, 0xbd, 0xff, 0x9d, 0xff, 0xbd, 0xff, 0xbd, 0xff, 0x9d, 0xff, 0x9d, 0xff, 0x9d, 0xff,
    0xbd, 0xff, 0xbd, 0xff, 0xbd, 0xff, 0xbd, 0xff, 0xbd, 0xff, 0x9d, 0xff, 0x9d, 0xff, 0x9d, 0xff,
    0x9d, 0xff, 0x9d, 0xff, 0x9d, 0xf7, 0x9d, 0xff, 0x9d, 0xff, 0x9d, 0xff, 0x9d, 0xff, 0x9d, 0xf7,
    0x9d, 0xf7, 0x9d, 0xf7, 0x9d, 0xf7, 0x9d, 0xf7, 0x9d, 0xf7, 0x9d, 0xf7, 0x9d, 0xf7, 0x9d, 0xf7,
    0x9d, 0xf7, 0x9c, 0xf7, 0x9c, 0xf7, 0x9d, 0xf7, 0x9d, 0xf7, 0x9d, 0xf7, 0x9c, 0xf7, 0x9c, 0xf7,
    0x9c, 0xf7, 0x9c, 0xf7, 0x7c, 0xf7, 0x7c, 0xf7, 0x7c, 0xf7, 0x7c, 0xf7, 0x7c, 0xf7, 0x7c, 0xf7,
    0x7c, 0xf7, 0x7c, 0xf7, 0x7c, 0xf7, 0x7c, 0xf7, 0x7c, 0xf7, 0x7c, 0xf7, 0x7c, 0xf7, 0x7c, 0xf7,
    0x7c, 0xf7, 0x7c, 0xef, 0x7c, 0xf7, 0x7c, 0xf7, 0x7d, 0xf7, 0x7c, 0xf7, 0x7c, 0xf7, 0x7c, 0xf7,
    0x7c, 0xef, 0x7c, 0xef, 0x5c, 0xef, 0x7c, 0xef, 0x7c, 0xef, 0x7c, 0xef, 0x7c, 0xef, 0x7c, 0xef,
    0x7c, 0xef, 0x7c, 0xef, 0x5c, 0xef, 0x5c, 0xef, 0x5c, 0xef, 0x5c, 0xef, 0x5c, 0xef, 0x5c, 0xef,
    0x5c, 0xef, 0x5c, 0xef, 0x5c, 0xef, 0x5c, 0xef, 0x5c, 0xef, 0x5c, 0xef, 0x5c, 0xef, 0x5c, 0xef,
    0x5c, 0xef, 0x5c, 0xef, 0x5c, 0xef, 0x3c, 0xef, 0x3c, 0xef, 0x3c, 0xef, 0x3c, 0xef, 0x3c, 0xe7,
    0x3c, 0xe7, 0x3c, 0xe7, 0x3c, 0xe7, 0x3c, 0xe7, 0x3b, 0xe7, 0x3c, 0xe7, 0x3b, 0xe7, 0x1b, 0xe7,
    0x1b, 0xe7, 0x1b, 0xe7, 0x1b, 0xe7, 0x1b, 0xe7, 0x1b, 0xe7, 0x1b, 0xe7, 0x1b, 0xe7, 0x1b, 0xe7,
    0x1b, 0xe7, 0x1b, 0xe7, 0x1b, 0xe7, 0x1b, 0xe7, 0x1b, 0xe7, 0x1b, 0xe7, 0x1b, 0xe7, 0x1b, 0xe7,
    0x1b, 0xe7, 0x1b, 0xe7, 0x1b, 0xe7, 0x1b, 0xe7, 0x1b, 0xe7, 0x1b, 0xe7, 0x1b, 0xe7, 0x1b, 0xe7,
    0x1b, 0xe7, 0x1b, 0xe7, 0xfb, 0xde, 0xfb, 0xde, 0xfb, 0xde, 0xfb, 0xde, 0xfb, 0xde, 0xfb, 0xde,
    0xfb, 0xde, 0xfb, 0xde, 0xfb, 0xde, 0xfb, 0xde, 0xfb, 0xde, 0xfb, 0xde, 0xfb, 0xde, 0xfb, 0xde,
    0xfb, 0xde, 0xfb, 0xde, 0xdb, 0xde, 0xdb, 0xde, 0xdb, 0xde, 0xdb, 0xde, 0xdb, 0xde, 0xdb, 0xde,
    0xdb, 0xde, 0xda, 0xde, 0xda, 0xde, 0xdb, 0xde, 0xda, 0xde, 0xda, 0xde, 0xda, 0xde, 0xda, 0xde,
    0xda, 0xde, 0xda, 0xde, 0xda, 0xde, 0xdb, 0xde, 0xba, 0xd6, 0xba, 0xd6, 0xba, 0xd6, 0xba, 0xd6,
    0xba, 0xd6, 0xba, 0xd6, 0xba, 0xd6, 0xba, 0xd6, 0xba, 0xd6, 0xba, 0xd6, 0xba, 0xd6, 0xba, 0xd6,
    0xba, 0xd6, 0xba, 0xd6, 0xba, 0xd6, 0xba, 0xd6, 0xba, 0xd6, 0xba, 0xd6, 0xba, 0xd6, 0xba, 0xd6,
    0xba, 0xd6, 0xba, 0xd6, 0xba, 0xd6, 0xba, 0xd6, 0xba, 0xd6, 0xba, 0xd6, 0xba, 0xd6, 0xba, 0xd6,
    0xba, 0xd6, 0xba, 0xd6, 0xba, 0xd6, 0xba, 0xd6, 0xbb, 0xd6, 0xba, 0xd6, 0xba, 0xd6, 0xba, 0xd6,
    0xff, 0xff, 0xff, 0xff, 0xff, 0xff, 0xff, 0xff, 0xff, 0xff, 0xff, 0xff, 0xff, 0xff, 0xfe, 0xff,
    0xfe, 0xff, 0xfe, 0xff, 0xfe, 0xff, 0xfe, 0xff, 0xfe, 0xff, 0xfe, 0xff, 0xfe, 0xff, 0xfe, 0xff,
    0xfe, 0xff, 0xfe, 0xff, 0xfe, 0xff, 0xfe, 0xff, 0xfe, 0xff, 0xfe, 0xff, 0xfe, 0xff, 0xfe, 0xff,
    0xfe, 0xff, 0xfe, 0xff, 0xfe, 0xff, 0xfe, 0xff, 0xfe, 0xff, 0xfe, 0xff, 0xfe, 0xff, 0xfe, 0xff,
    0xfe, 0xff, 0xfe, 0xff, 0xfe, 0xff, 0xfe, 0xff, 0xfe, 0xff, 0xfe, 0xff, 0xfe, 0xff, 0xfe, 0xff,
    0xfe, 0xff, 0xfe, 0xff, 0xfe, 0xff, 0xfe, 0xff, 0xfe, 0xff, 0xfe, 0xff, 0xfe, 0xff, 0xfe, 0xff,
    0xfe, 0xff, 0xde, 0xff, 0xde, 0xff, 0xdd, 0xff, 0xde, 0xff, 0xfe, 0xff, 0xdd, 0xff, 0xde, 0xff,
    0xde, 0xff, 0xdd, 0xff, 0xdd, 0xff, 0xfd, 0xff, 0xde, 0xff, 0xde, 0xff, 0xde, 0xff, 0xfe, 0xff,
    0xfd, 0xff, 0xdd, 0xff, 0xde, 0xff, 0xdd, 0xff, 0xdd, 0xff, 0xdd, 0xff, 0xdd, 0xff, 0xdd, 0xff,
    0xdd, 0xff, 0xdd, 0xff, 0xdd, 0xff, 0xdd, 0xff, 0xdd, 0xff, 0xdd, 0xff, 0xdd, 0xff, 0xdd, 0xff,
    0xdd, 0xff, 0xdd, 0xff, 0xdd, 0xff, 0xdd, 0xff, 0xdd, 0xff, 0xdd, 0xff, 0xdd, 0xff, 0xdd, 0xff,
    0xdd, 0xff, 0xdd, 0xff, 0xbd, 0xff, 0xbd, 0xff, 0xbd, 0xff, 0xbd, 0xff, 0xbd, 0xff, 0xbd, 0xff,
    0xbd, 0xff, 0xdd, 0xff, 0xbd, 0xff, 0xbd, 0xff, 0xbd, 0xff, 0xbd, 0xff, 0xbd, 0xff, 0xbd, 0xff,
    0xbd, 0xff, 0xbd, 0xff, 0xbd, 0xff, 0xbd, 0xff, 0xbd, 0xff, 0xbd, 0xff, 0xbd, 0xff, 0xbd, 0xff,
    0xbd, 0xff, 0xbd, 0xff, 0xbd, 0xff, 0xbd, 0xff, 0xbd, 0xff, 0xbd, 0xff, 0xbd, 0xff, 0xbd, 0xff,
    0xbd, 0xff, 0xbd, 0xff, 0xbd, 0xff, 0xbd, 0xff, 0x9d, 0xff, 0x9d, 0xff, 0x9d, 0xff, 0xbd, 0xff,
    0x9d, 0xff, 0x9d, 0xff, 0xbd, 0xff, 0x9d, 0xf7, 0x9d, 0xff, 0x9d, 0xff, 0x9d, 0xff, 0x9d, 0xff,
    0x9d, 0xff, 0x9d, 0xff, 0x9d, 0xff, 0x9d, 0xf7, 0x9d, 0xf7, 0x9d, 0xff, 0x9d, 0xff, 0x9d, 0xf7,
    0x9d, 0xff, 0x9d, 0xf7, 0x9d, 0xf7, 0x9d, 0xf7, 0x9d, 0xf7, 0x9d, 0xf7, 0x9d, 0xf7, 0x9d, 0xf7,
    0x9d, 0xf7, 0x9d, 0xf7, 0x9d, 0xf7, 0x9d, 0xf7, 0x9c, 0xf7, 0x9c, 0xf7, 0x9c, 0xf7, 0x9c, 0xf7,
    0x7c, 0xf7, 0x7c, 0xf7, 0x7c, 0xf7, 0x7c, 0xf7, 0x7c, 0xf7, 0x7c, 0xf7, 0x7c, 0xf7, 0x7c, 0xf7,
    0x7c, 0xf7, 0x7c, 0xf7, 0x7c, 0xf7, 0x7c, 0xf7, 0x7c, 0xf7, 0x7c, 0xf7, 0x7c, 0xf7, 0x7c, 0xf7,
    0x7c, 0xef, 0x7c, 0xef, 0x7c, 0xef, 0x7c, 0xf7, 0x7c, 0xf7, 0x7c, 0xef, 0x7c, 0xf7, 0x7c, 0xef,
    0x7c, 0xef, 0x7c, 0xef, 0x7c, 0xef, 0x5c, 0xf7, 0x7b, 0xef, 0x5c, 0xef, 0x5c, 0xef, 0x7c, 0xef,
    0x5c, 0xef, 0x5c, 0xef, 0x5c, 0xef, 0x5c, 0xef, 0x5c, 0xef, 0x5c, 0xef, 0x5c, 0xef, 0x5c, 0xef,
    0x5c, 0xef, 0x5c, 0xef, 0x5c, 0xef, 0x5c, 0xef, 0x5c, 0xef, 0x5c, 0xef, 0x5c, 0xef, 0x5c, 0xef,
    0x5c, 0xef, 0x5c, 0xef, 0x5c, 0xef, 0x3c, 0xef, 0x3c, 0xef, 0x3c, 0xef, 0x3c, 0xe7, 0x3c, 0xe7,
    0x3c, 0xe7, 0x3c, 0xe7, 0x3c, 0xe7, 0x3c, 0xe7, 0x3c, 0xe7, 0x3c, 0xe7, 0x1b, 0xe7, 0x1b, 0xe7,
    0x1b, 0xe7, 0x1b, 0xe7, 0x1b, 0xe7, 0x1b, 0xe7, 0x1b, 0xe7, 0x1b, 0xe7, 0x1b, 0xe7, 0x1b, 0xe7,
    0x1b, 0xe7, 0x1b, 0xe7, 0x1b, 0xe7, 0x1b, 0xe7, 0x1b, 0xe7, 0x1b, 0xe7, 0x1b, 0xe7, 0x1b, 0xe7,
    0x1b, 0xe7, 0x1b, 0xe7, 0x1b, 0xe7, 0x1b, 0xe7, 0x1b, 0xe7, 0x1b, 0xe7, 0x1b, 0xe7, 0x1b, 0xe7,
    0xfb, 0xde, 0xfb, 0xe6, 0xfb, 0xde, 0xfb, 0xde, 0xfb, 0xde, 0xfb, 0xde, 0xfb, 0xde, 0xfb, 0xde,
    0xfb, 0xde, 0xfb, 0xde, 0xfb, 0xde, 0xfb, 0xde, 0xfb, 0xde, 0xfb, 0xde, 0xfb, 0xde, 0xfb, 0xde,
    0xfb, 0xde, 0xfb, 0xde, 0xdb, 0xde, 0xdb, 0xde, 0xdb, 0xde, 0xdb, 0xde, 0xda, 0xde, 0xda, 0xde,
    0xdb, 0xde, 0xda, 0xde, 0xda, 0xde, 0xda, 0xde, 0xda, 0xde, 0xda, 0xde, 0xda, 0xde, 0xda, 0xde,
    0xda, 0xde, 0xda, 0xde, 0xda, 0xde, 0xda, 0xde, 0xba, 0xd6, 0xba, 0xd6, 0xba, 0xd6, 0xba, 0xd6,
    0xba, 0xd6, 0xba, 0xd6, 0xba, 0xd6, 0xba, 0xd6, 0xba, 0xd6, 0xba, 0xd6, 0xba, 0xd6, 0xba, 0xd6,
    0xba, 0xd6, 0xba, 0xd6, 0xba, 0xd6, 0xba, 0xd6, 0xba, 0xd6, 0xba, 0xd6, 0xba, 0xd6, 0xba, 0xd6,
    0xba, 0xd6, 0xba, 0xd6, 0xba, 0xd6, 0xba, 0xd6, 0xba, 0xd6, 0xba, 0xd6, 0xba, 0xd6, 0xba, 0xd6,
    0xba, 0xd6, 0xba, 0xd6, 0xb9, 0xd6, 0xba, 0xd6, 0xba, 0xd6, 0xba, 0xd6, 0xba, 0xd6, 0xba, 0xd6,
    0xff, 0xff, 0xff, 0xff, 0xff, 0xff, 0xff, 0xff, 0xff, 0xff, 0xff, 0xff, 0xfe, 0xff, 0xfe, 0xff,
    0xfe, 0xff, 0xfe, 0xff, 0xfe, 0xff, 0xfe, 0xff, 0xfe, 0xff, 0xfe, 0xff, 0xfe, 0xff, 0xfe, 0xff,
    0xfe, 0xff, 0xfe, 0xff, 0xfe, 0xff, 0xfe, 0xff, 0xfe, 0xff, 0xfe, 0xff, 0xfe, 0xff, 0xfe, 0xff,
    0xfe, 0xff, 0xfe, 0xff, 0xfe, 0xff, 0xfe, 0xff, 0xfe, 0xff, 0xfe, 0xff, 0xfe, 0xff, 0xfe, 0xff,
    0xfe, 0xff, 0xfe, 0xff, 0xfe, 0xff, 0xfe, 0xff, 0xfe, 0xff, 0xfe, 0xff, 0xfe, 0xff, 0xfd, 0xff,
    0xfe, 0xff, 0xfe, 0xff, 0xde, 0xff, 0xde, 0xff, 0xfe, 0xff, 0xfe, 0xff, 0xde, 0xff, 0xfe, 0xff,
    0xfe, 0xff, 0xde, 0xff, 0xde, 0xff, 0xde, 0xff, 0xdd, 0xff, 0xfd, 0xff, 0xfe, 0xff, 0xde, 0xff,
    0xde, 0xff, 0xde, 0xff, 0xde, 0xff, 0xde, 0xff, 0xde, 0xff, 0xfe, 0xff, 0xfe, 0xff, 0xde, 0xff,
    0xde, 0xff, 0xdd, 0xff, 0xdd, 0xff, 0xdd, 0xff, 0xde, 0xff, 0xdd, 0xff, 0xdd, 0xff, 0xdd, 0xff,
    0xdd, 0xff, 0xdd, 0xff, 0xdd, 0xff, 0xdd, 0xff, 0xdd, 0xff, 0xdd, 0xff, 0xdd, 0xff, 0xdd, 0xff,
    0xdd, 0xff, 0xdd, 0xff, 0xdd, 0xff, 0xdd, 0xff, 0xdd, 0xff, 0xdd, 0xff, 0xdd, 0xff, 0xdd, 0xff,
    0xbd, 0xff, 0xbd, 0xff, 0xbd, 0xff, 0xbd, 0xff, 0xbd, 0xff, 0xbd, 0xff, 0xbd, 0xff, 0xbd, 0xff,
    0xbd, 0xff, 0xbd, 0xff, 0xbd, 0xff, 0xbd, 0xff, 0xbd, 0xff, 0xbd, 0xff, 0xbd, 0xff, 0xbd, 0xff,
    0xbd, 0xff, 0xbd, 0xff, 0xbd, 0xff, 0xbd, 0xff, 0xbd, 0xff, 0xbd, 0xff, 0xbd, 0xff, 0xbd, 0xff,
    0xbd, 0xff, 0xbd, 0xff, 0xbd, 0xff, 0xbd, 0xff, 0xbd, 0xff, 0xbd, 0xff, 0xbd, 0xff, 0xbd, 0xff,
    0xbd, 0xff, 0x9d, 0xff, 0xbd, 0xff, 0xbd, 0xff, 0x9d, 0xff, 0xbd, 0xff, 0xbd, 0xff, 0xbd, 0xff,
    0x9d, 0xff, 0xbd, 0xff, 0x9d, 0xff, 0x9d, 0xff, 0x9d, 0xff, 0x9d, 0xf7, 0x9d, 0xff, 0x9d, 0xff,
    0x9d, 0xff, 0x9d, 0xf7, 0x9d, 0xf7, 0x9d, 0xff, 0x9d, 0xff, 0x9d, 0xff, 0x9d, 0xf7, 0x9d, 0xf7,
    0x9d, 0xf7, 0x9d, 0xf7, 0x9d, 0xf7, 0x9d, 0xf7, 0x9d, 0xf7, 0x9d, 0xf7, 0x9d, 0xf7, 0x9d, 0xf7,
    0x9d, 0xf7, 0x9d, 0xf7, 0x9d, 0xf7, 0x9d, 0xf7, 0x9c, 0xf7, 0x9c, 0xf7, 0x9c, 0xf7, 0x9c, 0xf7,
    0x9c, 0xf7, 0x9c, 0xf7, 0x7c, 0xf7, 0x7c, 0xf7, 0x7c, 0xf7, 0x7c, 0xf7, 0x7c, 0xf7, 0x7c, 0xf7,
    0x7c, 0xf7, 0x7c, 0xf7, 0x7c, 0xf7, 0x7c, 0xf7, 0x7c, 0xf7, 0x7c, 0xf7, 0x7c, 0xf7, 0x7c, 0xf7,
    0x7c, 0xf7, 0x7c, 0xf7, 0x7c, 0xef, 0x7c, 0xef, 0x7c, 0xf7, 0x7c, 0xef, 0x7c, 0xef, 0x7c, 0xef,
    0x7c, 0xef, 0x7c, 0xef, 0x5c, 0xef, 0x7c, 0xef, 0x7c, 0xef, 0x5c, 0xef, 0x5c, 0xef, 0x5c, 0xef,
    0x5c, 0xef, 0x5c, 0xef, 0x5c, 0xef, 0x5c, 0xef, 0x5c, 0xef, 0x5c, 0xef, 0x5c, 0xef, 0x5c, 0xef,
    0x5c, 0xef, 0x5c, 0xef, 0x5c, 0xef, 0x5c, 0xef, 0x5c, 0xef, 0x5c, 0xef, 0x5c, 0xef, 0x5c, 0xef,
    0x5c, 0xef, 0x5c, 0xef, 0x5c, 0xef, 0x3c, 0xef, 0x3c, 0xef, 0x3c, 0xe7, 0x3c, 0xe7, 0x3c, 0xe7,
    0x3c, 0xe7, 0x3c, 0xe7, 0x3b, 0xe7, 0x3c, 0xe7, 0x3c, 0xe7, 0x3c, 0xe7, 0x3c, 0xe7, 0x3b, 0xe7,
    0x1b, 0xe7, 0x1b, 0xe7, 0x1b, 0xe7, 0x1b, 0xe7, 0x1b, 0xe7, 0x1b, 0xe7, 0x1b, 0xe7, 0x1b, 0xe7,
    0x1b, 0xe7, 0x1b, 0xe7, 0x1b, 0xe7, 0x1b, 0xe7, 0x1b, 0xe7, 0x1b, 0xe7, 0x1b, 0xe7, 0x1b, 0xe7,
    0x1b, 0xe7, 0x1b, 0xe7, 0x1b, 0xe7, 0x1b, 0xe7, 0x1b, 0xe7, 0xfb, 0xe6, 0x1b, 0xe7, 0xfb, 0xe6,
    0xfb, 0xe6, 0xfb, 0xe6, 0xfb, 0xde, 0xfb, 0xde, 0xfb, 0xde, 0xfb, 0xde, 0xfb, 0xde, 0xfb, 0xde,
    0xfb, 0xde, 0xfb, 0xde, 0xfb, 0xde, 0xfb, 0xde, 0xfb, 0xde, 0xfb, 0xde, 0xfb, 0xde, 0xfb, 0xde,
    0xfb, 0xde, 0xdb, 0xde, 0xdb, 0xde, 0xdb, 0xde, 0xdb, 0xde, 0xda, 0xde, 0xda, 0xde, 0xda, 0xde,
    0xda, 0xde, 0xda, 0xde, 0xda, 0xde, 0xda, 0xde, 0xda, 0xde, 0xda, 0xde, 0xda, 0xde, 0xda, 0xde,
    0xda, 0xde, 0xda, 0xde, 0xda, 0xde, 0xda, 0xd6, 0xba, 0xd6, 0xba, 0xd6, 0xba, 0xd6, 0xba, 0xd6,
    0xba, 0xd6, 0xba, 0xd6, 0xba, 0xd6, 0xba, 0xd6, 0xba, 0xd6, 0xba, 0xd6, 0xba, 0xd6, 0xba, 0xd6,
    0xba, 0xd6, 0xba, 0xd6, 0xba, 0xd6, 0xba, 0xd6, 0xba, 0xd6, 0xba, 0xd6, 0xba, 0xd6, 0xba, 0xd6,
    0xba, 0xd6, 0xba, 0xd6, 0xba, 0xd6, 0xba, 0xd6, 0xba, 0xd6, 0xba, 0xd6, 0xba, 0xd6, 0xba, 0xd6,
    0xba, 0xd6, 0xba, 0xd6, 0xba, 0xd6, 0xba, 0xd6, 0xba, 0xd6, 0xba, 0xd6, 0xba, 0xd6, 0xba, 0xd6,
    0xff, 0xff, 0xff, 0xff, 0xff, 0xff, 0xff, 0xff, 0xff, 0xff, 0xff, 0xff, 0xfe, 0xff, 0xfe, 0xff,
    0xfe, 0xff, 0xfe, 0xff, 0xfe, 0xff, 0xfe, 0xff, 0xfe, 0xff, 0xfe, 0xff, 0xfe, 0xff, 0xfe, 0xff,
    0xfe, 0xff, 0xfe, 0xff, 0xfe, 0xff, 0xfe, 0xff, 0xfe, 0xff, 0xfe, 0xff, 0xfe, 0xff, 0xfe, 0xff,
    0xfe, 0xff, 0xfe, 0xff, 0xfe, 0xff, 0xfe, 0xff, 0xfe, 0xff, 0xfe, 0xff, 0xfe, 0xff, 0xfe, 0xff,
    0xfe, 0xff, 0xfe, 0xff, 0xfe, 0xff, 0xfe, 0xff, 0xde, 0xff, 0xfe, 0xff, 0xfe, 0xff, 0xfe, 0xff,
    0xfe, 0xff, 0xfe, 0xff, 0xfe, 0xff, 0xdd, 0xff, 0xde, 0xff, 0xfe, 0xff, 0xde, 0xff, 0xdd, 0xff,
    0xde, 0xff, 0xde, 0xff, 0xde, 0xff, 0xde, 0xff, 0xdd, 0xff, 0xdd, 0xff, 0xfe, 0xff, 0xfe, 0xff,
    0xde, 0xff, 0xfe, 0xff, 0xde, 0xff, 0xde, 0xff, 0xde, 0xff, 0xfe, 0xff, 0xfe, 0xff, 0xde, 0xff,
    0xde, 0xff, 0xdd, 0xff, 0xdd, 0xff, 0xde, 0xff, 0xdd, 0xff, 0xdd, 0xff, 0xdd, 0xff, 0xdd, 0xff,
    0xdd, 0xff, 0xdd, 0xff, 0xdd, 0xff, 0xdd, 0xff, 0xdd, 0xff, 0xdd, 0xff, 0xdd, 0xff, 0xdd, 0xff,
    0xdd, 0xff, 0xdd, 0xff, 0xdd, 0xff, 0xdd, 0xff, 0xdd, 0xff, 0xdd, 0xff, 0xdd, 0xff, 0xbd, 0xff,
    0xbd, 0xff, 0xbd, 0xff, 0xbd, 0xff, 0xbd, 0xff, 0xbd, 0xff, 0xbd, 0xff, 0xbd, 0xff, 0xbd, 0xff,
    0xbd, 0xff, 0xbd, 0xff, 0xbd, 0xff, 0xbd, 0xff, 0xbd, 0xff, 0xbd, 0xff, 0xbd, 0xff, 0xbd, 0xff,
    0xbd, 0xff, 0xbd, 0xff, 0xbd, 0xff, 0xbd, 0xff, 0xbd, 0xff, 0xbd, 0xff, 0xbd, 0xff, 0xbd, 0xff,
    0xbd, 0xff, 0xbd, 0xff, 0xbd, 0xff, 0xbd, 0xff, 0xbd, 0xff, 0xbd, 0xff, 0xbd, 0xff, 0xbd, 0xff,
    0xbd, 0xff, 0xbd, 0xff, 0x9d, 0xff, 0xbd, 0xff, 0x9d, 0xff, 0xbd, 0xff, 0xbd, 0xff, 0xbd, 0xff,
    0xbd, 0xff, 0x9d, 0xff, 0x9d, 0xff, 0x9d, 0xff, 0x9d, 0xff, 0x9d, 0xf7, 0x9d, 0xff, 0x9d, 0xff,
    0x9d, 0xff, 0x9d, 0xf7, 0x9d, 0xf7, 0x9d, 0xff, 0x9d, 0xff, 0x9d, 0xff, 0x9d, 0xff, 0x9d, 0xf7,
    0x9d, 0xf7, 0x9d, 0xf7, 0x9d, 0xf7, 0x9d, 0xf7, 0x9d, 0xf7, 0x9d, 0xf7, 0x9d, 0xf7, 0x9d, 0xf7,
    0x9d, 0xf7, 0x9d, 0xf7, 0x9c, 0xf7, 0x9c, 0xf7, 0x9c, 0xf7, 0x9c, 0xf7, 0x9c, 0xf7, 0x9c, 0xf7,
    0x7c, 0xf7, 0x9c, 0xf7, 0x7c, 0xf7, 0x7c, 0xf7, 0x7c, 0xf7, 0x7c, 0xf7, 0x7c, 0xf7, 0x7c, 0xf7,
    0x7c, 0xf7, 0x7c, 0xf7, 0x7c, 0xf7, 0x7c, 0xf7, 0x7c, 0xf7, 0x7c, 0xf7, 0x7c, 0xf7, 0x7c, 0xf7,
    0x7c, 0xf7, 0x7c, 0xf7, 0x7c, 0xef, 0x7c, 0xef, 0x7c, 0xf7, 0x7c, 0xef, 0x7c, 0xef, 0x7c, 0xef,
    0x7c, 0xef, 0x7c, 0xef, 0x7c, 0xef, 0x5c, 0xef, 0x5c, 0xef, 0x5c, 0xf7, 0x5c, 0xef, 0x5c, 0xef,
    0x5c, 0xef, 0x5c, 0xef, 0x5c, 0xef, 0x5c, 0xef, 0x5c, 0xef, 0x5c, 0xef, 0x5c, 0xef, 0x5c, 0xef,
    0x5c, 0xef, 0x5c, 0xef, 0x5c, 0xef, 0x5c, 0xef, 0x5c, 0xef, 0x5c, 0xef, 0x5c, 0xef, 0x5c, 0xef,
    0x5c, 0xef, 0x5c, 0xef, 0x5c, 0xef, 0x3c, 0xef, 0x3c, 0xe7, 0x3c, 0xef, 0x3c, 0xe7, 0x3c, 0xe7,
    0x3c, 0xe7, 0x3c, 0xe7, 0x3c, 0xe7, 0x3c, 0xe7, 0x3c, 0xe7, 0x3c, 0xe7, 0x3c, 0xe7, 0x3b, 0xe7,
    0x1b, 0xe7, 0x1b, 0xe7, 0x1b, 0xe7, 0x1b, 0xe7, 0x1b, 0xe7, 0x1b, 0xe7, 0x1b, 0xe7, 0x1b, 0xe7,
    0x1b, 0xe7, 0x1b, 0xe7, 0x1b, 0xe7, 0x1b, 0xe7, 0x1b, 0xe7, 0x1b, 0xe7, 0x1b, 0xe7, 0x1b, 0xe7,
    0x1b, 0xe7, 0x1b, 0xe7, 0x1b, 0xe7, 0x1b, 0xe7, 0x1b, 0xe7, 0x1b, 0xe7, 0x1b, 0xe7, 0x1b, 0xe7,
    0xfb, 0xde, 0xfb, 0xde, 0xfb, 0xe6, 0xfb, 0xde, 0xfb, 0xe6, 0xfb, 0xe6, 0xfb, 0xe6, 0xfb, 0xde,
    0xfb, 0xde, 0xfb, 0xde, 0xfb, 0xde, 0xfb, 0xde, 0xfb, 0xde, 0xfb, 0xde, 0xfb, 0xde, 0xdb, 0xde,
    0xdb, 0xde, 0xdb, 0xde, 0xdb, 0xde, 0xdb, 0xde, 0xdb, 0xde, 0xda, 0xde, 0xda, 0xde, 0xda, 0xde,
    0xda, 0xde, 0xda, 0xde, 0xda, 0xde, 0xda, 0xde, 0xda, 0xde, 0xdb, 0xde, 0xda, 0xde, 0xda, 0xde,
    0xdb, 0xde, 0xdb, 0xde, 0xdb, 0xde, 0xda, 0xd6, 0xba, 0xd6, 0xba, 0xd6, 0xba, 0xd6, 0xba, 0xd6,
    0xba, 0xd6, 0xba, 0xd6, 0xba, 0xd6, 0xba, 0xd6, 0xba, 0xd6, 0xba, 0xd6, 0xba, 0xd6, 0xba, 0xd6,
    0xba, 0xd6, 0xba, 0xd6, 0xba, 0xd6, 0xba, 0xd6, 0xba, 0xd6, 0xba, 0xd6, 0xba, 0xd6, 0xba, 0xd6,
    0xba, 0xd6, 0xba, 0xd6, 0xba, 0xd6, 0xba, 0xd6, 0xba, 0xd6, 0xba, 0xd6, 0xba, 0xd6, 0xba, 0xd6,
    0xba, 0xd6, 0xba, 0xd6, 0xba, 0xd6, 0xba, 0xd6, 0xba, 0xd6, 0xba, 0xd6, 0xba, 0xd6, 0xba, 0xd6,
    0xff, 0xff, 0xff, 0xff, 0xff, 0xff, 0xff, 0xff, 0xff, 0xff, 0xff, 0xff, 0xff, 0xff, 0xfe, 0xff,
    0xfe, 0xff, 0xfe, 0xff, 0xfe, 0xff, 0xfe, 0xff, 0xfe, 0xff, 0xfe, 0xff, 0xfe, 0xff, 0xfe, 0xff,
    0xfe, 0xff, 0xfe, 0xff, 0xfe, 0xff, 0xfe, 0xff, 0xfe, 0xff, 0xfe, 0xff, 0xfe, 0xff, 0xfe, 0xff,
    0xfe, 0xff, 0xfe, 0xff, 0xfe, 0xff, 0xfe, 0xff, 0xfe, 0xff, 0xfe, 0xff, 0xfe, 0xff, 0xfe, 0xff,
    0xfe, 0xff, 0xfe, 0xff, 0xfe, 0xff, 0xfe, 0xff, 0xde, 0xff, 0xfe, 0xff, 0xfe, 0xff, 0xfe, 0xff,
    0xfe, 0xff, 0xfe, 0xff, 0xde, 0xff, 0xfe, 0xff, 0xde, 0xff, 0xfe, 0xff, 0xde, 0xff, 0xdd, 0xff,
    0xde, 0xff, 0xde, 0xff, 0xde, 0xff, 0xde, 0xff, 0xde, 0xff, 0xde, 0xff, 0xfe, 0xff, 0xde, 0xff,
    0xde, 0xff, 0xde, 0xff, 0xde, 0xff, 0xde, 0xff, 0xfe, 0xff, 0xde, 0xff, 0xde, 0xff, 0xfe, 0xff,
    0xde, 0xff, 0xde, 0xff, 0xdd, 0xff, 0xdd, 0xff, 0xdd, 0xff, 0xdd, 0xff, 0xdd, 0xff, 0xdd, 0xff,
    0xdd, 0xff, 0xdd, 0xff, 0xdd, 0xff, 0xdd, 0xff, 0xdd, 0xff, 0xdd, 0xff, 0xdd, 0xff, 0xdd, 0xff,
    0xdd, 0xff, 0xdd, 0xff, 0xdd, 0xff, 0xdd, 0xff, 0xdd, 0xff, 0xdd, 0xff, 0xdd, 0xff, 0xdd, 0xff,
    0xdd, 0xff, 0xbd, 0xff, 0xbd, 0xff, 0xbd, 0xff, 0xbd, 0xff, 0xbd, 0xff, 0xbd, 0xff, 0xbd, 0xff,
    0xbd, 0xff, 0xbd, 0xff, 0xbd, 0xff, 0xbd, 0xff, 0xbd, 0xff, 0xbd, 0xff, 0xbd, 0xff, 0xbd, 0xff,
    0xbd, 0xff, 0xbd, 0xff, 0xbd, 0xff, 0xbd, 0xff, 0xbd, 0xff, 0xbd, 0xff, 0xbd, 0xff, 0xbd, 0xff,
    0xbd, 0xff, 0xbd, 0xff, 0xbd, 0xff, 0xbd, 0xff, 0xbd, 0xff, 0xbd, 0xff, 0xbd, 0xff, 0xbd, 0xff,
    0xbd, 0xff, 0x9d, 0xff, 0x9d, 0xff, 0x9d, 0xff, 0x9d, 0xff, 0x9d, 0xff, 0x9d, 0xff, 0x9d, 0xff,
    0x9d, 0xff, 0x9d, 0xf7, 0x9d, 0xff, 0x9d, 0xff, 0x9d, 0xf7, 0x9d, 0xff, 0x9d, 0xff, 0x9d, 0xff,
    0x9d, 0xf7, 0x9d, 0xff, 0x9d, 0xff, 0x9d, 0xff, 0x9d, 0xf7, 0x9d, 0xff, 0x9d, 0xf7, 0x9d, 0xf7,
    0x9d, 0xf7, 0x9d, 0xf7, 0x9d, 0xf7, 0x9d, 0xf7, 0x9d, 0xf7, 0x9d, 0xf7, 0x9d, 0xf7, 0x9d, 0xf7,
    0x9d, 0xf7, 0x9c, 0xf7, 0x7c, 0xf7, 0x7c, 0xf7, 0x9c, 0xf7, 0x9c, 0xf7, 0x9c, 0xf7, 0x9c, 0xf7,
    0x9c, 0xf7, 0x7c, 0xf7, 0x7c, 0xf7, 0x7c, 0xf7, 0x7c, 0xf7, 0x7c, 0xf7, 0x7c, 0xf7, 0x7c, 0xf7,
    0x7c, 0xf7, 0x7c, 0xf7, 0x7c, 0xf7, 0x7c, 0xf7, 0x7c, 0xf7, 0x7c, 0xf7, 0x7c, 0xf7, 0x7c, 0xf7,
    0x7c, 0xf7, 0x7c, 0xf7, 0x7c, 0xf7, 0x7c, 0xf7, 0x7d, 0xf7, 0x7c, 0xef, 0x7c, 0xef, 0x7c, 0xef,
    0x7c, 0xef, 0x7c, 0xef, 0x7c, 0xef, 0x5c, 0xef, 0x5c, 0xef, 0x5c, 0xef, 0x5c, 0xef, 0x5c, 0xef,
    0x5c, 0xef, 0x5c, 0xef, 0x5c, 0xef, 0x5c, 0xef, 0x5c, 0xef, 0x5c, 0xef, 0x5c, 0xef, 0x5c, 0xef,
    0x5c, 0xef, 0x5c, 0xef, 0x5c, 0xef, 0x5c, 0xef, 0x5c, 0xef, 0x5c, 0xef, 0x5c, 0xef, 0x5c, 0xef,
    0x5c, 0xef, 0x5c, 0xef, 0x3c, 0xef, 0x3c, 0xe7, 0x3c, 0xef, 0x3c, 0xef, 0x3c, 0xe7, 0x3c, 0xe7,
    0x3c, 0xe7, 0x3c, 0xe7, 0x3c, 0xe7, 0x3c, 0xe7, 0x3c, 0xe7, 0x3c, 0xe7, 0x3c, 0xe7, 0x3c, 0xe7,
    0x3c, 0xe7, 0x3c, 0xe7, 0x1b, 0xe7, 0x1b, 0xe7, 0x1b, 0xe7, 0x1b, 0xe7, 0x1b, 0xe7, 0x1b, 0xe7,
    0x1b, 0xe7, 0x1b, 0xe7, 0x1b, 0xe7, 0x1b, 0xe7, 0x1b, 0xe7, 0x1b, 0xe7, 0x1b, 0xe7, 0x1b, 0xe7,
    0x1b, 0xe7, 0x1b, 0xe7, 0x1b, 0xe7, 0x1b, 0xe7, 0x1b, 0xe7, 0xfb, 0xe6, 0x1b, 0xe7, 0xfb, 0xe6,
    0xfb, 0xe6, 0xfb, 0xe6, 0xfb, 0xe6, 0xfb, 0xde, 0xfb, 0xde, 0xfb, 0xde, 0xfb, 0xe6, 0xfb, 0xde,
    0xfb, 0xde, 0xfb, 0xde, 0xfb, 0xde, 0xfb, 0xde, 0xfb, 0xde, 0xfb, 0xde, 0xfb, 0xde, 0xfb, 0xde,
    0xdb, 0xde, 0xdb, 0xde, 0xdb, 0xde, 0xdb, 0xde, 0xdb, 0xde, 0xdb, 0xde, 0xda, 0xde, 0xda, 0xde,
    0xda, 0xde, 0xda, 0xde, 0xda, 0xde, 0xda, 0xde, 0xda, 0xde, 0xda, 0xde, 0xdb, 0xde, 0xdb, 0xde,
    0xdb, 0xde, 0xdb, 0xde, 0xda, 0xde, 0xba, 0xd6, 0xba, 0xd6, 0xba, 0xd6, 0xba, 0xd6, 0xba, 0xd6,
    0xba, 0xd6, 0xba, 0xd6, 0xba, 0xd6, 0xba, 0xd6, 0xba, 0xd6, 0xba, 0xd6, 0xba, 0xd6, 0xba, 0xd6,
    0xba, 0xd6, 0xba, 0xd6, 0xba, 0xd6, 0xba, 0xd6, 0xba, 0xd6, 0xba, 0xd6, 0xba, 0xd6, 0xba, 0xd6,
    0xba, 0xd6, 0xba, 0xd6, 0xba, 0xd6, 0xba, 0xd6, 0xba, 0xd6, 0xba, 0xd6, 0xba, 0xd6, 0xba, 0xd6,
    0xba, 0xd6, 0xba, 0xd6, 0xba, 0xd6, 0xba, 0xd6, 0xba, 0xd6, 0xba, 0xd6, 0xba, 0xd6, 0xba, 0xd6,
    0xff, 0xff, 0xff, 0xff, 0xff, 0xff, 0xff, 0xff, 0xff, 0xff, 0xfe, 0xff, 0xff, 0xff, 0xfe, 0xff,
    0xfe, 0xff, 0xfe, 0xff, 0xfd, 0xff, 0xfe, 0xff, 0xfe, 0xff, 0xfe, 0xff, 0xfe, 0xff, 0xfe, 0xff,
    0xfe, 0xff, 0xfe, 0xff, 0xfe, 0xff, 0xfe, 0xff, 0xfe, 0xff, 0xfe, 0xff, 0xfe, 0xff, 0xfe, 0xff,
    0xfe, 0xff, 0xfe, 0xff, 0xfe, 0xff, 0xfe, 0xff, 0xfe, 0xff, 0xfe, 0xff, 0xfe, 0xff, 0xfe, 0xff,
    0xfe, 0xff, 0xfe, 0xff, 0xfe, 0xff, 0xfe, 0xff, 0xfe, 0xff, 0xfe, 0xff, 0xfe, 0xff, 0xfe, 0xff,
    0xfe, 0xff, 0xfe, 0xff, 0xde, 0xff, 0xde, 0xff, 0xde, 0xff, 0xde, 0xff, 0xde, 0xff, 0xde, 0xff,
    0xdd, 0xff, 0xdd, 0xff, 0xdd, 0xff, 0xdd, 0xff, 0xde, 0xff, 0xde, 0xff, 0xfe, 0xff, 0xde, 0xff,
    0xde, 0xff, 0xdd, 0xff, 0xde, 0xff, 0xde, 0xff, 0xde, 0xff, 0xde, 0xff, 0xdd, 0xff, 0xde, 0xff,
    0xde, 0xff, 0xde, 0xff, 0xde, 0xff, 0xdd, 0xff, 0xdd, 0xff, 0xdd, 0xff, 0xdd, 0xff, 0xdd, 0xff,
    0xdd, 0xff, 0xdd, 0xff, 0xdd, 0xff, 0xdd, 0xff, 0xdd, 0xff, 0xdd, 0xff, 0xdd, 0xff, 0xdd, 0xff,
    0xdd, 0xff, 0xdd, 0xff, 0xdd, 0xff, 0xdd, 0xff, 0xdd, 0xff, 0xdd, 0xff, 0xdd, 0xff, 0xdd, 0xff,
    0xdd, 0xff, 0xbd, 0xff, 0xbd, 0xff, 0xbd, 0xff, 0xbd, 0xff, 0xbd, 0xff, 0xbd, 0xff, 0xbd, 0xff,
    0xbd, 0xff, 0xbd, 0xff, 0xbd, 0xff, 0xbd, 0xff, 0xbd, 0xff, 0xbd, 0xff, 0xbd, 0xff, 0xbd, 0xff,
    0xbd, 0xff, 0xbd, 0xff, 0xbd, 0xff, 0xbd, 0xff, 0xbd, 0xff, 0xbd, 0xff, 0xbd, 0xff, 0xbd, 0xff,
    0xbd, 0xff, 0xbd, 0xff, 0xbd, 0xff, 0xbd, 0xff, 0xbd, 0xff, 0xbd, 0xff, 0xbd, 0xff, 0xbd, 0xff,
    0xbd, 0xff, 0x9d, 0xff, 0xbd, 0xff, 0x9d, 0xff, 0x9d, 0xff, 0x9d, 0xff, 0x9d, 0xf7, 0x9d, 0xf7,
    0xbd, 0xf7, 0x9d, 0xf7, 0xbd, 0xff, 0x9d, 0xff, 0xbd, 0xff, 0x9d, 0xff, 0x9d, 0xf7, 0xbd, 0xf7,
    0x9d, 0xff, 0x9d, 0xf7, 0x9d, 0xf7, 0x9d, 0xff, 0xbd, 0xf7, 0x9d, 0xff, 0x9d, 0xf7, 0x9d, 0xf7,
    0x9d, 0xf7, 0x9d, 0xf7, 0x9d, 0xf7, 0x9d, 0xf7, 0x9d, 0xf7, 0x9c, 0xf7, 0x9d, 0xf7, 0x9c, 0xf7,
    0x9d, 0xf7, 0x9c, 0xf7, 0x7c, 0xf7, 0x7c, 0xf7, 0x7c, 0xf7, 0x9c, 0xf7, 0x9c, 0xf7, 0x9c, 0xf7,
    0x9c, 0xf7, 0x7d, 0xf7, 0x7c, 0xf7, 0x7c, 0xf7, 0x7c, 0xf7, 0x7c, 0xf7, 0x7c, 0xf7, 0x7c, 0xf7,
    0x7c, 0xf7, 0x7c, 0xf7, 0x7c, 0xf7, 0x7c, 0xf7, 0x7c, 0xf7, 0x7c, 0xf7, 0x7c, 0xf7, 0x7c, 0xf7,
    0x7c, 0xf7, 0x7d, 0xf7, 0x7c, 0xf7, 0x7c, 0xef, 0x7c, 0xf7, 0x7c, 0xef, 0x7c, 0xef, 0x7c, 0xef,
    0x7c, 0xef, 0x7c, 0xef, 0x7c, 0xef, 0x7c, 0xef, 0x5c, 0xef, 0x5c, 0xef, 0x5c, 0xef, 0x5c, 0xef,
    0x5c, 0xef, 0x5c, 0xef, 0x5c, 0xef, 0x5c, 0xef, 0x5c, 0xef, 0x5c, 0xef, 0x5c, 0xef, 0x5c, 0xef,
    0x5c, 0xef, 0x5c, 0xef, 0x5c, 0xef, 0x5c, 0xef, 0x5c, 0xef, 0x5c, 0xef, 0x3c, 0xef, 0x5c, 0xef,
    0x5c, 0xef, 0x3c, 0xef, 0x3c, 0xef, 0x3c, 0xe7, 0x3c, 0xef, 0x3c, 0xef, 0x3c, 0xe7, 0x3c, 0xe7,
    0x3c, 0xe7, 0x3c, 0xe7, 0x3c, 0xe7, 0x3c, 0xe7, 0x3c, 0xe7, 0x3c, 0xe7, 0x3b, 0xe7, 0x3c, 0xe7,
    0x3c, 0xe7, 0x3c, 0xe7, 0x3b, 0xe7, 0x1c, 0xe7, 0x1b, 0xe7, 0x1b, 0xe7, 0x1b, 0xe7, 0x1b, 0xe7,
    0x1b, 0xe7, 0x1b, 0xe7, 0x1b, 0xe7, 0x1b, 0xe7, 0x1b, 0xe7, 0x1b, 0xe7, 0x1b, 0xe7, 0x1b, 0xe7,
    0x1b, 0xe7, 0x1b, 0xe7, 0x1b, 0xe7, 0x1b, 0xe7, 0x1b, 0xe7, 0x1b, 0xe7, 0xfb, 0xde, 0xfb, 0xde,
    0xfb, 0xe6, 0xfb, 0xde, 0xfb, 0xde, 0xfb, 0xe6, 0xfb, 0xde, 0xfb, 0xe6, 0xfb, 0xe6, 0xfb, 0xde,
    0xfb, 0xe6, 0xfb, 0xde, 0xfb, 0xde, 0xfb, 0xde, 0xfb, 0xde, 0xfb, 0xde, 0xfb, 0xde, 0xdb, 0xde,
    0xdb, 0xde, 0xfb, 0xde, 0xdb, 0xde, 0xdb, 0xde, 0xdb, 0xde, 0xdb, 0xde, 0xda, 0xde, 0xda, 0xde,
    0xda, 0xde, 0xda, 0xde, 0xda, 0xde, 0xda, 0xde, 0xda, 0xde, 0xda, 0xde, 0xda, 0xde, 0xda, 0xde,
    0xda, 0xde, 0xdb, 0xde, 0xda, 0xd6, 0xba, 0xd6, 0xba, 0xd6, 0xba, 0xd6, 0xba, 0xd6, 0xba, 0xd6,
    0xba, 0xd6, 0xba, 0xd6, 0xba, 0xd6, 0xba, 0xd6, 0xba, 0xd6, 0xba, 0xd6, 0xba, 0xd6, 0xba, 0xd6,
    0xba, 0xd6, 0xba, 0xd6, 0xba, 0xd6, 0xba, 0xd6, 0xba, 0xd6, 0xba, 0xd6, 0xba, 0xd6, 0xba, 0xd6,
    0xba, 0xd6, 0xba, 0xd6, 0xba, 0xd6, 0xba, 0xd6, 0xba, 0xd6, 0xba, 0xd6, 0xba, 0xd6, 0xba, 0xd6,
    0xba, 0xd6, 0xba, 0xd6, 0xba, 0xd6, 0xba, 0xd6, 0xba, 0xd6, 0xba, 0xd6, 0xba, 0xd6, 0xba, 0xd6,
    0xff, 0xff, 0xff, 0xff, 0xff, 0xff, 0xff, 0xff, 0xff, 0xff, 0xfe, 0xff, 0xfe, 0xff, 0xfe, 0xff,
    0xfe, 0xff, 0xfe, 0xff, 0xfe, 0xff, 0xfe, 0xff, 0xfe, 0xff, 0xfe, 0xff, 0xfe, 0xff, 0xfe, 0xff,
    0xfe, 0xff, 0xfe, 0xff, 0xfe, 0xff, 0xfe, 0xff, 0xfe, 0xff, 0xde, 0xff, 0xfe, 0xff, 0xfe, 0xff,
    0xfe, 0xff, 0xfe, 0xff, 0xfe, 0xff, 0xfe, 0xff, 0xfe, 0xff, 0xfe, 0xff, 0xfe, 0xff, 0xfe, 0xff,
    0xfe, 0xff, 0xfe, 0xff, 0xfe, 0xff, 0xfe, 0xff, 0xfe, 0xff, 0xfe, 0xff, 0xfe, 0xff, 0xfe, 0xff,
    0xfe, 0xff, 0xfe, 0xff, 0xfe, 0xff, 0xde, 0xff, 0xde, 0xff, 0xde, 0xff, 0xde, 0xff, 0xfe, 0xff,
    0xde, 0xff, 0xde, 0xff, 0xde, 0xff, 0xdd, 0xff, 0xdd, 0xff, 0xde, 0xff, 0xde, 0xff, 0xde, 0xff,
    0xfe, 0xff, 0xde, 0xff, 0xde, 0xff, 0xde, 0xff, 0xde, 0xff, 0xde, 0xff, 0xde, 0xff, 0xde, 0xff,
    0xdd, 0xff, 0xde, 0xff, 0xdd, 0xff, 0xdd, 0xff, 0xdd, 0xff, 0xdd, 0xff, 0xdd, 0xff, 0xdd, 0xff,
    0xdd, 0xff, 0xdd, 0xff, 0xdd, 0xff, 0xdd, 0xff, 0xdd, 0xff, 0xdd, 0xff, 0xdd, 0xff, 0xdd, 0xff,
    0xdd, 0xff, 0xdd, 0xff, 0xdd, 0xff, 0xdd, 0xff, 0xdd, 0xff, 0xdd, 0xff, 0xdd, 0xff, 0xbd, 0xff,
    0xdd, 0xff, 0xbd, 0xff, 0xbd, 0xff, 0xbd, 0xff, 0xbd, 0xff, 0xbd, 0xff, 0xbd, 0xff, 0xbd, 0xff,
    0xbd, 0xff, 0xbd, 0xff, 0xbd, 0xff, 0xbd, 0xff, 0xbd, 0xff, 0xbd, 0xff, 0xbd, 0xff, 0xbd, 0xff,
    0xbd, 0xff, 0xbd, 0xff, 0xbd, 0xff, 0xbd, 0xff, 0xbd, 0xff, 0xbd, 0xff, 0xbd, 0xff, 0xbd, 0xff,
    0xbd, 0xff, 0xbd, 0xff, 0xbd, 0xff, 0xbd, 0xff, 0xbd, 0xff, 0xbd, 0xff, 0x9d, 0xff, 0x9d, 0xff,
    0x9d, 0xff, 0x9d, 0xff, 0x9d, 0xff, 0x9d, 0xff, 0x9d, 0xff, 0xbd, 0xff, 0x9d, 0xff, 0x9d, 0xff,
    0xbd, 0xff, 0xbd, 0xff, 0xbd, 0xf7, 0xbd, 0xff, 0xbd, 0xff, 0xbd, 0xf7, 0xbd, 0xff, 0xbd, 0xff,
    0xbd, 0xff, 0xbd, 0xff, 0x9d, 0xf7, 0x9d, 0xff, 0x9d, 0xf7, 0x9d, 0xff, 0x9d, 0xff, 0x9d, 0xff,
    0x9d, 0xf7, 0x9d, 0xf7, 0x9d, 0xf7, 0x9d, 0xf7, 0x9c, 0xf7, 0x9c, 0xf7, 0x9c, 0xf7, 0x9c, 0xf7,
    0x9c, 0xf7, 0x9c, 0xf7, 0x7c, 0xf7, 0x7c, 0xf7, 0x7c, 0xf7, 0x7c, 0xf7, 0x7c, 0xf7, 0x7c, 0xf7,
    0x7c, 0xf7, 0x7c, 0xf7, 0x7c, 0xf7, 0x7c, 0xf7, 0x7c, 0xf7, 0x7c, 0xf7, 0x7c, 0xf7, 0x7c, 0xf7,
    0x7c, 0xf7, 0x7c, 0xf7, 0x7c, 0xf7, 0x7c, 0xf7, 0x7c, 0xf7, 0x7c, 0xf7, 0x7c, 0xf7, 0x7c, 0xef,
    0x7c, 0xf7, 0x7c, 0xef, 0x7c, 0xf7, 0x7c, 0xf7, 0x7c, 0xef, 0x7c, 0xef, 0x7c, 0xef, 0x7c, 0xef,
    0x7c, 0xef, 0x7c, 0xef, 0x5c, 0xef, 0x7c, 0xef, 0x5c, 0xef, 0x5c, 0xef, 0x5c, 0xef, 0x5c, 0xef,
    0x5c, 0xef, 0x5c, 0xef, 0x5c, 0xef, 0x5c, 0xef, 0x5c, 0xef, 0x5c, 0xef, 0x5c, 0xef, 0x5c, 0xef,
    0x5c, 0xef, 0x5c, 0xef, 0x5c, 0xef, 0x5c, 0xef, 0x5c, 0xef, 0x5c, 0xef, 0x3c, 0xef, 0x3c, 0xef,
    0x3c, 0xef, 0x3c, 0xef, 0x3c, 0xef, 0x3c, 0xef, 0x3c, 0xef, 0x3c, 0xef, 0x3c, 0xe7, 0x3c, 0xe7,
    0x3c, 0xe7, 0x3b, 0xe7, 0x3c, 0xe7, 0x3c, 0xe7, 0x3c, 0xe7, 0x3c, 0xe7, 0x3c, 0xe7, 0x3c, 0xe7,
    0x3c, 0xe7, 0x3c, 0xe7, 0x3c, 0xe7, 0x3c, 0xe7, 0x1b, 0xe7, 0x1b, 0xe7, 0x1c, 0xe7, 0x1b, 0xe7,
    0x1c, 0xe7, 0x1b, 0xe7, 0x1b, 0xe7, 0x1c, 0xe7, 0x1b, 0xe7, 0x1b, 0xe7, 0x1b, 0xe7, 0x1b, 0xe7,
    0x1b, 0xe7, 0x1b, 0xe7, 0x1b, 0xe7, 0x1b, 0xe7, 0xfb, 0xe6, 0xfb, 0xe6, 0xfb, 0xde, 0xfb, 0xe6,
    0xfb, 0xe6, 0xfb, 0xde, 0xfb, 0xde, 0xfb, 0xde, 0xfb, 0xde, 0xfb, 0xde, 0xfb, 0xde, 0xfb, 0xde,
    0xfb, 0xde, 0xfb, 0xde, 0xfb, 0xde, 0xfb, 0xde, 0xfb, 0xde, 0xfb, 0xde, 0xfb, 0xde, 0xfb, 0xde,
    0xfb, 0xde, 0xdb, 0xde, 0xdb, 0xde, 0xdb, 0xde, 0xdb, 0xde, 0xdb, 0xde, 0xda, 0xde, 0xda, 0xde,
    0xda, 0xde, 0xda, 0xde, 0xda, 0xde, 0xda, 0xde, 0xda, 0xde, 0xda, 0xde, 0xda, 0xde, 0xda, 0xde,
    0xda, 0xde, 0xda, 0xde, 0xba, 0xd6, 0xba, 0xd6, 0xba, 0xd6, 0xba, 0xd6, 0xba, 0xd6, 0xba, 0xd6,
    0xba, 0xd6, 0xba, 0xd6, 0xba, 0xd6, 0xba, 0xd6, 0xba, 0xd6, 0xba, 0xd6, 0xba, 0xd6, 0xba, 0xd6,
    0xba, 0xd6, 0xba, 0xd6, 0xba, 0xd6, 0xba, 0xd6, 0xba, 0xd6, 0xba, 0xd6, 0xba, 0xd6, 0xba, 0xd6,
    0xba, 0xd6, 0xba, 0xd6, 0xba, 0xd6, 0xba, 0xd6, 0xba, 0xd6, 0xba, 0xd6, 0xba, 0xd6, 0xba, 0xd6,
    0xba, 0xd6, 0xba, 0xd6, 0xba, 0xd6, 0xba, 0xd6, 0xba, 0xd6, 0xba, 0xd6, 0xba, 0xd6, 0xba, 0xd6,
    0xff, 0xff, 0xff, 0xff, 0xff, 0xff, 0xff, 0xff, 0xff, 0xff, 0xff, 0xff, 0xfe, 0xff, 0xfe, 0xff,
    0xfe, 0xff, 0xff, 0xff, 0xfe, 0xff, 0xfe, 0xff, 0xfe, 0xff, 0xfe, 0xff, 0xfe, 0xff, 0xfe, 0xff,
    0xfe, 0xff, 0xfe, 0xff, 0xfe, 0xff, 0xfe, 0xff, 0xfe, 0xff, 0xde, 0xff, 0xfe, 0xff, 0xfe, 0xff,
    0xfe, 0xff, 0xfe, 0xff, 0xfe, 0xff, 0xfe, 0xff, 0xfe, 0xff, 0xfe, 0xff, 0xfe, 0xff, 0xfe, 0xff,
    0xfe, 0xff, 0xfe, 0xff, 0xfe, 0xff, 0xfe, 0xff, 0xfe, 0xff, 0xfe, 0xff, 0xfe, 0xff, 0xfe, 0xff,
    0xde, 0xff, 0xdd, 0xff, 0xde, 0xff, 0xde, 0xff, 0xde, 0xff, 0xde, 0xff, 0xde, 0xff, 0xde, 0xff,
    0xde, 0xff, 0xde, 0xff, 0xde, 0xff, 0xdd, 0xff, 0xdd, 0xff, 0xde, 0xff, 0xde, 0xff, 0xde, 0xff,
    0xde, 0xff, 0xde, 0xff, 0xde, 0xff, 0xde, 0xff, 0xde, 0xff, 0xde, 0xff, 0xdd, 0xff, 0xde, 0xff,
    0xdd, 0xff, 0xdd, 0xff, 0xdd, 0xff, 0xdd, 0xff, 0xdd, 0xff, 0xdd, 0xff, 0xde, 0xff, 0xdd, 0xff,
    0xdd, 0xff, 0xdd, 0xff, 0xdd, 0xff, 0xdd, 0xff, 0xdd, 0xff, 0xdd, 0xff, 0xdd, 0xff, 0xdd, 0xff,
    0xdd, 0xff, 0xde, 0xff, 0xde, 0xff, 0xdd, 0xff, 0xdd, 0xff, 0xdd, 0xff, 0xdd, 0xff, 0xdd, 0xff,
    0xdd, 0xff, 0xbd, 0xff, 0xbd, 0xff, 0xbd, 0xff, 0xbd, 0xff, 0xbd, 0xff, 0xbd, 0xff, 0xbd, 0xff,
    0xbd, 0xff, 0xbd, 0xff, 0xbd, 0xff, 0xbd, 0xff, 0xbd, 0xff, 0xbd, 0xff, 0xbd, 0xff, 0xbd, 0xff,
    0xbd, 0xff, 0xbd, 0xff, 0xbd, 0xff, 0xbd, 0xff, 0xbd, 0xff, 0xbd, 0xff, 0xbd, 0xff, 0xbd, 0xff,
    0xbd, 0xff, 0xbd, 0xff, 0xbd, 0xff, 0xbd, 0xff, 0xbd, 0xff, 0x9d, 0xff, 0x9d, 0xff, 0x9d, 0xff,
    0x9d, 0xff, 0x9d, 0xff, 0x9d, 0xff, 0x9d, 0xff, 0x9d, 0xff, 0xbd, 0xf7, 0x9d, 0xff, 0x9d, 0xf7,
    0x9d, 0xf7, 0x9d, 0xff, 0x9d, 0xff, 0x9d, 0xff, 0xbd, 0xff, 0x9d, 0xff, 0xbd, 0xff, 0x9d, 0xff,
    0xbd, 0xf7, 0x9d, 0xf7, 0x9d, 0xf7, 0x9d, 0xf7, 0x9d, 0xff, 0x9d, 0xf7, 0x9d, 0xf7, 0x9d, 0xf7,
    0x9d, 0xf7, 0x9d, 0xf7, 0x9d, 0xf7, 0x9c, 0xf7, 0x9d, 0xf7, 0x9c, 0xf7, 0x9c, 0xf7, 0x9c, 0xf7,
    0x9c, 0xf7, 0x7c, 0xf7, 0x7c, 0xf7, 0x7d, 0xf7, 0x7c, 0xf7, 0x7c, 0xf7, 0x7c, 0xf7, 0x7c, 0xf7,
    0x7c, 0xf7, 0x7c, 0xf7, 0x7c, 0xf7, 0x7c, 0xf7, 0x7c, 0xf7, 0x7c, 0xf7, 0x7c, 0xf7, 0x7c, 0xf7,
    0x7c, 0xf7, 0x7c, 0xf7, 0x7c, 0xf7, 0x7c, 0xf7, 0x7c, 0xf7, 0x7c, 0xf7, 0x7c, 0xf7, 0x7c, 0xf7,
    0x7c, 0xf7, 0x7c, 0xf7, 0x7c, 0xf7, 0x7c, 0xf7, 0x7c, 0xf7, 0x7c, 0xef, 0x7c, 0xf7, 0x7c, 0xef,
    0x7c, 0xef, 0x7c, 0xef, 0x7c, 0xef, 0x7c, 0xef, 0x7c, 0xef, 0x5c, 0xef, 0x5c, 0xef, 0x5c, 0xef,
    0x5c, 0xef, 0x5c, 0xef, 0x5c, 0xef, 0x5c, 0xef, 0x5c, 0xef, 0x5c, 0xef, 0x5c, 0xef, 0x5c, 0xef,
    0x5c, 0xef, 0x5c, 0xef, 0x5c, 0xef, 0x5c, 0xef, 0x5c, 0xef, 0x5c, 0xef, 0x5c, 0xef, 0x3c, 0xef,
    0x3c, 0xef, 0x3c, 0xef, 0x3c, 0xef, 0x3c, 0xef, 0x3c, 0xef, 0x3c, 0xef, 0x3c, 0xe7, 0x3c, 0xe7,
    0x3c, 0xe7, 0x3c, 0xe7, 0x3c, 0xe7, 0x3b, 0xe7, 0x3b, 0xe7, 0x3c, 0xe7, 0x3c, 0xe7, 0x3c, 0xe7,
    0x3c, 0xe7, 0x3c, 0xe7, 0x3c, 0xe7, 0x3c, 0xe7, 0x1c, 0xe7, 0x1c, 0xe7, 0x1b, 0xe7, 0x1c, 0xe7,
    0x1b, 0xe7, 0x1b, 0xe7, 0x1b, 0xe7, 0x1b, 0xe7, 0x1b, 0xe7, 0x1b, 0xe7, 0x1b, 0xe7, 0x1b, 0xe7,
    0x1b, 0xe7, 0x1b, 0xe7, 0x1b, 0xe7, 0x1c, 0xe7, 0xfb, 0xde, 0xfb, 0xde, 0xfb, 0xde, 0xfb, 0xde,
    0xfb, 0xe6, 0xfb, 0xde, 0xfb, 0xe6, 0xfb, 0xde, 0xfb, 0xde, 0xfb, 0xde, 0xfb, 0xde, 0xfb, 0xde,
    0xfb, 0xde, 0xfb, 0xde, 0xfb, 0xde, 0xfb, 0xde, 0xfb, 0xde, 0xfb, 0xde, 0xdb, 0xde, 0xdb, 0xde,
    0xfb, 0xde, 0xdb, 0xde, 0xdb, 0xde, 0xdb, 0xde, 0xdb, 0xde, 0xdb, 0xde, 0xdb, 0xde, 0xdb, 0xde,
    0xda, 0xde, 0xda, 0xde, 0xda, 0xde, 0xda, 0xde, 0xda, 0xde, 0xda, 0xde, 0xda, 0xde, 0xdb, 0xde,
    0xda, 0xd6, 0xba, 0xd6, 0xba, 0xd6, 0xba, 0xd6, 0xba, 0xd6, 0xba, 0xd6, 0xba, 0xd6, 0xba, 0xd6,
    0xba, 0xd6, 0xba, 0xd6, 0xba, 0xd6, 0xba, 0xd6, 0xba, 0xd6, 0xba, 0xd6, 0xba, 0xd6, 0xba, 0xd6,
    0xba, 0xd6, 0xba, 0xd6, 0xba, 0xd6, 0xba, 0xd6, 0xba, 0xd6, 0xba, 0xd6, 0xba, 0xd6, 0xba, 0xd6,
    0xba, 0xd6, 0xba, 0xd6, 0xba, 0xd6, 0xba, 0xd6, 0xba, 0xd6, 0xba, 0xd6, 0xba, 0xd6, 0xba, 0xd6,
    0xba, 0xd6, 0xba, 0xd6, 0xba, 0xd6, 0xba, 0xd6, 0xba, 0xd6, 0xba, 0xd6, 0xba, 0xd6, 0xba, 0xd6,
    0xff, 0xff, 0xff, 0xff, 0xff, 0xff, 0xff, 0xff, 0xff, 0xff, 0xff, 0xff, 0xff, 0xff, 0xfe, 0xff,
    0xfe, 0xff, 0xfe, 0xff, 0xfe, 0xff, 0xfe, 0xff, 0xfe, 0xff, 0xfe, 0xff, 0xfe, 0xff, 0xfe, 0xff,
    0xfe, 0xff, 0xfe, 0xff, 0xfe, 0xff, 0xfe, 0xff, 0xfe, 0xff, 0xfe, 0xff, 0xfe, 0xff, 0xfe, 0xff,
    0xfe, 0xff, 0xfe, 0xff, 0xfe, 0xff, 0xfe, 0xff, 0xfe, 0xff, 0xfe, 0xff, 0xfe, 0xff, 0xfe, 0xff,
    0xfe, 0xff, 0xfe, 0xff, 0xfe, 0xff, 0xfe, 0xff, 0xfe, 0xff, 0xfe, 0xff, 0xfe, 0xff, 0xfd, 0xff,
    0xdd, 0xff, 0xdd, 0xff, 0xde, 0xff, 0xde, 0xff, 0xde, 0xff, 0xdd, 0xff, 0xdd, 0xff, 0xde, 0xff,
    0xde, 0xff, 0xdd, 0xff, 0xde, 0xff, 0xdd, 0xff, 0xde, 0xff, 0xde, 0xff, 0xfd, 0xff, 0xde, 0xff,
    0xde, 0xff, 0xde, 0xff, 0xde, 0xff, 0xde, 0xff, 0xde, 0xff, 0xde, 0xff, 0xdd, 0xff, 0xdd, 0xff,
    0xde, 0xff, 0xdd, 0xff, 0xdd, 0xff, 0xdd, 0xff, 0xdd, 0xff, 0xdd, 0xff, 0xdd, 0xff, 0xdd, 0xff,
    0xdd, 0xff, 0xdd, 0xff, 0xdd, 0xff, 0xdd, 0xff, 0xdd, 0xff, 0xdd, 0xff, 0xdd, 0xff, 0xdd, 0xff,
    0xdd, 0xff, 0xdd, 0xff, 0xdd, 0xff, 0xdd, 0xff, 0xdd, 0xff, 0xdd, 0xff, 0xdd, 0xff, 0xdd, 0xff,
    0xdd, 0xff, 0xdd, 0xff, 0xbd, 0xff, 0xbd, 0xff, 0xbd, 0xff, 0xbd, 0xff, 0xbd, 0xff, 0xbd, 0xff,
    0xbd, 0xff, 0xbd, 0xff, 0xbd, 0xff, 0xbd, 0xff, 0xbd, 0xff, 0xbd, 0xff, 0xbd, 0xff, 0xbd, 0xff,
    0xbd, 0xff, 0xbd, 0xff, 0xbd, 0xff, 0xbd, 0xff, 0xbd, 0xff, 0xbd, 0xff, 0xbd, 0xff, 0xbd, 0xff,
    0xbd, 0xff, 0xbd, 0xff, 0xbd, 0xff, 0x9d, 0xff, 0x9d, 0xff, 0x9d, 0xff, 0x9d, 0xff, 0x9d, 0xff,
    0x9d, 0xf7, 0x9d, 0xff, 0x9d, 0xff, 0x9d, 0xf7, 0x9d, 0xff, 0x9d, 0xff, 0x9d, 0xff, 0x9d, 0xff,
    0x9d, 0xff, 0x9d, 0xf7, 0x9d, 0xff, 0x9d, 0xf7, 0xbd, 0xf7, 0x9d, 0xff, 0x9d, 0xff, 0xbd, 0xff,
    0x9d, 0xf7, 0x9d, 0xf7, 0x9d, 0xff, 0x9d, 0xf7, 0xbd, 0xff, 0x9d, 0xf7, 0x9d, 0xf7, 0x9d, 0xf7,
    0x9d, 0xf7, 0x9d, 0xf7, 0x9d, 0xf7, 0x9d, 0xf7, 0x9d, 0xf7, 0x9c, 0xf7, 0x9c, 0xf7, 0x9c, 0xf7,
    0x9c, 0xf7, 0x7c, 0xf7, 0x7c, 0xf7, 0x7c, 0xf7, 0x7c, 0xf7, 0x7c, 0xf7, 0x7c, 0xf7, 0x7c, 0xf7,
    0x7c, 0xf7, 0x7c, 0xf7, 0x7c, 0xf7, 0x7c, 0xf7, 0x7c, 0xf7, 0x7c, 0xf7, 0x7c, 0xf7, 0x7c, 0xf7,
    0x7c, 0xf7, 0x7c, 0xf7, 0x7c, 0xf7, 0x7c, 0xf7, 0x7c, 0xf7, 0x7c, 0xf7, 0x7c, 0xef, 0x7c, 0xef,
    0x7c, 0xf7, 0x7d, 0xf7, 0x7c, 0xef, 0x7c, 0xef, 0x7c, 0xef, 0x7c, 0xef, 0x7c, 0xef, 0x7c, 0xef,
    0x7c, 0xef, 0x7c, 0xef, 0x7c, 0xef, 0x7c, 0xef, 0x5c, 0xef, 0x5c, 0xef, 0x5c, 0xef, 0x5c, 0xef,
    0x5c, 0xef, 0x5c, 0xef, 0x5c, 0xef, 0x5c, 0xef, 0x5c, 0xef, 0x5c, 0xef, 0x5c, 0xef, 0x5c, 0xef,
    0x5c, 0xef, 0x5c, 0xef, 0x5c, 0xef, 0x5c, 0xef, 0x5c, 0xef, 0x5c, 0xef, 0x5c, 0xef, 0x5c, 0xef,
    0x3c, 0xef, 0x3c, 0xe7, 0x3c, 0xe7, 0x3c, 0xef, 0x3c, 0xef, 0x3c, 0xe7, 0x3c, 0xe7, 0x3c, 0xe7,
    0x3c, 0xe7, 0x3c, 0xe7, 0x3c, 0xe7, 0x3c, 0xe7, 0x3c, 0xe7, 0x3c, 0xe7, 0x3c, 0xe7, 0x3b, 0xe7,
    0x3c, 0xe7, 0x3c, 0xe7, 0x3c, 0xe7, 0x1c, 0xe7, 0x1c, 0xe7, 0x3c, 0xe7, 0x1b, 0xe7, 0x1b, 0xe7,
    0x1c, 0xe7, 0x1c, 0xe7, 0x1b, 0xe7, 0x1b, 0xe7, 0x1b, 0xe7, 0x1b, 0xe7, 0x1b, 0xe7, 0x1b, 0xe7,
    0x1b, 0xe7, 0x1b, 0xe7, 0x1b, 0xe7, 0xfb, 0xe6, 0x1b, 0xdf, 0xfb, 0xde, 0xfb, 0xde, 0xfb, 0xde,
    0xfb, 0xe6, 0xfb, 0xde, 0xfb, 0xde, 0xfb, 0xde, 0xfb, 0xde, 0xfb, 0xde, 0xfb, 0xde, 0xfb, 0xde,
    0xfb, 0xde, 0xfb, 0xde, 0xfb, 0xde, 0xfb, 0xde, 0xfb, 0xde, 0xdb, 0xde, 0xdb, 0xde, 0xdb, 0xde,
    0xdb, 0xde, 0xfb, 0xde, 0xdb, 0xde, 0xdb, 0xde, 0xdb, 0xde, 0xdb, 0xde, 0xda, 0xde, 0xdb, 0xde,
    0xda, 0xde, 0xda, 0xde, 0xda, 0xde, 0xda, 0xde, 0xda, 0xde, 0xda, 0xde, 0xda, 0xde, 0xdb, 0xde,
    0xba, 0xd6, 0xba, 0xd6, 0xba, 0xd6, 0xba, 0xd6, 0xba, 0xd6, 0xba, 0xd6, 0xba, 0xd6, 0xba, 0xd6,
    0xba, 0xd6, 0xba, 0xd6, 0xba, 0xd6, 0xba, 0xd6, 0xba, 0xd6, 0xba, 0xd6, 0xba, 0xd6, 0xba, 0xd6,
    0xba, 0xd6, 0xba, 0xd6, 0xba, 0xd6, 0xba, 0xd6, 0xba, 0xd6, 0xba, 0xd6, 0xba, 0xd6, 0xba, 0xd6,
    0xba, 0xd6, 0xba, 0xd6, 0xba, 0xd6, 0xba, 0xd6, 0xba, 0xd6, 0xba, 0xd6, 0xba, 0xd6, 0xba, 0xd6,
    0xba, 0xd6, 0xba, 0xd6, 0xba, 0xd6, 0xba, 0xd6, 0xba, 0xd6, 0xba, 0xd6, 0xba, 0xd6, 0xba, 0xd6,
    0xff, 0xff, 0xff, 0xff, 0xff, 0xff, 0xff, 0xff, 0xff, 0xff, 0xfe, 0xff, 0xfe, 0xff, 0xfe, 0xff,
    0xfe, 0xff, 0xfe, 0xff, 0xfe, 0xff, 0xfe, 0xff, 0xfe, 0xff, 0xfe, 0xff, 0xfe, 0xff, 0xfe, 0xff,
    0xfe, 0xff, 0xfe, 0xff, 0xfe, 0xff, 0xfe, 0xff, 0xfd, 0xff, 0xfe, 0xff, 0xfe, 0xff, 0xfe, 0xff,
    0xfe, 0xff, 0xfe, 0xff, 0xfe, 0xff, 0xfe, 0xff, 0xfe, 0xff, 0xfe, 0xff, 0xfe, 0xff, 0xfe, 0xff,
    0xfe, 0xff, 0xfe, 0xff, 0xfe, 0xff, 0xfe, 0xff, 0xfe, 0xff, 0xfe, 0xff, 0xde, 0xff, 0xde, 0xff,
    0xfd, 0xff, 0xdd, 0xff, 0xde, 0xff, 0xde, 0xff, 0xfe, 0xff, 0xfd, 0xff, 0xfd, 0xff, 0xde, 0xff,
    0xde, 0xff, 0xde, 0xff, 0xde, 0xff, 0xde, 0xff, 0xde, 0xff, 0xde, 0xff, 0xfe, 0xff, 0xde, 0xff,
    0xde, 0xff, 0xde, 0xff, 0xde, 0xff, 0xde, 0xff, 0xde, 0xff, 0xdd, 0xff, 0xdd, 0xff, 0xdd, 0xff,
    0xdd, 0xff, 0xdd, 0xff, 0xdd, 0xff, 0xdd, 0xff, 0xdd, 0xff, 0xdd, 0xff, 0xdd, 0xff, 0xdd, 0xff,
    0xdd, 0xff, 0xdd, 0xff, 0xdd, 0xff, 0xdd, 0xff, 0xdd, 0xff, 0xdd, 0xff, 0xdd, 0xff, 0xdd, 0xff,
    0xdd, 0xff, 0xdd, 0xff, 0xdd, 0xff, 0xdd, 0xff, 0xdd, 0xff, 0xdd, 0xff, 0xdd, 0xff, 0xdd, 0xff,
    0xdd, 0xff, 0xbd, 0xff, 0xbd, 0xff, 0xbd, 0xff, 0xbd, 0xff, 0xbd, 0xff, 0xbd, 0xff, 0xbd, 0xff,
    0xbd, 0xff, 0xbd, 0xff, 0xbd, 0xff, 0xbd, 0xff, 0xbd, 0xff, 0xbd, 0xff, 0xbd, 0xff, 0xbd, 0xff,
    0xbd, 0xff, 0xbd, 0xff, 0xbd, 0xff, 0xbd, 0xff, 0xbd, 0xff, 0xbd, 0xff, 0xbd, 0xff, 0xbd, 0xff,
    0xbd, 0xff, 0xbd, 0xff, 0xbd, 0xff, 0x9d, 0xff, 0x9d, 0xff, 0x9d, 0xff, 0x9d, 0xff, 0x9d, 0xff,
    0x9d, 0xff, 0x9d, 0xff, 0x9d, 0xf7, 0x9d, 0xf7, 0x9d, 0xff, 0x9d, 0xff, 0xbd, 0xff, 0x9d, 0xff,
    0x9d, 0xff, 0x9d, 0xff, 0x9d, 0xf7, 0x9d, 0xf7, 0x9d, 0xff, 0x9d, 0xf7, 0x9d, 0xff, 0xbd, 0xf7,
    0xbd, 0xff, 0xbd, 0xf7, 0x9d, 0xf7, 0x9d, 0xff, 0x9d, 0xf7, 0x9d, 0xf7, 0x9d, 0xf7, 0x9d, 0xf7,
    0x9d, 0xf7, 0x9d, 0xf7, 0x9c, 0xf7, 0x9c, 0xf7, 0x9c, 0xf7, 0x9c, 0xf7, 0x9c, 0xf7, 0x7c, 0xf7,
    0x7c, 0xf7, 0x7c, 0xf7, 0x7c, 0xf7, 0x7c, 0xf7, 0x7c, 0xf7, 0x7c, 0xf7, 0x7c, 0xf7, 0x7c, 0xf7,
    0x7c, 0xf7, 0x7c, 0xf7, 0x7c, 0xf7, 0x7c, 0xf7, 0x7c, 0xf7, 0x7c, 0xf7, 0x7c, 0xf7, 0x7c, 0xf7,
    0x7c, 0xf7, 0x7c, 0xf7, 0x7c, 0xf7, 0x7c, 0xf7, 0x7c, 0xf7, 0x7c, 0xf7, 0x7c, 0xf7, 0x7c, 0xf7,
    0x7c, 0xf7, 0x7c, 0xef, 0x7c, 0xef, 0x7c, 0xef, 0x7c, 0xef, 0x7c, 0xef, 0x7c, 0xef, 0x7c, 0xef,
    0x7c, 0xef, 0x7c, 0xef, 0x7c, 0xef, 0x7c, 0xef, 0x5c, 0xef, 0x5c, 0xef, 0x5c, 0xef, 0x5c, 0xef,
    0x5c, 0xef, 0x5c, 0xef, 0x5c, 0xef, 0x5c, 0xef, 0x5c, 0xef, 0x5c, 0xef, 0x5c, 0xef, 0x5c, 0xef,
    0x5c, 0xef, 0x5c, 0xef, 0x5c, 0xef, 0x5c, 0xef, 0x5c, 0xef, 0x5c, 0xef, 0x3c, 0xef, 0x3c, 0xef,
    0x3c, 0xef, 0x3c, 0xe7, 0x3c, 0xef, 0x3c, 0xe7, 0x3c, 0xe7, 0x3c, 0xe7, 0x3c, 0xe7, 0x3c, 0xe7,
    0x3c, 0xe7, 0x3c, 0xe7, 0x3c, 0xe7, 0x3c, 0xe7, 0x3c, 0xe7, 0x3c, 0xe7, 0x3c, 0xe7, 0x1c, 0xe7,
    0x1c, 0xe7, 0x3c, 0xe7, 0x3c, 0xe7, 0x1c, 0xe7, 0x1c, 0xe7, 0x1b, 0xe7, 0x1b, 0xe7, 0x1b, 0xe7,
    0x1b, 0xe7, 0x1b, 0xe7, 0x1b, 0xe7, 0x1b, 0xe7, 0x1b, 0xe7, 0x1b, 0xe7, 0x1b, 0xe7, 0x1b, 0xe7,
    0x1b, 0xe7, 0x1b, 0xe7, 0xfb, 0xe6, 0xfb, 0xe6, 0xfb, 0xde, 0xfb, 0xe6, 0xfb, 0xe6, 0xfb, 0xde,
    0xfb, 0xe6, 0xfb, 0xe6, 0xfb, 0xde, 0xfb, 0xde, 0xfb, 0xde, 0xfb, 0xde, 0xfb, 0xde, 0xfb, 0xde,
    0xfb, 0xde, 0xfb, 0xde, 0xfb, 0xde, 0xfb, 0xde, 0xfb, 0xde, 0xdb, 0xde, 0xdb, 0xde, 0xdb, 0xde,
    0xdb, 0xde, 0xdb, 0xde, 0xdb, 0xde, 0xdb, 0xde, 0xdb, 0xde, 0xdb, 0xde, 0xdb, 0xde, 0xda, 0xde,
    0xda, 0xde, 0xda, 0xde, 0xda, 0xde, 0xda, 0xde, 0xda, 0xde, 0xdb, 0xde, 0xda, 0xde, 0xdb, 0xde,
    0xba, 0xd6, 0xba, 0xd6, 0xba, 0xd6, 0xba, 0xd6, 0xba, 0xd6, 0xba, 0xd6, 0xba, 0xd6, 0xba, 0xd6,
    0xba, 0xd6, 0xba, 0xd6, 0xba, 0xd6, 0xba, 0xd6, 0xba, 0xd6, 0xba, 0xd6, 0xba, 0xd6, 0xba, 0xd6,
    0xba, 0xd6, 0xba, 0xd6, 0xba, 0xd6, 0xba, 0xd6, 0xba, 0xd6, 0xba, 0xd6, 0xba, 0xd6, 0xba, 0xd6,
    0xba, 0xd6, 0xba, 0xd6, 0xba, 0xd6, 0xba, 0xd6, 0xba, 0xd6, 0xba, 0xd6, 0xba, 0xd6, 0xba, 0xd6,
    0xb9, 0xd6, 0xba, 0xd6, 0xba, 0xd6, 0xba, 0xd6, 0xba, 0xd6, 0xba, 0xd6, 0xba, 0xd6, 0xba, 0xd6,
    0xff, 0xff, 0xff, 0xff, 0xff, 0xff, 0xff, 0xff, 0xff, 0xff, 0xff, 0xff, 0xfe, 0xff, 0xfe, 0xff,
    0xfe, 0xff, 0xfe, 0xff, 0xfe, 0xff, 0xfe, 0xff, 0xfe, 0xff, 0xfe, 0xff, 0xfe, 0xff, 0xfe, 0xff,
    0xfe, 0xff, 0xfe, 0xff, 0xfe, 0xff, 0xfe, 0xff, 0xfe, 0xff, 0xfe, 0xff, 0xfe, 0xff, 0xfe, 0xff,
    0xfe, 0xff, 0xfe, 0xff, 0xfe, 0xff, 0xfe, 0xff, 0xfe, 0xff, 0xfe, 0xff, 0xfe, 0xff, 0xfe, 0xff,
    0xfe, 0xff, 0xfe, 0xff, 0xfe, 0xff, 0xfe, 0xff, 0xfe, 0xff, 0xfe, 0xff, 0xfe, 0xff, 0xfe, 0xff,
    0xdd, 0xff, 0xdd, 0xff, 0xdd, 0xff, 0xfe, 0xff, 0xfe, 0xff, 0xde, 0xff, 0xfe, 0xff, 0xde, 0xff,
    0xdd, 0xff, 0xde, 0xff, 0xdd, 0xff, 0xdd, 0xff, 0xde, 0xff, 0xde, 0xff, 0xde, 0xff, 0xfe, 0xff,
    0xde, 0xff, 0xde, 0xff, 0xde, 0xff, 0xde, 0xff, 0xde, 0xff, 0xdd, 0xff, 0xdd, 0xff, 0xdd, 0xff,
    0xdd, 0xff, 0xdd, 0xff, 0xdd, 0xff, 0xdd, 0xff, 0xdd, 0xff, 0xdd, 0xff, 0xdd, 0xff, 0xdd, 0xff,
    0xdd, 0xff, 0xdd, 0xff, 0xdd, 0xff, 0xdd, 0xff, 0xdd, 0xff, 0xdd, 0xff, 0xdd, 0xff, 0xdd, 0xff,
    0xdd, 0xff, 0xdd, 0xff, 0xdd, 0xff, 0xdd, 0xff, 0xdd, 0xff, 0xdd, 0xff, 0xdd, 0xff, 0xdd, 0xff,
    0xdd, 0xff, 0xdd, 0xff, 0xbd, 0xff, 0xbd, 0xff, 0xbd, 0xff, 0xbd, 0xff, 0xbd, 0xff, 0xbd, 0xff,
    0xbd, 0xff, 0xbd, 0xff, 0xbd, 0xff, 0xbd, 0xff, 0xbd, 0xff, 0xbd, 0xff, 0xbd, 0xff, 0xbd, 0xff,
    0xbd, 0xff, 0xbd, 0xff, 0xbd, 0xff, 0xbd, 0xff, 0xbd, 0xff, 0xbd, 0xff, 0xbd, 0xff, 0xbd, 0xff,
    0xbd, 0xff, 0xbd, 0xff, 0x9d, 0xff, 0x9d, 0xff, 0x9d, 0xff, 0x9d, 0xff, 0x9d, 0xff, 0x9d, 0xff,
    0x9d, 0xf7, 0x9d, 0xff, 0x9d, 0xff, 0x9d, 0xf7, 0x9d, 0xf7, 0xbd, 0xff, 0x9d, 0xf7, 0x9d, 0xff,
    0xbd, 0xff, 0x9d, 0xf7, 0x9d, 0xf7, 0x9d, 0xf7, 0x9d, 0xf7, 0x9d, 0xff, 0x9d, 0xff, 0x9d, 0xff,
    0x9d, 0xf7, 0x9d, 0xf7, 0x9d, 0xf7, 0x9d, 0xff, 0x9d, 0xf7, 0x9d, 0xf7, 0x9d, 0xf7, 0x9d, 0xf7,
    0x9d, 0xf7, 0x9d, 0xf7, 0x9c, 0xf7, 0x9c, 0xf7, 0x9c, 0xf7, 0x9d, 0xf7, 0x9c, 0xf7, 0x7c, 0xf7,
    0x7c, 0xf7, 0x7c, 0xf7, 0x7c, 0xf7, 0x7c, 0xf7, 0x7c, 0xf7, 0x7c, 0xf7, 0x7c, 0xf7, 0x7c, 0xf7,
    0x7c, 0xf7, 0x7c, 0xf7, 0x7c, 0xf7, 0x7c, 0xf7, 0x7c, 0xf7, 0x7c, 0xf7, 0x7c, 0xf7, 0x7c, 0xf7,
    0x7c, 0xf7, 0x7c, 0xf7, 0x7c, 0xf7, 0x7c, 0xf7, 0x7c, 0xf7, 0x7c, 0xf7, 0x7c, 0xf7, 0x7d, 0xf7,
    0x7c, 0xef, 0x7c, 0xef, 0x7c, 0xef, 0x7c, 0xef, 0x7c, 0xef, 0x7c, 0xef, 0x7c, 0xef, 0x7c, 0xef,
    0x7c, 0xef, 0x7c, 0xef, 0x5c, 0xef, 0x5c, 0xef, 0x5c, 0xef, 0x5c, 0xef, 0x5c, 0xef, 0x5c, 0xef,
    0x5c, 0xef, 0x5c, 0xef, 0x5c, 0xef, 0x5c, 0xef, 0x5c, 0xef, 0x5c, 0xef, 0x5c, 0xef, 0x5c, 0xef,
    0x5c, 0xef, 0x5c, 0xef, 0x5c, 0xef, 0x5c, 0xef, 0x5c, 0xef, 0x5c, 0xef, 0x3c, 0xef, 0x3c, 0xe7,
    0x3c, 0xef, 0x3c, 0xe7, 0x3c, 0xe7, 0x3c, 0xe7, 0x3c, 0xe7, 0x3c, 0xe7, 0x3b, 0xe7, 0x3c, 0xe7,
    0x3c, 0xe7, 0x3c, 0xe7, 0x3c, 0xe7, 0x3b, 0xe7, 0x3c, 0xe7, 0x3c, 0xe7, 0x1b, 0xe7, 0x1b, 0xe7,
    0x1c, 0xe7, 0x1c, 0xe7, 0x1c, 0xe7, 0x3b, 0xe7, 0x1c, 0xe7, 0x1b, 0xe7, 0x1b, 0xe7, 0x1c, 0xe7,
    0x1b, 0xe7, 0x1b, 0xe7, 0x1b, 0xe7, 0x1b, 0xe7, 0x1b, 0xe7, 0x1b, 0xe7, 0x1b, 0xe7, 0xfb, 0xe6,
    0x1b, 0xe7, 0x1b, 0xe7, 0xfb, 0xe6, 0xfb, 0xde, 0xfb, 0xde, 0xfb, 0xe6, 0xfb, 0xde, 0xfb, 0xe6,
    0xfb, 0xde, 0xfb, 0xde, 0xfb, 0xde, 0xfb, 0xde, 0xfb, 0xde, 0xfb, 0xde, 0xfb, 0xde, 0xfb, 0xde,
    0xfb, 0xde, 0xfb, 0xde, 0xdb, 0xde, 0xdb, 0xde, 0xdb, 0xde, 0xdb, 0xde, 0xda, 0xde, 0xdb, 0xde,
    0xdb, 0xde, 0xdb, 0xde, 0xdb, 0xde, 0xdb, 0xde, 0xdb, 0xde, 0xda, 0xde, 0xda, 0xde, 0xdb, 0xde,
    0xda, 0xde, 0xda, 0xde, 0xdb, 0xde, 0xda, 0xde, 0xda, 0xde, 0xda, 0xde, 0xdb, 0xde, 0xda, 0xde,
    0xda, 0xde, 0xda, 0xd6, 0xba, 0xd6, 0xba, 0xd6, 0xba, 0xd6, 0xba, 0xd6, 0xba, 0xd6, 0xba, 0xd6,
    0xba, 0xd6, 0xba, 0xd6, 0xba, 0xd6, 0xba, 0xd6, 0xba, 0xd6, 0xba, 0xd6, 0xba, 0xd6, 0xba, 0xd6,
    0xba, 0xd6, 0xba, 0xd6, 0xba, 0xd6, 0xba, 0xd6, 0xba, 0xd6, 0xba, 0xd6, 0xba, 0xd6, 0xba, 0xd6,
    0xba, 0xd6, 0xba, 0xd6, 0xba, 0xd6, 0xba, 0xd6, 0xba, 0xd6, 0xba, 0xd6, 0xba, 0xd6, 0xba, 0xd6,
    0xba, 0xd6, 0xba, 0xd6, 0xba, 0xd6, 0xba, 0xd6, 0xba, 0xd6, 0xba, 0xd6, 0xba, 0xd6, 0xba, 0xd6,
    0xff, 0xff, 0xff, 0xff, 0xff, 0xff, 0xff, 0xff, 0xff, 0xff, 0xff, 0xff, 0xfe, 0xff, 0xfe, 0xff,
    0xfe, 0xff, 0xfe, 0xff, 0xfe, 0xff, 0xfe, 0xff, 0xfe, 0xff, 0xfe, 0xff, 0xfe, 0xff, 0xfe, 0xff,
    0xfe, 0xff, 0xfe, 0xff, 0xfe, 0xff, 0xfe, 0xff, 0xfe, 0xff, 0xfe, 0xff, 0xfe, 0xff, 0xfe, 0xff,
    0xfe, 0xff, 0xfe, 0xff, 0xfe, 0xff, 0xfe, 0xff, 0xfe, 0xff, 0xfe, 0xff, 0xfe, 0xff, 0xfe, 0xff,
    0xfe, 0xff, 0xfe, 0xff, 0xfe, 0xff, 0xfe, 0xff, 0xfe, 0xff, 0xfe, 0xff, 0xfe, 0xff, 0xde, 0xff,
    0xde, 0xff, 0xdd, 0xff, 0xdd, 0xff, 0xde, 0xff, 0xfe, 0xff, 0xfd, 0xff, 0xde, 0xff, 0xde, 0xff,
    0xde, 0xff, 0xde, 0xff, 0xdd, 0xff, 0xdd, 0xff, 0xde, 0xff, 0xde, 0xff, 0xde, 0xff, 0xde, 0xff,
    0xfe, 0xff, 0xde, 0xff, 0xde, 0xff, 0xde, 0xff, 0xde, 0xff, 0xde, 0xff, 0xde, 0xff, 0xde, 0xff,
    0xde, 0xff, 0xde, 0xff, 0xdd, 0xff, 0xdd, 0xff, 0xde, 0xff, 0xdd, 0xff, 0xdd, 0xff, 0xdd, 0xff,
    0xdd, 0xff, 0xde, 0xff, 0xdd, 0xff, 0xdd, 0xff, 0xdd, 0xff, 0xdd, 0xff, 0xdd, 0xff, 0xdd, 0xff,
    0xdd, 0xff, 0xdd, 0xff, 0xdd, 0xff, 0xdd, 0xff, 0xdd, 0xff, 0xdd, 0xff, 0xdd, 0xff, 0xdd, 0xff,
    0xdd, 0xff, 0xbd, 0xff, 0xbd, 0xff, 0xbd, 0xff, 0xbd, 0xff, 0xbd, 0xff, 0xbd, 0xff, 0xbd, 0xff,
    0xbd, 0xff, 0xbd, 0xff, 0xbd, 0xff, 0xbd, 0xff, 0xbd, 0xff, 0xbd, 0xff, 0xbd, 0xff, 0xbd, 0xff,
    0xbd, 0xff, 0xbd, 0xff, 0xbd, 0xff, 0xbd, 0xff, 0xbd, 0xff, 0xbd, 0xff, 0xbd, 0xff, 0xbd, 0xff,
    0xbd, 0xff, 0xbd, 0xff, 0xbd, 0xff, 0x9d, 0xff, 0x9d, 0xff, 0x9d, 0xff, 0x9d, 0xff, 0x9d, 0xff,
    0x9d, 0xff, 0x9d, 0xf7, 0xbd, 0xff, 0x9d, 0xf7, 0x9d, 0xf7, 0x9d, 0xf7, 0x9d, 0xf7, 0x9d, 0xf7,
    0x9d, 0xf7, 0x9d, 0xff, 0x9d, 0xff, 0x9d, 0xf7, 0x9d, 0xf7, 0x9d, 0xf7, 0x9d, 0xf7, 0x9d, 0xf7,
    0x9d, 0xf7, 0x9d, 0xf7, 0x9d, 0xf7, 0x9d, 0xf7, 0x9d, 0xf7, 0x9d, 0xf7, 0x9d, 0xf7, 0x9d, 0xf7,
    0x9d, 0xf7, 0x9d, 0xf7, 0x9c, 0xf7, 0x9c, 0xf7, 0x9d, 0xf7, 0x9c, 0xf7, 0x7c, 0xf7, 0x7c, 0xf7,
    0x7c, 0xf7, 0x7c, 0xf7, 0x7c, 0xf7, 0x7c, 0xf7, 0x7c, 0xf7, 0x7c, 0xf7, 0x7c, 0xf7, 0x7c, 0xf7,
    0x7c, 0xf7, 0x7c, 0xf7, 0x7c, 0xf7, 0x7c, 0xf7, 0x7c, 0xf7, 0x7c, 0xf7, 0x7c, 0xf7, 0x7c, 0xf7,
    0x7c, 0xf7, 0x7c, 0xf7, 0x7d, 0xf7, 0x7c, 0xf7, 0x7c, 0xf7, 0x7c, 0xf7, 0x7c, 0xf7, 0x7c, 0xef,
    0x7c, 0xef, 0x7c, 0xef, 0x7d, 0xf7, 0x7c, 0xef, 0x7c, 0xef, 0x7c, 0xef, 0x7c, 0xef, 0x7c, 0xef,
    0x5c, 0xef, 0x7c, 0xef, 0x5c, 0xef, 0x5c, 0xef, 0x5c, 0xef, 0x5c, 0xef, 0x5c, 0xef, 0x5c, 0xef,
    0x5c, 0xef, 0x5c, 0xef, 0x5c, 0xef, 0x5c, 0xef, 0x5c, 0xef, 0x5c, 0xef, 0x5c, 0xef, 0x5c, 0xef,
    0x5c, 0xef, 0x5c, 0xef, 0x5c, 0xef, 0x5c, 0xef, 0x3c, 0xef, 0x3c, 0xef, 0x3c, 0xe7, 0x3c, 0xef,
    0x3c, 0xe7, 0x3c, 0xef, 0x3c, 0xe7, 0x3c, 0xe7, 0x3c, 0xe7, 0x3c, 0xe7, 0x3c, 0xe7, 0x3c, 0xe7,
    0x3c, 0xe7, 0x3c, 0xe7, 0x3c, 0xe7, 0x3c, 0xe7, 0x1b, 0xe7, 0x1b, 0xe7, 0x1c, 0xe7, 0x1c, 0xe7,
    0x1b, 0xe7, 0x1b, 0xe7, 0x1c, 0xe7, 0x1c, 0xe7, 0x1c, 0xe7, 0x1b, 0xe7, 0x1b, 0xe7, 0x1c, 0xe7,
    0x1b, 0xe7, 0x1b, 0xe7, 0x1b, 0xe7, 0x1b, 0xe7, 0x1b, 0xe7, 0x1b, 0xe7, 0xfb, 0xe6, 0xfb, 0xe6,
    0xfb, 0xe6, 0xfb, 0xe6, 0xfb, 0xe6, 0xfb, 0xe6, 0xfb, 0xde, 0xfb, 0xde, 0xfb, 0xde, 0xfb, 0xde,
    0xfb, 0xde, 0xfb, 0xde, 0xfb, 0xde, 0xfb, 0xde, 0xfb, 0xde, 0xfb, 0xde, 0xfb, 0xde, 0xfb, 0xde,
    0xfb, 0xde, 0xfb, 0xde, 0xfb, 0xde, 0xdb, 0xde, 0xdb, 0xde, 0xdb, 0xde, 0xdb, 0xde, 0xdb, 0xde,
    0xda, 0xde, 0xda, 0xde, 0xdb, 0xde, 0xda, 0xde, 0xda, 0xde, 0xda, 0xde, 0xda, 0xde, 0xda, 0xde,
    0xda, 0xde, 0xda, 0xde, 0xda, 0xde, 0xda, 0xde, 0xda, 0xde, 0xda, 0xde, 0xdb, 0xde, 0xda, 0xde,
    0xda, 0xde, 0xda, 0xd6, 0xba, 0xd6, 0xba, 0xd6, 0xba, 0xd6, 0xba, 0xd6, 0xba, 0xd6, 0xba, 0xd6,
    0xba, 0xd6, 0xba, 0xd6, 0xba, 0xd6, 0xba, 0xd6, 0xba, 0xd6, 0xba, 0xd6, 0xba, 0xd6, 0xba, 0xd6,
    0xba, 0xd6, 0xba, 0xd6, 0xba, 0xd6, 0xba, 0xd6, 0xba, 0xd6, 0xba, 0xd6, 0xba, 0xd6, 0xba, 0xd6,
    0xba, 0xd6, 0xba, 0xd6, 0xba, 0xd6, 0xba, 0xd6, 0xba, 0xd6, 0xba, 0xd6, 0xba, 0xd6, 0xba, 0xd6,
    0xba, 0xd6, 0xba, 0xd6, 0xba, 0xd6, 0xba, 0xd6, 0xba, 0xd6, 0xba, 0xd6, 0xba, 0xd6, 0xba, 0xd6,
    0xff, 0xff, 0xff, 0xff, 0xff, 0xff, 0xff, 0xff, 0xff, 0xff, 0xff, 0xff, 0xfe, 0xff, 0xfe, 0xff,
    0xfe, 0xff, 0xfe, 0xff, 0xfe, 0xff, 0xfe, 0xff, 0xfe, 0xff, 0xfe, 0xff, 0xfe, 0xff, 0xfe, 0xff,
    0xfe, 0xff, 0xfe, 0xff, 0xfe, 0xff, 0xfe, 0xff, 0xfe, 0xff, 0xde, 0xff, 0xfe, 0xff, 0xfe, 0xff,
    0xfe, 0xff, 0xfe, 0xff, 0xfe, 0xff, 0xfe, 0xff, 0xfe, 0xff, 0xfe, 0xff, 0xfe, 0xff, 0xfe, 0xff,
    0xfe, 0xff, 0xfe, 0xff, 0xfe, 0xff, 0xfe, 0xff, 0xfe, 0xff, 0xfe, 0xff, 0xfe, 0xff, 0xfe, 0xff,
    0xfe, 0xff, 0xfe, 0xff, 0xde, 0xff, 0xfe, 0xff, 0xfe, 0xff, 0xfe, 0xff, 0xfe, 0xff, 0xde, 0xff,
    0xde, 0xff, 0xde, 0xff, 0xdd, 0xff, 0xde, 0xff, 0xde, 0xff, 0xde, 0xff, 0xde, 0xff, 0xde, 0xff,
    0xde, 0xff, 0xde, 0xff, 0xde, 0xff, 0xde, 0xff, 0xde, 0xff, 0xde, 0xff, 0xde, 0xff, 0xde, 0xff,
    0xdd, 0xff, 0xde, 0xff, 0xdd, 0xff, 0xdd, 0xff, 0xdd, 0xff, 0xdd, 0xff, 0xdd, 0xff, 0xdd, 0xff,
    0xde, 0xff, 0xdd, 0xff, 0xdd, 0xff, 0xdd, 0xff, 0xdd, 0xff, 0xdd, 0xff, 0xdd, 0xff, 0xdd, 0xff,
    0xdd, 0xff, 0xdd, 0xff, 0xdd, 0xff, 0xdd, 0xff, 0xdd, 0xff, 0xdd, 0xff, 0xdd, 0xff, 0xbd, 0xff,
    0xbd, 0xff, 0xbd, 0xff, 0xbd, 0xff, 0xbd, 0xff, 0xbd, 0xff, 0xbd, 0xff, 0xbd, 0xff, 0xbd, 0xff,
    0xbd, 0xff, 0xbd, 0xff, 0xbd, 0xff, 0xbd, 0xff, 0xbd, 0xff, 0xbd, 0xff, 0xbd, 0xff, 0xbd, 0xff,
    0xbd, 0xff, 0xbd, 0xff, 0xbd, 0xff, 0xbd, 0xff, 0xbd, 0xff, 0xbd, 0xff, 0xbd, 0xff, 0xbd, 0xff,
    0xbd, 0xff, 0xbd, 0xff, 0xbd, 0xff, 0x9d, 0xff, 0x9d, 0xff, 0x9d, 0xff, 0x9d, 0xff, 0x9d, 0xff,
    0x9d, 0xff, 0x9d, 0xf7, 0x9d, 0xff, 0x9d, 0xf7, 0x9d, 0xf7, 0x9d, 0xff, 0x9d, 0xf7, 0x9d, 0xff,
    0x9d, 0xff, 0x9d, 0xf7, 0x9d, 0xff, 0x9d, 0xf7, 0x9d, 0xf7, 0x9d, 0xf7, 0x9d, 0xf7, 0x9d, 0xf7,
    0x9d, 0xf7, 0x9d, 0xf7, 0x9d, 0xf7, 0x9d, 0xf7, 0x9d, 0xf7, 0x9d, 0xf7, 0x9d, 0xf7, 0x9d, 0xf7,
    0x9c, 0xf7, 0x9d, 0xf7, 0x9d, 0xf7, 0x9c, 0xf7, 0x9c, 0xf7, 0x9c, 0xf7, 0x9c, 0xf7, 0x7c, 0xf7,
    0x7c, 0xf7, 0x7c, 0xf7, 0x7c, 0xf7, 0x7c, 0xf7, 0x7c, 0xf7, 0x7c, 0xf7, 0x7c, 0xf7, 0x7c, 0xf7,
    0x7c, 0xf7, 0x7c, 0xf7, 0x7c, 0xf7, 0x7c, 0xf7, 0x7c, 0xf7, 0x7c, 0xf7, 0x7c, 0xf7, 0x7c, 0xf7,
    0x7c, 0xf7, 0x7c, 0xf7, 0x7c, 0xf7, 0x7c, 0xf7, 0x7c, 0xf7, 0x7c, 0xf7, 0x7c, 0xf7, 0x7c, 0xef,
    0x7c, 0xef, 0x7c, 0xef, 0x7c, 0xf7, 0x7c, 0xef, 0x7c, 0xef, 0x7c, 0xef, 0x7c, 0xef, 0x7c, 0xef,
    0x5c, 0xef, 0x5c, 0xef, 0x5c, 0xef, 0x5c, 0xef, 0x5c, 0xef, 0x5c, 0xef, 0x5c, 0xef, 0x5c, 0xef,
    0x5c, 0xef, 0x5c, 0xef, 0x5c, 0xef, 0x5c, 0xef, 0x5c, 0xef, 0x5c, 0xef, 0x5c, 0xef, 0x5c, 0xef,
    0x5c, 0xef, 0x5c, 0xef, 0x3c, 0xef, 0x3c, 0xef, 0x3c, 0xe7, 0x3c, 0xe7, 0x3c, 0xe7, 0x3c, 0xe7,
    0x3c, 0xe7, 0x3c, 0xe7, 0x3c, 0xe7, 0x3c, 0xe7, 0x3c, 0xe7, 0x3c, 0xe7, 0x3b, 0xe7, 0x3c, 0xe7,
    0x3c, 0xe7, 0x3c, 0xe7, 0x3c, 0xe7, 0x3c, 0xe7, 0x1b, 0xe7, 0x1b, 0xe7, 0x1b, 0xe7, 0x1b, 0xe7,
    0x1b, 0xe7, 0x1b, 0xe7, 0x1b, 0xe7, 0x1c, 0xe7, 0x1c, 0xe7, 0x1c, 0xe7, 0x1c, 0xe7, 0x1c, 0xe7,
    0x1b, 0xe7, 0x1b, 0xe7, 0x1b, 0xe7, 0x1b, 0xe7, 0x1b, 0xe7, 0xfb, 0xe6, 0x1b, 0xe7, 0xfb, 0xe6,
    0xfb, 0xe6, 0xfb, 0xde, 0xfb, 0xde, 0xfb, 0xde, 0xfb, 0xde, 0xfb, 0xde, 0xfb, 0xde, 0xfb, 0xde,
    0xfb, 0xde, 0xfb, 0xde, 0xfb, 0xde, 0xfb, 0xde, 0xfb, 0xde, 0xfb, 0xde, 0xfb, 0xde, 0xfb, 0xde,
    0xdb, 0xde, 0xfb, 0xde, 0xdb, 0xde, 0xdb, 0xde, 0xdb, 0xde, 0xda, 0xde, 0xda, 0xde, 0xda, 0xde,
    0xdb, 0xde, 0xda, 0xde, 0xda, 0xde, 0xda, 0xde, 0xda, 0xde, 0xda, 0xde, 0xda, 0xde, 0xda, 0xde,
    0xda, 0xde, 0xda, 0xde, 0xda, 0xde, 0xda, 0xde, 0xdb, 0xde, 0xda, 0xde, 0xda, 0xde, 0xdb, 0xde,
    0xda, 0xde, 0xda, 0xd6, 0xba, 0xd6, 0xba, 0xd6, 0xba, 0xd6, 0xba, 0xd6, 0xba, 0xd6, 0xba, 0xd6,
    0xba, 0xd6, 0xba, 0xd6, 0xba, 0xd6, 0xba, 0xd6, 0xba, 0xd6, 0xba, 0xd6, 0xba, 0xd6, 0xba, 0xd6,
    0xba, 0xd6, 0xba, 0xd6, 0xba, 0xd6, 0xba, 0xd6, 0xba, 0xd6, 0xba, 0xd6, 0xba, 0xd6, 0xba, 0xd6,
    0xba, 0xd6, 0xba, 0xd6, 0xba, 0xd6, 0xba, 0xd6, 0xba, 0xd6, 0xba, 0xd6, 0xba, 0xd6, 0xba, 0xd6,
    0xba, 0xd6, 0xba, 0xd6, 0xba, 0xd6, 0xba, 0xd6, 0xba, 0xd6, 0xba, 0xd6, 0xba, 0xd6, 0xba, 0xd6,
    0xff, 0xff, 0xff, 0xff, 0xff, 0xff, 0xff, 0xff, 0xff, 0xff, 0xff, 0xff, 0xfe, 0xff, 0xfd, 0xff,
    0xfe, 0xff, 0xfe, 0xff, 0xfe, 0xff, 0xfe, 0xff, 0xfe, 0xff, 0xfe, 0xff, 0xfe, 0xff, 0xfe, 0xff,
    0xfe, 0xff, 0xfe, 0xff, 0xfe, 0xff, 0xde, 0xff, 0xde, 0xff, 0xfe, 0xff, 0xfe, 0xff, 0xfe, 0xff,
    0xfe, 0xff, 0xde, 0xff, 0xfe, 0xff, 0xfe, 0xff, 0xfe, 0xff, 0xfe, 0xff, 0xfe, 0xff, 0xfe, 0xff,
    0xfe, 0xff, 0xfe, 0xff, 0xfe, 0xff, 0xfe, 0xff, 0xfe, 0xff, 0xfe, 0xff, 0xde, 0xff, 0xdd, 0xff,
    0xfe, 0xff, 0xfe, 0xff, 0xfe, 0xff, 0xfe, 0xff, 0xfe, 0xff, 0xfe, 0xff, 0xfe, 0xff, 0xfe, 0xff,
    0xde, 0xff, 0xde, 0xff, 0xde, 0xff, 0xde, 0xff, 0xde, 0xff, 0xde, 0xff, 0xde, 0xff, 0xde, 0xff,
    0xde, 0xff, 0xde, 0xff, 0xde, 0xff, 0xde, 0xff, 0xde, 0xff, 0xdd, 0xff, 0xde, 0xff, 0xde, 0xff,
    0xdd, 0xff, 0xdd, 0xff, 0xdd, 0xff, 0xdd, 0xff, 0xdd, 0xff, 0xdd, 0xff, 0xdd, 0xff, 0xdd, 0xff,
    0xdd, 0xff, 0xdd, 0xff, 0xdd, 0xff, 0xdd, 0xff, 0xdd, 0xff, 0xdd, 0xff, 0xdd, 0xff, 0xdd, 0xff,
    0xdd, 0xff, 0xdd, 0xff, 0xdd, 0xff, 0xde, 0xff, 0xdd, 0xff, 0xdd, 0xff, 0xdd, 0xff, 0xbd, 0xff,
    0xbd, 0xff, 0xbd, 0xff, 0xbd, 0xff, 0xbd, 0xff, 0xbd, 0xff, 0xbd, 0xff, 0xbd, 0xff, 0xbd, 0xff,
    0xbd, 0xff, 0xbd, 0xff, 0xbd, 0xff, 0xbd, 0xff, 0xbd, 0xff, 0xbd, 0xff, 0xbd, 0xff, 0xbd, 0xff,
    0xbd, 0xff, 0xbd, 0xff, 0xbd, 0xff, 0xbd, 0xff, 0xbd, 0xff, 0xbd, 0xff, 0xbd, 0xff, 0xbd, 0xff,
    0xbd, 0xff, 0xbd, 0xff, 0xbd, 0xff, 0x9d, 0xff, 0x9d, 0xff, 0x9d, 0xff, 0x9d, 0xf7, 0x9d, 0xff,
    0x9d, 0xf7, 0x9d, 0xff, 0x9d, 0xff, 0x9d, 0xff, 0xbd, 0xf7, 0x9d, 0xf7, 0x9d, 0xf7, 0x9d, 0xf7,
    0x9d, 0xf7, 0x9d, 0xff, 0xbd, 0xf7, 0x9d, 0xf7, 0x9d, 0xf7, 0x9d, 0xf7, 0x9d, 0xf7, 0x9d, 0xf7,
    0x9d, 0xf7, 0x9d, 0xf7, 0x9d, 0xf7, 0x9d, 0xf7, 0x9d, 0xf7, 0x9d, 0xf7, 0x9c, 0xf7, 0x9d, 0xf7,
    0x9d, 0xf7, 0x9d, 0xf7, 0x9d, 0xf7, 0x9c, 0xf7, 0x9c, 0xf7, 0x9c, 0xf7, 0x7c, 0xf7, 0x7c, 0xf7,
    0x7c, 0xf7, 0x7c, 0xf7, 0x7c, 0xf7, 0x7c, 0xf7, 0x7c, 0xf7, 0x7c, 0xf7, 0x7c, 0xf7, 0x7c, 0xf7,
    0x7c, 0xf7, 0x7c, 0xf7, 0x7d, 0xf7, 0x7c, 0xf7, 0x7c, 0xef, 0x7c, 0xf7, 0x7c, 0xf7, 0x7c, 0xf7,
    0x7c, 0xf7, 0x7c, 0xf7, 0x7c, 0xf7, 0x7c, 0xf7, 0x7c, 0xf7, 0x7c, 0xf7, 0x7d, 0xf7, 0x7c, 0xf7,
    0x7c, 0xf7, 0x7c, 0xef, 0x7c, 0xef, 0x7c, 0xef, 0x7c, 0xef, 0x7c, 0xef, 0x7c, 0xef, 0x5c, 0xef,
    0x5c, 0xef, 0x5c, 0xef, 0x5c, 0xef, 0x5c, 0xef, 0x5c, 0xef, 0x5c, 0xef, 0x5c, 0xef, 0x5c, 0xef,
    0x5c, 0xef, 0x5c, 0xef, 0x5c, 0xef, 0x5c, 0xef, 0x5c, 0xef, 0x5c, 0xef, 0x5c, 0xef, 0x3c, 0xef,
    0x3c, 0xef, 0x3c, 0xef, 0x3c, 0xe7, 0x3c, 0xe7, 0x3c, 0xe7, 0x3c, 0xe7, 0x3c, 0xef, 0x3c, 0xef,
    0x3c, 0xe7, 0x3c, 0xe7, 0x3c, 0xe7, 0x3c, 0xe7, 0x3b, 0xe7, 0x3b, 0xe7, 0x3b, 0xe7, 0x3c, 0xe7,
    0x3c, 0xe7, 0x3c, 0xe7, 0x3b, 0xe7, 0x3b, 0xe7, 0x1c, 0xe7, 0x1b, 0xe7, 0x1b, 0xe7, 0x1b, 0xe7,
    0x1c, 0xe7, 0x1c, 0xe7, 0x1c, 0xe7, 0x1b, 0xe7, 0x1c, 0xe7, 0x1c, 0xe7, 0x1c, 0xe7, 0x1b, 0xe7,
    0x1b, 0xe7, 0x1b, 0xe7, 0x1b, 0xe7, 0x1b, 0xe7, 0x1b, 0xe7, 0xfb, 0xe6, 0xfb, 0xe6, 0xfb, 0xe6,
    0xfb, 0xde, 0xfb, 0xde, 0xfb, 0xe6, 0xfb, 0xe6, 0xfb, 0xde, 0xfb, 0xe6, 0xfb, 0xde, 0xfb, 0xde,
    0xfb, 0xde, 0xfb, 0xde, 0xfb, 0xde, 0xfb, 0xde, 0xfb, 0xde, 0xfb, 0xde, 0xfb, 0xde, 0xfb, 0xde,
    0xdb, 0xde, 0xfb, 0xde, 0xdb, 0xde, 0xdb, 0xde, 0xdb, 0xde, 0xda, 0xde, 0xda, 0xde, 0xda, 0xde,
    0xda, 0xde, 0xdb, 0xde, 0xda, 0xde, 0xda, 0xde, 0xda, 0xde, 0xda, 0xde, 0xda, 0xde, 0xda, 0xde,
    0xda, 0xde, 0xda, 0xde, 0xda, 0xde, 0xda, 0xde, 0xda, 0xde, 0xda, 0xde, 0xda, 0xde, 0xdb, 0xde,
    0xda, 0xde, 0xba, 0xd6, 0xba, 0xd6, 0xba, 0xd6, 0xba, 0xd6, 0xba, 0xd6, 0xba, 0xd6, 0xba, 0xd6,
    0xba, 0xd6, 0xba, 0xd6, 0xba, 0xd6, 0xba, 0xd6, 0xba, 0xd6, 0xba, 0xd6, 0xba, 0xd6, 0xba, 0xd6,
    0xba, 0xd6, 0xba, 0xd6, 0xba, 0xd6, 0xba, 0xd6, 0xba, 0xd6, 0xba, 0xd6, 0xba, 0xd6, 0xba, 0xd6,
    0xba, 0xd6, 0xba, 0xd6, 0xba, 0xd6, 0xba, 0xd6, 0xba, 0xd6, 0xba, 0xd6, 0xba, 0xd6, 0xba, 0xd6,
    0xba, 0xd6, 0xba, 0xd6, 0xba, 0xd6, 0xba, 0xd6, 0xba, 0xd6, 0xba, 0xd6, 0xba, 0xd6, 0xba, 0xd6,
    0xff, 0xff, 0xff, 0xff, 0xff, 0xff, 0xff, 0xff, 0xff, 0xff, 0xfe, 0xff, 0xfe, 0xff, 0xfe, 0xff,
    0xfe, 0xff, 0xfe, 0xff, 0xfe, 0xff, 0xfe, 0xff, 0xfe, 0xff, 0xfe, 0xff, 0xfe, 0xff, 0xfe, 0xff,
    0xfe, 0xff, 0xfe, 0xff, 0xfe, 0xff, 0xde, 0xff, 0xde, 0xff, 0xde, 0xff, 0xde, 0xff, 0xfe, 0xff,
    0xfe, 0xff, 0xfe, 0xff, 0xde, 0xff, 0xfe, 0xff, 0xfe, 0xff, 0xfe, 0xff, 0xfe, 0xff, 0xfe, 0xff,
    0xfe, 0xff, 0xfe, 0xff, 0xfe, 0xff, 0xfe, 0xff, 0xfe, 0xff, 0xfe, 0xff, 0xde, 0xff, 0xfe, 0xff,
    0xfe, 0xff, 0xfe, 0xff, 0xde, 0xff, 0xde, 0xff, 0xde, 0xff, 0xfe, 0xff, 0xde, 0xff, 0xde, 0xff,
    0xde, 0xff, 0xdd, 0xff, 0xdd, 0xff, 0xde, 0xff, 0xde, 0xff, 0xde, 0xff, 0xde, 0xff, 0xde, 0xff,
    0xde, 0xff, 0xde, 0xff, 0xde, 0xff, 0xde, 0xff, 0xdd, 0xff, 0xde, 0xff, 0xdd, 0xff, 0xde, 0xff,
    0xdd, 0xff, 0xdd, 0xff, 0xdd, 0xff, 0xdd, 0xff, 0xdd, 0xff, 0xdd, 0xff, 0xdd, 0xff, 0xde, 0xff,
    0xdd, 0xff, 0xdd, 0xff, 0xdd, 0xff, 0xdd, 0xff, 0xdd, 0xff, 0xdd, 0xff, 0xde, 0xff, 0xdd, 0xff,
    0xdd, 0xff, 0xdd, 0xff, 0xdd, 0xff, 0xdd, 0xff, 0xdd, 0xff, 0xdd, 0xff, 0xbd, 0xff, 0xbd, 0xff,
    0xbd, 0xff, 0xbd, 0xff, 0xbd, 0xff, 0xbd, 0xff, 0xbd, 0xff, 0xbd, 0xff, 0xbd, 0xff, 0xbd, 0xff,
    0xbd, 0xff, 0xbd, 0xff, 0xbd, 0xff, 0xbd, 0xff, 0xbd, 0xff, 0xbd, 0xff, 0xbd, 0xff, 0xbd, 0xff,
    0xbd, 0xff, 0xbd, 0xff, 0xbd, 0xff, 0xbd, 0xff, 0xbd, 0xff, 0xbd, 0xff, 0xbd, 0xff, 0xbd, 0xff,
    0xbd, 0xff, 0x9d, 0xff, 0x9d, 0xff, 0xbd, 0xff, 0x9d, 0xff, 0xbd, 0xff, 0x9d, 0xf7, 0x9d, 0xff,
    0x9d, 0xff, 0x9d, 0xff, 0x9d, 0xff, 0x9d, 0xf7, 0x9d, 0xf7, 0x9d, 0xf7, 0x9d, 0xf7, 0x9d, 0xf7,
    0x9d, 0xf7, 0x9c, 0xf7, 0x9d, 0xff, 0x9d, 0xf7, 0x9d, 0xf7, 0x9d, 0xf7, 0x9d, 0xf7, 0x9d, 0xf7,
    0x9d, 0xf7, 0x9d, 0xf7, 0x9d, 0xf7, 0x9c, 0xf7, 0x9c, 0xf7, 0x9d, 0xf7, 0x9c, 0xf7, 0x9c, 0xf7,
    0x9c, 0xf7, 0x9c, 0xf7, 0x9c, 0xf7, 0x9c, 0xf7, 0x9c, 0xf7, 0x7c, 0xf7, 0x7c, 0xf7, 0x7c, 0xf7,
    0x7c, 0xf7, 0x7c, 0xf7, 0x7c, 0xf7, 0x7c, 0xf7, 0x7c, 0xf7, 0x7c, 0xf7, 0x7c, 0xf7, 0x7c, 0xef,
    0x7c, 0xf7, 0x7c, 0xef, 0x7c, 0xf7, 0x7c, 0xf7, 0x7c, 0xef, 0x7c, 0xef, 0x7c, 0xf7, 0x7c, 0xf7,
    0x7c, 0xf7, 0x7c, 0xf7, 0x7c, 0xf7, 0x7c, 0xf7, 0x7d, 0xf7, 0x7c, 0xf7, 0x7d, 0xf7, 0x7d, 0xf7,
    0x7c, 0xef, 0x7c, 0xef, 0x7c, 0xef, 0x7c, 0xef, 0x7c, 0xef, 0x5c, 0xef, 0x5c, 0xef, 0x5c, 0xef,
    0x5c, 0xef, 0x5c, 0xef, 0x5c, 0xef, 0x5c, 0xef, 0x5c, 0xef, 0x5c, 0xef, 0x5c, 0xef, 0x5c, 0xef,
    0x5c, 0xef, 0x5c, 0xef, 0x5c, 0xef, 0x3c, 0xef, 0x3c, 0xef, 0x3c, 0xef, 0x3c, 0xef, 0x3c, 0xef,
    0x3c, 0xe7, 0x3c, 0xe7, 0x3c, 0xef, 0x3c, 0xe7, 0x3b, 0xe7, 0x3b, 0xe7, 0x3c, 0xe7, 0x3c, 0xe7,
    0x3c, 0xe7, 0x3c, 0xe7, 0x3c, 0xe7, 0x3c, 0xe7, 0x3b, 0xe7, 0x3b, 0xe7, 0x3b, 0xe7, 0x3c, 0xe7,
    0x3c, 0xe7, 0x3c, 0xe7, 0x3c, 0xe7, 0x1c, 0xe7, 0x1c, 0xe7, 0x1b, 0xe7, 0x1b, 0xe7, 0x1b, 0xe7,
    0x1b, 0xe7, 0x1c, 0xe7, 0x1b, 0xe7, 0x1b, 0xe7, 0x1b, 0xe7, 0x1b, 0xe7, 0x1b, 0xe7, 0x1b, 0xe7,
    0x1b, 0xe7, 0x1b, 0xe7, 0x1b, 0xe7, 0x1b, 0xe7, 0xfb, 0xe6, 0x1b, 0xdf, 0xfb, 0xe6, 0xfb, 0xe6,
    0xfb, 0xde, 0xfb, 0xde, 0xfb, 0xe6, 0xfb, 0xde, 0xfb, 0xde, 0xfb, 0xde, 0xfb, 0xde, 0xfb, 0xde,
    0xfb, 0xde, 0xfb, 0xde, 0xfb, 0xde, 0xfb, 0xde, 0xfb, 0xde, 0xfb, 0xde, 0xfb, 0xde, 0xdb, 0xde,
    0xdb, 0xde, 0xdb, 0xde, 0xdb, 0xde, 0xdb, 0xde, 0xdb, 0xde, 0xda, 0xde, 0xda, 0xde, 0xda, 0xde,
    0xda, 0xde, 0xdb, 0xde, 0xda, 0xde, 0xda, 0xde, 0xda, 0xde, 0xda, 0xde, 0xda, 0xde, 0xda, 0xde,
    0xda, 0xde, 0xda, 0xde, 0xda, 0xde, 0xda, 0xde, 0xda, 0xde, 0xdb, 0xde, 0xdb, 0xde, 0xda, 0xde,
    0xda, 0xd6, 0xba, 0xd6, 0xba, 0xd6, 0xba, 0xd6, 0xba, 0xd6, 0xba, 0xd6, 0xba, 0xd6, 0xba, 0xd6,
    0xba, 0xd6, 0xba, 0xd6, 0xba, 0xd6, 0xba, 0xd6, 0xba, 0xd6, 0xba, 0xd6, 0xba, 0xd6, 0xba, 0xd6,
    0xba, 0xd6, 0xba, 0xd6, 0xba, 0xd6, 0xba, 0xd6, 0xba, 0xd6, 0xba, 0xd6, 0xba, 0xd6, 0xba, 0xd6,
    0xba, 0xd6, 0xba, 0xd6, 0xba, 0xd6, 0xba, 0xd6, 0xba, 0xd6, 0xba, 0xd6, 0xba, 0xd6, 0xba, 0xd6,
    0xbb, 0xd6, 0xba, 0xd6, 0xda, 0xd6, 0xba, 0xd6, 0xba, 0xd6, 0xba, 0xd6, 0xba, 0xd6, 0xba, 0xd6,
    0xff, 0xff, 0xff, 0xff, 0xff, 0xff, 0xff, 0xff, 0xff, 0xff, 0xff, 0xff, 0xff, 0xff, 0xfe, 0xff,
    0xfe, 0xff, 0xfe, 0xff, 0xfe, 0xff, 0xfe, 0xff, 0xfe, 0xff, 0xfe, 0xff, 0xfe, 0xff, 0xfe, 0xff,
    0xfe, 0xff, 0xfe, 0xff, 0xfe, 0xff, 0xfe, 0xff, 0xfd, 0xff, 0xfe, 0xff, 0xfe, 0xff, 0xde, 0xff,
    0xfe, 0xff, 0xfe, 0xff, 0xde, 0xff, 0xfe, 0xff, 0xfe, 0xff, 0xfe, 0xff, 0xfe, 0xff, 0xfe, 0xff,
    0xfe, 0xff, 0xfe, 0xff, 0xfe, 0xff, 0xfe, 0xff, 0xfe, 0xff, 0xfe, 0xff, 0xfe, 0xff, 0xfe, 0xff,
    0xfe, 0xff, 0xfe, 0xff, 0xfe, 0xff, 0xde, 0xff, 0xfe, 0xff, 0xde, 0xff, 0xde, 0xff, 0xde, 0xff,
    0xde, 0xff, 0xdd, 0xff, 0xdd, 0xff, 0xde, 0xff, 0xde, 0xff, 0xde, 0xff, 0xde, 0xff, 0xde, 0xff,
    0xde, 0xff, 0xde, 0xff, 0xde, 0xff, 0xde, 0xff, 0xde, 0xff, 0xdd, 0xff, 0xdd, 0xff, 0xdd, 0xff,
    0xdd, 0xff, 0xdd, 0xff, 0xdd, 0xff, 0xdd, 0xff, 0xde, 0xff, 0xdd, 0xff, 0xdd, 0xff, 0xdd, 0xff,
    0xdd, 0xff, 0xdd, 0xff, 0xdd, 0xff, 0xdd, 0xff, 0xdd, 0xff, 0xdd, 0xff, 0xdd, 0xff, 0xbd, 0xff,
    0xbd, 0xff, 0xdd, 0xff, 0xdd, 0xff, 0xdd, 0xff, 0xdd, 0xff, 0xdd, 0xff, 0xbd, 0xff, 0xbd, 0xff,
    0xbd, 0xff, 0xbd, 0xff, 0xbd, 0xff, 0xbd, 0xff, 0xbd, 0xff, 0xbd, 0xff, 0xbd, 0xff, 0xbd, 0xff,
    0xbd, 0xff, 0xbd, 0xff, 0xbd, 0xff, 0xbd, 0xff, 0xbd, 0xff, 0xbd, 0xff, 0xbd, 0xff, 0xbd, 0xff,
    0xbd, 0xff, 0xbd, 0xff, 0xbd, 0xff, 0xbd, 0xff, 0xbd, 0xff, 0xbd, 0xff, 0xbd, 0xff, 0xbd, 0xff,
    0xbd, 0xff, 0xbd, 0xff, 0xbd, 0xff, 0x9d, 0xff, 0x9d, 0xff, 0x9d, 0xff, 0x9d, 0xf7, 0x9d, 0xf7,
    0x9d, 0xf7, 0x9d, 0xf7, 0x9d, 0xf7, 0x9d, 0xf7, 0x9d, 0xf7, 0x9d, 0xf7, 0x9d, 0xf7, 0x9d, 0xf7,
    0x9d, 0xf7, 0x9d, 0xf7, 0x9d, 0xf7, 0x9d, 0xf7, 0x9d, 0xf7, 0x9d, 0xf7, 0x9d, 0xf7, 0x9d, 0xf7,
    0x9c, 0xf7, 0x9c, 0xf7, 0x9d, 0xf7, 0x9d, 0xf7, 0x9c, 0xf7, 0x9d, 0xf7, 0x9d, 0xf7, 0x9c, 0xf7,
    0x9c, 0xf7, 0x9c, 0xf7, 0x9c, 0xf7, 0x9c, 0xf7, 0x7c, 0xf7, 0x7d, 0xf7, 0x7c, 0xf7, 0x7c, 0xf7,
    0x7c, 0xf7, 0x7c, 0xf7, 0x7c, 0xf7, 0x7c, 0xf7, 0x7c, 0xf7, 0x7c, 0xf7, 0x7c, 0xf7, 0x7c, 0xef,
    0x7c, 0xf7, 0x7c, 0xf7, 0x7c, 0xf7, 0x7c, 0xf7, 0x7c, 0xf7, 0x7c, 0xef, 0x7c, 0xf7, 0x7c, 0xf7,
    0x7c, 0xf7, 0x7c, 0xf7, 0x7c, 0xf7, 0x7c, 0xf7, 0x7c, 0xf7, 0x7c, 0xf7, 0x7c, 0xef, 0x7c, 0xf7,
    0x7c, 0xef, 0x7c, 0xef, 0x7c, 0xef, 0x7c, 0xef, 0x5c, 0xef, 0x5c, 0xef, 0x5c, 0xef, 0x5c, 0xef,
    0x5c, 0xef, 0x5c, 0xef, 0x5c, 0xef, 0x5c, 0xef, 0x5c, 0xef, 0x5c, 0xef, 0x5c, 0xef, 0x5c, 0xef,
    0x5c, 0xef, 0x5c, 0xef, 0x5c, 0xef, 0x3c, 0xef, 0x3c, 0xef, 0x3c, 0xef, 0x3c, 0xef, 0x3c, 0xef,
    0x3c, 0xe7, 0x3c, 0xe7, 0x3c, 0xe7, 0x3c, 0xe7, 0x3c, 0xe7, 0x3c, 0xe7, 0x3c, 0xe7, 0x3c, 0xe7,
    0x3c, 0xe7, 0x3c, 0xe7, 0x3c, 0xe7, 0x3c, 0xe7, 0x3b, 0xe7, 0x3c, 0xe7, 0x3c, 0xe7, 0x3c, 0xe7,
    0x3c, 0xe7, 0x3c, 0xe7, 0x3c, 0xe7, 0x1c, 0xe7, 0x1b, 0xe7, 0x1b, 0xe7, 0x1b, 0xe7, 0x1b, 0xe7,
    0x1b, 0xe7, 0x1b, 0xe7, 0x1b, 0xe7, 0x1b, 0xe7, 0x1b, 0xe7, 0x1b, 0xe7, 0x1b, 0xe7, 0x1b, 0xe7,
    0x1b, 0xe7, 0x1b, 0xe7, 0x1b, 0xe7, 0x1b, 0xe7, 0xfb, 0xe6, 0xfb, 0xde, 0xfb, 0xde, 0xfb, 0xde,
    0xfb, 0xde, 0xfb, 0xde, 0xfb, 0xde, 0xfb, 0xde, 0xfb, 0xde, 0xfb, 0xde, 0xfb, 0xde, 0xfb, 0xde,
    0xfb, 0xde, 0xfb, 0xde, 0xfb, 0xde, 0xfb, 0xde, 0xfb, 0xde, 0xfb, 0xde, 0xfb, 0xde, 0xfb, 0xde,
    0xdb, 0xde, 0xdb, 0xde, 0xdb, 0xde, 0xdb, 0xde, 0xdb, 0xde, 0xdb, 0xde, 0xda, 0xde, 0xda, 0xde,
    0xdb, 0xde, 0xdb, 0xde, 0xdb, 0xde, 0xda, 0xde, 0xda, 0xde, 0xda, 0xde, 0xda, 0xde, 0xda, 0xde,
    0xda, 0xde, 0xda, 0xde, 0xda, 0xde, 0xda, 0xde, 0xda, 0xde, 0xda, 0xde, 0xda, 0xde, 0xda, 0xde,
    0xba, 0xd6, 0xba, 0xd6, 0xba, 0xd6, 0xba, 0xd6, 0xba, 0xd6, 0xba, 0xd6, 0xba, 0xd6, 0xba, 0xd6,
    0xba, 0xd6, 0xba, 0xd6, 0xba, 0xd6, 0xba, 0xd6, 0xba, 0xd6, 0xba, 0xd6, 0xba, 0xd6, 0xba, 0xd6,
    0xba, 0xd6, 0xba, 0xd6, 0xba, 0xd6, 0xba, 0xd6, 0xba, 0xd6, 0xba, 0xd6, 0xba, 0xd6, 0xba, 0xd6,
    0xba, 0xd6, 0xba, 0xd6, 0xba, 0xd6, 0xba, 0xd6, 0xba, 0xd6, 0xba, 0xd6, 0xba, 0xd6, 0xba, 0xd6,
    0xba, 0xd6, 0xda, 0xd6, 0xba, 0xd6, 0xba, 0xd6, 0xba, 0xd6, 0xba, 0xd6, 0xba, 0xd6, 0xba, 0xd6,
    0xff, 0xff, 0xff, 0xff, 0xff, 0xff, 0xff, 0xff, 0xff, 0xff, 0xfe, 0xff, 0xfe, 0xff, 0xfe, 0xff,
    0xfe, 0xff, 0xfe, 0xff, 0xfe, 0xff, 0xfe, 0xff, 0xfe, 0xff, 0xfe, 0xff, 0xfe, 0xff, 0xfe, 0xff,
    0xfe, 0xff, 0xfe, 0xff, 0xdd, 0xff, 0xfd, 0xff, 0xfd, 0xff, 0xde, 0xff, 0xfe, 0xff, 0xfe, 0xff,
    0xfe, 0xff, 0xfe, 0xff, 0xfe, 0xff, 0xfe, 0xff, 0xfe, 0xff, 0xfe, 0xff, 0xfe, 0xff, 0xfe, 0xff,
    0xfe, 0xff, 0xfe, 0xff, 0xfe, 0xff, 0xfe, 0xff, 0xfe, 0xff, 0xfe, 0xff, 0xfe, 0xff, 0xfe, 0xff,
    0xfe, 0xff, 0xfe, 0xff, 0xfe, 0xff, 0xde, 0xff, 0xde, 0xff, 0xde, 0xff, 0xde, 0xff, 0xde, 0xff,
    0xdd, 0xff, 0xde, 0xff, 0xde, 0xff, 0xde, 0xff, 0xde, 0xff, 0xde, 0xff, 0xdd, 0xff, 0xde, 0xff,
    0xdd, 0xff, 0xdd, 0xff, 0xdd, 0xff, 0xdd, 0xff, 0xde, 0xff, 0xde, 0xff, 0xde, 0xff, 0xdd, 0xff,
    0xde, 0xff, 0xdd, 0xff, 0xdd, 0xff, 0xdd, 0xff, 0xdd, 0xff, 0xde, 0xff, 0xdd, 0xff, 0xdd, 0xff,
    0xdd, 0xff, 0xdd, 0xff, 0xdd, 0xff, 0xdd, 0xff, 0xdd, 0xff, 0xdd, 0xff, 0xdd, 0xff, 0xbd, 0xff,
    0xdd, 0xff, 0xdd, 0xff, 0xdd, 0xff, 0xdd, 0xff, 0xdd, 0xff, 0xbd, 0xff, 0xbd, 0xff, 0xbd, 0xff,
    0xbd, 0xff, 0xbd, 0xff, 0xbd, 0xff, 0xbd, 0xff, 0xbd, 0xff, 0xbd, 0xff, 0xbd, 0xff, 0xbd, 0xff,
    0xbd, 0xff, 0xbd, 0xff, 0xbd, 0xff, 0xbd, 0xff, 0xbd, 0xff, 0xbd, 0xff, 0xbd, 0xff, 0xbd, 0xff,
    0xbd, 0xff, 0xbd, 0xff, 0xbd, 0xff, 0xbd, 0xff, 0xbd, 0xff, 0xbd, 0xff, 0xbd, 0xff, 0xbd, 0xf7,
    0xbd, 0xf7, 0xbd, 0xff, 0x9d, 0xff, 0x9d, 0xff, 0x9d, 0xf7, 0x9d, 0xff, 0x9d, 0xf7, 0x9d, 0xf7,
    0x9d, 0xf7, 0x9d, 0xf7, 0x9d, 0xf7, 0x9d, 0xf7, 0x9d, 0xf7, 0x9d, 0xf7, 0x9d, 0xf7, 0x9c, 0xf7,
    0x9d, 0xf7, 0x9d, 0xf7, 0x9d, 0xf7, 0x9d, 0xf7, 0x9d, 0xf7, 0x9c, 0xf7, 0x9d, 0xf7, 0x9d, 0xf7,
    0x9d, 0xf7, 0x9d, 0xf7, 0x9c, 0xf7, 0x9c, 0xf7, 0x9c, 0xf7, 0x9d, 0xf7, 0x9d, 0xf7, 0x9d, 0xf7,
    0x9d, 0xf7, 0x9d, 0xf7, 0x9c, 0xf7, 0x9c, 0xf7, 0x7c, 0xf7, 0x7c, 0xf7, 0x7d, 0xf7, 0x7d, 0xf7,
    0x7c, 0xf7, 0x7c, 0xf7, 0x7c, 0xf7, 0x7c, 0xf7, 0x7c, 0xf7, 0x7c, 0xf7, 0x7c, 0xf7, 0x7c, 0xef,
    0x7c, 0xf7, 0x7c, 0xf7, 0x7c, 0xf7, 0x7c, 0xf7, 0x7c, 0xf7, 0x7d, 0xf7, 0x7c, 0xf7, 0x7c, 0xef,
    0x7c, 0xf7, 0x7c, 0xef, 0x7c, 0xf7, 0x7c, 0xf7, 0x7c, 0xef, 0x7c, 0xf7, 0x7c, 0xef, 0x7d, 0xef,
    0x7c, 0xef, 0x7c, 0xef, 0x7c, 0xef, 0x7c, 0xef, 0x5c, 0xef, 0x7c, 0xef, 0x5c, 0xef, 0x5c, 0xef,
    0x5c, 0xef, 0x5c, 0xef, 0x5c, 0xef, 0x5c, 0xef, 0x5c, 0xef, 0x5c, 0xef, 0x5c, 0xef, 0x5c, 0xef,
    0x3c, 0xef, 0x3c, 0xef, 0x3c, 0xef, 0x3c, 0xef, 0x3c, 0xef, 0x3c, 0xef, 0x3c, 0xe7, 0x3c, 0xe7,
    0x3c, 0xe7, 0x3c, 0xe7, 0x3c, 0xe7, 0x3c, 0xe7, 0x3c, 0xe7, 0x3c, 0xe7, 0x3c, 0xe7, 0x3c, 0xe7,
    0x3c, 0xe7, 0x3c, 0xe7, 0x3c, 0xe7, 0x3c, 0xe7, 0x3c, 0xe7, 0x3c, 0xe7, 0x3c, 0xe7, 0x3c, 0xe7,
    0x3c, 0xe7, 0x1b, 0xe7, 0x1c, 0xe7, 0x1b, 0xe7, 0x1b, 0xe7, 0x1b, 0xe7, 0x1b, 0xe7, 0x1b, 0xe7,
    0x1b, 0xe7, 0x1b, 0xe7, 0x1b, 0xe7, 0x1b, 0xe7, 0x1b, 0xe7, 0x1b, 0xe7, 0x1b, 0xe7, 0x1b, 0xe7,
    0x1b, 0xe7, 0x1b, 0xe7, 0x1b, 0xe7, 0x1b, 0xe7, 0xfb, 0xe6, 0xfb, 0xde, 0xfb, 0xde, 0xfb, 0xde,
    0xfb, 0xde, 0xfb, 0xde, 0xfb, 0xde, 0xfb, 0xde, 0xfb, 0xde, 0xfb, 0xde, 0xfb, 0xe6, 0xfb, 0xde,
    0xfb, 0xde, 0xfb, 0xde, 0xfb, 0xde, 0xfb, 0xde, 0xfb, 0xde, 0xfb, 0xde, 0xfb, 0xde, 0xfb, 0xde,
    0xfb, 0xde, 0xdb, 0xde, 0xdb, 0xde, 0xda, 0xde, 0xda, 0xde, 0xdb, 0xde, 0xdb, 0xde, 0xdb, 0xde,
    0xdb, 0xde, 0xdb, 0xde, 0xdb, 0xde, 0xda, 0xde, 0xda, 0xde, 0xda, 0xde, 0xda, 0xde, 0xda, 0xde,
    0xda, 0xde, 0xda, 0xde, 0xda, 0xde, 0xda, 0xde, 0xdb, 0xde, 0xda, 0xde, 0xda, 0xde, 0xda, 0xde,
    0xda, 0xd6, 0xba, 0xd6, 0xba, 0xd6, 0xba, 0xd6, 0xba, 0xd6, 0xba, 0xd6, 0xba, 0xd6, 0xba, 0xd6,
    0xba, 0xd6, 0xba, 0xd6, 0xba, 0xd6, 0xba, 0xd6, 0xba, 0xd6, 0xba, 0xd6, 0xba, 0xd6, 0xba, 0xd6,
    0xba, 0xd6, 0xba, 0xd6, 0xba, 0xd6, 0xba, 0xd6, 0xba, 0xd6, 0xba, 0xd6, 0xba, 0xd6, 0xba, 0xd6,
    0xba, 0xd6, 0xba, 0xd6, 0xba, 0xd6, 0xba, 0xd6, 0xba, 0xd6, 0xba, 0xd6, 0xba, 0xd6, 0xba, 0xd6,
    0xba, 0xd6, 0xba, 0xd6, 0xbb, 0xd6, 0xbb, 0xd6, 0xbb, 0xd6, 0xba, 0xd6, 0xba, 0xd6, 0xba, 0xd6,
    0xff, 0xff, 0xff, 0xff, 0xff, 0xff, 0xff, 0xff, 0xff, 0xff, 0xff, 0xff, 0xfe, 0xff, 0xfd, 0xff,
    0xfe, 0xff, 0xfe, 0xff, 0xfe, 0xff, 0xfe, 0xff, 0xfe, 0xff, 0xfe, 0xff, 0xfe, 0xff, 0xfe, 0xff,
    0xfd, 0xff, 0xfe, 0xff, 0xfe, 0xff, 0xdd, 0xff, 0xdd, 0xff, 0xfe, 0xff, 0xfe, 0xff, 0xde, 0xff,
    0xfe, 0xff, 0xfe, 0xff, 0xfe, 0xff, 0xfe, 0xff, 0xfe, 0xff, 0xfe, 0xff, 0xfe, 0xff, 0xfe, 0xff,
    0xfe, 0xff, 0xfe, 0xff, 0xfe, 0xff, 0xfe, 0xff, 0xfe, 0xff, 0xfe, 0xff, 0xfe, 0xff, 0xfe, 0xff,
    0xfe, 0xff, 0xde, 0xff, 0xde, 0xff, 0xde, 0xff, 0xde, 0xff, 0xde, 0xff, 0xde, 0xff, 0xde, 0xff,
    0xde, 0xff, 0xde, 0xff, 0xdd, 0xff, 0xde, 0xff, 0xde, 0xff, 0xde, 0xff, 0xdd, 0xff, 0xde, 0xff,
    0xde, 0xff, 0xde, 0xff, 0xdd, 0xff, 0xde, 0xff, 0xde, 0xff, 0xdd, 0xff, 0xdd, 0xff, 0xdd, 0xff,
    0xdd, 0xff, 0xdd, 0xff, 0xde, 0xff, 0xdd, 0xff, 0xdd, 0xff, 0xdd, 0xff, 0xdd, 0xff, 0xdd, 0xff,
    0xdd, 0xff, 0xdd, 0xff, 0xdd, 0xff, 0xdd, 0xff, 0xdd, 0xff, 0xdd, 0xff, 0xdd, 0xff, 0xdd, 0xff,
    0xdd, 0xff, 0xbd, 0xff, 0xbd, 0xff, 0xbd, 0xff, 0xbd, 0xff, 0xbd, 0xff, 0xbd, 0xff, 0xbd, 0xff,
    0xbd, 0xff, 0xbd, 0xff, 0xbd, 0xff, 0xbd, 0xff, 0xbd, 0xff, 0xbd, 0xff, 0xbd, 0xff, 0xbd, 0xff,
    0xbd, 0xff, 0xbd, 0xff, 0xbd, 0xff, 0xbd, 0xff, 0xbd, 0xff, 0xbd, 0xff, 0xbd, 0xff, 0xbd, 0xff,
    0xbd, 0xff, 0xbd, 0xff, 0xbd, 0xff, 0xbd, 0xff, 0xbd, 0xff, 0xbd, 0xff, 0xbd, 0xff, 0xbd, 0xff,
    0xbd, 0xff, 0xbd, 0xff, 0x9d, 0xff, 0x9d, 0xf7, 0x9d, 0xf7, 0x9d, 0xff, 0x9d, 0xff, 0x9d, 0xf7,
    0x9d, 0xf7, 0x9d, 0xff, 0x9d, 0xf7, 0x9d, 0xf7, 0x9d, 0xf7, 0x9d, 0xf7, 0x9c, 0xf7, 0x9c, 0xf7,
    0x9d, 0xf7, 0x9d, 0xf7, 0x9d, 0xf7, 0x9d, 0xf7, 0x9d, 0xf7, 0x9d, 0xf7, 0x9d, 0xf7, 0x9d, 0xf7,
    0x9c, 0xf7, 0x9d, 0xf7, 0x9c, 0xf7, 0x9d, 0xf7, 0x9d, 0xf7, 0x9d, 0xf7, 0x9d, 0xf7, 0x9d, 0xf7,
    0x9d, 0xf7, 0x9c, 0xf7, 0x9c, 0xf7, 0x7c, 0xf7, 0x7c, 0xf7, 0x7c, 0xf7, 0x7c, 0xf7, 0x7c, 0xf7,
    0x7c, 0xf7, 0x7c, 0xf7, 0x7c, 0xf7, 0x7c, 0xf7, 0x7c, 0xf7, 0x7c, 0xf7, 0x7c, 0xf7, 0x7c, 0xf7,
    0x7d, 0xf7, 0x7c, 0xef, 0x7c, 0xf7, 0x7c, 0xef, 0x7c, 0xef, 0x7c, 0xef, 0x7c, 0xef, 0x7c, 0xf7,
    0x7c, 0xf7, 0x7c, 0xf7, 0x7c, 0xf7, 0x7c, 0xf7, 0x7c, 0xf7, 0x7d, 0xf7, 0x7d, 0xef, 0x7c, 0xef,
    0x7c, 0xef, 0x7c, 0xef, 0x7c, 0xef, 0x7c, 0xef, 0x7c, 0xef, 0x7c, 0xef, 0x5c, 0xef, 0x5c, 0xef,
    0x5c, 0xef, 0x5c, 0xef, 0x5c, 0xef, 0x5c, 0xef, 0x5c, 0xef, 0x5c, 0xef, 0x5c, 0xef, 0x5c, 0xef,
    0x3c, 0xef, 0x3c, 0xef, 0x3c, 0xef, 0x3c, 0xef, 0x3c, 0xef, 0x3c, 0xef, 0x3c, 0xe7, 0x3c, 0xe7,
    0x3c, 0xe7, 0x3b, 0xe7, 0x3c, 0xe7, 0x3b, 0xe7, 0x3c, 0xe7, 0x3c, 0xe7, 0x3c, 0xe7, 0x3c, 0xe7,
    0x3c, 0xe7, 0x3c, 0xe7, 0x3c, 0xe7, 0x3c, 0xe7, 0x3c, 0xe7, 0x3b, 0xe7, 0x3c, 0xe7, 0x3c, 0xe7,
    0x3c, 0xe7, 0x3b, 0xe7, 0x1b, 0xe7, 0x1b, 0xe7, 0x1b, 0xe7, 0x1b, 0xe7, 0x1b, 0xe7, 0x1b, 0xe7,
    0x1b, 0xe7, 0x1b, 0xe7, 0x1b, 0xe7, 0x1b, 0xe7, 0x1c, 0xe7, 0x1b, 0xe7, 0x1b, 0xe7, 0x1b, 0xe7,
    0x1b, 0xe7, 0x1b, 0xe7, 0x1b, 0xe7, 0xfb, 0xde, 0xfb, 0xde, 0xfb, 0xde, 0xfb, 0xe6, 0xfb, 0xde,
    0xfb, 0xd6, 0xfb, 0xde, 0xfb, 0xe6, 0xfb, 0xde, 0xfb, 0xde, 0xfb, 0xde, 0xfb, 0xde, 0xfb, 0xde,
    0xfb, 0xde, 0xfb, 0xde, 0xfb, 0xde, 0xfb, 0xde, 0xfb, 0xde, 0xdb, 0xde, 0xfb, 0xde, 0xfb, 0xde,
    0xdb, 0xde, 0xdb, 0xde, 0xdb, 0xde, 0xda, 0xde, 0xda, 0xde, 0xdb, 0xde, 0xda, 0xde, 0xdb, 0xde,
    0xdb, 0xde, 0xdb, 0xde, 0xdb, 0xde, 0xda, 0xde, 0xda, 0xde, 0xda, 0xde, 0xdb, 0xde, 0xda, 0xde,
    0xda, 0xde, 0xda, 0xde, 0xda, 0xde, 0xdb, 0xde, 0xda, 0xde, 0xda, 0xde, 0xda, 0xde, 0xda, 0xd6,
    0xba, 0xd6, 0xba, 0xd6, 0xba, 0xd6, 0xba, 0xd6, 0xba, 0xd6, 0xba, 0xd6, 0xba, 0xd6, 0xba, 0xd6,
    0xba, 0xd6, 0xba, 0xd6, 0xba, 0xd6, 0xba, 0xd6, 0xba, 0xd6, 0xba, 0xd6, 0xba, 0xd6, 0xba, 0xd6,
    0xba, 0xd6, 0xba, 0xd6, 0xba, 0xd6, 0xba, 0xd6, 0xba, 0xd6, 0xba, 0xd6, 0xba, 0xd6, 0xba, 0xd6,
    0xba, 0xd6, 0xba, 0xd6, 0xba, 0xd6, 0xba, 0xd6, 0xba, 0xd6, 0xba, 0xd6, 0xba, 0xd6, 0xba, 0xd6,
    0xba, 0xd6, 0xba, 0xd6, 0xba, 0xd6, 0xbb, 0xd6, 0xba, 0xd6, 0xba, 0xd6, 0xba, 0xd6, 0xbb, 0xd6,
    0xff, 0xff, 0xff, 0xff, 0xff, 0xff, 0xff, 0xff, 0xff, 0xff, 0xfe, 0xff, 0xfe, 0xff, 0xfe, 0xff,
    0xfe, 0xff, 0xfe, 0xff, 0xfe, 0xff, 0xfe, 0xff, 0xfe, 0xff, 0xfe, 0xff, 0xfe, 0xff, 0xfe, 0xff,
    0xfe, 0xff, 0xde, 0xff, 0xdd, 0xff, 0xdd, 0xff, 0xdd, 0xff, 0xde, 0xff, 0xfe, 0xff, 0xfe, 0xff,
    0xfe, 0xff, 0xfe, 0xff, 0xfe, 0xff, 0xfe, 0xff, 0xfe, 0xff, 0xfe, 0xff, 0xfe, 0xff, 0xfe, 0xff,
    0xfe, 0xff, 0xfe, 0xff, 0xde, 0xff, 0xfe, 0xff, 0xfe, 0xff, 0xfe, 0xff, 0xde, 0xff, 0xde, 0xff,
    0xfe, 0xff, 0xde, 0xff, 0xde, 0xff, 0xdd, 0xff, 0xdd, 0xff, 0xde, 0xff, 0xde, 0xff, 0xde, 0xff,
    0xde, 0xff, 0xde, 0xff, 0xde, 0xff, 0xdd, 0xff, 0xde, 0xff, 0xdd, 0xff, 0xdd, 0xff, 0xdd, 0xff,
    0xdd, 0xff, 0xde, 0xff, 0xde, 0xff, 0xde, 0xff, 0xde, 0xff, 0xdd, 0xff, 0xdd, 0xff, 0xdd, 0xff,
    0xdd, 0xff, 0xdd, 0xff, 0xdd, 0xff, 0xdd, 0xff, 0xdd, 0xff, 0xdd, 0xff, 0xdd, 0xff, 0xdd, 0xff,
    0xdd, 0xff, 0xdd, 0xff, 0xde, 0xff, 0xdd, 0xff, 0xdd, 0xff, 0xde, 0xff, 0xdd, 0xff, 0xbd, 0xff,
    0xbd, 0xff, 0xbd, 0xff, 0xbd, 0xff, 0xbd, 0xff, 0xbd, 0xff, 0xbd, 0xff, 0xbd, 0xff, 0xbd, 0xff,
    0xbd, 0xff, 0xbd, 0xff, 0xbd, 0xff, 0xbd, 0xff, 0xbd, 0xff, 0xbd, 0xff, 0xbd, 0xff, 0xbd, 0xff,
    0x9d, 0xff, 0xbd, 0xff, 0xbd, 0xff, 0xbd, 0xff, 0xbd, 0xff, 0xbd, 0xff, 0xbd, 0xff, 0xbd, 0xff,
    0xbd, 0xff, 0xbd, 0xff, 0xbd, 0xff, 0xbd, 0xff, 0xbd, 0xff, 0xbd, 0xff, 0xbd, 0xff, 0xbd, 0xff,
    0x9d, 0xff, 0xbd, 0xff, 0x9d, 0xff, 0xbd, 0xff, 0x9d, 0xff, 0x9d, 0xf7, 0x9d, 0xf7, 0x9d, 0xff,
    0x9d, 0xff, 0x9d, 0xff, 0x9c, 0xf7, 0x9d, 0xf7, 0x9d, 0xf7, 0x9d, 0xf7, 0x9d, 0xf7, 0x9d, 0xf7,
    0x9d, 0xf7, 0x9c, 0xf7, 0x9c, 0xf7, 0x9d, 0xf7, 0x9d, 0xf7, 0x9d, 0xf7, 0x9d, 0xf7, 0x9d, 0xf7,
    0x9c, 0xf7, 0x9d, 0xf7, 0x9d, 0xf7, 0x9d, 0xf7, 0x9c, 0xf7, 0x9c, 0xf7, 0x9d, 0xf7, 0x9d, 0xf7,
    0x9c, 0xf7, 0x7c, 0xf7, 0x7c, 0xf7, 0x7c, 0xf7, 0x7c, 0xf7, 0x7c, 0xf7, 0x7c, 0xf7, 0x7c, 0xf7,
    0x7c, 0xf7, 0x7c, 0xf7, 0x7c, 0xf7, 0x7c, 0xf7, 0x7c, 0xf7, 0x7c, 0xf7, 0x7c, 0xf7, 0x7c, 0xef,
    0x7c, 0xef, 0x7c, 0xef, 0x7c, 0xef, 0x7c, 0xef, 0x7c, 0xef, 0x7c, 0xef, 0x7c, 0xef, 0x7c, 0xef,
    0x7c, 0xf7, 0x7c, 0xf7, 0x7c, 0xf7, 0x7c, 0xf7, 0x7c, 0xf7, 0x7c, 0xf7, 0x7d, 0xf7, 0x7c, 0xef,
    0x7c, 0xef, 0x7c, 0xef, 0x7c, 0xef, 0x7c, 0xef, 0x7c, 0xef, 0x5c, 0xef, 0x5c, 0xef, 0x5c, 0xef,
    0x5c, 0xef, 0x5c, 0xef, 0x5c, 0xef, 0x5c, 0xef, 0x5c, 0xef, 0x5c, 0xef, 0x5c, 0xef, 0x5c, 0xef,
    0x3c, 0xef, 0x3c, 0xef, 0x3c, 0xef, 0x3c, 0xef, 0x3c, 0xef, 0x3c, 0xef, 0x3c, 0xe7, 0x3c, 0xe7,
    0x3c, 0xe7, 0x3c, 0xe7, 0x3c, 0xe7, 0x3c, 0xe7, 0x3c, 0xe7, 0x3c, 0xe7, 0x3c, 0xe7, 0x3c, 0xe7,
    0x3c, 0xe7, 0x3c, 0xe7, 0x3c, 0xe7, 0x3c, 0xe7, 0x3c, 0xe7, 0x3c, 0xe7, 0x3c, 0xe7, 0x3b, 0xe7,
    0x1c, 0xe7, 0x1b, 0xe7, 0x1b, 0xe7, 0x1b, 0xe7, 0x1b, 0xe7, 0x1b, 0xe7, 0x1b, 0xe7, 0x1b, 0xe7,
    0x1b, 0xe7, 0x1b, 0xe7, 0x1b, 0xe7, 0x1b, 0xe7, 0x1b, 0xe7, 0x1b, 0xe7, 0x1b, 0xe7, 0x1b, 0xe7,
    0x1b, 0xe7, 0x1b, 0xe7, 0xfb, 0xe6, 0xfb, 0xde, 0xfb, 0xde, 0xfb, 0xde, 0xfb, 0xde, 0xfb, 0xde,
    0xfb, 0xde, 0xfb, 0xde, 0xfb, 0xde, 0xfb, 0xde, 0xfb, 0xde, 0xfb, 0xde, 0xfb, 0xde, 0xfb, 0xde,
    0xfb, 0xde, 0xfb, 0xde, 0xfb, 0xde, 0xfb, 0xde, 0xfb, 0xde, 0xfb, 0xde, 0xfb, 0xde, 0xdb, 0xde,
    0xdb, 0xde, 0xdb, 0xde, 0xda, 0xde, 0xda, 0xde, 0xdb, 0xde, 0xdb, 0xde, 0xdb, 0xde, 0xdb, 0xde,
    0xdb, 0xde, 0xdb, 0xde, 0xdb, 0xde, 0xda, 0xde, 0xda, 0xde, 0xda, 0xde, 0xdb, 0xde, 0xda, 0xde,
    0xda, 0xde, 0xda, 0xde, 0xda, 0xde, 0xda, 0xde, 0xda, 0xde, 0xdb, 0xde, 0xda, 0xde, 0xda, 0xd6,
    0xba, 0xd6, 0xba, 0xd6, 0xba, 0xd6, 0xba, 0xd6, 0xba, 0xd6, 0xba, 0xd6, 0xba, 0xd6, 0xba, 0xd6,
    0xba, 0xd6, 0xba, 0xd6, 0xba, 0xd6, 0xba, 0xd6, 0xba, 0xd6, 0xb9, 0xd6, 0xba, 0xd6, 0xba, 0xd6,
    0xba, 0xd6, 0xba, 0xd6, 0xba, 0xd6, 0xba, 0xd6, 0xba, 0xd6, 0xba, 0xd6, 0xba, 0xd6, 0xba, 0xd6,
    0xba, 0xd6, 0xba, 0xd6, 0xba, 0xd6, 0xba, 0xd6, 0xba, 0xd6, 0xba, 0xd6, 0xba, 0xd6, 0xba, 0xd6,
    0xba, 0xd6, 0xba, 0xd6, 0xda, 0xd6, 0xba, 0xd6, 0xda, 0xd6, 0xbb, 0xd6, 0xbb, 0xd6, 0xbb, 0xd6,
    0xff, 0xff, 0xff, 0xff, 0xff, 0xff, 0xff, 0xff, 0xff, 0xff, 0xff, 0xff, 0xfe, 0xff, 0xfe, 0xff,
    0xfe, 0xff, 0xfe, 0xff, 0xfe, 0xff, 0xfe, 0xff, 0xfe, 0xff, 0xfe, 0xff, 0xfe, 0xff, 0xfe, 0xff,
    0xfe, 0xff, 0xfe, 0xff, 0xfe, 0xff, 0xde, 0xff, 0xfe, 0xff, 0xde, 0xff, 0xfe, 0xff, 0xfe, 0xff,
    0xfe, 0xff, 0xfe, 0xff, 0xfe, 0xff, 0xfe, 0xff, 0xfe, 0xff, 0xfe, 0xff, 0xfe, 0xff, 0xfe, 0xff,
    0xfe, 0xff, 0xfe, 0xff, 0xde, 0xff, 0xde, 0xff, 0xfe, 0xff, 0xfe, 0xff, 0xde, 0xff, 0xde, 0xff,
    0xde, 0xff, 0xde, 0xff, 0xde, 0xff, 0xde, 0xff, 0xde, 0xff, 0xde, 0xff, 0xde, 0xff, 0xde, 0xff,
    0xde, 0xff, 0xde, 0xff, 0xde, 0xff, 0xde, 0xff, 0xde, 0xff, 0xdd, 0xff, 0xdd, 0xff, 0xdd, 0xff,
    0xdd, 0xff, 0xde, 0xff, 0xdd, 0xff, 0xde, 0xff, 0xdd, 0xff, 0xde, 0xff, 0xdd, 0xff, 0xdd, 0xff,
    0xdd, 0xff, 0xdd, 0xff, 0xdd, 0xff, 0xdd, 0xff, 0xdd, 0xff, 0xdd, 0xff, 0xdd, 0xff, 0xdd, 0xff,
    0xdd, 0xff, 0xdd, 0xff, 0xdd, 0xff, 0xdd, 0xff, 0xdd, 0xff, 0xdd, 0xff, 0xbd, 0xff, 0xbd, 0xff,
    0xbd, 0xff, 0xbd, 0xff, 0xbd, 0xff, 0xbd, 0xff, 0xbd, 0xff, 0xbd, 0xff, 0xbd, 0xff, 0xbd, 0xff,
    0xbd, 0xff, 0xbd, 0xff, 0xbd, 0xff, 0xbd, 0xff, 0xbd, 0xff, 0xbd, 0xff, 0xbd, 0xff, 0xbd, 0xff,
    0xbd, 0xff, 0xbd, 0xff, 0xbd, 0xff, 0xbd, 0xff, 0xbd, 0xff, 0xbd, 0xff, 0xbd, 0xff, 0xbd, 0xff,
    0xbd, 0xff, 0xbd, 0xff, 0xbd, 0xf7, 0xbd, 0xf7, 0xbd, 0xff, 0xbd, 0xff, 0xbd, 0xf7, 0xbd, 0xff,
    0xbd, 0xff, 0xbd, 0xff, 0x9d, 0xff, 0x9d, 0xff, 0x9d, 0xff, 0x9d, 0xf7, 0x9d, 0xff, 0x9d, 0xff,
    0x9d, 0xf7, 0x9d, 0xf7, 0x9c, 0xf7, 0x9d, 0xf7, 0x9d, 0xf7, 0x9c, 0xf7, 0x9d, 0xf7, 0x9d, 0xf7,
    0x9d, 0xf7, 0x9c, 0xf7, 0x9d, 0xf7, 0x9d, 0xf7, 0x9c, 0xf7, 0x9c, 0xf7, 0x9c, 0xf7, 0x9c, 0xf7,
    0x9d, 0xf7, 0x9d, 0xf7, 0x9c, 0xf7, 0x9c, 0xf7, 0x9d, 0xf7, 0x9c, 0xf7, 0x9d, 0xf7, 0x9c, 0xf7,
    0x9c, 0xf7, 0x9c, 0xf7, 0x7c, 0xf7, 0x7c, 0xf7, 0x7c, 0xf7, 0x7c, 0xf7, 0x7c, 0xf7, 0x7c, 0xf7,
    0x7c, 0xf7, 0x7c, 0xf7, 0x7c, 0xf7, 0x7c, 0xf7, 0x7c, 0xf7, 0x7c, 0xf7, 0x7c, 0xef, 0x7c, 0xef,
    0x7c, 0xef, 0x7c, 0xf7, 0x7c, 0xef, 0x7c, 0xef, 0x7c, 0xef, 0x7c, 0xef, 0x7c, 0xef, 0x7c, 0xef,
    0x7c, 0xef, 0x7c, 0xef, 0x7c, 0xf7, 0x7d, 0xf7, 0x7c, 0xf7, 0x7c, 0xef, 0x7c, 0xef, 0x7c, 0xef,
    0x7c, 0xef, 0x7c, 0xef, 0x5c, 0xef, 0x7c, 0xef, 0x5c, 0xef, 0x5c, 0xef, 0x5c, 0xef, 0x5c, 0xef,
    0x5c, 0xef, 0x5c, 0xef, 0x5c, 0xef, 0x5c, 0xef, 0x5c, 0xef, 0x5c, 0xef, 0x5c, 0xef, 0x3c, 0xef,
    0x3c, 0xef, 0x3c, 0xef, 0x3c, 0xef, 0x3c, 0xe7, 0x3c, 0xe7, 0x3c, 0xef, 0x3c, 0xe7, 0x3c, 0xe7,
    0x3c, 0xe7, 0x3c, 0xe7, 0x3c, 0xe7, 0x3c, 0xe7, 0x3c, 0xe7, 0x3c, 0xe7, 0x3c, 0xe7, 0x3c, 0xe7,
    0x3c, 0xe7, 0x3c, 0xe7, 0x3c, 0xe7, 0x3c, 0xe7, 0x3c, 0xe7, 0x3b, 0xe7, 0x3b, 0xe7, 0x1b, 0xe7,
    0x1b, 0xe7, 0x1b, 0xe7, 0x1b, 0xe7, 0x1b, 0xe7, 0x1b, 0xe7, 0x1b, 0xe7, 0x1b, 0xe7, 0x1b, 0xe7,
    0x1b, 0xe7, 0x1b, 0xe7, 0x1b, 0xe7, 0x1b, 0xe7, 0x1b, 0xe7, 0x1b, 0xe7, 0x1b, 0xe7, 0x1b, 0xe7,
    0x1b, 0xe7, 0x1b, 0xe7, 0xfb, 0xe6, 0xfb, 0xde, 0xfb, 0xe6, 0xfb, 0xde, 0xfb, 0xde, 0xfb, 0xde,
    0xfb, 0xde, 0xfb, 0xde, 0xfb, 0xde, 0xfb, 0xde, 0xfb, 0xde, 0xfb, 0xde, 0xfb, 0xde, 0xfb, 0xde,
    0xfb, 0xde, 0xfb, 0xde, 0xfb, 0xde, 0xfb, 0xde, 0xdb, 0xde, 0xfb, 0xde, 0xfb, 0xde, 0xdb, 0xde,
    0xdb, 0xde, 0xdb, 0xde, 0xda, 0xde, 0xda, 0xde, 0xdb, 0xde, 0xdb, 0xde, 0xdb, 0xde, 0xdb, 0xde,
    0xdb, 0xde, 0xdb, 0xde, 0xdb, 0xde, 0xda, 0xde, 0xdb, 0xde, 0xdb, 0xde, 0xda, 0xde, 0xda, 0xde,
    0xda, 0xde, 0xda, 0xde, 0xda, 0xde, 0xda, 0xde, 0xda, 0xd6, 0xda, 0xd6, 0xda, 0xde, 0xba, 0xd6,
    0xba, 0xd6, 0xba, 0xd6, 0xba, 0xd6, 0xba, 0xd6, 0xba, 0xd6, 0xba, 0xd6, 0xba, 0xd6, 0xba, 0xd6,
    0xba, 0xd6, 0xba, 0xd6, 0xba, 0xd6, 0xba, 0xd6, 0xba, 0xd6, 0xba, 0xd6, 0xba, 0xd6, 0xba, 0xd6,
    0xba, 0xd6, 0xba, 0xd6, 0xba, 0xd6, 0xba, 0xd6, 0xba, 0xd6, 0xba, 0xd6, 0xba, 0xd6, 0xba, 0xd6,
    0xba, 0xd6, 0xba, 0xd6, 0xba, 0xd6, 0xba, 0xd6, 0xba, 0xd6, 0xba, 0xd6, 0xba, 0xd6, 0xba, 0xd6,
    0xba, 0xd6, 0xba, 0xd6, 0xba, 0xd6, 0xba, 0xd6, 0xba, 0xd6, 0xbb, 0xd6, 0xba, 0xd6, 0xba, 0xd6,
    0xff, 0xff, 0xff, 0xff, 0xff, 0xff, 0xff, 0xff, 0xff, 0xff, 0xff, 0xff, 0xfe, 0xff, 0xfe, 0xff,
    0xfe, 0xff, 0xfe, 0xff, 0xfe, 0xff, 0xfe, 0xff, 0xfe, 0xff, 0xfe, 0xff, 0xfe, 0xff, 0xfe, 0xff,
    0xfe, 0xff, 0xfe, 0xff, 0xde, 0xff, 0xde, 0xff, 0xdd, 0xff, 0xfd, 0xff, 0xfe, 0xff, 0xfe, 0xff,
    0xfe, 0xff, 0xfe, 0xff, 0xde, 0xff, 0xde, 0xff, 0xfe, 0xff, 0xfe, 0xff, 0xfe, 0xff, 0xfe, 0xff,
    0xfe, 0xff, 0xfe, 0xff, 0xde, 0xff, 0xfe, 0xff, 0xde, 0xff, 0xde, 0xff, 0xde, 0xff, 0xde, 0xff,
    0xde, 0xff, 0xde, 0xff, 0xde, 0xff, 0xde, 0xff, 0xde, 0xff, 0xde, 0xff, 0xde, 0xff, 0xde, 0xff,
    0xde, 0xff, 0xde, 0xff, 0xde, 0xff, 0xde, 0xff, 0xdd, 0xff, 0xdd, 0xff, 0xdd, 0xff, 0xde, 0xff,
    0xdd, 0xff, 0xdd, 0xff, 0xde, 0xff, 0xde, 0xff, 0xde, 0xff, 0xdd, 0xff, 0xdd, 0xff, 0xdd, 0xff,
    0xde, 0xff, 0xdd, 0xff, 0xdd, 0xff, 0xdd, 0xff, 0xdd, 0xff, 0xbd, 0xff, 0xbd, 0xff, 0xdd, 0xff,
    0xdd, 0xff, 0xdd, 0xff, 0xdd, 0xff, 0xde, 0xff, 0xdd, 0xff, 0xdd, 0xff, 0xbd, 0xff, 0xbd, 0xff,
    0xbd, 0xff, 0xbd, 0xff, 0xbd, 0xff, 0xbd, 0xff, 0xbd, 0xff, 0xbd, 0xff, 0xbd, 0xff, 0xbd, 0xff,
    0xbd, 0xff, 0xbd, 0xff, 0xbd, 0xff, 0xbd, 0xff, 0xbd, 0xff, 0xbd, 0xff, 0xbd, 0xff, 0xbd, 0xff,
    0xbd, 0xff, 0xbd, 0xff, 0xbd, 0xff, 0xbd, 0xff, 0xbd, 0xff, 0xbd, 0xff, 0xbd, 0xff, 0xbd, 0xff,
    0xbd, 0xff, 0x9d, 0xff, 0xbd, 0xff, 0xbd, 0xff, 0xbd, 0xf7, 0xbd, 0xff, 0xbd, 0xff, 0xbd, 0xff,
    0x9d, 0xff, 0x9d, 0xff, 0x9d, 0xff, 0x9d, 0xff, 0x9d, 0xf7, 0x9d, 0xff, 0x9d, 0xf7, 0x9d, 0xff,
    0x9d, 0xf7, 0x9d, 0xf7, 0x9c, 0xf7, 0x9d, 0xf7, 0x9d, 0xf7, 0x9d, 0xf7, 0x9d, 0xf7, 0x9d, 0xf7,
    0x9d, 0xf7, 0x9d, 0xf7, 0x9d, 0xf7, 0x9d, 0xf7, 0x9c, 0xf7, 0x9c, 0xf7, 0x9d, 0xf7, 0x9d, 0xf7,
    0x9c, 0xf7, 0x9d, 0xf7, 0x9d, 0xf7, 0x9c, 0xf7, 0x9c, 0xf7, 0x9c, 0xf7, 0x9d, 0xf7, 0x9d, 0xf7,
    0x9d, 0xf7, 0x7c, 0xf7, 0x7c, 0xf7, 0x7c, 0xf7, 0x7c, 0xf7, 0x7c, 0xf7, 0x7c, 0xf7, 0x7c, 0xf7,
    0x7c, 0xf7, 0x7c, 0xf7, 0x7c, 0xf7, 0x7c, 0xf7, 0x7c, 0xf7, 0x7c, 0xf7, 0x7c, 0xf7, 0x7c, 0xef,
    0x7c, 0xef, 0x7c, 0xef, 0x7c, 0xef, 0x7c, 0xef, 0x7c, 0xef, 0x7c, 0xef, 0x7c, 0xef, 0x7c, 0xf7,
    0x7c, 0xef, 0x7c, 0xef, 0x7c, 0xf7, 0x7c, 0xef, 0x7c, 0xef, 0x7c, 0xef, 0x7c, 0xef, 0x7c, 0xef,
    0x7c, 0xef, 0x7c, 0xef, 0x7c, 0xef, 0x7c, 0xef, 0x5c, 0xef, 0x5c, 0xef, 0x5c, 0xef, 0x5c, 0xef,
    0x5c, 0xef, 0x5c, 0xef, 0x5c, 0xef, 0x5c, 0xef, 0x5c, 0xef, 0x3c, 0xef, 0x5c, 0xef, 0x3c, 0xef,
    0x3c, 0xef, 0x3c, 0xef, 0x3c, 0xef, 0x3c, 0xef, 0x3c, 0xef, 0x3c, 0xe7, 0x3c, 0xe7, 0x3c, 0xe7,
    0x3c, 0xe7, 0x3c, 0xe7, 0x3c, 0xe7, 0x3c, 0xe7, 0x3c, 0xe7, 0x3c, 0xe7, 0x3c, 0xe7, 0x3c, 0xe7,
    0x3c, 0xe7, 0x3c, 0xe7, 0x3c, 0xe7, 0x3c, 0xe7, 0x3c, 0xe7, 0x3b, 0xe7, 0x3c, 0xe7, 0x1c, 0xe7,
    0x1b, 0xe7, 0x1b, 0xe7, 0x1b, 0xe7, 0x1b, 0xe7, 0x1b, 0xe7, 0x1b, 0xe7, 0x1b, 0xe7, 0x1b, 0xe7,
    0x1b, 0xe7, 0x1b, 0xe7, 0x1b, 0xe7, 0x1b, 0xe7, 0x1b, 0xe7, 0x1b, 0xe7, 0x1b, 0xe7, 0x1b, 0xe7,
    0x1b, 0xe7, 0x1b, 0xe7, 0xfb, 0xe6, 0xfb, 0xe6, 0xfb, 0xe6, 0xfb, 0xe6, 0xfb, 0xde, 0xfb, 0xde,
    0xfb, 0xde, 0xfb, 0xde, 0xfb, 0xde, 0xfb, 0xde, 0xfb, 0xde, 0xfb, 0xde, 0xfb, 0xde, 0xfb, 0xde,
    0xfb, 0xde, 0xfb, 0xde, 0xfb, 0xde, 0xfb, 0xde, 0xfb, 0xde, 0xdb, 0xde, 0xdb, 0xde, 0xdb, 0xde,
    0xdb, 0xde, 0xdb, 0xde, 0xdb, 0xde, 0xdb, 0xde, 0xdb, 0xde, 0xdb, 0xde, 0xdb, 0xde, 0xdb, 0xde,
    0xdb, 0xde, 0xdb, 0xde, 0xdb, 0xde, 0xdb, 0xde, 0xdb, 0xde, 0xdb, 0xde, 0xda, 0xde, 0xdb, 0xde,
    0xda, 0xde, 0xda, 0xde, 0xda, 0xde, 0xda, 0xde, 0xda, 0xde, 0xda, 0xd6, 0xda, 0xd6, 0xba, 0xd6,
    0xba, 0xd6, 0xba, 0xd6, 0xba, 0xd6, 0xba, 0xd6, 0xba, 0xd6, 0xba, 0xd6, 0xba, 0xd6, 0xba, 0xd6,
    0xba, 0xd6, 0xba, 0xd6, 0xba, 0xd6, 0xba, 0xd6, 0xba, 0xd6, 0xba, 0xd6, 0xba, 0xd6, 0xba, 0xd6,
    0xba, 0xd6, 0xba, 0xd6, 0xba, 0xd6, 0xba, 0xd6, 0xba, 0xd6, 0xba, 0xd6, 0xba, 0xd6, 0xba, 0xd6,
    0xba, 0xd6, 0xba, 0xd6, 0xba, 0xd6, 0xba, 0xd6, 0xba, 0xd6, 0xba, 0xd6, 0xba, 0xd6, 0xba, 0xd6,
    0xba, 0xd6, 0xba, 0xd6, 0xba, 0xd6, 0xba, 0xd6, 0xba, 0xd6, 0xbb, 0xd6, 0xba, 0xd6, 0xba, 0xd6,
    0xff, 0xff, 0xff, 0xff, 0xff, 0xff, 0xff, 0xff, 0xff, 0xff, 0xff, 0xff, 0xfe, 0xff, 0xfe, 0xff,
    0xfe, 0xff, 0xfe, 0xff, 0xfe, 0xff, 0xfe, 0xff, 0xfe, 0xff, 0xfe, 0xff, 0xfe, 0xff, 0xfe, 0xff,
    0xfe, 0xff, 0xfe, 0xff, 0xde, 0xff, 0xdd, 0xff, 0xfd, 0xff, 0xfe, 0xff, 0xde, 0xff, 0xfe, 0xff,
    0xde, 0xff, 0xfe, 0xff, 0xde, 0xff, 0xde, 0xff, 0xfe, 0xff, 0xfe, 0xff, 0xfe, 0xff, 0xfe, 0xff,
    0xde, 0xff, 0xfe, 0xff, 0xde, 0xff, 0xde, 0xff, 0xfe, 0xff, 0xfe, 0xff, 0xde, 0xff, 0xde, 0xff,
    0xde, 0xff, 0xde, 0xff, 0xde, 0xff, 0xde, 0xff, 0xde, 0xff, 0xde, 0xff, 0xdd, 0xff, 0xde, 0xff,
    0xde, 0xff, 0xde, 0xff, 0xde, 0xff, 0xde, 0xff, 0xde, 0xff, 0xdd, 0xff, 0xdd, 0xff, 0xdd, 0xff,
    0xdd, 0xff, 0xdd, 0xff, 0xdd, 0xff, 0xdd, 0xff, 0xdd, 0xff, 0xdd, 0xff, 0xdd, 0xff, 0xdd, 0xff,
    0xdd, 0xff, 0xdd, 0xff, 0xdd, 0xff, 0xdd, 0xff, 0xbd, 0xff, 0xdd, 0xff, 0xdd, 0xff, 0xdd, 0xff,
    0xdd, 0xff, 0xdd, 0xff, 0xdd, 0xff, 0xdd, 0xff, 0xdd, 0xff, 0xbd, 0xff, 0xbd, 0xff, 0xbd, 0xff,
    0xbd, 0xff, 0xbd, 0xff, 0xbd, 0xff, 0xbd, 0xff, 0xbd, 0xff, 0xbd, 0xff, 0xbd, 0xff, 0xbd, 0xff,
    0xbd, 0xff, 0xbd, 0xff, 0xbd, 0xff, 0xbd, 0xff, 0xbd, 0xff, 0xbd, 0xff, 0xbd, 0xff, 0xbd, 0xff,
    0xbd, 0xff, 0xbd, 0xff, 0xbd, 0xff, 0xbd, 0xff, 0xbd, 0xff, 0xbd, 0xff, 0xbd, 0xff, 0xbd, 0xff,
    0xbd, 0xff, 0xbd, 0xf7, 0x9d, 0xf7, 0xbd, 0xff, 0x9d, 0xf7, 0x9d, 0xff, 0xbd, 0xff, 0xbd, 0xff,
    0x9d, 0xff, 0x9d, 0xf7, 0xbd, 0xf7, 0x9d, 0xf7, 0x9d, 0xff, 0x9d, 0xff, 0x9d, 0xf7, 0x9d, 0xf7,
    0x9d, 0xf7, 0x9d, 0xf7, 0x9d, 0xf7, 0x9d, 0xf7, 0x9c, 0xf7, 0x9d, 0xf7, 0x9c, 0xf7, 0x9d, 0xf7,
    0x9d, 0xf7, 0x9d, 0xf7, 0x9d, 0xf7, 0x9c, 0xf7, 0x9c, 0xf7, 0x9c, 0xf7, 0x9c, 0xf7, 0x9c, 0xf7,
    0x9c, 0xf7, 0x9c, 0xf7, 0x9c, 0xf7, 0x9c, 0xf7, 0x9c, 0xf7, 0x9d, 0xf7, 0x7c, 0xf7, 0x9c, 0xf7,
    0x9c, 0xf7, 0x7c, 0xf7, 0x7d, 0xf7, 0x7c, 0xf7, 0x7c, 0xf7, 0x7c, 0xf7, 0x7c, 0xf7, 0x7c, 0xf7,
    0x7c, 0xf7, 0x7c, 0xf7, 0x7c, 0xf7, 0x7c, 0xf7, 0x7c, 0xf7, 0x7c, 0xef, 0x7c, 0xf7, 0x7c, 0xf7,
    0x7c, 0xef, 0x7c, 0xef, 0x7c, 0xef, 0x7c, 0xef, 0x7c, 0xef, 0x7c, 0xef, 0x7c, 0xef, 0x7c, 0xef,
    0x7c, 0xef, 0x7c, 0xef, 0x7c, 0xef, 0x7c, 0xef, 0x7c, 0xef, 0x7c, 0xef, 0x7c, 0xef, 0x7c, 0xef,
    0x7c, 0xef, 0x5c, 0xef, 0x7c, 0xef, 0x7c, 0xef, 0x5c, 0xef, 0x5c, 0xef, 0x5c, 0xef, 0x5c, 0xef,
    0x5c, 0xef, 0x5c, 0xef, 0x5c, 0xef, 0x5c, 0xef, 0x5c, 0xef, 0x3c, 0xef, 0x5c, 0xef, 0x5c, 0xef,
    0x3c, 0xef, 0x3c, 0xef, 0x3c, 0xef, 0x3c, 0xef, 0x3c, 0xef, 0x3c, 0xef, 0x3c, 0xe7, 0x3c, 0xe7,
    0x3c, 0xe7, 0x3c, 0xe7, 0x3c, 0xe7, 0x3c, 0xe7, 0x3c, 0xe7, 0x3c, 0xe7, 0x3c, 0xe7, 0x3c, 0xe7,
    0x3c, 0xe7, 0x3c, 0xe7, 0x3c, 0xe7, 0x3c, 0xe7, 0x3c, 0xe7, 0x3c, 0xe7, 0x3c, 0xe7, 0x3c, 0xe7,
    0x1c, 0xe7, 0x1c, 0xe7, 0x1c, 0xe7, 0x1b, 0xe7, 0x1b, 0xe7, 0x1b, 0xe7, 0x1b, 0xe7, 0x1b, 0xe7,
    0x1b, 0xe7, 0x1b, 0xe7, 0x1b, 0xe7, 0x1c, 0xe7, 0x1b, 0xe7, 0x1b, 0xe7, 0x1b, 0xe7, 0x1b, 0xe7,
    0xfb, 0xe6, 0xfb, 0xe6, 0xfb, 0xe6, 0xfb, 0xde, 0xfb, 0xe6, 0xfb, 0xde, 0xfb, 0xde, 0xfb, 0xde,
    0xfb, 0xde, 0xfb, 0xde, 0xfb, 0xde, 0xfb, 0xde, 0xfb, 0xde, 0xfb, 0xde, 0xfb, 0xde, 0xfb, 0xde,
    0xfb, 0xde, 0xfb, 0xde, 0xfb, 0xde, 0xfb, 0xde, 0xfb, 0xde, 0xfb, 0xde, 0xfb, 0xde, 0xdb, 0xde,
    0xdb, 0xde, 0xda, 0xde, 0xdb, 0xde, 0xdb, 0xde, 0xda, 0xde, 0xdb, 0xde, 0xdb, 0xde, 0xdb, 0xde,
    0xdb, 0xde, 0xda, 0xde, 0xda, 0xde, 0xdb, 0xde, 0xdb, 0xde, 0xdb, 0xde, 0xda, 0xde, 0xdb, 0xde,
    0xdb, 0xde, 0xda, 0xde, 0xda, 0xde, 0xda, 0xde, 0xda, 0xde, 0xda, 0xde, 0xba, 0xd6, 0xba, 0xd6,
    0xba, 0xd6, 0xba, 0xd6, 0xba, 0xd6, 0xba, 0xd6, 0xba, 0xd6, 0xba, 0xd6, 0xba, 0xd6, 0xba, 0xd6,
    0xba, 0xd6, 0xba, 0xd6, 0xba, 0xd6, 0xba, 0xd6, 0xba, 0xd6, 0xba, 0xd6, 0xba, 0xd6, 0xba, 0xd6,
    0xba, 0xd6, 0xba, 0xd6, 0xba, 0xd6, 0xba, 0xd6, 0xba, 0xd6, 0xba, 0xd6, 0xba, 0xd6, 0xba, 0xd6,
    0xba, 0xd6, 0xba, 0xd6, 0xba, 0xd6, 0xba, 0xd6, 0xba, 0xd6, 0xba, 0xd6, 0xba, 0xd6, 0xba, 0xd6,
    0xba, 0xd6, 0xba, 0xd6, 0xba, 0xd6, 0xba, 0xd6, 0xba, 0xd6, 0xbb, 0xd6, 0xba, 0xd6, 0xbb, 0xd6,
    0xff, 0xff, 0xff, 0xff, 0xff, 0xff, 0xff, 0xff, 0xff, 0xff, 0xff, 0xff, 0xfe, 0xff, 0xfe, 0xff,
    0xfe, 0xff, 0xfe, 0xff, 0xfe, 0xff, 0xfe, 0xff, 0xfe, 0xff, 0xfe, 0xff, 0xfe, 0xff, 0xfe, 0xff,
    0xfe, 0xff, 0xfe, 0xff, 0xfe, 0xff, 0xdd, 0xff, 0xfd, 0xff, 0xde, 0xff, 0xde, 0xff, 0xfe, 0xff,
    0xde, 0xff, 0xfe, 0xff, 0xfe, 0xff, 0xfe, 0xff, 0xfe, 0xff, 0xde, 0xff, 0xfe, 0xff, 0xfe, 0xff,
    0xde, 0xff, 0xfe, 0xff, 0xfe, 0xff, 0xde, 0xff, 0xde, 0xff, 0xde, 0xff, 0xde, 0xff, 0xde, 0xff,
    0xde, 0xff, 0xde, 0xff, 0xde, 0xff, 0xdd, 0xff, 0xde, 0xff, 0xdd, 0xff, 0xde, 0xff, 0xdd, 0xff,
    0xde, 0xff, 0xdd, 0xff, 0xde, 0xff, 0xde, 0xff, 0xde, 0xff, 0xde, 0xff, 0xdd, 0xff, 0xdd, 0xff,
    0xdd, 0xff, 0xdd, 0xff, 0xdd, 0xff, 0xdd, 0xff, 0xdd, 0xff, 0xdd, 0xff, 0xbd, 0xff, 0xbd, 0xff,
    0xbd, 0xff, 0xdd, 0xff, 0xbd, 0xff, 0xbd, 0xff, 0xbd, 0xff, 0xbd, 0xff, 0xbd, 0xff, 0xdd, 0xff,
    0xdd, 0xff, 0xdd, 0xff, 0xdd, 0xff, 0xdd, 0xff, 0xbd, 0xff, 0xbd, 0xff, 0xbd, 0xff, 0xbd, 0xff,
    0xbd, 0xff, 0xbd, 0xff, 0xbd, 0xff, 0xbd, 0xff, 0xbd, 0xff, 0xbd, 0xff, 0xbd, 0xff, 0xbd, 0xff,
    0xbd, 0xff, 0xbd, 0xff, 0xbd, 0xff, 0xbd, 0xff, 0xbd, 0xff, 0xbd, 0xff, 0xbd, 0xff, 0xbd, 0xff,
    0xbd, 0xff, 0xbd, 0xff, 0xbd, 0xff, 0xbd, 0xff, 0xbd, 0xff, 0xbd, 0xff, 0xbd, 0xff, 0xbd, 0xff,
    0xbd, 0xff, 0xbd, 0xf7, 0x9d, 0xf7, 0xbd, 0xf7, 0xbd, 0xff, 0x9d, 0xff, 0x9d, 0xff, 0xbd, 0xff,
    0xbd, 0xff, 0x9d, 0xf7, 0x9d, 0xff, 0xbd, 0xff, 0x9d, 0xff, 0x9d, 0xf7, 0x9d, 0xf7, 0x9d, 0xf7,
    0x9d, 0xf7, 0x9d, 0xf7, 0x9d, 0xf7, 0x9d, 0xf7, 0x9d, 0xf7, 0x9c, 0xf7, 0x9d, 0xf7, 0x9d, 0xf7,
    0x9c, 0xf7, 0x9c, 0xf7, 0x9c, 0xf7, 0x9d, 0xf7, 0x9c, 0xf7, 0x9c, 0xf7, 0x9c, 0xf7, 0x9d, 0xf7,
    0x9d, 0xf7, 0x9d, 0xf7, 0x7c, 0xf7, 0x9c, 0xf7, 0x7c, 0xf7, 0x7d, 0xf7, 0x9c, 0xf7, 0x7c, 0xf7,
    0x7d, 0xf7, 0x7c, 0xf7, 0x7d, 0xf7, 0x7c, 0xf7, 0x7c, 0xf7, 0x7c, 0xf7, 0x7c, 0xf7, 0x7c, 0xf7,
    0x7c, 0xf7, 0x7c, 0xf7, 0x7c, 0xf7, 0x7c, 0xf7, 0x7c, 0xf7, 0x7c, 0xf7, 0x7c, 0xf7, 0x7c, 0xef,
    0x7c, 0xef, 0x7c, 0xef, 0x7c, 0xef, 0x7c, 0xef, 0x7c, 0xef, 0x7c, 0xef, 0x7c, 0xef, 0x7c, 0xef,
    0x7c, 0xef, 0x7c, 0xef, 0x7c, 0xef, 0x7c, 0xef, 0x7c, 0xef, 0x7c, 0xef, 0x7c, 0xef, 0x7c, 0xef,
    0x5c, 0xef, 0x5c, 0xef, 0x7c, 0xef, 0x5c, 0xef, 0x5c, 0xef, 0x5c, 0xef, 0x5c, 0xef, 0x5c, 0xef,
    0x5c, 0xef, 0x5c, 0xef, 0x5c, 0xef, 0x5c, 0xef, 0x5c, 0xef, 0x5c, 0xef, 0x5c, 0xef, 0x3c, 0xef,
    0x3c, 0xef, 0x3c, 0xef, 0x3c, 0xef, 0x3c, 0xef, 0x3c, 0xef, 0x3c, 0xef, 0x3c, 0xe7, 0x3c, 0xef,
    0x3c, 0xef, 0x3c, 0xe7, 0x3c, 0xe7, 0x3c, 0xe7, 0x3c, 0xe7, 0x3c, 0xe7, 0x3c, 0xe7, 0x3c, 0xe7,
    0x3c, 0xe7, 0x3c, 0xe7, 0x3c, 0xe7, 0x3c, 0xe7, 0x3c, 0xe7, 0x3b, 0xe7, 0x3c, 0xe7, 0x1c, 0xe7,
    0x1b, 0xe7, 0x1b, 0xe7, 0x1b, 0xe7, 0x1c, 0xe7, 0x1c, 0xe7, 0x1b, 0xe7, 0x1b, 0xe7, 0x1b, 0xe7,
    0x1b, 0xe7, 0x1b, 0xe7, 0x1b, 0xe7, 0x1b, 0xe7, 0x1b, 0xe7, 0x1b, 0xe7, 0x1b, 0xe7, 0xfb, 0xe6,
    0xfb, 0xe6, 0xfb, 0xe6, 0xfb, 0xde, 0xfb, 0xde, 0xfb, 0xde, 0xfb, 0xde, 0xfb, 0xde, 0xfb, 0xde,
    0xfb, 0xde, 0xfb, 0xde, 0xfb, 0xde, 0xfb, 0xde, 0xfb, 0xde, 0xfb, 0xde, 0xfb, 0xde, 0xfb, 0xde,
    0xfb, 0xde, 0xfb, 0xde, 0xfb, 0xde, 0xfb, 0xde, 0xfb, 0xde, 0xfb, 0xde, 0xdb, 0xde, 0xdb, 0xde,
    0xdb, 0xde, 0xdb, 0xde, 0xdb, 0xde, 0xdb, 0xde, 0xdb, 0xde, 0xdb, 0xde, 0xdb, 0xde, 0xdb, 0xde,
    0xda, 0xde, 0xda, 0xde, 0xda, 0xde, 0xdb, 0xde, 0xdb, 0xde, 0xdb, 0xde, 0xdb, 0xde, 0xda, 0xde,
    0xda, 0xde, 0xda, 0xde, 0xda, 0xde, 0xda, 0xde, 0xda, 0xd6, 0xba, 0xd6, 0xba, 0xd6, 0xba, 0xd6,
    0xba, 0xd6, 0xba, 0xd6, 0xba, 0xd6, 0xba, 0xd6, 0xba, 0xd6, 0xba, 0xd6, 0xba, 0xd6, 0xba, 0xd6,
    0xba, 0xd6, 0xba, 0xd6, 0xba, 0xd6, 0xba, 0xd6, 0xba, 0xd6, 0xba, 0xd6, 0xba, 0xd6, 0xba, 0xd6,
    0xba, 0xd6, 0xba, 0xd6, 0xba, 0xd6, 0xba, 0xd6, 0xba, 0xd6, 0xba, 0xd6, 0xba, 0xd6, 0xba, 0xd6,
    0xba, 0xd6, 0xba, 0xd6, 0xba, 0xd6, 0xba, 0xd6, 0xba, 0xd6, 0xba, 0xd6, 0xba, 0xd6, 0xba, 0xd6,
    0xba, 0xd6, 0xba, 0xd6, 0xba, 0xd6, 0xba, 0xd6, 0xbb, 0xd6, 0xba, 0xd6, 0xba, 0xd6, 0xbb, 0xd6,
    0xff, 0xff, 0xff, 0xff, 0xff, 0xff, 0xff, 0xff, 0xff, 0xff, 0xff, 0xff, 0xfe, 0xff, 0xfe, 0xff,
    0xfe, 0xff, 0xfe, 0xff, 0xfe, 0xff, 0xfe, 0xff, 0xfe, 0xff, 0xfe, 0xff, 0xfe, 0xff, 0xfe, 0xff,
    0xfe, 0xff, 0xfe, 0xff, 0xfe, 0xff, 0xfe, 0xff, 0xfe, 0xff, 0xfd, 0xff, 0xfd, 0xff, 0xdd, 0xff,
    0xde, 0xff, 0xfe, 0xff, 0xfe, 0xff, 0xfe, 0xff, 0xfe, 0xff, 0xde, 0xff, 0xde, 0xff, 0xde, 0xff,
    0xde, 0xff, 0xde, 0xff, 0xde, 0xff, 0xde, 0xff, 0xde, 0xff, 0xde, 0xff, 0xde, 0xff, 0xde, 0xff,
    0xde, 0xff, 0xde, 0xff, 0xde, 0xff, 0xde, 0xff, 0xde, 0xff, 0xde, 0xff, 0xdd, 0xff, 0xdd, 0xff,
    0xde, 0xff, 0xde, 0xff, 0xde, 0xff, 0xde, 0xff, 0xdd, 0xff, 0xde, 0xff, 0xdd, 0xff, 0xdd, 0xff,
    0xdd, 0xff, 0xdd, 0xff, 0xdd, 0xff, 0xbd, 0xff, 0xbd, 0xff, 0xdd, 0xff, 0xbd, 0xff, 0xdd, 0xff,
    0xbd, 0xff, 0xdd, 0xff, 0xdd, 0xff, 0xdd, 0xff, 0xdd, 0xff, 0xbd, 0xff, 0xbd, 0xff, 0xdd, 0xff,
    0xdd, 0xff, 0xbd, 0xff, 0xbd, 0xff, 0xbd, 0xff, 0xbd, 0xff, 0xbd, 0xff, 0xbd, 0xff, 0xbd, 0xff,
    0xbd, 0xff, 0xbd, 0xff, 0xbd, 0xff, 0xbd, 0xff, 0xbd, 0xff, 0xbd, 0xff, 0xbd, 0xff, 0xbd, 0xff,
    0xbd, 0xff, 0xbd, 0xff, 0xbd, 0xff, 0xbd, 0xff, 0xbd, 0xff, 0xbd, 0xff, 0xbd, 0xff, 0xbd, 0xff,
    0xbd, 0xff, 0xbd, 0xff, 0xbd, 0xff, 0xbd, 0xff, 0xbd, 0xff, 0xbd, 0xff, 0xbd, 0xff, 0xbd, 0xf7,
    0xbd, 0xf7, 0xbd, 0xff, 0xbd, 0xf7, 0xbd, 0xff, 0xbd, 0xff, 0xbd, 0xf7, 0xbd, 0xff, 0xbd, 0xf7,
    0x9d, 0xff, 0x9d, 0xff, 0x9d, 0xff, 0x9d, 0xff, 0x9d, 0xf7, 0x9d, 0xf7, 0x9d, 0xf7, 0x9d, 0xf7,
    0x9d, 0xf7, 0x9d, 0xf7, 0x9d, 0xf7, 0x9d, 0xf7, 0x9d, 0xf7, 0x9d, 0xf7, 0x9d, 0xf7, 0x9d, 0xf7,
    0x9d, 0xf7, 0x9c, 0xf7, 0x9c, 0xf7, 0x9c, 0xf7, 0x9c, 0xf7, 0x9c, 0xf7, 0x9c, 0xf7, 0x9c, 0xf7,
    0x9c, 0xf7, 0x9c, 0xf7, 0x7c, 0xf7, 0x7c, 0xf7, 0x7c, 0xf7, 0x7c, 0xf7, 0x7c, 0xf7, 0x7c, 0xf7,
    0x7c, 0xf7, 0x7d, 0xf7, 0x7c, 0xf7, 0x7c, 0xf7, 0x7c, 0xf7, 0x7c, 0xf7, 0x7c, 0xf7, 0x7c, 0xf7,
    0x7c, 0xf7, 0x7c, 0xf7, 0x7c, 0xf7, 0x7c, 0xf7, 0x7c, 0xef, 0x7c, 0xef, 0x7c, 0xef, 0x7c, 0xef,
    0x7c, 0xef, 0x7c, 0xef, 0x7c, 0xef, 0x7c, 0xef, 0x7c, 0xef, 0x7c, 0xef, 0x7c, 0xef, 0x7c, 0xef,
    0x7c, 0xef, 0x7c, 0xef, 0x7c, 0xef, 0x7c, 0xef, 0x7c, 0xef, 0x7c, 0xef, 0x7c, 0xef, 0x5c, 0xef,
    0x5c, 0xef, 0x5c, 0xef, 0x5c, 0xef, 0x5c, 0xef, 0x5c, 0xef, 0x5c, 0xef, 0x5c, 0xef, 0x5c, 0xef,
    0x5c, 0xef, 0x5c, 0xef, 0x5c, 0xef, 0x5c, 0xef, 0x5c, 0xef, 0x5c, 0xef, 0x5c, 0xef, 0x3c, 0xef,
    0x3c, 0xef, 0x3c, 0xef, 0x3c, 0xef, 0x3c, 0xef, 0x3c, 0xef, 0x3c, 0xe7, 0x3c, 0xef, 0x3c, 0xef,
    0x3c, 0xef, 0x3c, 0xef, 0x3c, 0xef, 0x3c, 0xef, 0x3c, 0xef, 0x3c, 0xe7, 0x3c, 0xe7, 0x3c, 0xe7,
    0x3c, 0xe7, 0x3c, 0xe7, 0x3c, 0xe7, 0x3c, 0xe7, 0x3c, 0xe7, 0x3c, 0xe7, 0x3c, 0xe7, 0x1c, 0xe7,
    0x1c, 0xe7, 0x1b, 0xe7, 0x1b, 0xe7, 0x1b, 0xe7, 0x1b, 0xe7, 0x1b, 0xe7, 0x1b, 0xe7, 0x1b, 0xe7,
    0x1b, 0xe7, 0x1b, 0xe7, 0x1b, 0xe7, 0x1b, 0xe7, 0x1b, 0xe7, 0x1b, 0xe7, 0x1b, 0xe7, 0xfb, 0xe6,
    0xfb, 0xe6, 0xfb, 0xde, 0xfb, 0xde, 0xfb, 0xde, 0xfb, 0xde, 0xfb, 0xde, 0xfb, 0xde, 0xfb, 0xde,
    0xfb, 0xde, 0xfb, 0xde, 0xfb, 0xde, 0xfb, 0xde, 0xfb, 0xde, 0xfb, 0xde, 0xfb, 0xde, 0xfb, 0xde,
    0xfb, 0xde, 0xfb, 0xde, 0xfb, 0xde, 0xfb, 0xde, 0xfb, 0xde, 0xdb, 0xde, 0xdb, 0xde, 0xdb, 0xde,
    0xdb, 0xde, 0xda, 0xde, 0xda, 0xde, 0xda, 0xde, 0xda, 0xde, 0xdb, 0xde, 0xdb, 0xde, 0xda, 0xde,
    0xda, 0xde, 0xda, 0xde, 0xda, 0xde, 0xdb, 0xde, 0xdb, 0xde, 0xdb, 0xde, 0xdb, 0xde, 0xda, 0xde,
    0xba, 0xd6, 0xda, 0xd6, 0xda, 0xd6, 0xba, 0xd6, 0xba, 0xd6, 0xba, 0xd6, 0xba, 0xd6, 0xba, 0xd6,
    0xba, 0xd6, 0xba, 0xd6, 0xba, 0xd6, 0xba, 0xd6, 0xba, 0xd6, 0xba, 0xd6, 0xba, 0xd6, 0xba, 0xd6,
    0xba, 0xd6, 0xba, 0xd6, 0xba, 0xd6, 0xba, 0xd6, 0xba, 0xd6, 0xba, 0xd6, 0xba, 0xd6, 0xba, 0xd6,
    0xba, 0xd6, 0xba, 0xd6, 0xba, 0xd6, 0xba, 0xd6, 0xba, 0xd6, 0xba, 0xd6, 0xba, 0xd6, 0xba, 0xd6,
    0xba, 0xd6, 0xba, 0xd6, 0xba, 0xd6, 0xba, 0xd6, 0xba, 0xd6, 0xba, 0xd6, 0xba, 0xd6, 0xba, 0xd6,
    0xba, 0xd6, 0xba, 0xd6, 0xba, 0xd6, 0xba, 0xd6, 0xba, 0xd6, 0xba, 0xd6, 0xbb, 0xd6, 0xbb, 0xd6,
    0xff, 0xff, 0xff, 0xff, 0xff, 0xff, 0xff, 0xff, 0xff, 0xff, 0xfe, 0xff, 0xfe, 0xff, 0xfe, 0xff,
    0xfe, 0xff, 0xfe, 0xff, 0xfe, 0xff, 0xfe, 0xff, 0xfe, 0xff, 0xfe, 0xff, 0xfe, 0xff, 0xfe, 0xff,
    0xfe, 0xff, 0xfe, 0xff, 0xde, 0xff, 0xde, 0xff, 0xde, 0xff, 0xfd, 0xff, 0xdd, 0xff, 0xde, 0xff,
    0xde, 0xff, 0xde, 0xff, 0xde, 0xff, 0xde, 0xff, 0xde, 0xff, 0xde, 0xff, 0xde, 0xff, 0xde, 0xff,
    0xde, 0xff, 0xde, 0xff, 0xde, 0xff, 0xde, 0xff, 0xde, 0xff, 0xde, 0xff, 0xde, 0xff, 0xde, 0xff,
    0xde, 0xff, 0xde, 0xff, 0xde, 0xff, 0xde, 0xff, 0xdd, 0xff, 0xdd, 0xff, 0xdd, 0xff, 0xdd, 0xff,
    0xde, 0xff, 0xdd, 0xff, 0xde, 0xff, 0xdd, 0xff, 0xdd, 0xff, 0xdd, 0xff, 0xdd, 0xff, 0xdd, 0xff,
    0xdd, 0xff, 0xdd, 0xff, 0xdd, 0xff, 0xbd, 0xff, 0xbd, 0xff, 0xdd, 0xff, 0xbd, 0xff, 0xdd, 0xff,
    0xbd, 0xff, 0xbd, 0xff, 0xbd, 0xff, 0xbd, 0xff, 0xbd, 0xff, 0xbd, 0xff, 0xbd, 0xff, 0xbd, 0xff,
    0xbd, 0xff, 0xbd, 0xff, 0xbd, 0xff, 0xbd, 0xff, 0xbd, 0xff, 0xbd, 0xff, 0xbd, 0xff, 0xbd, 0xff,
    0xbd, 0xff, 0xbd, 0xff, 0xbd, 0xff, 0xbd, 0xff, 0xbd, 0xff, 0xbd, 0xff, 0xbd, 0xff, 0xbd, 0xff,
    0xbd, 0xff, 0xbd, 0xff, 0xbd, 0xff, 0xbd, 0xff, 0xbd, 0xff, 0xbd, 0xff, 0xbd, 0xff, 0xbd, 0xff,
    0xbd, 0xff, 0xbd, 0xff, 0xbd, 0xff, 0xbd, 0xff, 0xbd, 0xff, 0xbd, 0xf7, 0xbd, 0xff, 0xbd, 0xf7,
    0xbd, 0xf7, 0xbd, 0xf7, 0x9d, 0xff, 0x9d, 0xff, 0x9d, 0xf7, 0x9d, 0xf7, 0x9d, 0xf7, 0x9d, 0xf7,
    0x9d, 0xff, 0x9d, 0xff, 0x9d, 0xff, 0x9d, 0xff, 0x9d, 0xf7, 0x9d, 0xff, 0x9d, 0xff, 0x9d, 0xf7,
    0x9d, 0xf7, 0x9d, 0xf7, 0x9d, 0xf7, 0x9c, 0xf7, 0x9c, 0xf7, 0x9d, 0xf7, 0x9d, 0xf7, 0x9d, 0xf7,
    0x9c, 0xf7, 0x9c, 0xf7, 0x9c, 0xf7, 0x9c, 0xf7, 0x9d, 0xf7, 0x9c, 0xf7, 0x9c, 0xf7, 0x9c, 0xf7,
    0x7c, 0xf7, 0x9c, 0xf7, 0x7d, 0xf7, 0x7c, 0xf7, 0x7c, 0xf7, 0x7c, 0xf7, 0x7c, 0xf7, 0x7d, 0xf7,
    0x7c, 0xf7, 0x7c, 0xf7, 0x7c, 0xf7, 0x7c, 0xf7, 0x7c, 0xf7, 0x7c, 0xf7, 0x7c, 0xf7, 0x7c, 0xf7,
    0x7c, 0xf7, 0x7c, 0xf7, 0x7c, 0xef, 0x7c, 0xef, 0x7d, 0xf7, 0x7c, 0xef, 0x7c, 0xef, 0x7c, 0xef,
    0x7c, 0xef, 0x7c, 0xef, 0x7c, 0xef, 0x7c, 0xef, 0x7c, 0xef, 0x7c, 0xef, 0x7c, 0xef, 0x7c, 0xef,
    0x7c, 0xef, 0x7c, 0xef, 0x7c, 0xef, 0x7c, 0xef, 0x7c, 0xef, 0x7c, 0xef, 0x7c, 0xef, 0x5c, 0xef,
    0x5c, 0xef, 0x5c, 0xef, 0x5c, 0xef, 0x5c, 0xef, 0x5c, 0xef, 0x5c, 0xef, 0x5c, 0xef, 0x5c, 0xef,
    0x5c, 0xef, 0x5c, 0xef, 0x5c, 0xef, 0x5c, 0xef, 0x5c, 0xef, 0x5c, 0xef, 0x3c, 0xef, 0x3c, 0xef,
    0x3c, 0xef, 0x3c, 0xef, 0x3c, 0xef, 0x3c, 0xe7, 0x3c, 0xe7, 0x3c, 0xe7, 0x3c, 0xef, 0x3c, 0xe7,
    0x3c, 0xe7, 0x3c, 0xef, 0x3c, 0xef, 0x3c, 0xef, 0x3c, 0xef, 0x3c, 0xe7, 0x3c, 0xe7, 0x3c, 0xe7,
    0x3c, 0xe7, 0x3c, 0xe7, 0x3c, 0xe7, 0x3c, 0xe7, 0x3b, 0xe7, 0x3b, 0xe7, 0x1b, 0xe7, 0x1b, 0xe7,
    0x1b, 0xe7, 0x1c, 0xe7, 0x1b, 0xe7, 0x1b, 0xe7, 0x1b, 0xe7, 0x1b, 0xe7, 0x1b, 0xe7, 0x1b, 0xe7,
    0x1b, 0xe7, 0x1b, 0xe7, 0x1b, 0xe7, 0x1b, 0xe7, 0x1b, 0xe7, 0x1b, 0xe7, 0x1b, 0xe7, 0x1b, 0xe7,
    0xfb, 0xde, 0xfb, 0xde, 0xfb, 0xde, 0xfb, 0xde, 0xfb, 0xde, 0xfb, 0xde, 0xfb, 0xde, 0xfb, 0xde,
    0xfb, 0xde, 0xfb, 0xde, 0xfb, 0xde, 0xfb, 0xde, 0xfb, 0xde, 0xfb, 0xde, 0xfb, 0xde, 0xfb, 0xde,
    0xfb, 0xde, 0xfb, 0xde, 0xfb, 0xde, 0xfb, 0xde, 0xfb, 0xde, 0xfb, 0xde, 0xdb, 0xde, 0xda, 0xde,
    0xdb, 0xde, 0xdb, 0xde, 0xdb, 0xde, 0xdb, 0xde, 0xdb, 0xde, 0xda, 0xde, 0xdb, 0xde, 0xda, 0xde,
    0xda, 0xde, 0xda, 0xde, 0xdb, 0xde, 0xda, 0xde, 0xda, 0xde, 0xdb, 0xde, 0xdb, 0xde, 0xda, 0xde,
    0xda, 0xde, 0xba, 0xd6, 0xba, 0xd6, 0xba, 0xd6, 0xba, 0xd6, 0xba, 0xd6, 0xba, 0xd6, 0xba, 0xd6,
    0xba, 0xd6, 0xba, 0xd6, 0xba, 0xd6, 0xba, 0xd6, 0xba, 0xd6, 0xba, 0xd6, 0xba, 0xd6, 0xba, 0xd6,
    0xba, 0xd6, 0xba, 0xd6, 0xba, 0xd6, 0xba, 0xd6, 0xba, 0xd6, 0xba, 0xd6, 0xba, 0xd6, 0xba, 0xd6,
    0xba, 0xd6, 0xba, 0xd6, 0xba, 0xd6, 0xba, 0xd6, 0xba, 0xd6, 0xba, 0xd6, 0xba, 0xd6, 0xba, 0xd6,
    0xba, 0xd6, 0xba, 0xd6, 0xba, 0xd6, 0xba, 0xd6, 0xba, 0xd6, 0xba, 0xd6, 0xba, 0xd6, 0xba, 0xd6,
    0xba, 0xd6, 0xba, 0xd6, 0xba, 0xd6, 0xba, 0xd6, 0xba, 0xd6, 0xba, 0xd6, 0xbb, 0xd6, 0xbb, 0xd6,
    0xff, 0xff, 0xff, 0xff, 0xff, 0xff, 0xff, 0xff, 0xff, 0xff, 0xfe, 0xff, 0xfe, 0xff, 0xfe, 0xff,
    0xfe, 0xff, 0xfe, 0xff, 0xfe, 0xff, 0xfe, 0xff, 0xfe, 0xff, 0xfe, 0xff, 0xfe, 0xff, 0xfe, 0xff,
    0xfe, 0xff, 0xde, 0xff, 0xde, 0xff, 0xde, 0xff, 0xde, 0xff, 0xde, 0xff, 0xde, 0xff, 0xfd, 0xff,
    0xfe, 0xff, 0xde, 0xff, 0xde, 0xff, 0xfe, 0xff, 0xde, 0xff, 0xde, 0xff, 0xde, 0xff, 0xde, 0xff,
    0xde, 0xff, 0xde, 0xff, 0xde, 0xff, 0xde, 0xff, 0xde, 0xff, 0xde, 0xff, 0xde, 0xff, 0xde, 0xff,
    0xde, 0xff, 0xde, 0xff, 0xde, 0xff, 0xdd, 0xff, 0xdd, 0xff, 0xdd, 0xff, 0xdd, 0xff, 0xdd, 0xff,
    0xdd, 0xff, 0xde, 0xff, 0xdd, 0xff, 0xdd, 0xff, 0xde, 0xff, 0xde, 0xff, 0xdd, 0xff, 0xdd, 0xff,
    0xbd, 0xff, 0xbd, 0xff, 0xbd, 0xff, 0xdd, 0xff, 0xdd, 0xff, 0xbd, 0xff, 0xbd, 0xff, 0xbd, 0xff,
    0xbd, 0xff, 0xbd, 0xff, 0xbd, 0xff, 0xbd, 0xff, 0xbd, 0xff, 0xdd, 0xff, 0xbd, 0xff, 0xbd, 0xff,
    0xbd, 0xff, 0xbd, 0xff, 0xbd, 0xff, 0xbd, 0xff, 0xbd, 0xff, 0xbd, 0xff, 0xbd, 0xff, 0xbd, 0xff,
    0xbd, 0xff, 0xbd, 0xff, 0xbd, 0xff, 0xbd, 0xff, 0xbd, 0xff, 0xbd, 0xff, 0xbd, 0xff, 0xbd, 0xff,
    0xbd, 0xff, 0xbd, 0xff, 0xbd, 0xff, 0xbd, 0xff, 0xbd, 0xff, 0xbd, 0xff, 0xbd, 0xff, 0xbd, 0xff,
    0xbd, 0xff, 0xbd, 0xff, 0xbd, 0xf7, 0xbd, 0xff, 0xbd, 0xff, 0xbd, 0xff, 0xbd, 0xff, 0xbd, 0xff,
    0xbd, 0xff, 0xbd, 0xf7, 0xbd, 0xf7, 0x9d, 0xf7, 0x9d, 0xf7, 0x9d, 0xf7, 0xbd, 0xff, 0x9d, 0xff,
    0x9d, 0xff, 0x9d, 0xff, 0x9d, 0xff, 0x9d, 0xf7, 0x9d, 0xf7, 0x9d, 0xff, 0x9d, 0xf7, 0x9d, 0xf7,
    0x9d, 0xf7, 0x9d, 0xf7, 0x9d, 0xf7, 0x9d, 0xf7, 0x9d, 0xf7, 0x9d, 0xf7, 0x9d, 0xf7, 0x9d, 0xf7,
    0x9d, 0xf7, 0x9d, 0xf7, 0x9d, 0xf7, 0x9c, 0xf7, 0x9c, 0xf7, 0x9c, 0xf7, 0x7c, 0xf7, 0x9c, 0xf7,
    0x9c, 0xf7, 0x7c, 0xf7, 0x7d, 0xf7, 0x7c, 0xf7, 0x7c, 0xf7, 0x7c, 0xf7, 0x7c, 0xf7, 0x7c, 0xf7,
    0x7d, 0xf7, 0x7c, 0xf7, 0x7c, 0xf7, 0x7c, 0xf7, 0x7c, 0xf7, 0x7c, 0xf7, 0x7c, 0xef, 0x7c, 0xf7,
    0x7c, 0xf7, 0x7c, 0xf7, 0x7c, 0xf7, 0x7c, 0xef, 0x7c, 0xf7, 0x7c, 0xef, 0x7c, 0xef, 0x7c, 0xef,
    0x7c, 0xef, 0x7c, 0xef, 0x7c, 0xef, 0x7c, 0xef, 0x7c, 0xef, 0x7c, 0xef, 0x7c, 0xef, 0x7c, 0xef,
    0x7c, 0xef, 0x7c, 0xef, 0x7c, 0xef, 0x7c, 0xef, 0x5c, 0xef, 0x5c, 0xef, 0x5c, 0xef, 0x5c, 0xef,
    0x5c, 0xef, 0x5c, 0xef, 0x5c, 0xef, 0x5c, 0xef, 0x5c, 0xef, 0x5c, 0xef, 0x5c, 0xef, 0x5c, 0xef,
    0x5c, 0xef, 0x5c, 0xef, 0x5c, 0xef, 0x5c, 0xef, 0x5c, 0xef, 0x5c, 0xef, 0x5c, 0xef, 0x3c, 0xef,
    0x3c, 0xef, 0x3c, 0xe7, 0x3c, 0xe7, 0x3c, 0xe7, 0x3c, 0xe7, 0x3c, 0xef, 0x3c, 0xef, 0x3c, 0xe7,
    0x3c, 0xe7, 0x3c, 0xef, 0x3c, 0xe7, 0x3c, 0xe7, 0x3c, 0xef, 0x3c, 0xef, 0x3c, 0xef, 0x3c, 0xe7,
    0x3c, 0xe7, 0x3c, 0xe7, 0x3c, 0xe7, 0x3c, 0xe7, 0x3c, 0xe7, 0x1c, 0xe7, 0x1b, 0xe7, 0x1c, 0xe7,
    0x1b, 0xe7, 0x1b, 0xe7, 0x1b, 0xe7, 0x1b, 0xe7, 0x1b, 0xe7, 0x1b, 0xe7, 0x1b, 0xe7, 0x1b, 0xe7,
    0x1b, 0xe7, 0x1c, 0xe7, 0x1b, 0xe7, 0x1b, 0xe7, 0x1b, 0xe7, 0x1b, 0xe7, 0x1b, 0xe7, 0xfb, 0xe6,
    0x1b, 0xe7, 0xfb, 0xe6, 0xfb, 0xe6, 0xfb, 0xe6, 0xfb, 0xe6, 0xfb, 0xe6, 0xfb, 0xde, 0xfb, 0xde,
    0xfb, 0xde, 0xfb, 0xde, 0xfb, 0xde, 0xfb, 0xde, 0xfb, 0xde, 0xfb, 0xde, 0xfb, 0xde, 0xfb, 0xde,
    0xfb, 0xde, 0xfb, 0xde, 0xfb, 0xde, 0xfb, 0xde, 0xfb, 0xde, 0xfb, 0xde, 0xdb, 0xde, 0xdb, 0xde,
    0xdb, 0xde, 0xda, 0xde, 0xdb, 0xde, 0xdb, 0xde, 0xdb, 0xde, 0xda, 0xde, 0xdb, 0xde, 0xda, 0xde,
    0xdb, 0xde, 0xda, 0xde, 0xda, 0xde, 0xdb, 0xde, 0xda, 0xde, 0xda, 0xde, 0xda, 0xde, 0xdb, 0xde,
    0xda, 0xd6, 0xba, 0xd6, 0xba, 0xd6, 0xba, 0xd6, 0xba, 0xd6, 0xba, 0xd6, 0xba, 0xd6, 0xba, 0xd6,
    0xba, 0xd6, 0xba, 0xd6, 0xba, 0xd6, 0xba, 0xd6, 0xba, 0xd6, 0xba, 0xd6, 0xba, 0xd6, 0xba, 0xd6,
    0xba, 0xd6, 0xba, 0xd6, 0xba, 0xd6, 0xba, 0xd6, 0xba, 0xd6, 0xba, 0xd6, 0xba, 0xd6, 0xba, 0xd6,
    0xba, 0xd6, 0xba, 0xd6, 0xba, 0xd6, 0xba, 0xd6, 0xba, 0xd6, 0xba, 0xd6, 0xba, 0xd6, 0xba, 0xd6,
    0xba, 0xd6, 0xba, 0xd6, 0xba, 0xd6, 0xba, 0xd6, 0xba, 0xd6, 0xba, 0xd6, 0xba, 0xd6, 0xba, 0xd6,
    0xba, 0xd6, 0xba, 0xd6, 0xba, 0xd6, 0xbb, 0xd6, 0xbb, 0xd6, 0xba, 0xd6, 0xba, 0xd6, 0xbb, 0xd6,
    0xff, 0xff, 0xff, 0xff, 0xff, 0xff, 0xff, 0xff, 0xfe, 0xff, 0xfe, 0xff, 0xfe, 0xff, 0xfd, 0xff,
    0xfe, 0xff, 0xfe, 0xff, 0xfe, 0xff, 0xfe, 0xff, 0xfe, 0xff, 0xfe, 0xff, 0xfe, 0xff, 0xfe, 0xff,
    0xde, 0xff, 0xde, 0xff, 0xde, 0xff, 0xde, 0xff, 0xfe, 0xff, 0xdd, 0xff, 0xde, 0xff, 0xde, 0xff,
    0xde, 0xff, 0xde, 0xff, 0xde, 0xff, 0xde, 0xff, 0xde, 0xff, 0xde, 0xff, 0xde, 0xff, 0xde, 0xff,
    0xde, 0xff, 0xde, 0xff, 0xde, 0xff, 0xde, 0xff, 0xde, 0xff, 0xde, 0xff, 0xde, 0xff, 0xde, 0xff,
    0xde, 0xff, 0xde, 0xff, 0xdd, 0xff, 0xdd, 0xff, 0xde, 0xff, 0xdd, 0xff, 0xdd, 0xff, 0xdd, 0xff,
    0xdd, 0xff, 0xdd, 0xff, 0xdd, 0xff, 0xdd, 0xff, 0xdd, 0xff, 0xdd, 0xff, 0xdd, 0xff, 0xdd, 0xff,
    0xbd, 0xff, 0xdd, 0xff, 0xbd, 0xff, 0xbd, 0xff, 0xbd, 0xff, 0xbd, 0xff, 0xbd, 0xff, 0xbd, 0xff,
    0xbd, 0xff, 0xbd, 0xff, 0xbd, 0xff, 0xbd, 0xff, 0xbd, 0xff, 0xbd, 0xff, 0xbd, 0xff, 0xbd, 0xff,
    0xdd, 0xff, 0xbd, 0xff, 0xbd, 0xff, 0xbd, 0xff, 0xbd, 0xff, 0xbd, 0xff, 0xbd, 0xff, 0xbd, 0xff,
    0xbd, 0xff, 0xbd, 0xff, 0xbd, 0xff, 0xbd, 0xff, 0xbd, 0xff, 0xbd, 0xff, 0xbd, 0xff, 0xbd, 0xff,
    0xbd, 0xff, 0xbd, 0xff, 0xbd, 0xff, 0xbd, 0xff, 0xbd, 0xff, 0xbd, 0xff, 0xbd, 0xff, 0xbd, 0xff,
    0xbd, 0xff, 0xbd, 0xff, 0xbd, 0xff, 0xbd, 0xff, 0xbd, 0xff, 0xbd, 0xff, 0xbd, 0xff, 0xbd, 0xff,
    0xbd, 0xf7, 0x9d, 0xf7, 0xbd, 0xf7, 0x9d, 0xf7, 0x9d, 0xf7, 0x9d, 0xff, 0x9d, 0xf7, 0x9d, 0xff,
    0x9d, 0xff, 0x9d, 0xff, 0x9d, 0xff, 0x9d, 0xf7, 0x9d, 0xf7, 0x9d, 0xf7, 0x9d, 0xf7, 0x9d, 0xf7,
    0x9d, 0xf7, 0x9d, 0xf7, 0x9d, 0xf7, 0x9d, 0xf7, 0x9d, 0xf7, 0x9d, 0xf7, 0x9d, 0xf7, 0x9d, 0xf7,
    0x9c, 0xf7, 0x9d, 0xf7, 0x9c, 0xf7, 0x9c, 0xf7, 0x9c, 0xf7, 0x9c, 0xf7, 0x9c, 0xf7, 0x7c, 0xf7,
    0x9d, 0xf7, 0x7d, 0xf7, 0x7c, 0xf7, 0x7c, 0xf7, 0x7c, 0xf7, 0x7c, 0xf7, 0x7d, 0xf7, 0x7d, 0xf7,
    0x7c, 0xf7, 0x7c, 0xf7, 0x7c, 0xf7, 0x7c, 0xf7, 0x7c, 0xf7, 0x7c, 0xf7, 0x7c, 0xf7, 0x7c, 0xef,
    0x7c, 0xf7, 0x7c, 0xf7, 0x7c, 0xf7, 0x7c, 0xf7, 0x7c, 0xef, 0x7c, 0xf7, 0x7c, 0xef, 0x7c, 0xef,
    0x7c, 0xef, 0x7c, 0xef, 0x7c, 0xef, 0x7c, 0xef, 0x7c, 0xef, 0x7c, 0xef, 0x7c, 0xef, 0x5c, 0xef,
    0x7b, 0xef, 0x7c, 0xef, 0x7c, 0xef, 0x7c, 0xef, 0x7c, 0xef, 0x5c, 0xef, 0x5c, 0xef, 0x5c, 0xef,
    0x5c, 0xef, 0x5c, 0xef, 0x5c, 0xef, 0x5c, 0xef, 0x5c, 0xef, 0x5c, 0xef, 0x5c, 0xef, 0x5c, 0xef,
    0x5c, 0xef, 0x5c, 0xef, 0x5c, 0xef, 0x5c, 0xef, 0x5c, 0xef, 0x5c, 0xef, 0x5c, 0xef, 0x3c, 0xef,
    0x3c, 0xef, 0x3c, 0xe7, 0x3c, 0xef, 0x3c, 0xef, 0x3c, 0xef, 0x3c, 0xef, 0x3c, 0xef, 0x3c, 0xe7,
    0x3c, 0xef, 0x3c, 0xe7, 0x3c, 0xef, 0x3c, 0xe7, 0x3c, 0xe7, 0x3c, 0xef, 0x3c, 0xe7, 0x3c, 0xe7,
    0x3c, 0xe7, 0x3c, 0xe7, 0x3c, 0xe7, 0x3c, 0xe7, 0x3c, 0xe7, 0x1c, 0xe7, 0x1b, 0xe7, 0x1b, 0xe7,
    0x1b, 0xe7, 0x1b, 0xe7, 0x1b, 0xe7, 0x1b, 0xe7, 0x1b, 0xe7, 0x1b, 0xe7, 0x1b, 0xe7, 0x1b, 0xe7,
    0x1c, 0xe7, 0x1b, 0xe7, 0x1b, 0xe7, 0x1b, 0xe7, 0x1b, 0xe7, 0x1b, 0xe7, 0x1b, 0xe7, 0x1b, 0xe7,
    0xfb, 0xde, 0xfb, 0xde, 0xfb, 0xde, 0xfb, 0xde, 0xfb, 0xde, 0xfb, 0xe6, 0xfb, 0xde, 0xfb, 0xde,
    0xfb, 0xde, 0xfb, 0xde, 0xfb, 0xde, 0xfb, 0xde, 0xfb, 0xde, 0xfb, 0xde, 0xfb, 0xde, 0xfb, 0xde,
    0xfb, 0xde, 0xfb, 0xde, 0xfb, 0xde, 0xfb, 0xde, 0xfb, 0xde, 0xfb, 0xde, 0xda, 0xde, 0xdb, 0xde,
    0xda, 0xde, 0xdb, 0xde, 0xdb, 0xde, 0xdb, 0xde, 0xdb, 0xde, 0xdb, 0xde, 0xda, 0xde, 0xda, 0xde,
    0xda, 0xde, 0xda, 0xde, 0xda, 0xde, 0xdb, 0xde, 0xda, 0xde, 0xda, 0xde, 0xda, 0xde, 0xda, 0xde,
    0xda, 0xd6, 0xba, 0xd6, 0xba, 0xd6, 0xba, 0xd6, 0xba, 0xd6, 0xba, 0xd6, 0xba, 0xd6, 0xba, 0xd6,
    0xba, 0xd6, 0xba, 0xd6, 0xba, 0xd6, 0xba, 0xd6, 0xba, 0xd6, 0xba, 0xd6, 0xba, 0xd6, 0xba, 0xd6,
    0xba, 0xd6, 0xba, 0xd6, 0xba, 0xd6, 0xba, 0xd6, 0xba, 0xd6, 0xba, 0xd6, 0xba, 0xd6, 0xba, 0xd6,
    0xba, 0xd6, 0xba, 0xd6, 0xba, 0xd6, 0xba, 0xd6, 0xba, 0xd6, 0xba, 0xd6, 0xba, 0xd6, 0xba, 0xd6,
    0xba, 0xd6, 0xba, 0xd6, 0xba, 0xd6, 0xba, 0xd6, 0xba, 0xd6, 0xba, 0xd6, 0xba, 0xd6, 0xba, 0xd6,
    0xba, 0xd6, 0xba, 0xd6, 0xba, 0xd6, 0xba, 0xd6, 0xbb, 0xd6, 0xbb, 0xd6, 0xbb, 0xd6, 0xda, 0xd6,
    0xff, 0xff, 0xff, 0xff, 0xff, 0xff, 0xff, 0xff, 0xfe, 0xff, 0xfe, 0xff, 0xfe, 0xff, 0xfe, 0xff,
    0xfe, 0xff, 0xfe, 0xff, 0xfe, 0xff, 0xde, 0xff, 0xfe, 0xff, 0xfe, 0xff, 0xdd, 0xff, 0xfe, 0xff,
    0xde, 0xff, 0xde, 0xff, 0xde, 0xff, 0xde, 0xff, 0xde, 0xff, 0xdd, 0xff, 0xde, 0xff, 0xde, 0xff,
    0xde, 0xff, 0xde, 0xff, 0xde, 0xff, 0xde, 0xff, 0xde, 0xff, 0xde, 0xff, 0xde, 0xff, 0xdd, 0xff,
    0xde, 0xff, 0xde, 0xff, 0xde, 0xff, 0xde, 0xff, 0xde, 0xff, 0xdd, 0xff, 0xde, 0xff, 0xde, 0xff,
    0xde, 0xff, 0xde, 0xff, 0xde, 0xff, 0xde, 0xff, 0xdd, 0xff, 0xdd, 0xff, 0xdd, 0xff, 0xdd, 0xff,
    0xdd, 0xff, 0xdd, 0xff, 0xdd, 0xff, 0xdd, 0xff, 0xdd, 0xff, 0xdd, 0xff, 0xdd, 0xff, 0xbd, 0xff,
    0xbd, 0xff, 0xbd, 0xff, 0xdd, 0xff, 0xbd, 0xff, 0xbd, 0xff, 0xdd, 0xff, 0xbd, 0xff, 0xbd, 0xff,
    0xbd, 0xff, 0xdd, 0xff, 0xbd, 0xff, 0xdd, 0xff, 0xbd, 0xff, 0xdd, 0xff, 0xbd, 0xff, 0xbd, 0xff,
    0xbd, 0xff, 0xbd, 0xff, 0xbd, 0xff, 0xbd, 0xff, 0xbd, 0xff, 0xbd, 0xff, 0xbd, 0xff, 0xbd, 0xff,
    0xbd, 0xff, 0xbd, 0xff, 0xbd, 0xff, 0xbd, 0xff, 0xbd, 0xff, 0xbd, 0xff, 0xbd, 0xff, 0xbd, 0xff,
    0xbd, 0xff, 0xbd, 0xff, 0xbd, 0xff, 0xbd, 0xff, 0xbd, 0xff, 0xbd, 0xff, 0xbd, 0xff, 0xbd, 0xff,
    0xbd, 0xff, 0xbd, 0xff, 0xbd, 0xff, 0xbd, 0xff, 0xbd, 0xff, 0xbd, 0xff, 0x9d, 0xf7, 0xbd, 0xf7,
    0x9d, 0xf7, 0x9d, 0xff, 0x9d, 0xf7, 0x9d, 0xff, 0x9d, 0xf7, 0x9d, 0xf7, 0x9d, 0xf7, 0x9d, 0xf7,
    0x9d, 0xf7, 0x9d, 0xf7, 0x9d, 0xf7, 0x9d, 0xf7, 0x9d, 0xf7, 0x9d, 0xf7, 0x9d, 0xf7, 0x9d, 0xf7,
    0x9d, 0xf7, 0x9d, 0xf7, 0x9d, 0xf7, 0x9d, 0xf7, 0x9d, 0xf7, 0x9d, 0xf7, 0x9d, 0xf7, 0x9d, 0xf7,
    0x9d, 0xf7, 0x9d, 0xf7, 0x9d, 0xf7, 0x9d, 0xf7, 0x9d, 0xf7, 0x9d, 0xf7, 0x9c, 0xf7, 0x7d, 0xf7,
    0x9d, 0xf7, 0x7c, 0xf7, 0x7c, 0xf7, 0x7c, 0xf7, 0x7c, 0xf7, 0x7c, 0xf7, 0x7c, 0xf7, 0x7c, 0xf7,
    0x7d, 0xf7, 0x7c, 0xf7, 0x7c, 0xf7, 0x7c, 0xf7, 0x7c, 0xf7, 0x7c, 0xf7, 0x7c, 0xf7, 0x7c, 0xf7,
    0x7c, 0xef, 0x7c, 0xef, 0x7c, 0xef, 0x7c, 0xef, 0x7c, 0xef, 0x7c, 0xef, 0x7c, 0xef, 0x7c, 0xef,
    0x7c, 0xef, 0x7c, 0xef, 0x7c, 0xef, 0x7c, 0xef, 0x7c, 0xef, 0x7c, 0xef, 0x7c, 0xef, 0x7c, 0xef,
    0x7c, 0xef, 0x7c, 0xef, 0x7c, 0xef, 0x5c, 0xef, 0x7c, 0xef, 0x5c, 0xef, 0x5c, 0xef, 0x5c, 0xef,
    0x5c, 0xef, 0x5c, 0xef, 0x5c, 0xef, 0x5c, 0xef, 0x5c, 0xef, 0x5c, 0xef, 0x5c, 0xef, 0x5c, 0xef,
    0x5c, 0xef, 0x5c, 0xef, 0x5c, 0xef, 0x5c, 0xef, 0x5c, 0xef, 0x5c, 0xef, 0x5c, 0xef, 0x3c, 0xef,
    0x3c, 0xef, 0x3c, 0xef, 0x3c, 0xef, 0x3c, 0xef, 0x3c, 0xe7, 0x3c, 0xef, 0x3c, 0xe7, 0x3c, 0xef,
    0x3c, 0xe7, 0x3c, 0xef, 0x3c, 0xef, 0x3c, 0xef, 0x3c, 0xef, 0x3c, 0xe7, 0x3c, 0xe7, 0x3c, 0xe7,
    0x3c, 0xe7, 0x3c, 0xe7, 0x3c, 0xe7, 0x3c, 0xe7, 0x3b, 0xe7, 0x1c, 0xe7, 0x1b, 0xe7, 0x1c, 0xe7,
    0x1b, 0xe7, 0x1b, 0xe7, 0x1b, 0xe7, 0x1b, 0xe7, 0x1b, 0xe7, 0x1c, 0xe7, 0x1b, 0xe7, 0x1b, 0xe7,
    0x1b, 0xe7, 0x1b, 0xe7, 0x1b, 0xe7, 0x1b, 0xe7, 0x1b, 0xe7, 0x1b, 0xe7, 0x1b, 0xe7, 0xfb, 0xe6,
    0xfb, 0xde, 0xfb, 0xde, 0xfb, 0xde, 0xfb, 0xe6, 0xfb, 0xde, 0xfb, 0xde, 0xfb, 0xe6, 0xfb, 0xde,
    0xfb, 0xde, 0xfb, 0xde, 0xfb, 0xde, 0xfb, 0xde, 0xfb, 0xde, 0xfb, 0xde, 0xfb, 0xde, 0xfb, 0xde,
    0xfb, 0xde, 0xfb, 0xde, 0xfb, 0xde, 0xdb, 0xde, 0xfb, 0xde, 0xdb, 0xde, 0xdb, 0xde, 0xda, 0xde,
    0xda, 0xde, 0xdb, 0xde, 0xdb, 0xde, 0xdb, 0xde, 0xdb, 0xde, 0xdb, 0xde, 0xda, 0xde, 0xda, 0xde,
    0xda, 0xde, 0xda, 0xde, 0xda, 0xde, 0xda, 0xde, 0xda, 0xde, 0xda, 0xde, 0xda, 0xde, 0xda, 0xd6,
    0xba, 0xde, 0xba, 0xd6, 0xba, 0xd6, 0xba, 0xd6, 0xba, 0xd6, 0xba, 0xd6, 0xba, 0xd6, 0xba, 0xd6,
    0xba, 0xd6, 0xba, 0xd6, 0xba, 0xd6, 0xba, 0xd6, 0xba, 0xd6, 0xba, 0xd6, 0xba, 0xd6, 0xba, 0xd6,
    0xba, 0xd6, 0xba, 0xd6, 0xba, 0xd6, 0xba, 0xd6, 0xba, 0xd6, 0xba, 0xd6, 0xba, 0xd6, 0xba, 0xd6,
    0xba, 0xd6, 0xba, 0xd6, 0xba, 0xd6, 0xba, 0xd6, 0xba, 0xd6, 0xba, 0xd6, 0xba, 0xd6, 0xba, 0xd6,
    0xba, 0xd6, 0xba, 0xd6, 0xba, 0xd6, 0xba, 0xd6, 0xba, 0xd6, 0xba, 0xd6, 0xba, 0xd6, 0xba, 0xd6,
    0xba, 0xd6, 0xba, 0xd6, 0xba, 0xd6, 0xba, 0xd6, 0xbb, 0xd6, 0xbb, 0xd6, 0xbb, 0xd6, 0xdb, 0xd6,
    0xff, 0xff, 0xff, 0xff, 0xff, 0xff, 0xff, 0xff, 0xff, 0xff, 0xfe, 0xff, 0xfe, 0xff, 0xfe, 0xff,
    0xfe, 0xff, 0xfe, 0xff, 0xfe, 0xff, 0xfe, 0xff, 0xfe, 0xff, 0xfe, 0xff, 0xdd, 0xff, 0xfd, 0xff,
    0xdd, 0xff, 0xdd, 0xff, 0xde, 0xff, 0xde, 0xff, 0xdd, 0xff, 0xde, 0xff, 0xde, 0xff, 0xde, 0xff,
    0xde, 0xff, 0xde, 0xff, 0xde, 0xff, 0xdd, 0xff, 0xde, 0xff, 0xde, 0xff, 0xde, 0xff, 0xde, 0xff,
    0xde, 0xff, 0xdd, 0xff, 0xdd, 0xff, 0xdd, 0xff, 0xde, 0xff, 0xde, 0xff, 0xde, 0xff, 0xde, 0xff,
    0xde, 0xff, 0xde, 0xff, 0xdd, 0xff, 0xde, 0xff, 0xdd, 0xff, 0xdd, 0xff, 0xdd, 0xff, 0xdd, 0xff,
    0xdd, 0xff, 0xbd, 0xff, 0xdd, 0xff, 0xbd, 0xff, 0xbd, 0xff, 0xbd, 0xff, 0xbd, 0xff, 0xdd, 0xff,
    0xbd, 0xff, 0xbd, 0xff, 0xbd, 0xff, 0xbd, 0xff, 0xdd, 0xff, 0xbd, 0xff, 0xbd, 0xff, 0xbd, 0xff,
    0xbd, 0xff, 0xbe, 0xff, 0xbd, 0xff, 0xbd, 0xff, 0xbd, 0xff, 0xbd, 0xff, 0xbd, 0xff, 0xbd, 0xff,
    0xbd, 0xff, 0xbd, 0xff, 0xbd, 0xff, 0xbd, 0xff, 0xbd, 0xff, 0xbd, 0xff, 0xbd, 0xff, 0xbd, 0xff,
    0xbd, 0xff, 0xbd, 0xff, 0xbd, 0xff, 0xbd, 0xff, 0xbd, 0xff, 0xbd, 0xff, 0xbd, 0xff, 0xbd, 0xff,
    0xbd, 0xff, 0xbd, 0xff, 0xbd, 0xff, 0xbd, 0xff, 0xbd, 0xff, 0xbd, 0xff, 0xbd, 0xff, 0xbd, 0xff,
    0xbd, 0xff, 0xbd, 0xff, 0xbd, 0xff, 0xbd, 0xf7, 0xbd, 0xff, 0x9d, 0xff, 0x9d, 0xf7, 0x9d, 0xf7,
    0x9d, 0xff, 0x9d, 0xff, 0x9d, 0xf7, 0xbd, 0xf7, 0x9d, 0xf7, 0x9d, 0xf7, 0x9d, 0xf7, 0x9d, 0xff,
    0x9d, 0xf7, 0x9d, 0xf7, 0x9d, 0xf7, 0x9d, 0xf7, 0x9d, 0xf7, 0x9d, 0xf7, 0x9d, 0xf7, 0x9d, 0xf7,
    0x9d, 0xf7, 0x9d, 0xf7, 0x9d, 0xf7, 0x9d, 0xf7, 0x9d, 0xf7, 0x9d, 0xf7, 0x9d, 0xf7, 0x9d, 0xf7,
    0x9d, 0xf7, 0x9d, 0xf7, 0x9d, 0xf7, 0x9d, 0xf7, 0x9c, 0xf7, 0x9c, 0xf7, 0x9c, 0xf7, 0x9c, 0xf7,
    0x7c, 0xf7, 0x7d, 0xf7, 0x7c, 0xf7, 0x7d, 0xf7, 0x7c, 0xf7, 0x7c, 0xf7, 0x7c, 0xf7, 0x7c, 0xf7,
    0x7c, 0xf7, 0x7c, 0xf7, 0x7c, 0xf7, 0x7c, 0xf7, 0x7c, 0xf7, 0x7c, 0xf7, 0x7c, 0xf7, 0x7c, 0xf7,
    0x7c, 0xef, 0x7c, 0xef, 0x7c, 0xef, 0x7c, 0xef, 0x7c, 0xef, 0x7c, 0xef, 0x7c, 0xef, 0x7c, 0xef,
    0x7c, 0xef, 0x7c, 0xef, 0x7c, 0xef, 0x7c, 0xef, 0x7c, 0xef, 0x7c, 0xef, 0x7c, 0xef, 0x7c, 0xef,
    0x7c, 0xef, 0x7c, 0xef, 0x7c, 0xef, 0x7c, 0xef, 0x5c, 0xef, 0x5c, 0xef, 0x5c, 0xef, 0x5c, 0xef,
    0x5c, 0xef, 0x5c, 0xef, 0x5c, 0xef, 0x5c, 0xef, 0x5c, 0xef, 0x5c, 0xef, 0x5c, 0xef, 0x5c, 0xef,
    0x5c, 0xef, 0x5c, 0xef, 0x5c, 0xef, 0x5c, 0xef, 0x5c, 0xef, 0x5c, 0xef, 0x5c, 0xef, 0x3c, 0xef,
    0x3c, 0xef, 0x3c, 0xef, 0x3c, 0xef, 0x3c, 0xe7, 0x3c, 0xe7, 0x3c, 0xe7, 0x3c, 0xe7, 0x3c, 0xe7,
    0x3c, 0xe7, 0x3c, 0xe7, 0x3c, 0xe7, 0x3c, 0xef, 0x3c, 0xe7, 0x3c, 0xe7, 0x3c, 0xe7, 0x3c, 0xe7,
    0x3c, 0xe7, 0x3c, 0xe7, 0x3c, 0xe7, 0x1c, 0xe7, 0x3c, 0xe7, 0x1c, 0xe7, 0x1b, 0xe7, 0x1b, 0xe7,
    0x1b, 0xe7, 0x1c, 0xe7, 0x1b, 0xe7, 0x1b, 0xe7, 0x1b, 0xe7, 0x1b, 0xe7, 0x1b, 0xe7, 0x1b, 0xe7,
    0x1b, 0xe7, 0x1b, 0xe7, 0x1b, 0xe7, 0x1b, 0xe7, 0x1b, 0xe7, 0xfb, 0xe6, 0x1b, 0xe7, 0x1b, 0xe7,
    0xfb, 0xde, 0xfb, 0xde, 0xfb, 0xe6, 0xfb, 0xde, 0xfb, 0xde, 0xfb, 0xde, 0xfb, 0xde, 0xfb, 0xde,
    0xfb, 0xde, 0xfb, 0xd6, 0xfb, 0xde, 0xfb, 0xde, 0xfb, 0xde, 0xfb, 0xde, 0xfb, 0xde, 0xfb, 0xde,
    0xfb, 0xde, 0xfb, 0xde, 0xdb, 0xde, 0xdb, 0xde, 0xfb, 0xde, 0xdb, 0xde, 0xdb, 0xde, 0xda, 0xde,
    0xda, 0xde, 0xdb, 0xde, 0xdb, 0xde, 0xdb, 0xde, 0xdb, 0xde, 0xdb, 0xde, 0xdb, 0xde, 0xda, 0xde,
    0xda, 0xde, 0xda, 0xde, 0xda, 0xde, 0xda, 0xde, 0xdb, 0xde, 0xda, 0xde, 0xdb, 0xde, 0xda, 0xde,
    0xda, 0xd6, 0xba, 0xd6, 0xba, 0xd6, 0xba, 0xd6, 0xba, 0xd6, 0xba, 0xd6, 0xba, 0xd6, 0xba, 0xd6,
    0xba, 0xd6, 0xba, 0xd6, 0xba, 0xd6, 0xba, 0xd6, 0xba, 0xd6, 0xba, 0xd6, 0xba, 0xd6, 0xba, 0xd6,
    0xba, 0xd6, 0xba, 0xd6, 0xba, 0xd6, 0xba, 0xd6, 0xba, 0xd6, 0xba, 0xd6, 0xba, 0xd6, 0xba, 0xd6,
    0xba, 0xd6, 0xba, 0xd6, 0xba, 0xd6, 0xba, 0xd6, 0xba, 0xd6, 0xba, 0xd6, 0xba, 0xd6, 0xba, 0xd6,
    0xba, 0xd6, 0xba, 0xd6, 0xba, 0xd6, 0x9a, 0xd6, 0xba, 0xd6, 0xba, 0xd6, 0xba, 0xd6, 0xba, 0xd6,
    0xba, 0xd6, 0xba, 0xd6, 0xba, 0xd6, 0xba, 0xd6, 0xba, 0xd6, 0xba, 0xd6, 0xba, 0xd6, 0xbb, 0xd6,
    0xff, 0xff, 0xff, 0xff, 0xff, 0xff, 0xff, 0xff, 0xfe, 0xff, 0xfe, 0xff, 0xfe, 0xff, 0xfe, 0xff,
    0xfe, 0xff, 0xfe, 0xff, 0xfe, 0xff, 0xfe, 0xff, 0xfe, 0xff, 0xfe, 0xff, 0xde, 0xff, 0xdd, 0xff,
    0xdd, 0xff, 0xde, 0xff, 0xdd, 0xff, 0xdd, 0xff, 0xdd, 0xff, 0xde, 0xff, 0xdd, 0xff, 0xdd, 0xff,
    0xde, 0xff, 0xde, 0xff, 0xde, 0xff, 0xdd, 0xff, 0xde, 0xff, 0xde, 0xff, 0xde, 0xff, 0xdd, 0xff,
    0xde, 0xff, 0xde, 0xff, 0xdd, 0xff, 0xdd, 0xff, 0xdd, 0xff, 0xde, 0xff, 0xde, 0xff, 0xde, 0xff,
    0xde, 0xff, 0xde, 0xff, 0xde, 0xff, 0xdd, 0xff, 0xdd, 0xff, 0xde, 0xff, 0xdd, 0xff, 0xdd, 0xff,
    0xdd, 0xff, 0xbd, 0xff, 0xbd, 0xff, 0xbd, 0xff, 0xdd, 0xff, 0xbd, 0xff, 0xbd, 0xff, 0xdd, 0xff,
    0xbd, 0xff, 0xbd, 0xff, 0xbd, 0xff, 0xbd, 0xff, 0xbe, 0xff, 0xbd, 0xff, 0xbd, 0xff, 0xbd, 0xff,
    0xbd, 0xff, 0xbd, 0xff, 0xbd, 0xff, 0xbd, 0xff, 0xbd, 0xff, 0xbd, 0xff, 0xbd, 0xff, 0xbd, 0xff,
    0xbd, 0xff, 0xbd, 0xff, 0xbd, 0xff, 0xbd, 0xff, 0xbd, 0xff, 0xbd, 0xff, 0xbd, 0xff, 0xbd, 0xff,
    0xbd, 0xff, 0xbd, 0xff, 0xbd, 0xff, 0xbd, 0xff, 0xbd, 0xff, 0xbd, 0xff, 0xbd, 0xff, 0xbd, 0xff,
    0xbd, 0xff, 0xbd, 0xff, 0xbd, 0xff, 0xbd, 0xff, 0xbd, 0xff, 0xbd, 0xff, 0xbd, 0xff, 0xbd, 0xff,
    0xbd, 0xff, 0xbd, 0xff, 0xbd, 0xff, 0xbd, 0xff, 0x9d, 0xff, 0x9d, 0xf7, 0x9d, 0xf7, 0x9d, 0xf7,
    0xbd, 0xf7, 0x9d, 0xf7, 0xbd, 0xf7, 0x9d, 0xf7, 0x9d, 0xff, 0x9d, 0xf7, 0x9d, 0xf7, 0x9d, 0xf7,
    0x9d, 0xf7, 0x9d, 0xf7, 0x9d, 0xf7, 0x9d, 0xf7, 0x9d, 0xf7, 0x9d, 0xf7, 0x9d, 0xf7, 0x9d, 0xf7,
    0x9d, 0xf7, 0x9d, 0xf7, 0x9d, 0xf7, 0x9d, 0xf7, 0x9d, 0xf7, 0x9d, 0xf7, 0x9d, 0xf7, 0x9d, 0xf7,
    0x9d, 0xf7, 0x9d, 0xf7, 0x9d, 0xf7, 0x9d, 0xf7, 0x9d, 0xf7, 0x9c, 0xf7, 0x7c, 0xf7, 0x7c, 0xf7,
    0x7c, 0xf7, 0x7d, 0xf7, 0x7d, 0xf7, 0x7d, 0xf7, 0x7c, 0xf7, 0x7c, 0xf7, 0x7c, 0xf7, 0x7c, 0xf7,
    0x7c, 0xef, 0x7c, 0xf7, 0x7c, 0xf7, 0x7c, 0xf7, 0x7d, 0xf7, 0x7c, 0xf7, 0x7c, 0xf7, 0x7d, 0xef,
    0x7c, 0xef, 0x7c, 0xef, 0x7c, 0xef, 0x7c, 0xef, 0x7c, 0xef, 0x7c, 0xef, 0x7c, 0xef, 0x7c, 0xef,
    0x7c, 0xef, 0x7c, 0xef, 0x5c, 0xef, 0x5c, 0xef, 0x7c, 0xef, 0x7c, 0xef, 0x7c, 0xef, 0x7c, 0xef,
    0x7c, 0xef, 0x7c, 0xef, 0x7c, 0xef, 0x5d, 0xef, 0x5c, 0xef, 0x5c, 0xef, 0x5c, 0xef, 0x5c, 0xef,
    0x5c, 0xef, 0x5c, 0xef, 0x5c, 0xef, 0x5c, 0xef, 0x5c, 0xef, 0x5c, 0xef, 0x5c, 0xef, 0x5c, 0xef,
    0x5c, 0xef, 0x5c, 0xef, 0x5c, 0xef, 0x5c, 0xef, 0x5c, 0xef, 0x5c, 0xef, 0x5c, 0xef, 0x3c, 0xef,
    0x3c, 0xef, 0x3c, 0xe7, 0x3c, 0xe7, 0x3c, 0xe7, 0x3c, 0xe7, 0x3c, 0xe7, 0x3c, 0xe7, 0x3c, 0xe7,
    0x3c, 0xe7, 0x3c, 0xe7, 0x3c, 0xe7, 0x3c, 0xe7, 0x3c, 0xe7, 0x3c, 0xe7, 0x3c, 0xe7, 0x3c, 0xe7,
    0x3c, 0xe7, 0x3c, 0xe7, 0x3c, 0xe7, 0x3c, 0xe7, 0x1c, 0xe7, 0x1c, 0xe7, 0x1c, 0xe7, 0x1c, 0xe7,
    0x1b, 0xe7, 0x1b, 0xe7, 0x1b, 0xe7, 0x1b, 0xe7, 0x1b, 0xe7, 0x1b, 0xe7, 0x1b, 0xe7, 0x1b, 0xe7,
    0x1b, 0xe7, 0x1b, 0xe7, 0x1b, 0xe7, 0x1b, 0xe7, 0x1b, 0xe7, 0x1b, 0xe7, 0xfb, 0xe6, 0xfb, 0xe6,
    0xfb, 0xde, 0xfb, 0xde, 0xfb, 0xde, 0xfb, 0xde, 0xfb, 0xde, 0xfb, 0xe6, 0xfb, 0xe6, 0xfb, 0xe6,
    0xfb, 0xde, 0xfb, 0xd6, 0xfb, 0xde, 0xfb, 0xde, 0xdb, 0xde, 0xdb, 0xde, 0xfb, 0xde, 0xfb, 0xde,
    0xfb, 0xde, 0xfb, 0xde, 0xfb, 0xde, 0xfb, 0xde, 0xdb, 0xde, 0xdb, 0xde, 0xdb, 0xde, 0xda, 0xde,
    0xdb, 0xde, 0xdb, 0xde, 0xdb, 0xde, 0xdb, 0xde, 0xda, 0xde, 0xda, 0xde, 0xda, 0xde, 0xda, 0xde,
    0xda, 0xde, 0xda, 0xde, 0xda, 0xde, 0xda, 0xde, 0xda, 0xde, 0xdb, 0xde, 0xda, 0xd6, 0xdb, 0xde,
    0xba, 0xd6, 0xba, 0xd6, 0xba, 0xd6, 0xba, 0xd6, 0xba, 0xd6, 0xba, 0xd6, 0xba, 0xd6, 0xba, 0xd6,
    0xba, 0xd6, 0xba, 0xd6, 0xba, 0xd6, 0xba, 0xd6, 0xba, 0xd6, 0xba, 0xd6, 0xba, 0xd6, 0xba, 0xd6,
    0xba, 0xd6, 0xba, 0xd6, 0xba, 0xd6, 0xba, 0xd6, 0xba, 0xd6, 0xba, 0xd6, 0xba, 0xd6, 0x9a, 0xd6,
    0x9a, 0xd6, 0x9a, 0xd6, 0xba, 0xd6, 0xba, 0xd6, 0xba, 0xd6, 0xba, 0xd6, 0x9a, 0xd6, 0x9a, 0xd6,
    0x9a, 0xd6, 0x9a, 0xd6, 0x9a, 0xd6, 0x9a, 0xd6, 0xba, 0xd6, 0xba, 0xd6, 0xba, 0xd6, 0xba, 0xd6,
    0xba, 0xd6, 0xba, 0xd6, 0xba, 0xd6, 0xba, 0xd6, 0xba, 0xd6, 0xbb, 0xd6, 0xba, 0xd6, 0xbb, 0xd6,
    0xff, 0xff, 0xff, 0xff, 0xff, 0xff, 0xff, 0xff, 0xfe, 0xff, 0xfe, 0xff, 0xfe, 0xff, 0xfe, 0xff,
    0xfe, 0xff, 0xfe, 0xff, 0xfe, 0xff, 0xde, 0xff, 0xfe, 0xff, 0xde, 0xff, 0xde, 0xff, 0xdd, 0xff,
    0xdd, 0xff, 0xdd, 0xff, 0xde, 0xff, 0xde, 0xff, 0xde, 0xff, 0xde, 0xff, 0xde, 0xff, 0xdd, 0xff,
    0xde, 0xff, 0xde, 0xff, 0xde, 0xff, 0xde, 0xff, 0xde, 0xff, 0xde, 0xff, 0xde, 0xff, 0xde, 0xff,
    0xde, 0xff, 0xde, 0xff, 0xdd, 0xff, 0xdd, 0xff, 0xde, 0xff, 0xdd, 0xff, 0xdd, 0xff, 0xde, 0xff,
    0xde, 0xff, 0xde, 0xff, 0xdd, 0xff, 0xdd, 0xff, 0xde, 0xff, 0xdd, 0xff, 0xdd, 0xff, 0xbd, 0xff,
    0xdd, 0xff, 0xbd, 0xff, 0xbd, 0xff, 0xbd, 0xff, 0xbd, 0xff, 0xbd, 0xff, 0xdd, 0xff, 0xdd, 0xff,
    0xbd, 0xff, 0xbd, 0xff, 0xbd, 0xff, 0xbd, 0xff, 0xbd, 0xff, 0xbd, 0xff, 0xbd, 0xff, 0xbd, 0xff,
    0xbd, 0xff, 0xbd, 0xff, 0xbd, 0xff, 0xbd, 0xff, 0xbd, 0xff, 0xbd, 0xff, 0xbd, 0xff, 0xbd, 0xff,
    0xbd, 0xff, 0xbd, 0xff, 0xbd, 0xff, 0xbd, 0xff, 0xbd, 0xff, 0xbd, 0xff, 0xbd, 0xff, 0xbd, 0xff,
    0xbd, 0xff, 0xbd, 0xf7, 0xbd, 0xff, 0x9d, 0xf7, 0x9d, 0xff, 0x9d, 0xff, 0xbd, 0xff, 0xbd, 0xff,
    0xbd, 0xff, 0xbd, 0xff, 0xbd, 0xf7, 0xbd, 0xff, 0xbd, 0xff, 0xbd, 0xff, 0xbd, 0xff, 0xbd, 0xff,
    0xbd, 0xff, 0xbd, 0xff, 0xbd, 0xf7, 0xbd, 0xf7, 0xbd, 0xff, 0xbd, 0xff, 0x9d, 0xff, 0x9d, 0xff,
    0x9d, 0xff, 0xbd, 0xf7, 0x9d, 0xf7, 0x9d, 0xf7, 0x9d, 0xff, 0x9d, 0xf7, 0x9d, 0xf7, 0x9d, 0xf7,
    0x9d, 0xf7, 0x9d, 0xf7, 0x9d, 0xf7, 0x9d, 0xf7, 0x9d, 0xf7, 0x9d, 0xf7, 0x9d, 0xf7, 0x9d, 0xf7,
    0x9d, 0xf7, 0x9d, 0xf7, 0x9d, 0xf7, 0x9d, 0xf7, 0x9d, 0xf7, 0x9d, 0xf7, 0x9d, 0xf7, 0x9d, 0xf7,
    0x9d, 0xf7, 0x9d, 0xf7, 0x9d, 0xf7, 0x9d, 0xf7, 0x9c, 0xf7, 0x9c, 0xf7, 0x7d, 0xf7, 0x7d, 0xf7,
    0x7d, 0xf7, 0x7d, 0xf7, 0x7d, 0xf7, 0x7d, 0xf7, 0x7c, 0xf7, 0x7c, 0xf7, 0x7c, 0xf7, 0x7c, 0xf7,
    0x7c, 0xf7, 0x7c, 0xf7, 0x7c, 0xef, 0x7c, 0xef, 0x7c, 0xf7, 0x7c, 0xef, 0x7c, 0xef, 0x7c, 0xef,
    0x7c, 0xef, 0x7c, 0xef, 0x7c, 0xef, 0x7c, 0xef, 0x7c, 0xef, 0x7c, 0xef, 0x7c, 0xef, 0x5c, 0xef,
    0x5c, 0xef, 0x7c, 0xef, 0x5c, 0xef, 0x7c, 0xef, 0x5c, 0xef, 0x5c, 0xef, 0x5c, 0xef, 0x7c, 0xef,
    0x7c, 0xef, 0x5c, 0xef, 0x7c, 0xef, 0x5c, 0xef, 0x5c, 0xef, 0x5c, 0xef, 0x5c, 0xef, 0x5c, 0xef,
    0x5c, 0xef, 0x5c, 0xef, 0x5c, 0xef, 0x5c, 0xef, 0x5c, 0xef, 0x5c, 0xef, 0x5c, 0xef, 0x5c, 0xef,
    0x5c, 0xef, 0x5c, 0xef, 0x5c, 0xef, 0x5c, 0xef, 0x5c, 0xef, 0x5c, 0xef, 0x5c, 0xef, 0x3c, 0xef,
    0x3c, 0xe7, 0x3c, 0xe7, 0x3c, 0xef, 0x3c, 0xe7, 0x3c, 0xe7, 0x3c, 0xe7, 0x3c, 0xe7, 0x3c, 0xe7,
    0x3c, 0xe7, 0x3c, 0xe7, 0x3c, 0xe7, 0x3c, 0xe7, 0x3c, 0xe7, 0x3c, 0xe7, 0x3c, 0xe7, 0x3c, 0xe7,
    0x3c, 0xe7, 0x3c, 0xe7, 0x3c, 0xe7, 0x1c, 0xe7, 0x1c, 0xe7, 0x1c, 0xe7, 0x1c, 0xe7, 0x1c, 0xe7,
    0x1b, 0xe7, 0x1b, 0xe7, 0x1b, 0xe7, 0x1b, 0xe7, 0x1b, 0xe7, 0x1b, 0xe7, 0x1b, 0xe7, 0x1b, 0xe7,
    0x1b, 0xe7, 0x1b, 0xe7, 0x1b, 0xe7, 0x1b, 0xe7, 0x1b, 0xe7, 0xfb, 0xe6, 0x1b, 0xe7, 0xfb, 0xde,
    0xfb, 0xe6, 0xfb, 0xe6, 0xfb, 0xde, 0xfb, 0xde, 0xfb, 0xde, 0xfb, 0xde, 0xfb, 0xde, 0xfb, 0xde,
    0xfb, 0xde, 0xfb, 0xde, 0xfb, 0xde, 0xfb, 0xde, 0xfb, 0xde, 0xfb, 0xde, 0xfb, 0xde, 0xfb, 0xde,
    0xfb, 0xde, 0xdb, 0xde, 0xfb, 0xde, 0xfb, 0xde, 0xdb, 0xde, 0xdb, 0xde, 0xdb, 0xde, 0xdb, 0xde,
    0xdb, 0xde, 0xdb, 0xde, 0xdb, 0xde, 0xda, 0xde, 0xdb, 0xde, 0xda, 0xde, 0xda, 0xde, 0xdb, 0xde,
    0xdb, 0xde, 0xda, 0xde, 0xda, 0xde, 0xda, 0xde, 0xda, 0xde, 0xdb, 0xde, 0xda, 0xd6, 0xdb, 0xde,
    0xda, 0xd6, 0xba, 0xd6, 0xba, 0xd6, 0xba, 0xd6, 0xba, 0xd6, 0xba, 0xd6, 0xba, 0xd6, 0xba, 0xd6,
    0xba, 0xd6, 0xba, 0xd6, 0xba, 0xd6, 0xba, 0xd6, 0xba, 0xd6, 0xba, 0xd6, 0xba, 0xd6, 0xba, 0xd6,
    0xba, 0xd6, 0xba, 0xd6, 0xba, 0xd6, 0xba, 0xd6, 0xba, 0xd6, 0xba, 0xd6, 0x9a, 0xd6, 0x9a, 0xd6,
    0x9a, 0xd6, 0x9a, 0xd6, 0xba, 0xd6, 0xba, 0xd6, 0x9a, 0xd6, 0x9a, 0xd6, 0x9a, 0xd6, 0x9a, 0xd6,
    0x9a, 0xd6, 0x9a, 0xd6, 0x9a, 0xd6, 0x9a, 0xd6, 0xba, 0xd6, 0xba, 0xd6, 0xba, 0xd6, 0xba, 0xd6,
    0xba, 0xd6, 0xba, 0xd6, 0xba, 0xd6, 0xba, 0xd6, 0xba, 0xd6, 0xba, 0xd6, 0xbb, 0xd6, 0xbb, 0xd6,
    0xff, 0xff, 0xff, 0xff, 0xff, 0xff, 0xff, 0xff, 0xfe, 0xff, 0xfe, 0xff, 0xfe, 0xff, 0xfe, 0xff,
    0xfe, 0xff, 0xfe, 0xff, 0xde, 0xff, 0xfe, 0xff, 0xfe, 0xff, 0xfe, 0xff, 0xde, 0xff, 0xde, 0xff,
    0xdd, 0xff, 0xde, 0xff, 0xde, 0xff, 0xde, 0xff, 0xdd, 0xff, 0xdd, 0xff, 0xde, 0xff, 0xde, 0xff,
    0xde, 0xff, 0xde, 0xff, 0xde, 0xff, 0xdd, 0xff, 0xdd, 0xff, 0xdd, 0xff, 0xde, 0xff, 0xdd, 0xff,
    0xdd, 0xff, 0xde, 0xff, 0xde, 0xff, 0xde, 0xff, 0xde, 0xff, 0xde, 0xff, 0xdd, 0xff, 0xdd, 0xff,
    0xdd, 0xff, 0xde, 0xff, 0xde, 0xff, 0xde, 0xff, 0xde, 0xff, 0xdd, 0xff, 0xdd, 0xff, 0xdd, 0xff,
    0xbd, 0xff, 0xbd, 0xff, 0xdc, 0xff, 0xbd, 0xff, 0xdd, 0xff, 0xbd, 0xff, 0xbd, 0xff, 0xdd, 0xff,
    0xbd, 0xff, 0xbd, 0xff, 0xdd, 0xff, 0xdd, 0xff, 0xdd, 0xff, 0xdd, 0xff, 0xdd, 0xff, 0xbd, 0xff,
    0xbd, 0xff, 0xbd, 0xff, 0xbd, 0xff, 0xbd, 0xff, 0xbd, 0xff, 0xbd, 0xff, 0xbd, 0xff, 0xbd, 0xff,
    0xbd, 0xff, 0xbd, 0xff, 0xbd, 0xff, 0xbd, 0xff, 0xbd, 0xff, 0xbd, 0xff, 0xbd, 0xff, 0xbd, 0xff,
    0xbd, 0xff, 0xbd, 0xff, 0xbd, 0xff, 0xbd, 0xf7, 0xbd, 0xf7, 0xbd, 0xf7, 0x9d, 0xff, 0xbd, 0xff,
    0xbd, 0xff, 0xbd, 0xff, 0xbd, 0xff, 0xbd, 0xff, 0xbd, 0xff, 0xbd, 0xff, 0xbd, 0xff, 0xbd, 0xff,
    0xbd, 0xff, 0xbd, 0xff, 0xbd, 0xff, 0xbd, 0xff, 0x9d, 0xff, 0xbd, 0xf7, 0x9d, 0xff, 0x9d, 0xf7,
    0x9d, 0xff, 0x9d, 0xf7, 0x9d, 0xf7, 0x9d, 0xf7, 0x9d, 0xf7, 0x9d, 0xf7, 0x9d, 0xf7, 0x9d, 0xf7,
    0x9d, 0xf7, 0x9d, 0xf7, 0x9d, 0xf7, 0x9d, 0xf7, 0x9d, 0xf7, 0x9d, 0xf7, 0x9d, 0xf7, 0x9d, 0xf7,
    0x9d, 0xf7, 0x9d, 0xf7, 0x9d, 0xf7, 0x9d, 0xf7, 0x9d, 0xf7, 0x9d, 0xf7, 0x9d, 0xf7, 0x9d, 0xf7,
    0x9c, 0xf7, 0x9d, 0xf7, 0x9d, 0xf7, 0x9d, 0xf7, 0x9c, 0xf7, 0x9d, 0xf7, 0x9c, 0xf7, 0x7d, 0xf7,
    0x7d, 0xf7, 0x7d, 0xf7, 0x7d, 0xf7, 0x7d, 0xf7, 0x7c, 0xf7, 0x7c, 0xf7, 0x7c, 0xf7, 0x7c, 0xef,
    0x7c, 0xef, 0x7c, 0xf7, 0x7c, 0xef, 0x7c, 0xef, 0x7c, 0xef, 0x7d, 0xf7, 0x7d, 0xef, 0x7c, 0xef,
    0x7c, 0xef, 0x7c, 0xef, 0x7c, 0xef, 0x7c, 0xef, 0x7c, 0xef, 0x7c, 0xef, 0x7c, 0xef, 0x7c, 0xef,
    0x7c, 0xef, 0x7c, 0xef, 0x5c, 0xef, 0x5c, 0xef, 0x5d, 0xef, 0x5c, 0xef, 0x7c, 0xef, 0x7c, 0xef,
    0x7c, 0xef, 0x7c, 0xef, 0x7c, 0xef, 0x5c, 0xef, 0x5c, 0xef, 0x5c, 0xef, 0x5c, 0xef, 0x5c, 0xef,
    0x5c, 0xef, 0x5c, 0xef, 0x5c, 0xef, 0x5c, 0xef, 0x5c, 0xef, 0x5c, 0xef, 0x5c, 0xef, 0x5c, 0xef,
    0x5c, 0xef, 0x5c, 0xef, 0x5c, 0xef, 0x5c, 0xef, 0x5c, 0xef, 0x5c, 0xef, 0x5c, 0xef, 0x5c, 0xe7,
    0x3c, 0xe7, 0x3c, 0xe7, 0x3c, 0xe7, 0x3c, 0xe7, 0x3c, 0xe7, 0x3c, 0xe7, 0x3c, 0xe7, 0x3c, 0xe7,
    0x3c, 0xe7, 0x3c, 0xe7, 0x3c, 0xe7, 0x3c, 0xe7, 0x3c, 0xe7, 0x3c, 0xe7, 0x3c, 0xe7, 0x3c, 0xe7,
    0x3c, 0xe7, 0x3c, 0xe7, 0x1c, 0xe7, 0x1c, 0xe7, 0x1c, 0xe7, 0x1b, 0xe7, 0x1c, 0xe7, 0x1c, 0xe7,
    0x1b, 0xe7, 0x1b, 0xe7, 0x1b, 0xe7, 0x1b, 0xe7, 0x1b, 0xe7, 0x1b, 0xe7, 0x1b, 0xe7, 0x1b, 0xe7,
    0x1b, 0xe7, 0x1b, 0xe7, 0x1b, 0xe7, 0x1b, 0xe7, 0x1b, 0xe7, 0xfb, 0xe6, 0xfb, 0xe6, 0xfb, 0xde,
    0xfb, 0xde, 0xfb, 0xde, 0xfb, 0xde, 0xfb, 0xde, 0xfb, 0xde, 0xfb, 0xde, 0xfb, 0xde, 0xfb, 0xde,
    0xfb, 0xde, 0xfb, 0xde, 0xfb, 0xde, 0xfb, 0xde, 0xfb, 0xde, 0xfb, 0xde, 0xfb, 0xde, 0xfb, 0xde,
    0xfb, 0xde, 0xfb, 0xde, 0xfb, 0xde, 0xfb, 0xde, 0xdb, 0xde, 0xdb, 0xde, 0xdb, 0xde, 0xdb, 0xde,
    0xdb, 0xde, 0xdb, 0xde, 0xda, 0xde, 0xda, 0xde, 0xda, 0xde, 0xda, 0xde, 0xda, 0xde, 0xda, 0xde,
    0xdb, 0xde, 0xdb, 0xde, 0xdb, 0xde, 0xda, 0xde, 0xdb, 0xde, 0xdb, 0xde, 0xda, 0xde, 0xdb, 0xde,
    0xba, 0xde, 0xba, 0xd6, 0xda, 0xd6, 0xbb, 0xd6, 0xba, 0xd6, 0xba, 0xd6, 0xba, 0xd6, 0xba, 0xd6,
    0xba, 0xd6, 0xba, 0xd6, 0xba, 0xd6, 0xba, 0xd6, 0xba, 0xd6, 0xba, 0xd6, 0xba, 0xd6, 0xba, 0xd6,
    0xba, 0xd6, 0xba, 0xd6, 0xba, 0xd6, 0xba, 0xd6, 0xba, 0xd6, 0x9a, 0xd6, 0x9a, 0xd6, 0x9a, 0xd6,
    0x9a, 0xd6, 0x9a, 0xd6, 0x9a, 0xd6, 0xba, 0xd6, 0x9a, 0xd6, 0x9a, 0xd6, 0x9a, 0xd6, 0x9a, 0xd6,
    0x9a, 0xd6, 0x9a, 0xd6, 0x9a, 0xd6, 0x9a, 0xd6, 0xba, 0xd6, 0xba, 0xd6, 0xba, 0xd6, 0xba, 0xd6,
    0xba, 0xd6, 0xba, 0xd6, 0xba, 0xd6, 0xba, 0xd6, 0xbb, 0xd6, 0xba, 0xd6, 0xbb, 0xd6, 0xbb, 0xd6,
    0xff, 0xff, 0xff, 0xff, 0xff, 0xff, 0xff, 0xff, 0xfe, 0xff, 0xfd, 0xff, 0xfe, 0xff, 0xfe, 0xff,
    0xfe, 0xff, 0xfe, 0xff, 0xde, 0xff, 0xfe, 0xff, 0xde, 0xff, 0xde, 0xff, 0xde, 0xff, 0xde, 0xff,
    0xde, 0xff, 0xde, 0xff, 0xde, 0xff, 0xde, 0xff, 0xdd, 0xff, 0xde, 0xff, 0xde, 0xff, 0xde, 0xff,
    0xde, 0xff, 0xdd, 0xff, 0xdd, 0xff, 0xde, 0xff, 0xdd, 0xff, 0xde, 0xff, 0xde, 0xff, 0xdd, 0xff,
    0xdd, 0xff, 0xdd, 0xff, 0xdd, 0xff, 0xde, 0xff, 0xdd, 0xff, 0xdd, 0xff, 0xdd, 0xff, 0xdd, 0xff,
    0xdd, 0xff, 0xde, 0xff, 0xdd, 0xff, 0xdd, 0xff, 0xdd, 0xff, 0xdd, 0xff, 0xbd, 0xff, 0xbd, 0xff,
    0xbd, 0xff, 0xbd, 0xff, 0xbd, 0xff, 0xbd, 0xff, 0xbd, 0xff, 0xbd, 0xff, 0xdd, 0xff, 0xbd, 0xff,
    0xdd, 0xff, 0xbd, 0xff, 0xbe, 0xff, 0xdd, 0xff, 0xdd, 0xff, 0xdd, 0xff, 0xbd, 0xff, 0xbd, 0xff,
    0xbd, 0xff, 0xbd, 0xff, 0xbd, 0xff, 0xbd, 0xff, 0xbd, 0xff, 0xbd, 0xff, 0xbd, 0xff, 0xbd, 0xff,
    0xbd, 0xff, 0xbd, 0xff, 0xbd, 0xff, 0xbd, 0xff, 0xbd, 0xff, 0xbd, 0xff, 0xbd, 0xff, 0xbd, 0xff,
    0xbd, 0xf7, 0xbd, 0xff, 0xbd, 0xff, 0x9d, 0xf7, 0xbd, 0xff, 0xbd, 0xf7, 0xbd, 0xf7, 0xbd, 0xff,
    0xbd, 0xff, 0xbd, 0xf7, 0x9d, 0xff, 0xbd, 0xff, 0xbd, 0xff, 0xbd, 0xf7, 0xbd, 0xff, 0xbd, 0xff,
    0xbd, 0xff, 0xbd, 0xff, 0xbd, 0xff, 0xbd, 0xf7, 0x9d, 0xff, 0x9d, 0xf7, 0x9d, 0xf7, 0x9d, 0xf7,
    0x9d, 0xf7, 0x9d, 0xf7, 0x9d, 0xf7, 0x9d, 0xf7, 0x9d, 0xf7, 0x9d, 0xf7, 0x9d, 0xf7, 0x9d, 0xf7,
    0x9d, 0xf7, 0x9d, 0xf7, 0x9d, 0xf7, 0x9d, 0xf7, 0x9d, 0xf7, 0x9d, 0xf7, 0x9d, 0xf7, 0x9d, 0xf7,
    0x9d, 0xf7, 0x9d, 0xf7, 0x9d, 0xf7, 0x9d, 0xf7, 0x9d, 0xf7, 0x9d, 0xf7, 0x9d, 0xf7, 0x9d, 0xf7,
    0x9d, 0xf7, 0x9d, 0xf7, 0x9d, 0xf7, 0x9d, 0xf7, 0x9c, 0xf7, 0x7d, 0xf7, 0x7d, 0xf7, 0x7d, 0xf7,
    0x7d, 0xf7, 0x7c, 0xf7, 0x7d, 0xf7, 0x7d, 0xf7, 0x7d, 0xf7, 0x7d, 0xf7, 0x7c, 0xf7, 0x7c, 0xf7,
    0x7c, 0xef, 0x7c, 0xef, 0x7c, 0xef, 0x7c, 0xef, 0x7c, 0xef, 0x7c, 0xef, 0x7c, 0xef, 0x7c, 0xef,
    0x7c, 0xef, 0x7c, 0xef, 0x7c, 0xef, 0x7c, 0xef, 0x7c, 0xef, 0x7c, 0xef, 0x7c, 0xef, 0x7c, 0xef,
    0x7c, 0xef, 0x7c, 0xef, 0x5c, 0xef, 0x5c, 0xef, 0x5c, 0xef, 0x7c, 0xef, 0x5c, 0xef, 0x5c, 0xef,
    0x5c, 0xef, 0x5c, 0xef, 0x5c, 0xef, 0x5c, 0xef, 0x5c, 0xef, 0x5c, 0xef, 0x5c, 0xef, 0x5c, 0xef,
    0x5c, 0xef, 0x5c, 0xef, 0x5c, 0xef, 0x5c, 0xef, 0x5c, 0xef, 0x5c, 0xef, 0x5c, 0xef, 0x5c, 0xef,
    0x5c, 0xef, 0x5c, 0xef, 0x5c, 0xef, 0x5c, 0xef, 0x5c, 0xef, 0x5c, 0xef, 0x3c, 0xef, 0x3c, 0xef,
    0x3c, 0xef, 0x3c, 0xef, 0x3c, 0xe7, 0x3c, 0xe7, 0x3c, 0xe7, 0x3c, 0xe7, 0x3c, 0xe7, 0x3c, 0xe7,
    0x3c, 0xe7, 0x3c, 0xe7, 0x3c, 0xe7, 0x3c, 0xe7, 0x3c, 0xe7, 0x3c, 0xe7, 0x3c, 0xe7, 0x3c, 0xe7,
    0x3c, 0xe7, 0x3c, 0xe7, 0x1c, 0xe7, 0x1c, 0xe7, 0x1c, 0xe7, 0x1b, 0xe7, 0x1b, 0xe7, 0x1c, 0xe7,
    0x1b, 0xe7, 0x1b, 0xe7, 0x1b, 0xe7, 0x1b, 0xe7, 0x1b, 0xe7, 0x1b, 0xe7, 0x1b, 0xe7, 0x1b, 0xe7,
    0x1b, 0xe7, 0x1b, 0xe7, 0x1b, 0xe7, 0x1b, 0xe7, 0xfb, 0xe6, 0xfb, 0xe6, 0xfb, 0xde, 0xfb, 0xde,
    0xfb, 0xde, 0xfb, 0xde, 0xfb, 0xde, 0xfb, 0xde, 0xfb, 0xde, 0xfb, 0xde, 0xfb, 0xde, 0xfb, 0xde,
    0xfb, 0xde, 0xfb, 0xde, 0xfb, 0xde, 0xfb, 0xde, 0xfb, 0xde, 0xfb, 0xde, 0xfb, 0xde, 0xfb, 0xde,
    0xdb, 0xde, 0xfb, 0xde, 0xfb, 0xde, 0xfb, 0xde, 0xdb, 0xde, 0xdb, 0xde, 0xdb, 0xde, 0xdb, 0xde,
    0xdb, 0xde, 0xdb, 0xde, 0xda, 0xde, 0xda, 0xde, 0xda, 0xde, 0xda, 0xde, 0xda, 0xde, 0xdb, 0xde,
    0xdb, 0xde, 0xdb, 0xde, 0xda, 0xde, 0xda, 0xde, 0xda, 0xde, 0xda, 0xde, 0xda, 0xde, 0xda, 0xd6,
    0xba, 0xd6, 0xba, 0xd6, 0xba, 0xd6, 0xba, 0xd6, 0xba, 0xd6, 0xba, 0xd6, 0xba, 0xd6, 0xba, 0xd6,
    0xba, 0xd6, 0xba, 0xd6, 0xba, 0xd6, 0xba, 0xd6, 0xba, 0xd6, 0xba, 0xd6, 0xba, 0xd6, 0xba, 0xd6,
    0xba, 0xd6, 0xba, 0xd6, 0xba, 0xd6, 0xba, 0xd6, 0x9a, 0xd6, 0x9a, 0xd6, 0x9a, 0xd6, 0x9a, 0xd6,
    0x9a, 0xd6, 0x9a, 0xd6, 0x9a, 0xd6, 0xba, 0xd6, 0x9a, 0xd6, 0x9a, 0xd6, 0x9a, 0xd6, 0x9a, 0xd6,
    0x9a, 0xd6, 0x9a, 0xd6, 0x9a, 0xd6, 0x9a, 0xd6, 0xba, 0xd6, 0xba, 0xd6, 0xba, 0xd6, 0xba, 0xd6,
    0xba, 0xd6, 0xba, 0xd6, 0xba, 0xd6, 0xba, 0xd6, 0xbb, 0xd6, 0xbb, 0xd6, 0xba, 0xd6, 0xba, 0xd6,
    0xff, 0xff, 0xff, 0xff, 0xff, 0xff, 0xfe, 0xff, 0xfe, 0xff, 0xfe, 0xff, 0xfe, 0xff, 0xfe, 0xff,
    0xfe, 0xff, 0xfe, 0xff, 0xfe, 0xff, 0xfe, 0xff, 0xfe, 0xff, 0xde, 0xff, 0xdd, 0xff, 0xde, 0xff,
    0xde, 0xff, 0xdd, 0xff, 0xde, 0xff, 0xde, 0xff, 0xde, 0xff, 0xdd, 0xff, 0xdd, 0xff, 0xde, 0xff,
    0xde, 0xff, 0xdd, 0xff, 0xdd, 0xff, 0xdd, 0xff, 0xde, 0xff, 0xde, 0xff, 0xdd, 0xff, 0xdd, 0xff,
    0xdd, 0xff, 0xdd, 0xff, 0xde, 0xff, 0xde, 0xff, 0xde, 0xff, 0xde, 0xff, 0xde, 0xff, 0xde, 0xff,
    0xde, 0xff, 0xde, 0xff, 0xdd, 0xff, 0xdd, 0xff, 0xdd, 0xff, 0xdd, 0xff, 0xbd, 0xff, 0xbd, 0xff,
    0xbd, 0xff, 0xbe, 0xff, 0xbd, 0xff, 0xbd, 0xff, 0xbd, 0xff, 0xbd, 0xff, 0xbd, 0xff, 0xbd, 0xff,
    0xbd, 0xff, 0xbd, 0xff, 0xdd, 0xff, 0xdd, 0xff, 0xdd, 0xff, 0xdd, 0xff, 0xbd, 0xff, 0xbd, 0xff,
    0xbd, 0xff, 0xbd, 0xff, 0xbd, 0xff, 0xbd, 0xff, 0xbd, 0xff, 0xbd, 0xff, 0xbd, 0xff, 0xbd, 0xff,
    0xbd, 0xff, 0xbd, 0xff, 0xbd, 0xff, 0xbd, 0xf7, 0xbd, 0xff, 0xbd, 0xf7, 0xbd, 0xff, 0xbd, 0xff,
    0x9d, 0xff, 0xbd, 0xff, 0xbd, 0xf7, 0x9d, 0xf7, 0x9d, 0xff, 0xbd, 0xf7, 0x9d, 0xff, 0x9d, 0xff,
    0xbd, 0xff, 0xbd, 0xf7, 0xbd, 0xff, 0xbd, 0xf7, 0xbd, 0xf7, 0xbd, 0xff, 0xbd, 0xff, 0xbd, 0xff,
    0xbd, 0xff, 0xbd, 0xff, 0xbd, 0xff, 0xbd, 0xf7, 0x9d, 0xff, 0x9d, 0xff, 0x9d, 0xf7, 0x9d, 0xff,
    0x9d, 0xff, 0x9d, 0xf7, 0x9d, 0xf7, 0x9d, 0xf7, 0x9d, 0xf7, 0x9d, 0xf7, 0x9d, 0xf7, 0x9d, 0xf7,
    0x9d, 0xf7, 0x9d, 0xf7, 0x9d, 0xf7, 0x9d, 0xf7, 0x9d, 0xf7, 0x9d, 0xf7, 0x9d, 0xf7, 0x9d, 0xf7,
    0x9d, 0xf7, 0x9d, 0xf7, 0x9d, 0xf7, 0x9d, 0xf7, 0x9d, 0xf7, 0x9d, 0xf7, 0x9d, 0xf7, 0x9d, 0xf7,
    0x9d, 0xf7, 0x9d, 0xf7, 0x9d, 0xf7, 0x9d, 0xf7, 0x9d, 0xf7, 0x7d, 0xf7, 0x7d, 0xf7, 0x7d, 0xf7,
    0x7d, 0xf7, 0x7c, 0xf7, 0x7c, 0xf7, 0x7d, 0xf7, 0x7c, 0xf7, 0x7c, 0xf7, 0x7c, 0xf7, 0x7c, 0xf7,
    0x7c, 0xef, 0x7c, 0xef, 0x7c, 0xef, 0x7c, 0xef, 0x7c, 0xef, 0x7c, 0xef, 0x7c, 0xf7, 0x7c, 0xef,
    0x7c, 0xef, 0x7c, 0xef, 0x7c, 0xef, 0x7c, 0xef, 0x7c, 0xef, 0x7c, 0xef, 0x7c, 0xef, 0x7c, 0xef,
    0x5c, 0xef, 0x5c, 0xef, 0x5c, 0xef, 0x7c, 0xef, 0x5c, 0xef, 0x5c, 0xef, 0x5c, 0xef, 0x5c, 0xef,
    0x5c, 0xef, 0x5c, 0xef, 0x5c, 0xef, 0x5c, 0xef, 0x5c, 0xef, 0x5c, 0xef, 0x5c, 0xef, 0x5c, 0xef,
    0x5c, 0xef, 0x5c, 0xef, 0x5c, 0xef, 0x5c, 0xef, 0x5c, 0xef, 0x5c, 0xef, 0x5c, 0xef, 0x5c, 0xef,
    0x5c, 0xef, 0x5c, 0xef, 0x5c, 0xef, 0x3c, 0xef, 0x3c, 0xef, 0x3c, 0xef, 0x3c, 0xef, 0x3c, 0xef,
    0x3c, 0xef, 0x3c, 0xef, 0x3c, 0xe7, 0x3c, 0xe7, 0x3c, 0xe7, 0x3c, 0xe7, 0x3c, 0xe7, 0x3c, 0xe7,
    0x3c, 0xe7, 0x3c, 0xe7, 0x3c, 0xe7, 0x3c, 0xe7, 0x3c, 0xe7, 0x3c, 0xe7, 0x3c, 0xe7, 0x3c, 0xe7,
    0x3c, 0xe7, 0x3c, 0xe7, 0x1b, 0xe7, 0x1c, 0xe7, 0x1c, 0xe7, 0x1c, 0xe7, 0x1c, 0xe7, 0x1c, 0xe7,
    0x1b, 0xe7, 0x1b, 0xe7, 0x1b, 0xe7, 0x1b, 0xe7, 0x1b, 0xe7, 0x1b, 0xe7, 0x1b, 0xe7, 0x1b, 0xe7,
    0x1b, 0xe7, 0x1b, 0xe7, 0x1b, 0xe7, 0x1b, 0xe7, 0xfb, 0xe6, 0xfb, 0xe6, 0xfb, 0xde, 0xfb, 0xe6,
    0xfb, 0xde, 0xfb, 0xde, 0xfb, 0xde, 0xfb, 0xde, 0xfb, 0xde, 0xfb, 0xde, 0xfb, 0xde, 0xfb, 0xde,
    0xfb, 0xde, 0xfb, 0xde, 0xfb, 0xde, 0xfb, 0xde, 0xfb, 0xde, 0xfb, 0xde, 0xfb, 0xde, 0xdb, 0xde,
    0xdb, 0xde, 0xdb, 0xde, 0xfb, 0xde, 0xdb, 0xde, 0xfb, 0xde, 0xdb, 0xde, 0xdb, 0xde, 0xda, 0xde,
    0xda, 0xde, 0xda, 0xde, 0xdb, 0xde, 0xda, 0xde, 0xda, 0xde, 0xdb, 0xde, 0xda, 0xde, 0xdb, 0xde,
    0xda, 0xde, 0xda, 0xde, 0xdb, 0xde, 0xda, 0xde, 0xdb, 0xde, 0xda, 0xd6, 0xda, 0xd6, 0xba, 0xd6,
    0xba, 0xd6, 0xba, 0xd6, 0xba, 0xd6, 0xba, 0xd6, 0xba, 0xd6, 0xba, 0xd6, 0xba, 0xd6, 0xba, 0xd6,
    0xba, 0xd6, 0xba, 0xd6, 0xba, 0xd6, 0xba, 0xd6, 0xba, 0xd6, 0xba, 0xd6, 0xba, 0xd6, 0xba, 0xd6,
    0xba, 0xd6, 0xba, 0xd6, 0x9a, 0xd6, 0x9a, 0xd6, 0xba, 0xd6, 0x9a, 0xd6, 0x9a, 0xd6, 0x9a, 0xd6,
    0x9a, 0xd6, 0x9a, 0xd6, 0x9a, 0xd6, 0x9a, 0xd6, 0x9a, 0xd6, 0x9a, 0xd6, 0x9a, 0xd6, 0x9a, 0xd6,
    0x9a, 0xd6, 0x9a, 0xd6, 0x9a, 0xd6, 0xba, 0xd6, 0xba, 0xd6, 0xba, 0xd6, 0xba, 0xd6, 0xba, 0xd6,
    0xba, 0xd6, 0xba, 0xd6, 0xba, 0xd6, 0xba, 0xd6, 0xba, 0xd6, 0xba, 0xd6, 0xbb, 0xd6, 0xbb, 0xd6,
    0xff, 0xff, 0xff, 0xff, 0xff, 0xff, 0xff, 0xff, 0xfe, 0xff, 0xfe, 0xff, 0xfe, 0xff, 0xfe, 0xff,
    0xfe, 0xff, 0xfe, 0xff, 0xde, 0xff, 0xde, 0xff, 0xdd, 0xff, 0xde, 0xff, 0xde, 0xff, 0xdd, 0xff,
    0xde, 0xff, 0xde, 0xff, 0xde, 0xff, 0xde, 0xff, 0xde, 0xff, 0xdd, 0xff, 0xdd, 0xff, 0xdd, 0xff,
    0xde, 0xff, 0xde, 0xff, 0xdd, 0xff, 0xde, 0xff, 0xdd, 0xff, 0xdd, 0xff, 0xdd, 0xff, 0xdd, 0xff,
    0xdd, 0xff, 0xde, 0xff, 0xde, 0xff, 0xde, 0xff, 0xdd, 0xff, 0xdd, 0xff, 0xde, 0xff, 0xdd, 0xff,
    0xde, 0xff, 0xbd, 0xff, 0xdd, 0xff, 0xde, 0xff, 0xdd, 0xff, 0xbd, 0xff, 0xbd, 0xff, 0xbd, 0xff,
    0xbd, 0xff, 0xbd, 0xff, 0xbd, 0xff, 0xbd, 0xff, 0xbd, 0xff, 0xbd, 0xff, 0xbd, 0xff, 0xbd, 0xff,
    0xbd, 0xff, 0xdd, 0xff, 0xbd, 0xff, 0xbe, 0xff, 0xdd, 0xff, 0xde, 0xff, 0xbd, 0xff, 0xbd, 0xff,
    0xbd, 0xff, 0xbd, 0xff, 0xbd, 0xff, 0xbd, 0xff, 0xbd, 0xff, 0xbd, 0xff, 0xbd, 0xff, 0xbd, 0xff,
    0xbd, 0xff, 0xbd, 0xff, 0xbd, 0xff, 0xbd, 0xf7, 0xbd, 0xff, 0xbd, 0xff, 0xbd, 0xff, 0xbd, 0xff,
    0xbd, 0xff, 0x9d, 0xff, 0x9d, 0xff, 0xbd, 0xf7, 0xbd, 0xf7, 0xbd, 0xf7, 0xbd, 0xff, 0x9d, 0xff,
    0x9d, 0xff, 0xbd, 0xff, 0xbd, 0xf7, 0xbd, 0xf7, 0xbd, 0xf7, 0xbd, 0xff, 0xbd, 0xf7, 0xbd, 0xff,
    0xbd, 0xff, 0xbd, 0xff, 0xbd, 0xff, 0xbd, 0xf7, 0xbd, 0xff, 0x9d, 0xff, 0x9d, 0xff, 0x9d, 0xff,
    0x9d, 0xf7, 0x9d, 0xf7, 0x9d, 0xf7, 0x9d, 0xf7, 0x9d, 0xf7, 0x9d, 0xf7, 0x9d, 0xf7, 0x9d, 0xf7,
    0x9d, 0xf7, 0x9d, 0xf7, 0x9d, 0xf7, 0x9d, 0xf7, 0x9d, 0xf7, 0x9d, 0xf7, 0x9d, 0xf7, 0x9d, 0xf7,
    0x9d, 0xf7, 0x9d, 0xf7, 0x9d, 0xf7, 0x9d, 0xf7, 0x9d, 0xf7, 0x9d, 0xf7, 0x9d, 0xf7, 0x9d, 0xf7,
    0x9d, 0xf7, 0x9d, 0xf7, 0x9d, 0xf7, 0x9d, 0xf7, 0x9d, 0xf7, 0x7d, 0xf7, 0x9d, 0xf7, 0x7d, 0xf7,
    0x7c, 0xf7, 0x7c, 0xf7, 0x7c, 0xf7, 0x7d, 0xf7, 0x7c, 0xef, 0x7c, 0xef, 0x7d, 0xef, 0x7c, 0xef,
    0x7c, 0xef, 0x7c, 0xef, 0x7c, 0xef, 0x7c, 0xef, 0x7c, 0xef, 0x7c, 0xef, 0x7c, 0xef, 0x7c, 0xef,
    0x7c, 0xef, 0x7c, 0xef, 0x7c, 0xef, 0x7c, 0xef, 0x7c, 0xef, 0x7c, 0xef, 0x7c, 0xef, 0x7c, 0xef,
    0x7c, 0xef, 0x7c, 0xef, 0x7c, 0xef, 0x7c, 0xef, 0x7c, 0xef, 0x5c, 0xef, 0x5c, 0xef, 0x5c, 0xef,
    0x5c, 0xef, 0x5c, 0xef, 0x5c, 0xef, 0x5c, 0xef, 0x5c, 0xef, 0x5c, 0xef, 0x5c, 0xef, 0x5c, 0xef,
    0x5c, 0xef, 0x5c, 0xef, 0x5c, 0xef, 0x5c, 0xef, 0x5c, 0xef, 0x5c, 0xef, 0x5c, 0xef, 0x5c, 0xef,
    0x3c, 0xef, 0x3c, 0xef, 0x3c, 0xef, 0x5c, 0xef, 0x3c, 0xef, 0x3c, 0xef, 0x3c, 0xef, 0x3c, 0xe7,
    0x3c, 0xef, 0x3c, 0xef, 0x3c, 0xe7, 0x3c, 0xe7, 0x3c, 0xe7, 0x3c, 0xe7, 0x3c, 0xe7, 0x3c, 0xe7,
    0x3c, 0xe7, 0x3c, 0xe7, 0x3c, 0xe7, 0x3c, 0xe7, 0x3c, 0xe7, 0x3c, 0xe7, 0x3c, 0xe7, 0x3c, 0xe7,
    0x1c, 0xe7, 0x1c, 0xe7, 0x1b, 0xe7, 0x1c, 0xe7, 0x1c, 0xe7, 0x1c, 0xe7, 0x1b, 0xe7, 0x1c, 0xe7,
    0x1c, 0xe7, 0x1b, 0xe7, 0x1b, 0xe7, 0x1b, 0xe7, 0x1b, 0xe7, 0x1b, 0xe7, 0x1b, 0xe7, 0x1b, 0xe7,
    0x1b, 0xe7, 0x1b, 0xe7, 0x1b, 0xe7, 0xfb, 0xe6, 0xfb, 0xe6, 0xfb, 0xde, 0xfb, 0xde, 0xfb, 0xde,
    0xfb, 0xde, 0xfb, 0xde, 0xfb, 0xde, 0xfb, 0xde, 0xfb, 0xde, 0xfb, 0xde, 0xfb, 0xde, 0xfb, 0xde,
    0xfb, 0xde, 0xfb, 0xde, 0xfb, 0xde, 0xfb, 0xde, 0xfb, 0xde, 0xfb, 0xde, 0xfb, 0xde, 0xdb, 0xde,
    0xdb, 0xde, 0xdb, 0xde, 0xdb, 0xde, 0xdb, 0xde, 0xdb, 0xde, 0xdb, 0xde, 0xda, 0xde, 0xda, 0xde,
    0xda, 0xde, 0xdb, 0xde, 0xda, 0xde, 0xda, 0xde, 0xda, 0xde, 0xda, 0xde, 0xda, 0xd6, 0xdb, 0xde,
    0xdb, 0xde, 0xda, 0xde, 0xda, 0xde, 0xda, 0xde, 0xda, 0xde, 0xba, 0xd6, 0xba, 0xd6, 0xba, 0xd6,
    0xba, 0xd6, 0xba, 0xd6, 0xba, 0xd6, 0xba, 0xd6, 0xba, 0xd6, 0xba, 0xd6, 0xba, 0xd6, 0xba, 0xd6,
    0xba, 0xd6, 0xba, 0xd6, 0xba, 0xd6, 0xba, 0xd6, 0xba, 0xd6, 0xba, 0xd6, 0xba, 0xd6, 0xba, 0xd6,
    0xba, 0xd6, 0xba, 0xd6, 0xba, 0xd6, 0x9a, 0xd6, 0xba, 0xd6, 0x9a, 0xd6, 0x9a, 0xd6, 0x9a, 0xd6,
    0x9a, 0xd6, 0x9a, 0xd6, 0x9a, 0xd6, 0x9a, 0xd6, 0x9a, 0xd6, 0x9a, 0xd6, 0x9a, 0xd6, 0x9a, 0xd6,
    0x9a, 0xd6, 0xba, 0xd6, 0xba, 0xd6, 0xba, 0xd6, 0xba, 0xd6, 0xba, 0xd6, 0xba, 0xd6, 0xba, 0xd6,
    0xba, 0xd6, 0xba, 0xd6, 0xba, 0xd6, 0xba, 0xd6, 0xba, 0xd6, 0xba, 0xd6, 0xba, 0xd6, 0xbb, 0xd6,
    0xff, 0xff, 0xff, 0xff, 0xff, 0xff, 0xff, 0xff, 0xfe, 0xff, 0xfd, 0xff, 0xfe, 0xff, 0xfe, 0xff,
    0xfe, 0xff, 0xde, 0xff, 0xde, 0xff, 0xfe, 0xff, 0xde, 0xff, 0xde, 0xff, 0xde, 0xff, 0xde, 0xff,
    0xde, 0xff, 0xde, 0xff, 0xde, 0xff, 0xde, 0xff, 0xdd, 0xff, 0xde, 0xff, 0xdd, 0xff, 0xde, 0xff,
    0xde, 0xff, 0xdd, 0xff, 0xdd, 0xff, 0xdd, 0xff, 0xdd, 0xff, 0xdd, 0xff, 0xde, 0xff, 0xdd, 0xff,
    0xdd, 0xff, 0xde, 0xff, 0xdd, 0xff, 0xdd, 0xff, 0xde, 0xff, 0xde, 0xff, 0xdd, 0xff, 0xdd, 0xff,
    0xdd, 0xff, 0xbd, 0xff, 0xbd, 0xff, 0xde, 0xff, 0xbd, 0xff, 0xbd, 0xff, 0xbd, 0xff, 0xbd, 0xff,
    0xbd, 0xff, 0xdd, 0xff, 0xbd, 0xff, 0xbd, 0xff, 0xbd, 0xff, 0xbd, 0xff, 0xbd, 0xff, 0xbd, 0xff,
    0xbd, 0xff, 0xbd, 0xff, 0xbd, 0xff, 0xbd, 0xff, 0xbd, 0xff, 0xbd, 0xff, 0xbd, 0xff, 0xbd, 0xff,
    0xbe, 0xff, 0xbd, 0xff, 0xbd, 0xff, 0xbd, 0xff, 0xbd, 0xff, 0xbd, 0xff, 0xbd, 0xff, 0xbd, 0xff,
    0xbd, 0xff, 0xbd, 0xff, 0xbd, 0xff, 0xbd, 0xff, 0xbd, 0xf7, 0xbd, 0xf7, 0xbd, 0xff, 0xbd, 0xff,
    0xbd, 0xff, 0xbd, 0xff, 0xbd, 0xff, 0xbd, 0xf7, 0xbd, 0xf7, 0xbd, 0xff, 0xbd, 0xff, 0xbd, 0xff,
    0xbd, 0xf7, 0xbd, 0xf7, 0x9d, 0xf7, 0xbd, 0xf7, 0xbd, 0xf7, 0xbd, 0xf7, 0xbd, 0xff, 0xbd, 0xff,
    0xbd, 0xf7, 0x9d, 0xf7, 0xbd, 0xff, 0x9d, 0xff, 0x9d, 0xff, 0x9d, 0xf7, 0x9d, 0xf7, 0x9d, 0xff,
    0x9d, 0xf7, 0x9d, 0xf7, 0x9d, 0xf7, 0x9d, 0xf7, 0x9d, 0xf7, 0x9d, 0xf7, 0x9d, 0xf7, 0x9d, 0xf7,
    0x9d, 0xf7, 0x9d, 0xf7, 0x9d, 0xf7, 0x9d, 0xf7, 0x9d, 0xf7, 0x9d, 0xf7, 0x9d, 0xf7, 0x9d, 0xf7,
    0x9d, 0xf7, 0x9d, 0xf7, 0x9d, 0xf7, 0x9d, 0xf7, 0x9d, 0xf7, 0x9d, 0xf7, 0x9d, 0xf7, 0x9d, 0xf7,
    0x9d, 0xf7, 0x9d, 0xf7, 0x7d, 0xf7, 0x7d, 0xf7, 0x9d, 0xf7, 0x7d, 0xf7, 0x7d, 0xf7, 0x7d, 0xf7,
    0x7d, 0xf7, 0x7d, 0xf7, 0x7c, 0xf7, 0x7c, 0xef, 0x7c, 0xef, 0x7c, 0xef, 0x7c, 0xef, 0x7c, 0xef,
    0x7c, 0xef, 0x7c, 0xef, 0x7c, 0xef, 0x7c, 0xef, 0x7c, 0xef, 0x7c, 0xef, 0x7c, 0xef, 0x7c, 0xef,
    0x7c, 0xef, 0x7c, 0xef, 0x7c, 0xef, 0x7c, 0xef, 0x7c, 0xef, 0x7c, 0xef, 0x7c, 0xef, 0x7c, 0xef,
    0x7c, 0xef, 0x7c, 0xef, 0x7c, 0xef, 0x7c, 0xef, 0x7c, 0xef, 0x7c, 0xef, 0x5c, 0xef, 0x5c, 0xef,
    0x5c, 0xef, 0x5c, 0xef, 0x5c, 0xef, 0x5c, 0xef, 0x5c, 0xef, 0x5c, 0xef, 0x5c, 0xef, 0x5c, 0xef,
    0x5c, 0xef, 0x5c, 0xef, 0x5c, 0xef, 0x5c, 0xef, 0x5c, 0xef, 0x5c, 0xef, 0x5c, 0xef, 0x5c, 0xef,
    0x3c, 0xef, 0x3c, 0xef, 0x3c, 0xef, 0x5c, 0xef, 0x3c, 0xef, 0x3c, 0xef, 0x3c, 0xef, 0x3c, 0xef,
    0x3c, 0xe7, 0x3c, 0xe7, 0x3c, 0xe7, 0x3c, 0xe7, 0x3c, 0xe7, 0x3c, 0xe7, 0x3c, 0xe7, 0x3c, 0xe7,
    0x3c, 0xe7, 0x3c, 0xe7, 0x3c, 0xe7, 0x3c, 0xe7, 0x3c, 0xe7, 0x3c, 0xe7, 0x3c, 0xe7, 0x3c, 0xe7,
    0x3c, 0xe7, 0x3c, 0xe7, 0x1c, 0xe7, 0x1b, 0xe7, 0x1b, 0xe7, 0x1b, 0xe7, 0x1c, 0xe7, 0x1c, 0xe7,
    0x1b, 0xe7, 0x1b, 0xe7, 0x1b, 0xe7, 0x1b, 0xe7, 0x1b, 0xe7, 0x1b, 0xe7, 0x1b, 0xe7, 0x1b, 0xe7,
    0x1b, 0xe7, 0x1b, 0xe7, 0x1b, 0xe7, 0xfb, 0xe6, 0xfb, 0xde, 0xfb, 0xde, 0xfb, 0xde, 0xfb, 0xde,
    0xfb, 0xde, 0xfb, 0xde, 0xfb, 0xde, 0xfb, 0xde, 0xfb, 0xde, 0xfb, 0xde, 0xfb, 0xde, 0xfb, 0xde,
    0xfb, 0xde, 0xfb, 0xde, 0xfb, 0xde, 0xfb, 0xde, 0xfb, 0xde, 0xfb, 0xde, 0xdb, 0xde, 0xdb, 0xde,
    0xdb, 0xde, 0xdb, 0xde, 0xdb, 0xde, 0xdb, 0xde, 0xdb, 0xde, 0xdb, 0xde, 0xda, 0xde, 0xda, 0xde,
    0xda, 0xde, 0xda, 0xde, 0xda, 0xde, 0xdb, 0xde, 0xdb, 0xde, 0xda, 0xde, 0xda, 0xd6, 0xdb, 0xde,
    0xdb, 0xde, 0xda, 0xde, 0xda, 0xde, 0xda, 0xde, 0xda, 0xd6, 0xba, 0xd6, 0xba, 0xd6, 0xba, 0xd6,
    0xba, 0xd6, 0xba, 0xd6, 0xba, 0xd6, 0xba, 0xd6, 0xba, 0xd6, 0xba, 0xd6, 0xba, 0xd6, 0xba, 0xd6,
    0xba, 0xd6, 0xba, 0xd6, 0xba, 0xd6, 0xba, 0xd6, 0xba, 0xd6, 0xba, 0xd6, 0xba, 0xd6, 0xba, 0xd6,
    0xba, 0xd6, 0xba, 0xd6, 0xba, 0xd6, 0xba, 0xd6, 0xba, 0xd6, 0x9a, 0xd6, 0x9a, 0xd6, 0x9a, 0xd6,
    0x9a, 0xd6, 0x9a, 0xd6, 0x9a, 0xd6, 0x9a, 0xd6, 0x9a, 0xd6, 0x9a, 0xd6, 0x9a, 0xd6, 0x9a, 0xd6,
    0x9a, 0xd6, 0xba, 0xd6, 0xba, 0xd6, 0xba, 0xd6, 0xba, 0xd6, 0xba, 0xd6, 0xba, 0xd6, 0xba, 0xd6,
    0xba, 0xd6, 0xba, 0xd6, 0xba, 0xd6, 0xbb, 0xd6, 0xbb, 0xd6, 0xbb, 0xd6, 0xbb, 0xd6, 0xbb, 0xd6,
    0xff, 0xff, 0xff, 0xff, 0xff, 0xff, 0xfe, 0xff, 0xfe, 0xff, 0xfe, 0xff, 0xfe, 0xff, 0xfe, 0xff,
    0xde, 0xff, 0xde, 0xff, 0xde, 0xff, 0xde, 0xff, 0xde, 0xff, 0xde, 0xff, 0xde, 0xff, 0xde, 0xff,
    0xde, 0xff, 0xde, 0xff, 0xde, 0xff, 0xde, 0xff, 0xde, 0xff, 0xdd, 0xff, 0xdd, 0xff, 0xdd, 0xff,
    0xdd, 0xff, 0xdd, 0xff, 0xdd, 0xff, 0xdd, 0xff, 0xdd, 0xff, 0xdd, 0xff, 0xdd, 0xff, 0xdd, 0xff,
    0xdd, 0xff, 0xde, 0xff, 0xdd, 0xff, 0xdd, 0xff, 0xdd, 0xff, 0xde, 0xff, 0xde, 0xff, 0xdd, 0xff,
    0xdd, 0xff, 0xbd, 0xff, 0xdd, 0xff, 0xbd, 0xff, 0xbd, 0xff, 0xdd, 0xff, 0xbd, 0xff, 0xdd, 0xff,
    0xdd, 0xff, 0xbd, 0xff, 0xdd, 0xff, 0xbd, 0xff, 0xbd, 0xff, 0xbd, 0xff, 0xbd, 0xff, 0xbd, 0xff,
    0xbd, 0xff, 0xbd, 0xff, 0xbd, 0xff, 0xbd, 0xff, 0xbd, 0xff, 0xbd, 0xff, 0xbd, 0xff, 0xbd, 0xff,
    0xbd, 0xff, 0xbd, 0xff, 0xbd, 0xff, 0xbd, 0xff, 0xbd, 0xff, 0xbd, 0xff, 0xbd, 0xff, 0xbd, 0xff,
    0xbd, 0xff, 0xbd, 0xff, 0xbd, 0xff, 0xbd, 0xf7, 0xbd, 0xf7, 0xbd, 0xff, 0xbd, 0xff, 0xbd, 0xf7,
    0xbd, 0xff, 0xbd, 0xff, 0x9d, 0xff, 0xbd, 0xf7, 0xbd, 0xff, 0xbd, 0xff, 0xbd, 0xff, 0xbd, 0xff,
    0xbd, 0xf7, 0xbd, 0xf7, 0x9d, 0xff, 0x9d, 0xf7, 0x9d, 0xf7, 0x9d, 0xff, 0xbd, 0xf7, 0x9d, 0xf7,
    0x9d, 0xff, 0x9d, 0xf7, 0x9d, 0xf7, 0x9d, 0xf7, 0x9d, 0xf7, 0x9d, 0xf7, 0x9d, 0xf7, 0x9d, 0xf7,
    0x9d, 0xff, 0x9d, 0xf7, 0x9d, 0xf7, 0x9d, 0xf7, 0x9d, 0xf7, 0x9d, 0xf7, 0x9d, 0xf7, 0x9d, 0xf7,
    0x9d, 0xf7, 0x9d, 0xf7, 0x9d, 0xf7, 0x9d, 0xf7, 0x9d, 0xf7, 0x9d, 0xf7, 0x9d, 0xf7, 0x9d, 0xf7,
    0x9d, 0xf7, 0x9d, 0xf7, 0x9d, 0xf7, 0x9d, 0xf7, 0x9d, 0xf7, 0x9d, 0xf7, 0x9d, 0xf7, 0x9d, 0xf7,
    0x9d, 0xf7, 0x9d, 0xf7, 0x7d, 0xf7, 0x7d, 0xf7, 0x7d, 0xf7, 0x7d, 0xf7, 0x7d, 0xf7, 0x7d, 0xf7,
    0x7d, 0xf7, 0x7d, 0xef, 0x7c, 0xf7, 0x7c, 0xef, 0x7c, 0xef, 0x7c, 0xef, 0x7c, 0xef, 0x7c, 0xef,
    0x7c, 0xef, 0x7c, 0xef, 0x7c, 0xef, 0x7c, 0xef, 0x7c, 0xef, 0x7c, 0xef, 0x7c, 0xef, 0x7c, 0xef,
    0x7c, 0xef, 0x7c, 0xef, 0x7c, 0xef, 0x7c, 0xef, 0x7c, 0xef, 0x7c, 0xef, 0x7c, 0xef, 0x7c, 0xef,
    0x7c, 0xef, 0x7c, 0xef, 0x7c, 0xef, 0x7d, 0xef, 0x7c, 0xef, 0x5c, 0xef, 0x5c, 0xef, 0x5c, 0xef,
    0x5c, 0xef, 0x5c, 0xef, 0x5c, 0xef, 0x5c, 0xef, 0x5c, 0xef, 0x5c, 0xef, 0x5c, 0xef, 0x5c, 0xef,
    0x5c, 0xef, 0x5c, 0xef, 0x5c, 0xef, 0x5c, 0xef, 0x5c, 0xef, 0x5c, 0xef, 0x5c, 0xef, 0x3c, 0xef,
    0x3c, 0xef, 0x3c, 0xef, 0x3c, 0xef, 0x3c, 0xef, 0x3c, 0xef, 0x3c, 0xef, 0x3c, 0xef, 0x3c, 0xe7,
    0x3c, 0xe7, 0x3c, 0xe7, 0x3c, 0xe7, 0x3c, 0xe7, 0x3c, 0xe7, 0x3c, 0xe7, 0x3c, 0xe7, 0x3c, 0xe7,
    0x3c, 0xe7, 0x3c, 0xe7, 0x3c, 0xe7, 0x3c, 0xe7, 0x3c, 0xe7, 0x3c, 0xe7, 0x3c, 0xe7, 0x3c, 0xe7,
    0x3c, 0xe7, 0x3c, 0xe7, 0x1b, 0xe7, 0x1c, 0xe7, 0x1b, 0xe7, 0x1b, 0xe7, 0x1b, 0xe7, 0x1b, 0xe7,
    0x1b, 0xe7, 0x1b, 0xe7, 0x1b, 0xe7, 0x1b, 0xe7, 0x1b, 0xe7, 0x1b, 0xe7, 0x1b, 0xe7, 0x1b, 0xe7,
    0x1b, 0xe7, 0x1b, 0xe7, 0xfb, 0xe6, 0xfb, 0xde, 0xfb, 0xde, 0xfb, 0xe6, 0xfb, 0xe6, 0xfb, 0xe6,
    0xfb, 0xde, 0xfb, 0xde, 0xfb, 0xde, 0xfb, 0xde, 0xfb, 0xde, 0xfb, 0xde, 0xfb, 0xde, 0xfb, 0xde,
    0xfb, 0xde, 0xfb, 0xde, 0xfb, 0xde, 0xfb, 0xde, 0xfb, 0xde, 0xfb, 0xde, 0xfb, 0xde, 0xdb, 0xde,
    0xdb, 0xde, 0xdb, 0xde, 0xda, 0xde, 0xda, 0xde, 0xda, 0xde, 0xda, 0xde, 0xda, 0xde, 0xda, 0xde,
    0xda, 0xde, 0xda, 0xde, 0xda, 0xde, 0xda, 0xde, 0xda, 0xde, 0xda, 0xde, 0xda, 0xde, 0xda, 0xde,
    0xda, 0xde, 0xda, 0xde, 0xda, 0xde, 0xda, 0xd6, 0xda, 0xd6, 0xba, 0xd6, 0xba, 0xd6, 0xba, 0xd6,
    0xba, 0xd6, 0xba, 0xd6, 0xba, 0xd6, 0xba, 0xd6, 0xba, 0xd6, 0xba, 0xd6, 0xba, 0xd6, 0xba, 0xd6,
    0xba, 0xd6, 0xba, 0xd6, 0xba, 0xd6, 0xba, 0xd6, 0xba, 0xd6, 0xba, 0xd6, 0xba, 0xd6, 0xba, 0xd6,
    0xba, 0xd6, 0xba, 0xd6, 0xba, 0xd6, 0xba, 0xd6, 0xba, 0xd6, 0xba, 0xd6, 0x9a, 0xd6, 0x9a, 0xd6,
    0x9a, 0xd6, 0x9a, 0xd6, 0x9a, 0xd6, 0x9a, 0xd6, 0x9a, 0xd6, 0x9a, 0xd6, 0x9a, 0xd6, 0x9a, 0xd6,
    0x9a, 0xd6, 0xba, 0xd6, 0xba, 0xd6, 0xba, 0xd6, 0xba, 0xd6, 0xba, 0xd6, 0xba, 0xd6, 0xba, 0xd6,
    0xba, 0xd6, 0xba, 0xd6, 0xba, 0xd6, 0xbb, 0xd6, 0xbb, 0xd6, 0xbb, 0xd6, 0xbb, 0xd6, 0xbb, 0xd6,
    0xff, 0xff, 0xff, 0xff, 0xff, 0xff, 0xfe, 0xff, 0xfe, 0xff, 0xfe, 0xff, 0xfe, 0xff, 0xfe, 0xff,
    0xde, 0xff, 0xde, 0xff, 0xde, 0xff, 0xde, 0xff, 0xde, 0xff, 0xde, 0xff, 0xde, 0xff, 0xde, 0xff,
    0xde, 0xff, 0xde, 0xff, 0xde, 0xff, 0xde, 0xff, 0xde, 0xff, 0xde, 0xff, 0xdd, 0xff, 0xdd, 0xff,
    0xdd, 0xff, 0xdd, 0xff, 0xdd, 0xff, 0xdd, 0xff, 0xdd, 0xff, 0xdd, 0xff, 0xdd, 0xff, 0xde, 0xff,
    0xdd, 0xff, 0xdd, 0xff, 0xdd, 0xff, 0xdd, 0xff, 0xdd, 0xff, 0xdd, 0xff, 0xdd, 0xff, 0xdd, 0xff,
    0xbd, 0xff, 0xbd, 0xff, 0xbd, 0xff, 0xbd, 0xff, 0xbd, 0xff, 0xbd, 0xff, 0xbd, 0xff, 0xbd, 0xff,
    0xbe, 0xff, 0xbd, 0xff, 0xdd, 0xff, 0xbd, 0xff, 0xbd, 0xff, 0xbd, 0xff, 0xbd, 0xff, 0xbd, 0xff,
    0xbd, 0xff, 0xbd, 0xff, 0xbd, 0xff, 0xbd, 0xff, 0xbd, 0xff, 0xbd, 0xff, 0xbd, 0xff, 0xbd, 0xff,
    0xbd, 0xff, 0xbd, 0xff, 0xbd, 0xff, 0xbd, 0xff, 0xbd, 0xff, 0xbd, 0xff, 0xbd, 0xff, 0xbd, 0xf7,
    0xbd, 0xff, 0xbd, 0xff, 0xbd, 0xff, 0xbd, 0xff, 0xbd, 0xff, 0xbd, 0xf7, 0xbd, 0xf7, 0xbd, 0xf7,
    0xbd, 0xff, 0xbd, 0xff, 0xbd, 0xf7, 0xbd, 0xff, 0xbd, 0xff, 0xbd, 0xff, 0xbd, 0xff, 0xbd, 0xff,
    0xbd, 0xff, 0xbd, 0xff, 0xbd, 0xff, 0x9d, 0xff, 0x9d, 0xf7, 0x9d, 0xff, 0x9d, 0xff, 0x9d, 0xf7,
    0x9d, 0xff, 0x9d, 0xff, 0x9d, 0xf7, 0x9d, 0xf7, 0x9d, 0xf7, 0x9d, 0xff, 0x9d, 0xf7, 0x9d, 0xf7,
    0x9d, 0xf7, 0x9d, 0xf7, 0x9d, 0xf7, 0x9d, 0xf7, 0x9d, 0xf7, 0x9d, 0xf7, 0x9d, 0xf7, 0x9d, 0xf7,
    0x9d, 0xf7, 0x9d, 0xf7, 0x9d, 0xf7, 0x9d, 0xf7, 0x9d, 0xf7, 0x9d, 0xf7, 0x9c, 0xf7, 0x9d, 0xf7,
    0x9d, 0xf7, 0x9d, 0xf7, 0x9d, 0xf7, 0x9d, 0xf7, 0x9d, 0xf7, 0x9d, 0xf7, 0x9d, 0xf7, 0x9d, 0xf7,
    0x7d, 0xf7, 0x7d, 0xf7, 0x9d, 0xf7, 0x9d, 0xf7, 0x9d, 0xf7, 0x7d, 0xf7, 0x7d, 0xf7, 0x7d, 0xf7,
    0x7d, 0xf7, 0x7d, 0xef, 0x7d, 0xef, 0x7c, 0xef, 0x7c, 0xef, 0x7c, 0xef, 0x7c, 0xef, 0x7c, 0xef,
    0x7c, 0xef, 0x7c, 0xef, 0x7c, 0xef, 0x7c, 0xef, 0x7c, 0xef, 0x7c, 0xef, 0x7c, 0xef, 0x7c, 0xef,
    0x7c, 0xef, 0x7c, 0xef, 0x7c, 0xef, 0x7c, 0xef, 0x7c, 0xef, 0x7c, 0xef, 0x7c, 0xef, 0x7c, 0xef,
    0x5c, 0xef, 0x7c, 0xef, 0x5c, 0xef, 0x5c, 0xef, 0x5c, 0xef, 0x5c, 0xef, 0x5c, 0xef, 0x5c, 0xef,
    0x5c, 0xef, 0x5c, 0xef, 0x5c, 0xef, 0x5c, 0xef, 0x5c, 0xef, 0x5c, 0xef, 0x5c, 0xef, 0x5c, 0xef,
    0x5c, 0xef, 0x5c, 0xef, 0x5c, 0xef, 0x5c, 0xef, 0x5c, 0xef, 0x5c, 0xef, 0x5c, 0xef, 0x3c, 0xef,
    0x3c, 0xef, 0x3c, 0xef, 0x3c, 0xef, 0x3c, 0xef, 0x3c, 0xef, 0x5c, 0xef, 0x3c, 0xef, 0x3c, 0xe7,
    0x3c, 0xe7, 0x3c, 0xe7, 0x3c, 0xe7, 0x3b, 0xe7, 0x3c, 0xe7, 0x3c, 0xe7, 0x3c, 0xe7, 0x3c, 0xe7,
    0x3c, 0xe7, 0x3c, 0xe7, 0x3c, 0xe7, 0x3c, 0xe7, 0x3c, 0xe7, 0x3c, 0xe7, 0x3c, 0xe7, 0x3c, 0xe7,
    0x3c, 0xe7, 0x1c, 0xe7, 0x1b, 0xe7, 0x1c, 0xe7, 0x1c, 0xe7, 0x1b, 0xe7, 0x1c, 0xe7, 0x1b, 0xe7,
    0x1b, 0xe7, 0x1b, 0xe7, 0x1b, 0xe7, 0x1b, 0xe7, 0x1b, 0xe7, 0x1b, 0xe7, 0x1b, 0xe7, 0x1b, 0xe7,
    0x1b, 0xe7, 0xfb, 0xe6, 0xfb, 0xde, 0xfb, 0xde, 0xfb, 0xe6, 0xfb, 0xe6, 0xfb, 0xe6, 0xfb, 0xde,
    0xfb, 0xde, 0xfb, 0xde, 0xfb, 0xde, 0xfb, 0xde, 0xfb, 0xde, 0xfb, 0xde, 0xfb, 0xde, 0xfb, 0xde,
    0xfb, 0xde, 0xfb, 0xde, 0xfb, 0xde, 0xfb, 0xde, 0xfb, 0xde, 0xdb, 0xde, 0xdb, 0xde, 0xdb, 0xde,
    0xdb, 0xde, 0xdb, 0xde, 0xda, 0xde, 0xda, 0xde, 0xda, 0xde, 0xda, 0xde, 0xda, 0xde, 0xda, 0xde,
    0xda, 0xde, 0xda, 0xde, 0xda, 0xde, 0xda, 0xde, 0xda, 0xde, 0xda, 0xde, 0xdb, 0xde, 0xda, 0xde,
    0xda, 0xde, 0xda, 0xde, 0xda, 0xde, 0xba, 0xd6, 0xda, 0xd6, 0xba, 0xd6, 0xba, 0xd6, 0xba, 0xd6,
    0xba, 0xd6, 0xba, 0xd6, 0xba, 0xd6, 0xba, 0xd6, 0xba, 0xd6, 0xba, 0xd6, 0xba, 0xd6, 0xba, 0xd6,
    0xba, 0xd6, 0xba, 0xd6, 0xba, 0xd6, 0xba, 0xd6, 0xba, 0xd6, 0xba, 0xd6, 0xba, 0xd6, 0xba, 0xd6,
    0xba, 0xd6, 0xba, 0xd6, 0xba, 0xd6, 0xba, 0xd6, 0xba, 0xd6, 0xba, 0xd6, 0x9a, 0xd6, 0x9a, 0xd6,
    0x9a, 0xd6, 0x9a, 0xd6, 0x9a, 0xd6, 0x9a, 0xd6, 0x9a, 0xd6, 0x9a, 0xd6, 0x9a, 0xd6, 0x9a, 0xd6,
    0xba, 0xd6, 0xba, 0xd6, 0xba, 0xd6, 0x9a, 0xd6, 0xba, 0xd6, 0xba, 0xd6, 0xba, 0xd6, 0xba, 0xd6,
    0xba, 0xd6, 0xba, 0xd6, 0xba, 0xd6, 0xbb, 0xd6, 0xbb, 0xd6, 0xbb, 0xd6, 0xbb, 0xd6, 0xbb, 0xd6,
    0xff, 0xff, 0xff, 0xff, 0xff, 0xff, 0xfe, 0xff, 0xfe, 0xff, 0xfe, 0xff, 0xfe, 0xff, 0xde, 0xff,
    0xde, 0xff, 0xde, 0xff, 0xde, 0xff, 0xde, 0xff, 0xde, 0xff, 0xde, 0xff, 0xde, 0xff, 0xdd, 0xff,
    0xde, 0xff, 0xde, 0xff, 0xde, 0xff, 0xdd, 0xff, 0xdd, 0xff, 0xdd, 0xff, 0xde, 0xff, 0xdd, 0xff,
    0xdd, 0xff, 0xdd, 0xff, 0xdd, 0xff, 0xdd, 0xff, 0xdd, 0xff, 0xdd, 0xff, 0xdd, 0xff, 0xdd, 0xff,
    0xdd, 0xff, 0xdd, 0xff, 0xbd, 0xff, 0xdd, 0xff, 0xdd, 0xff, 0xbd, 0xff, 0xbd, 0xff, 0xbd, 0xff,
    0xbd, 0xff, 0xbe, 0xff, 0xbd, 0xff, 0xbd, 0xff, 0xbd, 0xff, 0xbd, 0xff, 0xbd, 0xff, 0xbd, 0xff,
    0xbd, 0xff, 0xbd, 0xff, 0xbd, 0xff, 0xbd, 0xff, 0xbd, 0xff, 0xbd, 0xff, 0xbd, 0xff, 0xbd, 0xff,
    0xbd, 0xff, 0xbd, 0xff, 0xbd, 0xff, 0xbd, 0xff, 0xbd, 0xff, 0xbd, 0xff, 0xbd, 0xff, 0xbd, 0xff,
    0xbd, 0xff, 0xbd, 0xff, 0xbd, 0xff, 0xbd, 0xf7, 0xbd, 0xff, 0xbd, 0xff, 0xbd, 0xff, 0xbd, 0xff,
    0xbd, 0xff, 0xbd, 0xff, 0xbd, 0xff, 0xbd, 0xff, 0xbd, 0xff, 0xbd, 0xff, 0xbd, 0xff, 0xbd, 0xff,
    0xbd, 0xff, 0xbd, 0xf7, 0xbd, 0xff, 0xbd, 0xff, 0xbd, 0xff, 0xbd, 0xff, 0xbd, 0xff, 0xbd, 0xff,
    0xbd, 0xf7, 0xbd, 0xf7, 0x9d, 0xff, 0x9d, 0xff, 0x9d, 0xf7, 0x9d, 0xf7, 0x9d, 0xff, 0x9d, 0xf7,
    0x9d, 0xf7, 0x9d, 0xff, 0x9d, 0xf7, 0x9d, 0xf7, 0x9d, 0xf7, 0x9d, 0xf7, 0x9d, 0xf7, 0x9d, 0xf7,
    0x9d, 0xf7, 0x9d, 0xf7, 0x9d, 0xf7, 0x9d, 0xf7, 0x9d, 0xf7, 0x9d, 0xf7, 0x9d, 0xf7, 0x9d, 0xf7,
    0x9d, 0xf7, 0x9d, 0xf7, 0x9d, 0xf7, 0x9d, 0xf7, 0x9d, 0xf7, 0x9d, 0xf7, 0x9d, 0xf7, 0x9d, 0xf7,
    0x9d, 0xf7, 0x9d, 0xf7, 0x9d, 0xf7, 0x9d, 0xf7, 0x9d, 0xf7, 0x7d, 0xf7, 0x9d, 0xf7, 0x7d, 0xf7,
    0x7d, 0xf7, 0x7d, 0xf7, 0x7d, 0xf7, 0x7d, 0xf7, 0x7d, 0xf7, 0x7d, 0xf7, 0x7d, 0xf7, 0x7d, 0xf7,
    0x7d, 0xef, 0x7d, 0xef, 0x7d, 0xef, 0x7c, 0xef, 0x7c, 0xef, 0x7c, 0xef, 0x7c, 0xef, 0x7c, 0xef,
    0x7c, 0xef, 0x7c, 0xef, 0x7c, 0xef, 0x7c, 0xef, 0x7c, 0xef, 0x7c, 0xef, 0x7c, 0xef, 0x7c, 0xef,
    0x7c, 0xef, 0x7c, 0xef, 0x7c, 0xef, 0x7c, 0xef, 0x7c, 0xef, 0x7c, 0xef, 0x5c, 0xef, 0x5c, 0xef,
    0x5c, 0xef, 0x5c, 0xef, 0x5c, 0xef, 0x5c, 0xef, 0x5c, 0xef, 0x5c, 0xef, 0x5c, 0xef, 0x5c, 0xef,
    0x5c, 0xef, 0x5c, 0xef, 0x5c, 0xef, 0x5c, 0xef, 0x5c, 0xef, 0x5c, 0xef, 0x5c, 0xef, 0x5c, 0xef,
    0x5c, 0xef, 0x5c, 0xef, 0x5c, 0xef, 0x5c, 0xef, 0x5c, 0xef, 0x3c, 0xef, 0x5c, 0xef, 0x5c, 0xef,
    0x3c, 0xef, 0x3c, 0xef, 0x3c, 0xef, 0x3c, 0xef, 0x3c, 0xef, 0x3c, 0xef, 0x3c, 0xe7, 0x3c, 0xe7,
    0x3c, 0xe7, 0x3c, 0xe7, 0x3c, 0xe7, 0x3c, 0xe7, 0x3c, 0xe7, 0x3c, 0xe7, 0x3c, 0xe7, 0x3c, 0xe7,
    0x3c, 0xe7, 0x3c, 0xe7, 0x3c, 0xe7, 0x3c, 0xe7, 0x3c, 0xe7, 0x3c, 0xe7, 0x3c, 0xe7, 0x1c, 0xe7,
    0x1c, 0xe7, 0x1c, 0xe7, 0x1b, 0xe7, 0x1b, 0xe7, 0x1b, 0xe7, 0x1b, 0xe7, 0x1b, 0xe7, 0x1c, 0xe7,
    0x1c, 0xe7, 0x1c, 0xe7, 0x1b, 0xe7, 0x1b, 0xe7, 0x1b, 0xe7, 0x1b, 0xe7, 0x1b, 0xe7, 0x1b, 0xe7,
    0x1b, 0xe7, 0xfb, 0xe6, 0xfb, 0xde, 0xfb, 0xde, 0xfb, 0xde, 0xfb, 0xe6, 0xfb, 0xe6, 0xfb, 0xde,
    0xfb, 0xde, 0xfb, 0xde, 0xfb, 0xde, 0xfb, 0xde, 0xfb, 0xde, 0xfb, 0xde, 0xfb, 0xde, 0xfb, 0xde,
    0xfb, 0xde, 0xfb, 0xde, 0xfb, 0xde, 0xfb, 0xde, 0xfb, 0xde, 0xdb, 0xde, 0xdb, 0xde, 0xdb, 0xde,
    0xdb, 0xde, 0xda, 0xde, 0xda, 0xde, 0xda, 0xde, 0xda, 0xde, 0xda, 0xde, 0xda, 0xde, 0xda, 0xde,
    0xda, 0xde, 0xda, 0xde, 0xda, 0xde, 0xda, 0xde, 0xda, 0xde, 0xda, 0xde, 0xda, 0xde, 0xda, 0xde,
    0xda, 0xde, 0xda, 0xde, 0xda, 0xde, 0xda, 0xd6, 0xba, 0xd6, 0xba, 0xd6, 0xba, 0xd6, 0xba, 0xd6,
    0xba, 0xd6, 0xba, 0xd6, 0xba, 0xd6, 0xba, 0xd6, 0xba, 0xd6, 0xba, 0xd6, 0xba, 0xd6, 0xba, 0xd6,
    0xba, 0xd6, 0xba, 0xd6, 0xba, 0xd6, 0xba, 0xd6, 0xba, 0xd6, 0xba, 0xd6, 0xba, 0xd6, 0xba, 0xd6,
    0xba, 0xd6, 0xba, 0xd6, 0xba, 0xd6, 0xba, 0xd6, 0xba, 0xd6, 0xba, 0xd6, 0x9a, 0xd6, 0x9a, 0xd6,
    0x9a, 0xd6, 0x9a, 0xd6, 0x9a, 0xd6, 0x9a, 0xd6, 0x9a, 0xd6, 0x9a, 0xd6, 0x9a, 0xd6, 0x9a, 0xd6,
    0xba, 0xd6, 0xba, 0xd6, 0xba, 0xd6, 0x9a, 0xd6, 0x9a, 0xd6, 0x9a, 0xd6, 0xba, 0xd6, 0xba, 0xd6,
    0xba, 0xd6, 0xba, 0xd6, 0xba, 0xd6, 0xbb, 0xd6, 0xdb, 0xd6, 0xdb, 0xd6, 0xdb, 0xd6, 0xbb, 0xd6,
    0xff, 0xff, 0xff, 0xff, 0xff, 0xff, 0xfe, 0xff, 0xfe, 0xff, 0xfe, 0xff, 0xfe, 0xff, 0xde, 0xff,
    0xde, 0xff, 0xde, 0xff, 0xde, 0xff, 0xde, 0xff, 0xde, 0xff, 0xde, 0xff, 0xde, 0xff, 0xde, 0xff,
    0xde, 0xff, 0xdd, 0xff, 0xdd, 0xff, 0xde, 0xff, 0xdd, 0xff, 0xdd, 0xff, 0xde, 0xff, 0xdd, 0xff,
    0xdd, 0xff, 0xdd, 0xff, 0xbd, 0xff, 0xbd, 0xff, 0xdd, 0xff, 0xbd, 0xff, 0xdd, 0xff, 0xbd, 0xff,
    0xdd, 0xff, 0xdd, 0xff, 0xdd, 0xff, 0xbd, 0xff, 0xbd, 0xff, 0xbd, 0xff, 0xbd, 0xff, 0xbd, 0xff,
    0xbd, 0xff, 0xbd, 0xff, 0xbd, 0xff, 0xbd, 0xff, 0xbd, 0xff, 0xbd, 0xff, 0xbd, 0xff, 0xbd, 0xff,
    0xbd, 0xff, 0xbd, 0xff, 0xbd, 0xff, 0xbd, 0xff, 0xbd, 0xff, 0xbd, 0xff, 0xbd, 0xff, 0xbd, 0xff,
    0xbd, 0xff, 0xbd, 0xff, 0xbd, 0xff, 0xbd, 0xff, 0xbd, 0xff, 0xbd, 0xff, 0xbd, 0xff, 0xbd, 0xff,
    0xbd, 0xff, 0xbd, 0xff, 0xbd, 0xff, 0xbd, 0xff, 0xbd, 0xf7, 0xbd, 0xff, 0xbd, 0xff, 0xbd, 0xff,
    0xbd, 0xff, 0xbd, 0xff, 0xbd, 0xff, 0xbd, 0xff, 0xbd, 0xff, 0xbd, 0xff, 0xbd, 0xff, 0xbd, 0xff,
    0xbd, 0xff, 0xbd, 0xf7, 0xbd, 0xf7, 0xbd, 0xff, 0xbd, 0xff, 0x9d, 0xff, 0xbd, 0xff, 0xbd, 0xf7,
    0xbd, 0xf7, 0x9d, 0xf7, 0xbd, 0xf7, 0x9d, 0xf7, 0x9d, 0xf7, 0x9d, 0xff, 0x9d, 0xf7, 0x9d, 0xf7,
    0x9d, 0xf7, 0x9d, 0xf7, 0x9d, 0xf7, 0x9d, 0xf7, 0x9d, 0xf7, 0x9d, 0xf7, 0x9d, 0xf7, 0x9d, 0xf7,
    0x9d, 0xf7, 0x9d, 0xf7, 0x9d, 0xf7, 0x9d, 0xf7, 0x9d, 0xf7, 0x9d, 0xf7, 0x9d, 0xf7, 0x9d, 0xf7,
    0x9d, 0xf7, 0x9d, 0xf7, 0x9d, 0xf7, 0x9d, 0xf7, 0x9d, 0xf7, 0x9d, 0xf7, 0x9d, 0xf7, 0x9d, 0xf7,
    0x9d, 0xf7, 0x7d, 0xf7, 0x7d, 0xf7, 0x9d, 0xf7, 0x9c, 0xf7, 0x7d, 0xf7, 0x9d, 0xf7, 0x7c, 0xf7,
    0x7c, 0xf7, 0x7c, 0xf7, 0x7c, 0xf7, 0x7d, 0xf7, 0x7d, 0xf7, 0x7d, 0xf7, 0x7d, 0xf7, 0x7d, 0xef,
    0x7d, 0xef, 0x7d, 0xf7, 0x7d, 0xef, 0x7d, 0xef, 0x7c, 0xef, 0x7c, 0xef, 0x7c, 0xef, 0x7c, 0xef,
    0x7c, 0xef, 0x7c, 0xef, 0x7c, 0xef, 0x7c, 0xef, 0x7c, 0xef, 0x7c, 0xef, 0x7c, 0xef, 0x7c, 0xef,
    0x7c, 0xef, 0x7c, 0xef, 0x7d, 0xef, 0x7c, 0xef, 0x7c, 0xef, 0x5c, 0xef, 0x5c, 0xef, 0x5c, 0xef,
    0x5c, 0xef, 0x5c, 0xef, 0x5c, 0xef, 0x5c, 0xef, 0x5c, 0xef, 0x5c, 0xef, 0x5c, 0xef, 0x5c, 0xef,
    0x5c, 0xef, 0x5c, 0xef, 0x5c, 0xef, 0x5c, 0xef, 0x5c, 0xef, 0x5c, 0xef, 0x5c, 0xef, 0x5c, 0xef,
    0x5c, 0xef, 0x5c, 0xef, 0x5c, 0xef, 0x3c, 0xef, 0x5c, 0xef, 0x5c, 0xef, 0x5c, 0xef, 0x5c, 0xef,
    0x3c, 0xef, 0x5c, 0xef, 0x3c, 0xef, 0x3c, 0xe7, 0x3c, 0xe7, 0x3c, 0xef, 0x3c, 0xef, 0x3c, 0xe7,
    0x3c, 0xe7, 0x3c, 0xe7, 0x3c, 0xe7, 0x3c, 0xe7, 0x3c, 0xe7, 0x3c, 0xe7, 0x3c, 0xe7, 0x3c, 0xe7,
    0x3c, 0xe7, 0x3c, 0xe7, 0x3c, 0xe7, 0x3c, 0xe7, 0x3c, 0xe7, 0x1c, 0xe7, 0x1c, 0xe7, 0x1c, 0xe7,
    0x1c, 0xe7, 0x1c, 0xe7, 0x1b, 0xe7, 0x1b, 0xe7, 0x1b, 0xe7, 0x1c, 0xe7, 0x1b, 0xe7, 0x1b, 0xe7,
    0x1c, 0xe7, 0x1c, 0xe7, 0x1b, 0xe7, 0x1b, 0xe7, 0x1b, 0xe7, 0x1b, 0xe7, 0x1b, 0xe7, 0x1b, 0xe7,
    0x1b, 0xe7, 0x1b, 0xe7, 0xfb, 0xe6, 0xfb, 0xe6, 0xfb, 0xde, 0xfb, 0xde, 0xfb, 0xe6, 0xfb, 0xde,
    0xfb, 0xde, 0xfb, 0xde, 0xfb, 0xde, 0xfb, 0xde, 0xfb, 0xde, 0xfb, 0xde, 0xfb, 0xde, 0xfb, 0xde,
    0xfb, 0xde, 0xfb, 0xde, 0xfb, 0xde, 0xfb, 0xde, 0xfb, 0xde, 0xdb, 0xde, 0xdb, 0xde, 0xdb, 0xde,
    0xdb, 0xde, 0xda, 0xde, 0xda, 0xde, 0xda, 0xde, 0xda, 0xde, 0xda, 0xde, 0xda, 0xde, 0xda, 0xde,
    0xda, 0xde, 0xda, 0xde, 0xda, 0xde, 0xda, 0xde, 0xda, 0xde, 0xda, 0xde, 0xda, 0xde, 0xda, 0xde,
    0xba, 0xd6, 0xda, 0xd6, 0xda, 0xde, 0xda, 0xd6, 0xda, 0xd6, 0xba, 0xd6, 0xba, 0xd6, 0xba, 0xd6,
    0xba, 0xd6, 0xba, 0xd6, 0xba, 0xd6, 0xba, 0xd6, 0xba, 0xd6, 0xba, 0xd6, 0xba, 0xd6, 0xba, 0xd6,
    0xba, 0xd6, 0xba, 0xd6, 0xba, 0xd6, 0xba, 0xd6, 0xba, 0xd6, 0xba, 0xd6, 0xba, 0xd6, 0xba, 0xd6,
    0xba, 0xd6, 0xba, 0xd6, 0xba, 0xd6, 0xba, 0xd6, 0xba, 0xd6, 0x9a, 0xd6, 0x9a, 0xd6, 0x9a, 0xd6,
    0x9a, 0xd6, 0x9a, 0xd6, 0x9a, 0xd6, 0x9a, 0xd6, 0x9a, 0xd6, 0x9a, 0xd6, 0x9a, 0xd6, 0x9a, 0xd6,
    0x9a, 0xd6, 0x9a, 0xd6, 0x9a, 0xd6, 0x9a, 0xd6, 0x9a, 0xd6, 0x9a, 0xd6, 0xba, 0xd6, 0xba, 0xd6,
    0xba, 0xd6, 0xba, 0xd6, 0xba, 0xd6, 0xbb, 0xd6, 0xbb, 0xd6, 0xdb, 0xd6, 0xdb, 0xd6, 0xdb, 0xd6,
    0xff, 0xff, 0xff, 0xff, 0xff, 0xff, 0xfe, 0xff, 0xfe, 0xff, 0xfe, 0xff, 0xfe, 0xff, 0xfe, 0xff,
    0xde, 0xff, 0xde, 0xff, 0xde, 0xff, 0xde, 0xff, 0xdd, 0xff, 0xdd, 0xff, 0xde, 0xff, 0xdd, 0xff,
    0xde, 0xff, 0xdd, 0xff, 0xdd, 0xff, 0xdd, 0xff, 0xdd, 0xff, 0xdd, 0xff, 0xdd, 0xff, 0xdd, 0xff,
    0xbd, 0xff, 0xdd, 0xff, 0xbd, 0xff, 0xbd, 0xff, 0xbd, 0xff, 0xbd, 0xff, 0xbd, 0xff, 0xbd, 0xff,
    0xbd, 0xff, 0xbd, 0xff, 0xdd, 0xff, 0xbd, 0xff, 0xbd, 0xff, 0xbd, 0xff, 0xbd, 0xff, 0xbd, 0xff,
    0xbd, 0xff, 0xbd, 0xff, 0xbd, 0xff, 0xbd, 0xff, 0xbd, 0xff, 0xbd, 0xff, 0xbd, 0xff, 0xbd, 0xff,
    0xbd, 0xff, 0xbd, 0xff, 0xbd, 0xff, 0xbd, 0xff, 0xbd, 0xff, 0xbd, 0xff, 0xbd, 0xff, 0xbd, 0xff,
    0xbd, 0xff, 0xbd, 0xff, 0xbd, 0xff, 0xbd, 0xff, 0xbd, 0xff, 0xbd, 0xff, 0xbd, 0xff, 0xbd, 0xff,
    0xbd, 0xff, 0xbd, 0xff, 0xbd, 0xff, 0xbd, 0xf7, 0xbd, 0xf7, 0xbd, 0xff, 0xbd, 0xff, 0xbd, 0xf7,
    0xbd, 0xff, 0xbd, 0xff, 0xbd, 0xff, 0xbd, 0xff, 0xbd, 0xff, 0xbd, 0xff, 0xbd, 0xff, 0xbd, 0xff,
    0xbd, 0xff, 0xbd, 0xff, 0xbd, 0xff, 0xbd, 0xff, 0xbd, 0xff, 0xbd, 0xf7, 0xbd, 0xf7, 0xbd, 0xf7,
    0xbd, 0xff, 0xbd, 0xf7, 0x9d, 0xf7, 0x9d, 0xf7, 0xbd, 0xf7, 0x9d, 0xf7, 0x9d, 0xf7, 0x9d, 0xf7,
    0x9d, 0xf7, 0x9d, 0xf7, 0x9d, 0xf7, 0x9d, 0xf7, 0x9d, 0xf7, 0x9d, 0xf7, 0x9d, 0xf7, 0x9d, 0xf7,
    0x9d, 0xf7, 0x9d, 0xf7, 0x9d, 0xf7, 0x9d, 0xf7, 0x9d, 0xf7, 0x9d, 0xf7, 0x9d, 0xf7, 0x9d, 0xf7,
    0x9d, 0xf7, 0x9d, 0xf7, 0x9d, 0xf7, 0x9d, 0xf7, 0x9d, 0xf7, 0x9d, 0xf7, 0x9d, 0xf7, 0x9d, 0xf7,
    0x9d, 0xf7, 0x9d, 0xf7, 0x7d, 0xf7, 0x7c, 0xf7, 0x7c, 0xf7, 0x7d, 0xf7, 0x7d, 0xf7, 0x7d, 0xf7,
    0x7c, 0xf7, 0x7c, 0xf7, 0x7c, 0xf7, 0x7c, 0xf7, 0x7d, 0xf7, 0x7d, 0xf7, 0x7d, 0xf7, 0x7d, 0xef,
    0x7d, 0xef, 0x7d, 0xef, 0x7d, 0xef, 0x7d, 0xef, 0x7d, 0xef, 0x7c, 0xef, 0x7c, 0xef, 0x5c, 0xef,
    0x7c, 0xef, 0x7c, 0xef, 0x7c, 0xef, 0x7c, 0xef, 0x7c, 0xef, 0x7c, 0xef, 0x7c, 0xef, 0x7c, 0xef,
    0x7c, 0xef, 0x7c, 0xef, 0x5c, 0xef, 0x5c, 0xef, 0x5c, 0xef, 0x5c, 0xef, 0x5c, 0xef, 0x5c, 0xef,
    0x5c, 0xef, 0x5c, 0xef, 0x5c, 0xef, 0x5c, 0xef, 0x5c, 0xef, 0x5c, 0xef, 0x5c, 0xef, 0x5c, 0xef,
    0x5c, 0xef, 0x5c, 0xef, 0x5c, 0xef, 0x5c, 0xef, 0x5c, 0xef, 0x5c, 0xef, 0x5c, 0xef, 0x5c, 0xef,
    0x5c, 0xef, 0x5c, 0xef, 0x5c, 0xef, 0x5c, 0xef, 0x5c, 0xef, 0x5c, 0xef, 0x5c, 0xef, 0x5c, 0xef,
    0x5c, 0xef, 0x3c, 0xef, 0x3c, 0xe7, 0x3c, 0xe7, 0x3c, 0xef, 0x3c, 0xe7, 0x3c, 0xe7, 0x3c, 0xe7,
    0x3c, 0xe7, 0x3c, 0xe7, 0x3c, 0xe7, 0x3c, 0xe7, 0x3c, 0xe7, 0x3c, 0xe7, 0x3c, 0xe7, 0x3c, 0xe7,
    0x3c, 0xe7, 0x3c, 0xe7, 0x1c, 0xe7, 0x1c, 0xe7, 0x1c, 0xe7, 0x1b, 0xe7, 0x1c, 0xe7, 0x1c, 0xe7,
    0x1c, 0xe7, 0x1b, 0xe7, 0x1b, 0xe7, 0x1b, 0xe7, 0x1b, 0xe7, 0x1b, 0xe7, 0x1b, 0xe7, 0x1b, 0xe7,
    0x1b, 0xe7, 0x1b, 0xe7, 0x1b, 0xe7, 0x1b, 0xe7, 0x1b, 0xe7, 0x1b, 0xe7, 0x1b, 0xe7, 0x1b, 0xe7,
    0x1b, 0xe7, 0x1b, 0xe7, 0xfb, 0xe6, 0xfb, 0xe6, 0xfb, 0xde, 0xfb, 0xde, 0xfb, 0xde, 0xfb, 0xde,
    0xfb, 0xde, 0xfb, 0xde, 0xfb, 0xde, 0xfb, 0xde, 0xfb, 0xde, 0xfb, 0xde, 0xfb, 0xde, 0xfb, 0xde,
    0xfb, 0xde, 0xfb, 0xde, 0xdb, 0xde, 0xfb, 0xde, 0xfb, 0xde, 0xdb, 0xde, 0xdb, 0xde, 0xdb, 0xde,
    0xda, 0xde, 0xda, 0xde, 0xda, 0xde, 0xda, 0xde, 0xda, 0xde, 0xda, 0xde, 0xda, 0xde, 0xda, 0xde,
    0xda, 0xde, 0xda, 0xde, 0xdb, 0xde, 0xda, 0xde, 0xda, 0xde, 0xda, 0xde, 0xda, 0xde, 0xda, 0xde,
    0xda, 0xd6, 0xda, 0xd6, 0xba, 0xd6, 0xba, 0xd6, 0xba, 0xd6, 0xba, 0xd6, 0xba, 0xd6, 0xba, 0xd6,
    0xba, 0xd6, 0xba, 0xd6, 0xba, 0xd6, 0xba, 0xd6, 0xba, 0xd6, 0xba, 0xd6, 0xba, 0xd6, 0xba, 0xd6,
    0xba, 0xd6, 0xba, 0xd6, 0xba, 0xd6, 0xba, 0xd6, 0xba, 0xd6, 0xba, 0xd6, 0xba, 0xd6, 0xba, 0xd6,
    0xba, 0xd6, 0xba, 0xd6, 0xba, 0xd6, 0xba, 0xd6, 0xba, 0xd6, 0x9a, 0xd6, 0x9a, 0xd6, 0x9a, 0xd6,
    0x9a, 0xd6, 0x9a, 0xd6, 0x9a, 0xd6, 0x9a, 0xd6, 0x9a, 0xd6, 0x9a, 0xd6, 0x9a, 0xd6, 0x9a, 0xd6,
    0x9a, 0xd6, 0x9a, 0xd6, 0x9a, 0xd6, 0x9a, 0xd6, 0x9a, 0xd6, 0xba, 0xd6, 0xba, 0xd6, 0xba, 0xd6,
    0xba, 0xd6, 0xba, 0xd6, 0xbb, 0xd6, 0xdb, 0xd6, 0xdb, 0xd6, 0xdb, 0xd6, 0xdb, 0xd6, 0xdb, 0xd6,
    0xff, 0xff, 0xff, 0xff, 0xff, 0xff, 0xfe, 0xff, 0xfe, 0xff, 0xfe, 0xff, 0xde, 0xff, 0xde, 0xff,
    0xde, 0xff, 0xde, 0xff, 0xde, 0xff, 0xde, 0xff, 0xdd, 0xff, 0xdd, 0xff, 0xdd, 0xff, 0xdd, 0xff,
    0xde, 0xff, 0xdd, 0xff, 0xdd, 0xff, 0xdd, 0xff, 0xdd, 0xff, 0xdd, 0xff, 0xdd, 0xff, 0xdd, 0xff,
    0xdd, 0xff, 0xbd, 0xff, 0xbd, 0xff, 0xdc, 0xff, 0xbd, 0xff, 0xbd, 0xff, 0xbd, 0xff, 0xbd, 0xff,
    0xbd, 0xff, 0xbd, 0xff, 0xbd, 0xff, 0xbd, 0xff, 0xbd, 0xff, 0xbd, 0xff, 0xbd, 0xff, 0xbd, 0xff,
    0xbd, 0xff, 0xbd, 0xff, 0xbd, 0xff, 0xbd, 0xff, 0xbd, 0xff, 0xbd, 0xff, 0xbd, 0xff, 0xbd, 0xff,
    0xbd, 0xff, 0xbd, 0xff, 0xbd, 0xff, 0xbd, 0xff, 0xbd, 0xff, 0xbd, 0xff, 0xbd, 0xff, 0xbd, 0xff,
    0xbd, 0xff, 0xbd, 0xff, 0xbd, 0xff, 0xbd, 0xff, 0xbd, 0xff, 0xbd, 0xff, 0xbd, 0xff, 0xbd, 0xff,
    0xbd, 0xff, 0xbd, 0xff, 0xbd, 0xff, 0xbd, 0xff, 0xbd, 0xff, 0xbd, 0xf7, 0xbd, 0xf7, 0xbd, 0xf7,
    0xbd, 0xff, 0xbd, 0xff, 0xbd, 0xff, 0xbd, 0xff, 0xbd, 0xff, 0xbd, 0xff, 0xbd, 0xff, 0xbd, 0xff,
    0xbd, 0xff, 0x9d, 0xff, 0xbd, 0xff, 0xbd, 0xf7, 0x9d, 0xf7, 0x9d, 0xf7, 0xbd, 0xf7, 0xbd, 0xf7,
    0xbd, 0xf7, 0xbd, 0xf7, 0x9d, 0xf7, 0x9d, 0xf7, 0x9d, 0xf7, 0x9d, 0xf7, 0x9d, 0xf7, 0x9d, 0xff,
    0x9d, 0xf7, 0x9d, 0xf7, 0x9d, 0xf7, 0x9d, 0xf7, 0x9d, 0xf7, 0x9d, 0xf7, 0x9d, 0xf7, 0x9d, 0xf7,
    0x9d, 0xf7, 0x9d, 0xf7, 0x9d, 0xf7, 0x9d, 0xf7, 0x9d, 0xf7, 0x9d, 0xf7, 0x9d, 0xf7, 0x9d, 0xf7,
    0x9d, 0xf7, 0x9d, 0xf7, 0x9d, 0xf7, 0x9d, 0xf7, 0x9d, 0xf7, 0x9d, 0xf7, 0x9d, 0xf7, 0x9d, 0xf7,
    0x9d, 0xf7, 0x9d, 0xf7, 0x7d, 0xf7, 0x7c, 0xf7, 0x7c, 0xf7, 0x7d, 0xf7, 0x7d, 0xf7, 0x7d, 0xf7,
    0x7d, 0xf7, 0x7d, 0xf7, 0x7d, 0xf7, 0x7d, 0xf7, 0x7d, 0xf7, 0x7d, 0xef, 0x7c, 0xef, 0x7d, 0xef,
    0x7d, 0xf7, 0x7d, 0xf7, 0x7d, 0xef, 0x7d, 0xef, 0x7c, 0xef, 0x7c, 0xef, 0x7c, 0xef, 0x7c, 0xef,
    0x5c, 0xef, 0x7c, 0xef, 0x7c, 0xef, 0x7c, 0xef, 0x7c, 0xef, 0x7c, 0xef, 0x7c, 0xef, 0x7c, 0xef,
    0x7c, 0xef, 0x7c, 0xef, 0x7c, 0xef, 0x5c, 0xef, 0x5c, 0xef, 0x5c, 0xef, 0x5c, 0xef, 0x5c, 0xef,
    0x5c, 0xef, 0x5c, 0xef, 0x5c, 0xef, 0x5c, 0xef, 0x5c, 0xef, 0x5c, 0xef, 0x5c, 0xef, 0x5c, 0xef,
    0x5c, 0xef, 0x5c, 0xef, 0x5c, 0xef, 0x5c, 0xef, 0x5c, 0xef, 0x5c, 0xef, 0x5c, 0xef, 0x5c, 0xef,
    0x5c, 0xef, 0x5c, 0xef, 0x3c, 0xef, 0x3c, 0xef, 0x5c, 0xef, 0x5c, 0xef, 0x3c, 0xef, 0x5c, 0xef,
    0x5c, 0xef, 0x5c, 0xef, 0x3c, 0xef, 0x3c, 0xef, 0x3c, 0xef, 0x3c, 0xe7, 0x3c, 0xe7, 0x3c, 0xe7,
    0x3c, 0xe7, 0x3c, 0xe7, 0x3c, 0xe7, 0x3c, 0xe7, 0x3c, 0xe7, 0x3c, 0xe7, 0x3c, 0xe7, 0x3c, 0xe7,
    0x3c, 0xe7, 0x1c, 0xe7, 0x1c, 0xe7, 0x1c, 0xe7, 0x1c, 0xe7, 0x1c, 0xe7, 0x1b, 0xe7, 0x1b, 0xe7,
    0x1c, 0xe7, 0x1b, 0xe7, 0x1b, 0xe7, 0x1b, 0xe7, 0x1b, 0xe7, 0x1b, 0xe7, 0x1b, 0xe7, 0x1b, 0xe7,
    0x1b, 0xe7, 0x1b, 0xe7, 0x1b, 0xe7, 0x1b, 0xe7, 0x1b, 0xe7, 0x1b, 0xe7, 0x1b, 0xe7, 0x1b, 0xe7,
    0xfb, 0xe6, 0xfb, 0xe6, 0xfb, 0xe6, 0xfb, 0xe6, 0xfb, 0xe6, 0xfb, 0xde, 0xfb, 0xde, 0xfb, 0xde,
    0xfb, 0xde, 0xfb, 0xde, 0xfb, 0xde, 0xfb, 0xde, 0xfb, 0xde, 0xfb, 0xde, 0xfb, 0xde, 0xfb, 0xde,
    0xfb, 0xde, 0xfb, 0xde, 0xdb, 0xde, 0xdb, 0xde, 0xdb, 0xde, 0xdb, 0xde, 0xdb, 0xde, 0xdb, 0xde,
    0xdb, 0xde, 0xda, 0xde, 0xda, 0xde, 0xda, 0xde, 0xda, 0xde, 0xda, 0xde, 0xda, 0xde, 0xda, 0xde,
    0xda, 0xde, 0xda, 0xde, 0xda, 0xde, 0xdb, 0xde, 0xda, 0xde, 0xba, 0xde, 0xda, 0xde, 0xda, 0xde,
    0xda, 0xd6, 0xda, 0xd6, 0xba, 0xd6, 0xba, 0xd6, 0xba, 0xd6, 0xba, 0xd6, 0xba, 0xd6, 0xba, 0xd6,
    0xba, 0xd6, 0xba, 0xd6, 0xba, 0xd6, 0xba, 0xd6, 0xba, 0xd6, 0xba, 0xd6, 0xba, 0xd6, 0xba, 0xd6,
    0xba, 0xd6, 0xba, 0xd6, 0xba, 0xd6, 0xba, 0xd6, 0xba, 0xd6, 0x9a, 0xd6, 0x9a, 0xd6, 0xba, 0xd6,
    0xba, 0xd6, 0xba, 0xd6, 0xba, 0xd6, 0xba, 0xd6, 0xba, 0xd6, 0xba, 0xd6, 0x9a, 0xd6, 0x9a, 0xd6,
    0x9a, 0xd6, 0x9a, 0xd6, 0x9a, 0xd6, 0x9a, 0xd6, 0x9a, 0xd6, 0x9a, 0xd6, 0x9a, 0xd6, 0x9a, 0xd6,
    0x9a, 0xd6, 0x9a, 0xd6, 0x9a, 0xd6, 0x9a, 0xd6, 0xba, 0xd6, 0xba, 0xd6, 0x9a, 0xd6, 0xba, 0xd6,
    0xba, 0xd6, 0xba, 0xd6, 0xba, 0xd6, 0xdb, 0xd6, 0xbb, 0xd6, 0xdb, 0xd6, 0xdb, 0xd6, 0xdb, 0xd6,
    0xff, 0xff, 0xff, 0xff, 0xff, 0xff, 0xfe, 0xff, 0xfe, 0xff, 0xfe, 0xff, 0xfe, 0xff, 0xde, 0xff,
    0xde, 0xff, 0xde, 0xff, 0xde, 0xff, 0xdd, 0xff, 0xdd, 0xff, 0xde, 0xff, 0xde, 0xff, 0xdd, 0xff,
    0xdd, 0xff, 0xde, 0xff, 0xde, 0xff, 0xdd, 0xff, 0xdd, 0xff, 0xdd, 0xff, 0xdd, 0xff, 0xbd, 0xff,
    0xbd, 0xff, 0xbd, 0xff, 0xbd, 0xff, 0xbd, 0xff, 0xbd, 0xff, 0xbd, 0xff, 0xbd, 0xff, 0xbd, 0xff,
    0xbd, 0xff, 0xbd, 0xff, 0xbd, 0xff, 0xbd, 0xff, 0xbd, 0xff, 0xbd, 0xff, 0xbd, 0xff, 0xbd, 0xff,
    0xbd, 0xff, 0xbd, 0xff, 0xbd, 0xff, 0xbd, 0xff, 0xbd, 0xff, 0xbd, 0xff, 0xbd, 0xff, 0xbd, 0xff,
    0xbd, 0xff, 0xbd, 0xff, 0xbd, 0xff, 0xbd, 0xff, 0xbd, 0xff, 0xbd, 0xff, 0xbd, 0xff, 0xbd, 0xff,
    0xbd, 0xff, 0xbd, 0xff, 0xbd, 0xff, 0xbd, 0xff, 0xbd, 0xf7, 0xbd, 0xff, 0xbd, 0xff, 0xbd, 0xff,
    0xbd, 0xff, 0xbd, 0xff, 0xbd, 0xff, 0xbd, 0xff, 0xbd, 0xff, 0xbd, 0xff, 0xbd, 0xf7, 0xbd, 0xf7,
    0xbd, 0xff, 0xbd, 0xff, 0xbd, 0xff, 0xbd, 0xff, 0xbd, 0xff, 0xbd, 0xff, 0xbd, 0xff, 0xbd, 0xff,
    0xbd, 0xff, 0xbd, 0xff, 0xbd, 0xf7, 0xbd, 0xf7, 0xbd, 0xf7, 0x9d, 0xf7, 0xbd, 0xf7, 0x9d, 0xf7,
    0x9d, 0xff, 0x9d, 0xf7, 0x9d, 0xf7, 0x9d, 0xf7, 0x9d, 0xf7, 0x9d, 0xf7, 0x9d, 0xf7, 0x9d, 0xf7,
    0x9d, 0xff, 0x9d, 0xf7, 0x9d, 0xff, 0x9d, 0xff, 0x9d, 0xff, 0x9d, 0xf7, 0x9d, 0xf7, 0x9d, 0xf7,
    0x9d, 0xf7, 0x9d, 0xf7, 0x9d, 0xf7, 0x9d, 0xf7, 0x9d, 0xf7, 0x9d, 0xf7, 0x9d, 0xf7, 0x9d, 0xf7,
    0x9d, 0xf7, 0x9d, 0xf7, 0x9d, 0xf7, 0x9d, 0xf7, 0x9d, 0xf7, 0x9d, 0xf7, 0x9d, 0xf7, 0x7d, 0xf7,
    0x9d, 0xf7, 0x7d, 0xf7, 0x7d, 0xf7, 0x7d, 0xf7, 0x7d, 0xf7, 0x7d, 0xf7, 0x7d, 0xf7, 0x7d, 0xf7,
    0x7d, 0xf7, 0x7d, 0xf7, 0x7d, 0xf7, 0x7d, 0xf7, 0x7d, 0xef, 0x7d, 0xef, 0x7d, 0xef, 0x7d, 0xef,
    0x7d, 0xef, 0x7d, 0xef, 0x7d, 0xef, 0x7d, 0xef, 0x7c, 0xef, 0x7c, 0xef, 0x7c, 0xef, 0x7c, 0xef,
    0x7c, 0xef, 0x5c, 0xef, 0x5c, 0xef, 0x7c, 0xef, 0x7c, 0xef, 0x7c, 0xef, 0x7d, 0xef, 0x7c, 0xef,
    0x7c, 0xef, 0x5c, 0xef, 0x5c, 0xef, 0x5c, 0xef, 0x5c, 0xef, 0x5c, 0xef, 0x5c, 0xef, 0x5c, 0xef,
    0x5c, 0xef, 0x5c, 0xef, 0x5c, 0xef, 0x5c, 0xef, 0x5c, 0xef, 0x5c, 0xef, 0x5c, 0xef, 0x5c, 0xef,
    0x5c, 0xef, 0x5c, 0xef, 0x5c, 0xef, 0x5c, 0xef, 0x5c, 0xef, 0x5c, 0xef, 0x5c, 0xef, 0x5c, 0xef,
    0x5c, 0xef, 0x5c, 0xef, 0x3c, 0xef, 0x3c, 0xef, 0x3c, 0xe7, 0x3c, 0xef, 0x3c, 0xef, 0x5c, 0xef,
    0x5c, 0xef, 0x5c, 0xef, 0x3c, 0xef, 0x3c, 0xef, 0x3c, 0xef, 0x3c, 0xe7, 0x3c, 0xe7, 0x3c, 0xe7,
    0x3c, 0xe7, 0x3c, 0xe7, 0x3c, 0xe7, 0x3c, 0xe7, 0x3c, 0xe7, 0x3c, 0xe7, 0x1c, 0xe7, 0x1c, 0xe7,
    0x1c, 0xe7, 0x1c, 0xe7, 0x1c, 0xe7, 0x1c, 0xe7, 0x1b, 0xe7, 0x1c, 0xe7, 0x1b, 0xe7, 0x1b, 0xe7,
    0x1b, 0xe7, 0x1b, 0xe7, 0x1b, 0xe7, 0x1b, 0xe7, 0x1b, 0xe7, 0x1b, 0xe7, 0x1b, 0xe7, 0x1b, 0xe7,
    0x1b, 0xe7, 0x1b, 0xe7, 0x1b, 0xe7, 0x1b, 0xe7, 0x1b, 0xe7, 0x1b, 0xe7, 0x1b, 0xe7, 0xfb, 0xe6,
    0xfb, 0xde, 0xfb, 0xde, 0xfb, 0xe6, 0xfb, 0xe6, 0xfb, 0xde, 0xfb, 0xde, 0xfb, 0xde, 0xfb, 0xde,
    0xfb, 0xde, 0xfb, 0xde, 0xfb, 0xde, 0xfb, 0xde, 0xfb, 0xde, 0xfb, 0xde, 0xfb, 0xde, 0xfb, 0xde,
    0xdb, 0xde, 0xdb, 0xde, 0xdb, 0xde, 0xdb, 0xde, 0xdb, 0xde, 0xdb, 0xde, 0xdb, 0xde, 0xdb, 0xde,
    0xdb, 0xde, 0xda, 0xde, 0xda, 0xde, 0xda, 0xde, 0xda, 0xde, 0xda, 0xde, 0xda, 0xde, 0xda, 0xde,
    0xda, 0xde, 0xda, 0xde, 0xda, 0xd6, 0xdb, 0xde, 0xdb, 0xde, 0xdb, 0xde, 0xda, 0xd6, 0xba, 0xd6,
    0xba, 0xd6, 0xba, 0xd6, 0xba, 0xd6, 0xba, 0xd6, 0xba, 0xd6, 0xba, 0xd6, 0xba, 0xd6, 0xba, 0xd6,
    0xba, 0xd6, 0xba, 0xd6, 0xba, 0xd6, 0xba, 0xd6, 0xba, 0xd6, 0xba, 0xd6, 0xba, 0xd6, 0xba, 0xd6,
    0xba, 0xd6, 0xba, 0xd6, 0xba, 0xd6, 0xba, 0xd6, 0x9a, 0xd6, 0x9a, 0xd6, 0x9a, 0xd6, 0x9a, 0xd6,
    0x9a, 0xd6, 0x9a, 0xd6, 0xba, 0xd6, 0x9a, 0xd6, 0xba, 0xd6, 0xba, 0xd6, 0x9a, 0xd6, 0x9a, 0xd6,
    0x9a, 0xd6, 0x9a, 0xd6, 0x9a, 0xd6, 0x9a, 0xd6, 0x9a, 0xd6, 0x9a, 0xd6, 0x9a, 0xd6, 0x9a, 0xd6,
    0x9a, 0xd6, 0x9a, 0xd6, 0x9a, 0xd6, 0xba, 0xd6, 0xba, 0xd6, 0xba, 0xd6, 0xba, 0xd6, 0x9a, 0xd6,
    0xba, 0xd6, 0xba, 0xd6, 0xba, 0xd6, 0xdb, 0xd6, 0xba, 0xd6, 0xdb, 0xd6, 0xdb, 0xd6, 0xdb, 0xd6,
    0xff, 0xff, 0xff, 0xff, 0xff, 0xff, 0xfe, 0xff, 0xfe, 0xff, 0xfe, 0xff, 0xfe, 0xff, 0xde, 0xff,
    0xde, 0xff, 0xde, 0xff, 0xde, 0xff, 0xde, 0xff, 0xdd, 0xff, 0xde, 0xff, 0xdd, 0xff, 0xdd, 0xff,
    0xdd, 0xff, 0xdd, 0xff, 0xde, 0xff, 0xdd, 0xff, 0xdd, 0xff, 0xbd, 0xff, 0xbd, 0xff, 0xbd, 0xff,
    0xbd, 0xff, 0xbd, 0xff, 0xbd, 0xff, 0xbd, 0xff, 0xbd, 0xff, 0xbd, 0xff, 0xbd, 0xff, 0xbd, 0xff,
    0xbd, 0xff, 0xbd, 0xff, 0xbd, 0xff, 0xbd, 0xff, 0xbd, 0xff, 0xbd, 0xff, 0xbd, 0xff, 0xbd, 0xff,
    0xbd, 0xff, 0xbd, 0xff, 0xbd, 0xff, 0xbd, 0xff, 0xbd, 0xff, 0xbd, 0xff, 0xbd, 0xff, 0xbd, 0xff,
    0xbd, 0xff, 0xbd, 0xff, 0xbd, 0xff, 0xbd, 0xff, 0xbd, 0xff, 0xbd, 0xff, 0xbd, 0xff, 0xbd, 0xff,
    0xbd, 0xff, 0xbd, 0xf7, 0xbd, 0xff, 0xbd, 0xf7, 0xbd, 0xf7, 0xbd, 0xff, 0xbd, 0xff, 0xbd, 0xff,
    0xbd, 0xf7, 0xbd, 0xff, 0xbd, 0xff, 0xbd, 0xff, 0xbd, 0xff, 0xbd, 0xf7, 0xbd, 0xf7, 0xbd, 0xf7,
    0xbd, 0xff, 0xbd, 0xf7, 0xbd, 0xf7, 0xbd, 0xff, 0xbd, 0xff, 0xbd, 0xff, 0xbd, 0xff, 0xbd, 0xff,
    0xbd, 0xff, 0xbd, 0xf7, 0xbd, 0xf7, 0xbd, 0xff, 0x9d, 0xff, 0x9d, 0xf7, 0x9d, 0xf7, 0x9d, 0xf7,
    0x9d, 0xf7, 0x9d, 0xf7, 0x9d, 0xf7, 0x9d, 0xf7, 0x9d, 0xf7, 0x9d, 0xf7, 0x9d, 0xff, 0x9d, 0xf7,
    0x9d, 0xff, 0x9d, 0xf7, 0x9d, 0xf7, 0x9d, 0xf7, 0x9d, 0xf7, 0x9d, 0xf7, 0x9d, 0xf7, 0x9d, 0xf7,
    0x9d, 0xf7, 0x9d, 0xf7, 0x9d, 0xf7, 0x9d, 0xf7, 0x9d, 0xf7, 0x9d, 0xf7, 0x9d, 0xf7, 0x9d, 0xf7,
    0x9d, 0xf7, 0x9d, 0xf7, 0x9d, 0xf7, 0x9d, 0xf7, 0x7d, 0xf7, 0x9d, 0xf7, 0x9d, 0xf7, 0x9d, 0xf7,
    0x7d, 0xf7, 0x7d, 0xf7, 0x7c, 0xf7, 0x7d, 0xf7, 0x7c, 0xf7, 0x7d, 0xf7, 0x7d, 0xf7, 0x7d, 0xf7,
    0x7d, 0xf7, 0x7d, 0xf7, 0x7d, 0xef, 0x7d, 0xef, 0x7d, 0xf7, 0x7d, 0xef, 0x7d, 0xef, 0x7d, 0xef,
    0x7d, 0xef, 0x7d, 0xef, 0x7d, 0xef, 0x7d, 0xef, 0x7d, 0xef, 0x7c, 0xef, 0x7d, 0xef, 0x7c, 0xef,
    0x7c, 0xef, 0x7c, 0xef, 0x7c, 0xef, 0x5c, 0xef, 0x7c, 0xef, 0x7d, 0xef, 0x7c, 0xef, 0x7c, 0xef,
    0x7c, 0xef, 0x5c, 0xef, 0x7c, 0xef, 0x5c, 0xef, 0x5c, 0xef, 0x5c, 0xef, 0x5c, 0xef, 0x5c, 0xef,
    0x5c, 0xef, 0x5c, 0xef, 0x5c, 0xef, 0x5c, 0xef, 0x5c, 0xef, 0x5c, 0xef, 0x5c, 0xef, 0x5c, 0xef,
    0x5c, 0xef, 0x5c, 0xef, 0x5c, 0xef, 0x5c, 0xef, 0x5c, 0xef, 0x5c, 0xef, 0x5c, 0xef, 0x5c, 0xef,
    0x3c, 0xef, 0x3c, 0xef, 0x5c, 0xef, 0x3c, 0xe7, 0x3c, 0xef, 0x3c, 0xef, 0x3c, 0xef, 0x3c, 0xef,
    0x5c, 0xef, 0x5c, 0xef, 0x5c, 0xef, 0x3c, 0xe7, 0x3c, 0xe7, 0x3c, 0xef, 0x3c, 0xe7, 0x3c, 0xe7,
    0x3c, 0xe7, 0x3c, 0xe7, 0x3c, 0xe7, 0x3c, 0xe7, 0x3c, 0xe7, 0x3c, 0xe7, 0x3c, 0xe7, 0x3c, 0xe7,
    0x1b, 0xe7, 0x1c, 0xe7, 0x1c, 0xe7, 0x1b, 0xe7, 0x1b, 0xe7, 0x1b, 0xe7, 0x1b, 0xe7, 0x1b, 0xe7,
    0x1b, 0xe7, 0x1b, 0xe7, 0x1b, 0xe7, 0x1b, 0xe7, 0x1b, 0xe7, 0x1b, 0xe7, 0x1b, 0xe7, 0x1b, 0xe7,
    0x1b, 0xe7, 0x1b, 0xe7, 0x1b, 0xe7, 0x1b, 0xe7, 0x1b, 0xe7, 0x1b, 0xe7, 0x1b, 0xe7, 0xfb, 0xe6,
    0xfb, 0xe6, 0xfb, 0xde, 0xfb, 0xde, 0xfb, 0xde, 0xfb, 0xde, 0xfb, 0xde, 0xfb, 0xde, 0xfb, 0xde,
    0xfb, 0xde, 0xfb, 0xde, 0xfb, 0xde, 0xfb, 0xde, 0xfb, 0xde, 0xfb, 0xde, 0xfb, 0xde, 0xdb, 0xde,
    0xdb, 0xde, 0xdb, 0xde, 0xdb, 0xde, 0xdb, 0xde, 0xdb, 0xde, 0xdb, 0xde, 0xdb, 0xde, 0xdb, 0xde,
    0xdb, 0xde, 0xda, 0xde, 0xda, 0xde, 0xda, 0xde, 0xda, 0xde, 0xda, 0xde, 0xda, 0xde, 0xda, 0xde,
    0xda, 0xde, 0xda, 0xde, 0xdb, 0xde, 0xda, 0xde, 0xda, 0xde, 0xda, 0xde, 0xda, 0xde, 0xba, 0xd6,
    0xba, 0xd6, 0xba, 0xd6, 0xba, 0xd6, 0xba, 0xd6, 0xba, 0xd6, 0xba, 0xd6, 0xba, 0xd6, 0xba, 0xd6,
    0xba, 0xd6, 0xba, 0xd6, 0xba, 0xd6, 0xba, 0xd6, 0xba, 0xd6, 0xba, 0xd6, 0xba, 0xd6, 0xba, 0xd6,
    0xba, 0xd6, 0xba, 0xd6, 0xba, 0xd6, 0xba, 0xd6, 0x9a, 0xd6, 0x9a, 0xd6, 0x9a, 0xd6, 0x9a, 0xd6,
    0x9a, 0xd6, 0x9a, 0xd6, 0x9a, 0xd6, 0x9a, 0xd6, 0x9a, 0xd6, 0x9a, 0xd6, 0x9a, 0xd6, 0x9a, 0xd6,
    0x9a, 0xd6, 0x9a, 0xd6, 0x9a, 0xd6, 0x9a, 0xd6, 0x9a, 0xd6, 0x9a, 0xd6, 0x9a, 0xd6, 0x9a, 0xd6,
    0x9a, 0xd6, 0x9a, 0xd6, 0x9a, 0xd6, 0x9a, 0xd6, 0xba, 0xd6, 0x9a, 0xd6, 0xba, 0xd6, 0xba, 0xd6,
    0xba, 0xd6, 0x9a, 0xce, 0xbb, 0xd6, 0xdb, 0xd6, 0xba, 0xce, 0xbb, 0xd6, 0xdb, 0xd6, 0xdb, 0xd6,
    0xff, 0xff, 0xff, 0xff, 0xff, 0xff, 0xff, 0xff, 0xfe, 0xff, 0xfe, 0xff, 0xfe, 0xff, 0xde, 0xff,
    0xde, 0xff, 0xde, 0xff, 0xde, 0xff, 0xde, 0xff, 0xde, 0xff, 0xdd, 0xff, 0xdd, 0xff, 0xdd, 0xff,
    0xdd, 0xff, 0xdd, 0xff, 0xde, 0xff, 0xdd, 0xff, 0xbd, 0xff, 0xdd, 0xff, 0xbd, 0xff, 0xbd, 0xff,
    0xbd, 0xff, 0xbd, 0xff, 0xbd, 0xff, 0xbd, 0xff, 0xbd, 0xff, 0xbd, 0xff, 0xbd, 0xff, 0xbd, 0xff,
    0xbd, 0xff, 0xbd, 0xff, 0xbd, 0xff, 0xbd, 0xff, 0xbd, 0xff, 0xbd, 0xff, 0xbd, 0xff, 0xbd, 0xff,
    0xbd, 0xff, 0xbd, 0xff, 0xbd, 0xff, 0xbd, 0xff, 0xbd, 0xff, 0xbd, 0xff, 0xbd, 0xff, 0xbd, 0xff,
    0xbd, 0xff, 0xbd, 0xff, 0xbd, 0xff, 0xbd, 0xff, 0xbd, 0xff, 0xbd, 0xff, 0xbd, 0xff, 0xbd, 0xff,
    0xbd, 0xff, 0xbd, 0xff, 0xbd, 0xf7, 0xbd, 0xf7, 0xbd, 0xff, 0xbd, 0xff, 0xbd, 0xf7, 0xbd, 0xf7,
    0xbd, 0xff, 0xbd, 0xff, 0xbd, 0xff, 0xbd, 0xf7, 0xbd, 0xf7, 0xbd, 0xff, 0xbd, 0xff, 0xbd, 0xf7,
    0xbd, 0xff, 0xbd, 0xf7, 0xbd, 0xf7, 0xbd, 0xff, 0xbd, 0xff, 0xbd, 0xff, 0xbd, 0xff, 0xbd, 0xff,
    0xbd, 0xff, 0xbd, 0xf7, 0xbd, 0xff, 0xbd, 0xf7, 0x9d, 0xf7, 0x9d, 0xf7, 0x9d, 0xf7, 0x9d, 0xf7,
    0x9d, 0xff, 0x9d, 0xf7, 0x9d, 0xf7, 0x9d, 0xf7, 0x9d, 0xf7, 0x9d, 0xf7, 0x9d, 0xf7, 0x9d, 0xf7,
    0x9d, 0xf7, 0x9d, 0xff, 0x9d, 0xf7, 0x9d, 0xf7, 0x9d, 0xf7, 0x9d, 0xf7, 0x9d, 0xf7, 0x9d, 0xf7,
    0x9d, 0xf7, 0x9d, 0xf7, 0x9d, 0xf7, 0x9d, 0xf7, 0x9d, 0xf7, 0x9d, 0xf7, 0x9d, 0xf7, 0x9d, 0xf7,
    0x9d, 0xf7, 0x9d, 0xf7, 0x9d, 0xf7, 0x9d, 0xf7, 0x9d, 0xf7, 0x9d, 0xf7, 0x9d, 0xf7, 0x7d, 0xf7,
    0x9d, 0xf7, 0x7d, 0xf7, 0x7d, 0xf7, 0x7d, 0xf7, 0x7c, 0xf7, 0x7c, 0xf7, 0x7d, 0xf7, 0x7d, 0xf7,
    0x7d, 0xf7, 0x7c, 0xf7, 0x7d, 0xef, 0x7c, 0xef, 0x7d, 0xef, 0x7c, 0xef, 0x7c, 0xef, 0x7d, 0xef,
    0x7d, 0xef, 0x7d, 0xef, 0x7d, 0xef, 0x7d, 0xef, 0x7d, 0xef, 0x7c, 0xef, 0x7c, 0xef, 0x7c, 0xef,
    0x7c, 0xef, 0x7c, 0xef, 0x7c, 0xef, 0x7c, 0xef, 0x7c, 0xef, 0x7c, 0xef, 0x7c, 0xef, 0x7c, 0xef,
    0x7c, 0xef, 0x5c, 0xef, 0x5c, 0xef, 0x5c, 0xef, 0x5c, 0xef, 0x5c, 0xef, 0x5c, 0xef, 0x5c, 0xef,
    0x5c, 0xef, 0x5c, 0xef, 0x5c, 0xef, 0x5c, 0xef, 0x5c, 0xef, 0x5c, 0xef, 0x5c, 0xef, 0x5c, 0xef,
    0x5c, 0xef, 0x5c, 0xef, 0x5c, 0xef, 0x5c, 0xef, 0x5c, 0xef, 0x5c, 0xef, 0x5c, 0xef, 0x3c, 0xef,
    0x3c, 0xef, 0x3c, 0xef, 0x3c, 0xef, 0x3c, 0xef, 0x3c, 0xef, 0x3c, 0xef, 0x3c, 0xef, 0x5c, 0xef,
    0x5c, 0xef, 0x5c, 0xef, 0x3c, 0xef, 0x3c, 0xef, 0x3c, 0xef, 0x3c, 0xe7, 0x3c, 0xe7, 0x3c, 0xe7,
    0x3c, 0xe7, 0x3c, 0xe7, 0x3c, 0xe7, 0x3c, 0xe7, 0x3c, 0xe7, 0x3c, 0xe7, 0x3c, 0xe7, 0x3c, 0xe7,
    0x1c, 0xe7, 0x1c, 0xe7, 0x1c, 0xe7, 0x1c, 0xe7, 0x1c, 0xe7, 0x1b, 0xe7, 0x1b, 0xe7, 0x1b, 0xe7,
    0x1b, 0xe7, 0x1b, 0xe7, 0x1b, 0xe7, 0x1b, 0xe7, 0x1b, 0xe7, 0x1b, 0xe7, 0x1b, 0xe7, 0x1b, 0xe7,
    0x1b, 0xe7, 0x1b, 0xe7, 0x1b, 0xe7, 0x1b, 0xe7, 0x1b, 0xe7, 0x1b, 0xe7, 0xfb, 0xe6, 0xfb, 0xde,
    0xfb, 0xe6, 0xfb, 0xe6, 0xfb, 0xde, 0xfb, 0xde, 0xfb, 0xde, 0xfb, 0xde, 0xfb, 0xde, 0xfb, 0xde,
    0xfb, 0xde, 0xfb, 0xde, 0xfb, 0xde, 0xfb, 0xde, 0xfb, 0xde, 0xfb, 0xde, 0xdb, 0xde, 0xdb, 0xde,
    0xdb, 0xde, 0xdb, 0xde, 0xda, 0xde, 0xda, 0xde, 0xda, 0xde, 0xdb, 0xde, 0xdb, 0xde, 0xdb, 0xde,
    0xdb, 0xde, 0xda, 0xde, 0xda, 0xde, 0xda, 0xde, 0xda, 0xde, 0xda, 0xde, 0xda, 0xde, 0xda, 0xde,
    0xdb, 0xde, 0xdb, 0xde, 0xda, 0xde, 0xda, 0xde, 0xda, 0xde, 0xda, 0xde, 0xba, 0xd6, 0xba, 0xd6,
    0xba, 0xd6, 0xba, 0xd6, 0xba, 0xd6, 0xba, 0xd6, 0xba, 0xd6, 0xba, 0xd6, 0xba, 0xd6, 0xba, 0xd6,
    0xba, 0xd6, 0xba, 0xd6, 0xba, 0xd6, 0xba, 0xd6, 0xba, 0xd6, 0xba, 0xd6, 0xba, 0xd6, 0xba, 0xd6,
    0xba, 0xd6, 0xba, 0xd6, 0xba, 0xd6, 0xba, 0xd6, 0x9a, 0xd6, 0x9a, 0xd6, 0x9a, 0xd6, 0x9a, 0xd6,
    0x9a, 0xd6, 0x9a, 0xd6, 0x9a, 0xd6, 0x9a, 0xd6, 0x9a, 0xd6, 0x9a, 0xd6, 0x9a, 0xd6, 0x9a, 0xd6,
    0x9a, 0xd6, 0x9a, 0xd6, 0x9a, 0xd6, 0x9a, 0xd6, 0x9a, 0xd6, 0x9a, 0xd6, 0x9a, 0xd6, 0x9a, 0xd6,
    0x9a, 0xd6, 0x9a, 0xd6, 0x9a, 0xd6, 0x9a, 0xd6, 0x9a, 0xd6, 0x9a, 0xd6, 0x9a, 0xd6, 0xba, 0xd6,
    0xba, 0xd6, 0x9a, 0xce, 0xdb, 0xd6, 0xdb, 0xd6, 0xba, 0xce, 0xbb, 0xd6, 0xdb, 0xd6, 0xdb, 0xd6,
    0xff, 0xff, 0xff, 0xff, 0xff, 0xff, 0xff, 0xff, 0xfe, 0xff, 0xfe, 0xff, 0xfe, 0xff, 0xde, 0xff,
    0xde, 0xff, 0xde, 0xff, 0xde, 0xff, 0xde, 0xff, 0xde, 0xff, 0xde, 0xff, 0xde, 0xff, 0xdd, 0xff,
    0xdd, 0xff, 0xde, 0xff, 0xdd, 0xff, 0xdd, 0xff, 0xbd, 0xff, 0xbd, 0xff, 0xbd, 0xff, 0xbd, 0xff,
    0xbd, 0xff, 0xbd, 0xff, 0xbd, 0xff, 0xbd, 0xff, 0xbd, 0xff, 0xbd, 0xff, 0xbd, 0xff, 0xbd, 0xff,
    0xbd, 0xff, 0xbd, 0xff, 0xbd, 0xff, 0xbd, 0xff, 0xbd, 0xff, 0xbd, 0xff, 0xbd, 0xff, 0xbd, 0xff,
    0xbd, 0xff, 0xbd, 0xff, 0xbd, 0xff, 0xbd, 0xff, 0xbd, 0xff, 0xbd, 0xff, 0xbd, 0xff, 0xbd, 0xff,
    0xbd, 0xff, 0xbd, 0xff, 0xbd, 0xff, 0xbd, 0xff, 0xbd, 0xff, 0xbd, 0xff, 0xbd, 0xff, 0xbd, 0xf7,
    0xbd, 0xf7, 0xbd, 0xff, 0xbd, 0xff, 0xbd, 0xf7, 0xbd, 0xff, 0xbd, 0xff, 0xbd, 0xf7, 0xbd, 0xf7,
    0xbd, 0xff, 0xbd, 0xff, 0xbd, 0xf7, 0xbd, 0xf7, 0xbd, 0xf7, 0xbd, 0xf7, 0xbd, 0xf7, 0xbd, 0xf7,
    0xbd, 0xff, 0xbd, 0xff, 0xbd, 0xff, 0xbd, 0xf7, 0xbd, 0xf7, 0xbd, 0xff, 0xbd, 0xff, 0xbd, 0xff,
    0xbd, 0xf7, 0xbd, 0xf7, 0xbd, 0xf7, 0x9d, 0xf7, 0x9d, 0xf7, 0x9d, 0xf7, 0x9d, 0xf7, 0x9d, 0xf7,
    0x9d, 0xff, 0x9d, 0xf7, 0x9d, 0xf7, 0x9d, 0xf7, 0x9d, 0xf7, 0x9d, 0xf7, 0x9d, 0xf7, 0x9d, 0xf7,
    0x9d, 0xf7, 0x9d, 0xf7, 0x9d, 0xf7, 0x9d, 0xf7, 0x9d, 0xf7, 0x9d, 0xf7, 0x9d, 0xf7, 0x9d, 0xf7,
    0x9d, 0xf7, 0x9d, 0xf7, 0x9d, 0xf7, 0x9d, 0xf7, 0x9d, 0xf7, 0x9d, 0xf7, 0x9d, 0xf7, 0x9d, 0xf7,
    0x9d, 0xf7, 0x9d, 0xf7, 0x9d, 0xf7, 0x9d, 0xf7, 0x9d, 0xf7, 0x9d, 0xf7, 0x7d, 0xf7, 0x9d, 0xf7,
    0x9d, 0xf7, 0x7d, 0xf7, 0x7d, 0xf7, 0x7d, 0xf7, 0x7d, 0xf7, 0x7d, 0xef, 0x7d, 0xf7, 0x7d, 0xf7,
    0x7d, 0xef, 0x7d, 0xef, 0x7d, 0xef, 0x7c, 0xef, 0x7c, 0xef, 0x7d, 0xef, 0x7d, 0xef, 0x7d, 0xef,
    0x7d, 0xef, 0x7d, 0xef, 0x7d, 0xef, 0x7c, 0xef, 0x7c, 0xef, 0x7d, 0xef, 0x7c, 0xef, 0x7d, 0xef,
    0x7c, 0xef, 0x7c, 0xef, 0x5c, 0xef, 0x5c, 0xef, 0x5c, 0xef, 0x5c, 0xef, 0x5c, 0xef, 0x5c, 0xef,
    0x7c, 0xef, 0x5c, 0xef, 0x5c, 0xef, 0x5c, 0xef, 0x5c, 0xef, 0x5c, 0xef, 0x5c, 0xef, 0x5c, 0xef,
    0x5c, 0xef, 0x5c, 0xef, 0x5c, 0xef, 0x5c, 0xef, 0x5c, 0xef, 0x5c, 0xef, 0x5c, 0xef, 0x5c, 0xef,
    0x5c, 0xef, 0x5c, 0xef, 0x5c, 0xef, 0x5c, 0xef, 0x5c, 0xef, 0x3c, 0xef, 0x3c, 0xef, 0x3c, 0xef,
    0x3c, 0xef, 0x3c, 0xef, 0x3c, 0xef, 0x3c, 0xef, 0x3c, 0xe7, 0x3c, 0xe7, 0x3c, 0xef, 0x3c, 0xef,
    0x3c, 0xef, 0x3c, 0xef, 0x3c, 0xe7, 0x3c, 0xef, 0x3c, 0xef, 0x3c, 0xe7, 0x3c, 0xe7, 0x3c, 0xe7,
    0x3c, 0xe7, 0x3c, 0xe7, 0x3c, 0xe7, 0x3c, 0xe7, 0x3c, 0xe7, 0x3c, 0xe7, 0x3c, 0xe7, 0x3c, 0xe7,
    0x1c, 0xe7, 0x1b, 0xe7, 0x1c, 0xe7, 0x1b, 0xe7, 0x1b, 0xe7, 0x1c, 0xe7, 0x1b, 0xe7, 0x1b, 0xe7,
    0x1b, 0xe7, 0x1c, 0xe7, 0x1b, 0xe7, 0x1b, 0xe7, 0x1b, 0xe7, 0x1b, 0xe7, 0x1b, 0xe7, 0x1b, 0xe7,
    0x1b, 0xe7, 0x1b, 0xe7, 0x1b, 0xe7, 0x1b, 0xe7, 0x1b, 0xe7, 0x1b, 0xe7, 0xfb, 0xe6, 0xfb, 0xde,
    0xfb, 0xe6, 0xfb, 0xe6, 0xfb, 0xe6, 0xfb, 0xde, 0xfb, 0xde, 0xfb, 0xde, 0xfb, 0xde, 0xfb, 0xde,
    0xfb, 0xde, 0xfb, 0xde, 0xfb, 0xde, 0xfb, 0xde, 0xfb, 0xde, 0xfb, 0xde, 0xdb, 0xde, 0xdb, 0xde,
    0xdb, 0xde, 0xdb, 0xde, 0xda, 0xde, 0xda, 0xde, 0xda, 0xde, 0xda, 0xde, 0xda, 0xde, 0xdb, 0xde,
    0xdb, 0xde, 0xda, 0xde, 0xda, 0xde, 0xda, 0xde, 0xda, 0xde, 0xdb, 0xde, 0xda, 0xde, 0xda, 0xde,
    0xda, 0xde, 0xba, 0xde, 0xba, 0xde, 0xba, 0xd6, 0xda, 0xd6, 0xba, 0xd6, 0xba, 0xd6, 0xba, 0xd6,
    0xba, 0xd6, 0xba, 0xd6, 0xba, 0xd6, 0xba, 0xd6, 0xba, 0xd6, 0xba, 0xd6, 0xba, 0xd6, 0xba, 0xd6,
    0xba, 0xd6, 0xba, 0xd6, 0xba, 0xd6, 0xba, 0xd6, 0xba, 0xd6, 0xba, 0xd6, 0xba, 0xd6, 0xba, 0xd6,
    0xba, 0xd6, 0xba, 0xd6, 0xba, 0xd6, 0xba, 0xd6, 0xba, 0xd6, 0x9a, 0xd6, 0x9a, 0xd6, 0x9a, 0xd6,
    0x9a, 0xd6, 0x9a, 0xd6, 0x9a, 0xd6, 0x9a, 0xd6, 0x9a, 0xd6, 0x9a, 0xd6, 0x9a, 0xd6, 0x9a, 0xd6,
    0x9a, 0xd6, 0x9a, 0xd6, 0x9a, 0xd6, 0x9a, 0xd6, 0x9a, 0xd6, 0x9a, 0xce, 0x9a, 0xce, 0x9a, 0xce,
    0x9a, 0xce, 0x9a, 0xd6, 0x9a, 0xd6, 0x9a, 0xd6, 0x9a, 0xd6, 0x9a, 0xce, 0x9a, 0xce, 0xba, 0xd6,
    0xba, 0xd6, 0x9a, 0xce, 0xdb, 0xd6, 0xbb, 0xd6, 0xbb, 0xd6, 0xdb, 0xd6, 0xdb, 0xd6, 0xbb, 0xd6,
    0xff, 0xff, 0xff, 0xff, 0xff, 0xff, 0xff, 0xff, 0xff, 0xff, 0xfe, 0xff, 0xfe, 0xff, 0xde, 0xff,
    0xde, 0xff, 0xde, 0xff, 0xde, 0xff, 0xde, 0xff, 0xde, 0xff, 0xde, 0xff, 0xde, 0xff, 0xde, 0xff,
    0xde, 0xff, 0xdd, 0xff, 0xdd, 0xff, 0xbd, 0xff, 0xbd, 0xff, 0xbd, 0xff, 0xbd, 0xff, 0xbd, 0xff,
    0xbd, 0xff, 0xbd, 0xff, 0xbd, 0xff, 0xbd, 0xff, 0xbd, 0xff, 0xbd, 0xff, 0xbd, 0xff, 0xbd, 0xff,
    0xbd, 0xff, 0xbd, 0xff, 0xbd, 0xff, 0xbd, 0xff, 0xbd, 0xff, 0xbd, 0xff, 0xbd, 0xff, 0xbd, 0xff,
    0xbd, 0xff, 0xbd, 0xff, 0xbd, 0xff, 0xbd, 0xff, 0xbd, 0xff, 0xbd, 0xff, 0xbd, 0xff, 0xbd, 0xff,
    0xbd, 0xff, 0xbd, 0xff, 0xbd, 0xff, 0xbd, 0xff, 0xbd, 0xff, 0xbd, 0xff, 0xbd, 0xff, 0xbd, 0xff,
    0xbd, 0xff, 0xbd, 0xf7, 0xbd, 0xf7, 0xbd, 0xff, 0xbd, 0xff, 0xbd, 0xf7, 0xbd, 0xff, 0xbd, 0xff,
    0xbd, 0xff, 0xbd, 0xf7, 0xbd, 0xf7, 0xbd, 0xf7, 0xbd, 0xff, 0xbd, 0xff, 0xbd, 0xf7, 0xbd, 0xf7,
    0xbd, 0xff, 0xbd, 0xf7, 0xbd, 0xf7, 0xbd, 0xff, 0xbd, 0xff, 0xbd, 0xf7, 0xbd, 0xf7, 0xbd, 0xf7,
    0x9d, 0xf7, 0x9d, 0xf7, 0x9d, 0xf7, 0x9d, 0xf7, 0x9d, 0xf7, 0x9d, 0xf7, 0x9d, 0xf7, 0x9d, 0xff,
    0x9d, 0xf7, 0x9d, 0xf7, 0x9d, 0xff, 0x9d, 0xff, 0x9d, 0xf7, 0x9d, 0xf7, 0x9d, 0xf7, 0x9d, 0xf7,
    0x9d, 0xf7, 0x9d, 0xf7, 0x9d, 0xf7, 0x9d, 0xf7, 0x9d, 0xf7, 0x9d, 0xf7, 0x9d, 0xf7, 0x9d, 0xf7,
    0x9d, 0xf7, 0x9d, 0xf7, 0x9d, 0xf7, 0x9d, 0xf7, 0x9d, 0xf7, 0x9d, 0xf7, 0x9d, 0xf7, 0x9d, 0xf7,
    0x9d, 0xf7, 0x9d, 0xf7, 0x9d, 0xf7, 0x9d, 0xf7, 0x9d, 0xf7, 0x9d, 0xf7, 0x9d, 0xf7, 0x7d, 0xf7,
    0x9d, 0xf7, 0x7d, 0xf7, 0x7d, 0xf7, 0x7d, 0xf7, 0x7d, 0xf7, 0x7d, 0xf7, 0x7d, 0xf7, 0x7d, 0xef,
    0x7d, 0xef, 0x7d, 0xef, 0x7d, 0xef, 0x7d, 0xef, 0x7c, 0xef, 0x7c, 0xef, 0x7d, 0xef, 0x7d, 0xef,
    0x7d, 0xef, 0x7d, 0xef, 0x7d, 0xef, 0x7c, 0xef, 0x7d, 0xef, 0x7c, 0xef, 0x7d, 0xef, 0x7d, 0xef,
    0x7c, 0xef, 0x7c, 0xef, 0x7c, 0xef, 0x5c, 0xef, 0x5c, 0xef, 0x5c, 0xef, 0x5c, 0xef, 0x5c, 0xef,
    0x5c, 0xef, 0x5c, 0xef, 0x5c, 0xef, 0x5c, 0xef, 0x5c, 0xef, 0x5c, 0xef, 0x5c, 0xef, 0x5c, 0xef,
    0x5c, 0xef, 0x5c, 0xef, 0x5c, 0xef, 0x5c, 0xef, 0x5c, 0xef, 0x5c, 0xef, 0x5c, 0xef, 0x5c, 0xef,
    0x5c, 0xef, 0x5c, 0xef, 0x5c, 0xef, 0x5c, 0xef, 0x5c, 0xef, 0x5c, 0xef, 0x3c, 0xef, 0x3c, 0xef,
    0x3c, 0xef, 0x3c, 0xef, 0x3c, 0xef, 0x3c, 0xe7, 0x3c, 0xe7, 0x3c, 0xef, 0x3c, 0xef, 0x3c, 0xef,
    0x3c, 0xe7, 0x3c, 0xef, 0x3c, 0xe7, 0x3c, 0xe7, 0x3c, 0xe7, 0x3c, 0xe7, 0x3c, 0xe7, 0x3c, 0xe7,
    0x3c, 0xe7, 0x3c, 0xe7, 0x3c, 0xe7, 0x3c, 0xe7, 0x3c, 0xe7, 0x3c, 0xe7, 0x1c, 0xe7, 0x1c, 0xe7,
    0x3c, 0xe7, 0x1b, 0xe7, 0x1b, 0xe7, 0x1c, 0xe7, 0x1b, 0xe7, 0x1b, 0xe7, 0x1b, 0xe7, 0x1b, 0xe7,
    0x1b, 0xe7, 0x1b, 0xe7, 0x1b, 0xe7, 0x1b, 0xe7, 0x1b, 0xe7, 0x1b, 0xe7, 0x1b, 0xe7, 0x1b, 0xe7,
    0x1b, 0xe7, 0x1b, 0xe7, 0x1b, 0xe7, 0x1b, 0xe7, 0x1b, 0xe7, 0x1b, 0xe7, 0xfb, 0xe6, 0xfb, 0xe6,
    0xfb, 0xe6, 0xfb, 0xe6, 0xfb, 0xe6, 0xfb, 0xde, 0xfb, 0xde, 0xfb, 0xde, 0xfb, 0xde, 0xfb, 0xde,
    0xfb, 0xde, 0xfb, 0xde, 0xfb, 0xde, 0xfb, 0xde, 0xdb, 0xde, 0xdb, 0xde, 0xdb, 0xde, 0xdb, 0xde,
    0xdb, 0xde, 0xda, 0xde, 0xdb, 0xde, 0xdb, 0xde, 0xda, 0xde, 0xda, 0xde, 0xdb, 0xde, 0xdb, 0xde,
    0xdb, 0xde, 0xda, 0xde, 0xda, 0xde, 0xdb, 0xde, 0xda, 0xde, 0xdb, 0xde, 0xdb, 0xde, 0xda, 0xde,
    0xda, 0xde, 0xba, 0xde, 0xba, 0xde, 0xda, 0xde, 0xda, 0xde, 0xba, 0xd6, 0xba, 0xd6, 0xba, 0xd6,
    0xba, 0xd6, 0xba, 0xd6, 0xba, 0xd6, 0xba, 0xd6, 0xba, 0xd6, 0xba, 0xd6, 0xba, 0xd6, 0xba, 0xd6,
    0xba, 0xd6, 0xba, 0xd6, 0xba, 0xd6, 0xba, 0xd6, 0xba, 0xd6, 0xba, 0xd6, 0xba, 0xd6, 0xba, 0xd6,
    0xba, 0xd6, 0xba, 0xd6, 0xba, 0xd6, 0xba, 0xd6, 0xba, 0xd6, 0x9a, 0xd6, 0x9a, 0xd6, 0x9a, 0xd6,
    0x9a, 0xd6, 0x9a, 0xd6, 0x9a, 0xd6, 0x9a, 0xd6, 0x9a, 0xd6, 0x9a, 0xd6, 0x9a, 0xd6, 0x9a, 0xd6,
    0x9a, 0xd6, 0x9a, 0xd6, 0x9a, 0xd6, 0x9a, 0xd6, 0x9a, 0xd6, 0x9a, 0xd6, 0x9a, 0xd6, 0x9a, 0xd6,
    0x9a, 0xce, 0x9a, 0xce, 0x9a, 0xd6, 0x9a, 0xce, 0x9a, 0xce, 0x9a, 0xce, 0x9a, 0xce, 0x9a, 0xce,
    0xba, 0xd6, 0xba, 0xd6, 0xfc, 0xd6, 0xba, 0xce, 0xbb, 0xd6, 0xdb, 0xd6, 0xbb, 0xd6, 0xbb, 0xd6,
    0xff, 0xff, 0xff, 0xff, 0xff, 0xff, 0xff, 0xff, 0xff, 0xff, 0xfe, 0xff, 0xfe, 0xff, 0xfe, 0xff,
    0xde, 0xff, 0xde, 0xff, 0xde, 0xff, 0xde, 0xff, 0xde, 0xff, 0xde, 0xff, 0xde, 0xff, 0xde, 0xff,
    0xde, 0xff, 0xdd, 0xff, 0xbd, 0xff, 0xbd, 0xff, 0xbd, 0xff, 0xbd, 0xff, 0xbd, 0xff, 0xbd, 0xff,
    0xbd, 0xff, 0xbd, 0xff, 0xbd, 0xff, 0xbd, 0xff, 0xbd, 0xff, 0xbd, 0xff, 0xbd, 0xff, 0xbd, 0xff,
    0xbd, 0xff, 0xbd, 0xff, 0xbd, 0xff, 0xbd, 0xff, 0xbd, 0xff, 0xbd, 0xff, 0xbd, 0xff, 0xbd, 0xff,
    0xbd, 0xff, 0xbd, 0xff, 0xbd, 0xff, 0xbd, 0xff, 0xbd, 0xff, 0xbd, 0xff, 0xbd, 0xff, 0xbd, 0xff,
    0xbd, 0xff, 0xbd, 0xff, 0xbd, 0xff, 0xbd, 0xff, 0xbd, 0xff, 0xbd, 0xff, 0xbd, 0xf7, 0xbd, 0xff,
    0xbd, 0xf7, 0xbd, 0xff, 0xbd, 0xff, 0xbd, 0xff, 0xbd, 0xff, 0xbd, 0xf7, 0xbd, 0xff, 0xbd, 0xff,
    0xbd, 0xf7, 0xbd, 0xf7, 0xbd, 0xff, 0xbd, 0xf7, 0xbd, 0xf7, 0xbd, 0xf7, 0xbd, 0xf7, 0xbd, 0xf7,
    0xbd, 0xf7, 0xbd, 0xf7, 0xbd, 0xf7, 0xbd, 0xff, 0xbd, 0xf7, 0xbd, 0xf7, 0xbd, 0xff, 0xbd, 0xf7,
    0xbd, 0xf7, 0xbd, 0xf7, 0x9d, 0xf7, 0x9d, 0xf7, 0x9d, 0xf7, 0x9d, 0xf7, 0x9d, 0xf7, 0x9d, 0xf7,
    0x9d, 0xf7, 0x9d, 0xf7, 0x9d, 0xf7, 0x9d, 0xf7, 0x9d, 0xf7, 0x9d, 0xf7, 0x9d, 0xf7, 0x9d, 0xf7,
    0x9d, 0xf7, 0x9d, 0xf7, 0x9d, 0xf7, 0x9d, 0xf7, 0x9d, 0xf7, 0x9d, 0xf7, 0x9d, 0xf7, 0x9d, 0xf7,
    0x9d, 0xf7, 0x9d, 0xf7, 0x9d, 0xf7, 0x9d, 0xf7, 0x9d, 0xf7, 0x9d, 0xf7, 0x9d, 0xf7, 0x9d, 0xf7,
    0x9d, 0xf7, 0x9d, 0xf7, 0x9d, 0xf7, 0x9d, 0xf7, 0x9d, 0xf7, 0x9d, 0xf7, 0x9d, 0xf7, 0x9d, 0xf7,
    0x9d, 0xf7, 0x7d, 0xf7, 0x7d, 0xf7, 0x7d, 0xf7, 0x7d, 0xf7, 0x7d, 0xf7, 0x7d, 0xf7, 0x7d, 0xef,
    0x7d, 0xef, 0x7d, 0xef, 0x7d, 0xef, 0x7d, 0xef, 0x7c, 0xef, 0x7c, 0xef, 0x7d, 0xef, 0x7d, 0xef,
    0x7d, 0xef, 0x7d, 0xef, 0x7c, 0xef, 0x7c, 0xef, 0x7c, 0xef, 0x7c, 0xef, 0x7c, 0xef, 0x7c, 0xef,
    0x7c, 0xef, 0x5c, 0xef, 0x5c, 0xef, 0x5c, 0xef, 0x5c, 0xef, 0x5c, 0xef, 0x5c, 0xef, 0x5c, 0xef,
    0x5c, 0xef, 0x5c, 0xef, 0x5c, 0xef, 0x5c, 0xef, 0x5c, 0xef, 0x5c, 0xef, 0x5c, 0xef, 0x5c, 0xef,
    0x5c, 0xef, 0x5c, 0xef, 0x5c, 0xef, 0x3c, 0xef, 0x3c, 0xef, 0x3c, 0xef, 0x3c, 0xef, 0x5c, 0xef,
    0x5c, 0xef, 0x3c, 0xef, 0x3c, 0xef, 0x3c, 0xef, 0x3c, 0xef, 0x3c, 0xef, 0x3c, 0xef, 0x3c, 0xef,
    0x3c, 0xef, 0x3c, 0xe7, 0x3c, 0xe7, 0x3c, 0xef, 0x3c, 0xef, 0x3c, 0xef, 0x3c, 0xef, 0x3c, 0xef,
    0x3c, 0xef, 0x3c, 0xef, 0x3c, 0xef, 0x3c, 0xe7, 0x3c, 0xe7, 0x3c, 0xe7, 0x3c, 0xe7, 0x3c, 0xe7,
    0x3c, 0xe7, 0x3c, 0xe7, 0x3c, 0xe7, 0x3c, 0xe7, 0x3c, 0xe7, 0x3c, 0xe7, 0x3c, 0xe7, 0x1c, 0xe7,
    0x1c, 0xe7, 0x1c, 0xe7, 0x1b, 0xe7, 0x1b, 0xe7, 0x1b, 0xe7, 0x1b, 0xe7, 0x1b, 0xe7, 0x1b, 0xe7,
    0x1b, 0xe7, 0x1b, 0xe7, 0x1b, 0xe7, 0x1b, 0xe7, 0x1b, 0xe7, 0x1b, 0xe7, 0x1b, 0xe7, 0x1b, 0xe7,
    0x1b, 0xe7, 0x1b, 0xe7, 0x1b, 0xe7, 0x1b, 0xe7, 0x1b, 0xe7, 0x1b, 0xe7, 0x1b, 0xe7, 0xfb, 0xe6,
    0xfb, 0xe6, 0xfb, 0xe6, 0xfb, 0xde, 0xfb, 0xde, 0xfb, 0xde, 0xfb, 0xde, 0xfb, 0xde, 0xfb, 0xde,
    0xfb, 0xde, 0xfb, 0xde, 0xfb, 0xde, 0xfb, 0xde, 0xdb, 0xde, 0xdb, 0xde, 0xdb, 0xde, 0xdb, 0xde,
    0xdb, 0xde, 0xda, 0xde, 0xdb, 0xde, 0xda, 0xde, 0xda, 0xde, 0xda, 0xde, 0xdb, 0xde, 0xda, 0xde,
    0xda, 0xde, 0xdb, 0xde, 0xdb, 0xde, 0xdb, 0xde, 0xda, 0xde, 0xda, 0xde, 0xdb, 0xde, 0xdb, 0xde,
    0xda, 0xde, 0xda, 0xd6, 0xda, 0xd6, 0xda, 0xde, 0xba, 0xd6, 0xba, 0xd6, 0xba, 0xd6, 0xba, 0xd6,
    0xba, 0xd6, 0xba, 0xd6, 0xba, 0xd6, 0xba, 0xd6, 0xba, 0xd6, 0xba, 0xd6, 0xba, 0xd6, 0xba, 0xd6,
    0xba, 0xd6, 0xba, 0xd6, 0xba, 0xd6, 0xba, 0xd6, 0xba, 0xd6, 0xba, 0xd6, 0xba, 0xd6, 0xba, 0xd6,
    0xba, 0xd6, 0xba, 0xd6, 0xba, 0xd6, 0x9a, 0xd6, 0x9a, 0xd6, 0x9a, 0xd6, 0x9a, 0xd6, 0x9a, 0xd6,
    0x9a, 0xd6, 0x9a, 0xd6, 0x9a, 0xd6, 0x9a, 0xd6, 0x9a, 0xd6, 0x9a, 0xd6, 0x9a, 0xd6, 0x9a, 0xd6,
    0x9a, 0xd6, 0x9a, 0xd6, 0x9a, 0xd6, 0x9a, 0xd6, 0x9a, 0xd6, 0x9a, 0xce, 0x9a, 0xce, 0x9a, 0xd6,
    0x9a, 0xce, 0x9a, 0xce, 0x9a, 0xce, 0x9a, 0xce, 0x9a, 0xce, 0x9a, 0xce, 0x9a, 0xce, 0x9a, 0xce,
    0x9a, 0xce, 0xdb, 0xd6, 0xfc, 0xd6, 0x9a, 0xce, 0xbb, 0xd6, 0xbb, 0xd6, 0xbb, 0xd6, 0xdb, 0xd6,
    0xff, 0xf7, 0xff, 0xff, 0xff, 0xff, 0xff, 0xff, 0xff, 0xff, 0xfe, 0xff, 0xfe, 0xff, 0xfe, 0xff,
    0xde, 0xff, 0xde, 0xff, 0xde, 0xff, 0xde, 0xff, 0xde, 0xff, 0xde, 0xff, 0xde, 0xff, 0xdd, 0xff,
    0xde, 0xff, 0xbd, 0xff, 0xdd, 0xff, 0xbe, 0xff, 0xbd, 0xff, 0xbd, 0xff, 0xbd, 0xff, 0xbd, 0xff,
    0xbd, 0xff, 0xbd, 0xff, 0xbd, 0xff, 0xbd, 0xff, 0xbd, 0xff, 0xbd, 0xff, 0xbd, 0xff, 0xbd, 0xff,
    0xbd, 0xff, 0xbe, 0xff, 0xbe, 0xff, 0xbd, 0xff, 0xbd, 0xff, 0xbd, 0xff, 0xbd, 0xff, 0xbd, 0xff,
    0xbd, 0xff, 0xbd, 0xff, 0xbd, 0xff, 0xbd, 0xff, 0xbd, 0xff, 0xbd, 0xff, 0xbd, 0xff, 0xbd, 0xff,
    0xbd, 0xff, 0xbd, 0xff, 0xbd, 0xff, 0xbd, 0xff, 0xbd, 0xff, 0xbd, 0xff, 0xbd, 0xff, 0xbd, 0xff,
    0xbd, 0xf7, 0xbd, 0xf7, 0xbd, 0xf7, 0xbd, 0xff, 0xbd, 0xff, 0xbd, 0xff, 0xbd, 0xf7, 0xbd, 0xff,
    0xbd, 0xff, 0xbd, 0xff, 0xbd, 0xf7, 0xbd, 0xf7, 0xbd, 0xf7, 0xbd, 0xf7, 0xbd, 0xf7, 0xbd, 0xf7,
    0xbd, 0xf7, 0xbd, 0xf7, 0xbd, 0xf7, 0xbd, 0xf7, 0xbd, 0xf7, 0xbd, 0xf7, 0xbd, 0xff, 0xbd, 0xf7,
    0xbd, 0xf7, 0xbd, 0xf7, 0x9d, 0xf7, 0x9d, 0xf7, 0x9d, 0xf7, 0x9d, 0xf7, 0x9d, 0xf7, 0x9d, 0xf7,
    0x9d, 0xf7, 0x9d, 0xf7, 0x9d, 0xf7, 0x9d, 0xf7, 0x9d, 0xf7, 0x9d, 0xf7, 0x9d, 0xf7, 0x9d, 0xf7,
    0x9d, 0xf7, 0x9d, 0xf7, 0x9d, 0xf7, 0x9d, 0xf7, 0x9d, 0xf7, 0x9d, 0xf7, 0x9d, 0xf7, 0x7d, 0xf7,
    0x9d, 0xf7, 0x9d, 0xf7, 0x9d, 0xf7, 0x9d, 0xf7, 0x9d, 0xf7, 0x9d, 0xf7, 0x9d, 0xf7, 0x9d, 0xf7,
    0x9d, 0xf7, 0x9d, 0xf7, 0x9d, 0xf7, 0x9d, 0xf7, 0x9d, 0xf7, 0x9d, 0xf7, 0x9d, 0xf7, 0x9d, 0xf7,
    0x7d, 0xf7, 0x7d, 0xf7, 0x7d, 0xf7, 0x7d, 0xf7, 0x7d, 0xef, 0x7d, 0xf7, 0x7d, 0xf7, 0x7d, 0xef,
    0x7d, 0xef, 0x7c, 0xef, 0x7c, 0xef, 0x7d, 0xef, 0x7c, 0xef, 0x7c, 0xef, 0x7c, 0xef, 0x7c, 0xef,
    0x7d, 0xef, 0x7c, 0xef, 0x7c, 0xef, 0x7c, 0xef, 0x7c, 0xef, 0x7c, 0xef, 0x7c, 0xef, 0x7c, 0xef,
    0x7c, 0xef, 0x5c, 0xef, 0x5c, 0xef, 0x5c, 0xef, 0x5c, 0xef, 0x5c, 0xef, 0x5c, 0xef, 0x5c, 0xef,
    0x5c, 0xef, 0x5c, 0xef, 0x5c, 0xef, 0x5c, 0xef, 0x5c, 0xef, 0x5c, 0xef, 0x5c, 0xef, 0x5c, 0xef,
    0x5c, 0xef, 0x5c, 0xef, 0x5c, 0xef, 0x3c, 0xef, 0x3c, 0xef, 0x3c, 0xef, 0x3c, 0xef, 0x5c, 0xef,
    0x3c, 0xef, 0x3c, 0xef, 0x3c, 0xef, 0x3c, 0xef, 0x3c, 0xef, 0x3c, 0xef, 0x3c, 0xef, 0x3c, 0xef,
    0x3c, 0xef, 0x3c, 0xef, 0x3c, 0xe7, 0x3c, 0xe7, 0x3c, 0xef, 0x3c, 0xef, 0x3c, 0xef, 0x3c, 0xef,
    0x3c, 0xef, 0x3c, 0xe7, 0x3c, 0xe7, 0x3c, 0xe7, 0x3c, 0xe7, 0x3c, 0xe7, 0x3c, 0xe7, 0x3c, 0xe7,
    0x3c, 0xe7, 0x3c, 0xe7, 0x3c, 0xe7, 0x1c, 0xe7, 0x3c, 0xe7, 0x1c, 0xe7, 0x3c, 0xe7, 0x1c, 0xe7,
    0x1c, 0xe7, 0x1c, 0xe7, 0x1b, 0xe7, 0x1b, 0xe7, 0x1b, 0xe7, 0x1b, 0xe7, 0x1b, 0xe7, 0x1c, 0xe7,
    0x1b, 0xe7, 0x1b, 0xe7, 0x1b, 0xe7, 0x1b, 0xe7, 0x1b, 0xe7, 0x1b, 0xe7, 0x1b, 0xe7, 0xfb, 0xe6,
    0x1b, 0xe7, 0x1b, 0xe7, 0x1b, 0xe7, 0x1b, 0xe7, 0x1c, 0xe7, 0x1b, 0xe7, 0x1b, 0xe7, 0xfb, 0xe6,
    0xfb, 0xe6, 0xfb, 0xe6, 0xfb, 0xde, 0xfb, 0xde, 0xfb, 0xde, 0xfb, 0xde, 0xfb, 0xde, 0xfb, 0xde,
    0xfb, 0xde, 0xfb, 0xde, 0xfb, 0xde, 0xfb, 0xde, 0xfb, 0xde, 0xfb, 0xde, 0xdb, 0xde, 0xdb, 0xde,
    0xdb, 0xde, 0xdb, 0xde, 0xdb, 0xde, 0xda, 0xde, 0xda, 0xde, 0xda, 0xde, 0xda, 0xde, 0xda, 0xde,
    0xda, 0xde, 0xda, 0xde, 0xda, 0xde, 0xda, 0xde, 0xdb, 0xde, 0xda, 0xde, 0xda, 0xde, 0xda, 0xde,
    0xda, 0xde, 0xda, 0xde, 0xda, 0xd6, 0xba, 0xd6, 0xba, 0xd6, 0xba, 0xd6, 0xba, 0xd6, 0xba, 0xd6,
    0xba, 0xd6, 0xba, 0xd6, 0xba, 0xd6, 0xba, 0xd6, 0xba, 0xd6, 0xba, 0xd6, 0xba, 0xd6, 0xba, 0xd6,
    0xba, 0xd6, 0xba, 0xd6, 0xba, 0xd6, 0xba, 0xd6, 0xba, 0xd6, 0xba, 0xd6, 0xba, 0xd6, 0xba, 0xd6,
    0xba, 0xd6, 0xba, 0xd6, 0xba, 0xd6, 0x9a, 0xd6, 0x9a, 0xd6, 0x9a, 0xd6, 0x9a, 0xd6, 0x9a, 0xd6,
    0x9a, 0xd6, 0x9a, 0xd6, 0x9a, 0xd6, 0x9a, 0xd6, 0x9a, 0xd6, 0x9a, 0xd6, 0x9a, 0xd6, 0x9a, 0xd6,
    0x9a, 0xd6, 0x9a, 0xd6, 0x9a, 0xd6, 0x9a, 0xd6, 0x9a, 0xd6, 0x9a, 0xd6, 0x9a, 0xd6, 0x9a, 0xce,
    0x9a, 0xce, 0x9a, 0xce, 0x9a, 0xce, 0x9a, 0xce, 0x9a, 0xce, 0x9a, 0xce, 0x9a, 0xce, 0x9a, 0xce,
    0x9a, 0xce, 0xfb, 0xd6, 0xdb, 0xd6, 0x9a, 0xce, 0xbb, 0xd6, 0xbb, 0xd6, 0xba, 0xd6, 0xdc, 0xd6,
    0xdf, 0xf7, 0xff, 0xff, 0xff, 0xff, 0xff, 0xff, 0xff, 0xff, 0xde, 0xff, 0xfe, 0xff, 0xfe, 0xff,
    0xde, 0xff, 0xde, 0xff, 0xde, 0xff, 0xde, 0xff, 0xde, 0xff, 0xde, 0xff, 0xde, 0xff, 0xde, 0xff,
    0xbd, 0xff, 0xbe, 0xff, 0xbd, 0xff, 0xbe, 0xff, 0xbd, 0xff, 0xbd, 0xff, 0xbd, 0xff, 0xbd, 0xff,
    0xbd, 0xff, 0xbd, 0xff, 0xbd, 0xff, 0xbd, 0xff, 0xbd, 0xff, 0xbd, 0xff, 0xbd, 0xff, 0xbd, 0xff,
    0xbd, 0xff, 0xbd, 0xff, 0xbd, 0xff, 0xbd, 0xff, 0xbd, 0xff, 0xbd, 0xff, 0xbd, 0xff, 0xbd, 0xff,
    0xbd, 0xff, 0xbd, 0xff, 0xbd, 0xff, 0xbd, 0xff, 0xbd, 0xff, 0xbd, 0xff, 0xbd, 0xff, 0xbd, 0xff,
    0xbd, 0xff, 0xbd, 0xff, 0xbd, 0xff, 0xbd, 0xff, 0xbd, 0xff, 0xbd, 0xff, 0xbd, 0xff, 0xbd, 0xf7,
    0xbd, 0xf7, 0xbd, 0xf7, 0xbd, 0xf7, 0xbd, 0xf7, 0xbd, 0xf7, 0xbd, 0xf7, 0xbd, 0xf7, 0xbd, 0xf7,
    0xbd, 0xf7, 0xbd, 0xf7, 0xbd, 0xf7, 0xbd, 0xf7, 0xbd, 0xf7, 0xbd, 0xf7, 0xbd, 0xf7, 0xbd, 0xf7,
    0xbd, 0xf7, 0xbd, 0xf7, 0xbd, 0xf7, 0xbd, 0xf7, 0x9d, 0xf7, 0xbd, 0xf7, 0xbd, 0xf7, 0xbd, 0xf7,
    0xbd, 0xf7, 0xbd, 0xf7, 0x9d, 0xf7, 0x9d, 0xf7, 0x9d, 0xf7, 0x9d, 0xf7, 0x9d, 0xf7, 0x9d, 0xf7,
    0x9d, 0xf7, 0x9d, 0xf7, 0x9d, 0xf7, 0x9d, 0xf7, 0x9d, 0xf7, 0x9d, 0xf7, 0x9d, 0xf7, 0x9d, 0xf7,
    0x9d, 0xf7, 0x9d, 0xf7, 0x9d, 0xf7, 0x9d, 0xf7, 0x9d, 0xf7, 0x9d, 0xf7, 0x9d, 0xf7, 0x7d, 0xf7,
    0x9d, 0xf7, 0x9d, 0xf7, 0x9d, 0xf7, 0x9d, 0xf7, 0x9d, 0xf7, 0x9d, 0xf7, 0x9d, 0xf7, 0x9d, 0xf7,
    0x9d, 0xf7, 0x9d, 0xf7, 0x9d, 0xf7, 0x9d, 0xf7, 0x9d, 0xf7, 0x9d, 0xf7, 0x9d, 0xf7, 0x9d, 0xf7,
    0x7d, 0xf7, 0x7d, 0xf7, 0x7d, 0xf7, 0x7d, 0xf7, 0x7d, 0xf7, 0x7d, 0xef, 0x7d, 0xf7, 0x7d, 0xef,
    0x7c, 0xef, 0x7c, 0xef, 0x7c, 0xef, 0x7c, 0xef, 0x7c, 0xef, 0x7c, 0xef, 0x7c, 0xef, 0x7c, 0xef,
    0x7d, 0xef, 0x7c, 0xef, 0x7c, 0xef, 0x7c, 0xef, 0x7d, 0xef, 0x7c, 0xef, 0x7c, 0xef, 0x7c, 0xef,
    0x5c, 0xef, 0x5c, 0xef, 0x5c, 0xef, 0x5c, 0xef, 0x5c, 0xef, 0x5c, 0xef, 0x5c, 0xef, 0x5c, 0xef,
    0x5c, 0xef, 0x5c, 0xef, 0x5c, 0xef, 0x5c, 0xef, 0x5c, 0xef, 0x5c, 0xef, 0x5c, 0xef, 0x5c, 0xef,
    0x5c, 0xef, 0x5c, 0xef, 0x5c, 0xef, 0x3c, 0xef, 0x3c, 0xef, 0x3c, 0xef, 0x3c, 0xef, 0x3c, 0xef,
    0x3c, 0xef, 0x3c, 0xe7, 0x3c, 0xef, 0x3c, 0xef, 0x3c, 0xef, 0x3c, 0xef, 0x3c, 0xef, 0x3c, 0xef,
    0x3c, 0xef, 0x3c, 0xef, 0x3c, 0xe7, 0x3c, 0xe7, 0x3c, 0xef, 0x3c, 0xef, 0x3c, 0xef, 0x3c, 0xef,
    0x3c, 0xef, 0x3c, 0xe7, 0x3c, 0xe7, 0x3c, 0xe7, 0x3c, 0xe7, 0x3c, 0xe7, 0x3c, 0xe7, 0x3c, 0xe7,
    0x3c, 0xe7, 0x3c, 0xe7, 0x3c, 0xe7, 0x3c, 0xe7, 0x3c, 0xe7, 0x3c, 0xe7, 0x3c, 0xe7, 0x1c, 0xe7,
    0x1c, 0xe7, 0x1c, 0xe7, 0x1b, 0xe7, 0x1b, 0xe7, 0x1b, 0xe7, 0x1b, 0xe7, 0x1b, 0xe7, 0x1b, 0xe7,
    0x1b, 0xe7, 0x1b, 0xe7, 0x1b, 0xe7, 0x1b, 0xe7, 0x1b, 0xe7, 0x1b, 0xe7, 0x1b, 0xe7, 0x1c, 0xe7,
    0x1b, 0xe7, 0x1b, 0xe7, 0x1b, 0xe7, 0x1b, 0xe7, 0x1b, 0xe7, 0x1b, 0xe7, 0x1b, 0xe7, 0x1b, 0xe7,
    0xfb, 0xe6, 0xfb, 0xde, 0xfb, 0xde, 0xfb, 0xe6, 0xfb, 0xe6, 0xfb, 0xde, 0xfb, 0xde, 0xfb, 0xde,
    0xfb, 0xde, 0xfb, 0xde, 0xfb, 0xde, 0xfb, 0xde, 0xfb, 0xde, 0xfb, 0xde, 0xdb, 0xde, 0xdb, 0xde,
    0xdb, 0xde, 0xda, 0xde, 0xda, 0xde, 0xdb, 0xde, 0xdb, 0xde, 0xda, 0xde, 0xda, 0xde, 0xda, 0xde,
    0xdb, 0xde, 0xda, 0xde, 0xda, 0xde, 0xda, 0xde, 0xdb, 0xde, 0xda, 0xde, 0xda, 0xde, 0xda, 0xde,
    0xda, 0xde, 0xba, 0xd6, 0xba, 0xd6, 0xba, 0xd6, 0xba, 0xd6, 0xba, 0xd6, 0xba, 0xd6, 0xba, 0xd6,
    0xba, 0xd6, 0xba, 0xd6, 0xba, 0xd6, 0xba, 0xd6, 0xba, 0xd6, 0xba, 0xd6, 0xba, 0xd6, 0xba, 0xd6,
    0xba, 0xd6, 0xba, 0xd6, 0xba, 0xd6, 0xba, 0xd6, 0xba, 0xd6, 0xba, 0xd6, 0xba, 0xd6, 0xba, 0xd6,
    0xba, 0xd6, 0xba, 0xd6, 0xba, 0xd6, 0xba, 0xd6, 0x9a, 0xd6, 0x9a, 0xd6, 0x9a, 0xd6, 0x9a, 0xd6,
    0x9a, 0xd6, 0x9a, 0xd6, 0x9a, 0xd6, 0x9a, 0xd6, 0x9a, 0xd6, 0x9a, 0xd6, 0x9a, 0xd6, 0x9a, 0xd6,
    0x9a, 0xd6, 0x9a, 0xd6, 0x9a, 0xd6, 0x9a, 0xd6, 0x9a, 0xce, 0x9a, 0xd6, 0x9a, 0xce, 0x9a, 0xce,
    0x9a, 0xce, 0x9a, 0xce, 0x9a, 0xce, 0x9a, 0xce, 0x9a, 0xce, 0x9a, 0xce, 0x9a, 0xce, 0x9a, 0xce,
    0x9a, 0xd6, 0xfc, 0xde, 0x9a, 0xce, 0x9a, 0xd6, 0xbb, 0xd6, 0xbb, 0xd6, 0xbb, 0xd6, 0xdc, 0xce,
    0xbe, 0xef, 0xdf, 0xf7, 0xff, 0xff, 0xff, 0xff, 0xff, 0xff, 0xde, 0xff, 0xde, 0xff, 0xfe, 0xff,
    0xfe, 0xff, 0xde, 0xff, 0xde, 0xff, 0xde, 0xff, 0xde, 0xff, 0xdd, 0xff, 0xdd, 0xff, 0xde, 0xff,
    0xde, 0xff, 0xdd, 0xff, 0xbd, 0xff, 0xbd, 0xff, 0xbd, 0xff, 0xbd, 0xff, 0xbd, 0xff, 0xbd, 0xff,
    0xbd, 0xff, 0xbd, 0xff, 0xbd, 0xff, 0xbd, 0xff, 0xbd, 0xff, 0xbd, 0xff, 0xbd, 0xff, 0xbd, 0xff,
    0xbd, 0xff, 0xbd, 0xff, 0xbd, 0xff, 0xbd, 0xff, 0xbd, 0xff, 0xbd, 0xff, 0xbd, 0xff, 0xbd, 0xff,
    0xbd, 0xff, 0xbd, 0xff, 0xbd, 0xff, 0xbd, 0xff, 0xbd, 0xff, 0xbd, 0xff, 0xbd, 0xff, 0xbd, 0xff,
    0xbd, 0xff, 0xbd, 0xff, 0xbd, 0xff, 0xbd, 0xff, 0xbd, 0xff, 0xbe, 0xff, 0xbd, 0xf7, 0xbd, 0xf7,
    0xbd, 0xf7, 0xbd, 0xf7, 0xbd, 0xf7, 0xbd, 0xf7, 0xbd, 0xf7, 0xbd, 0xf7, 0xbd, 0xf7, 0xbd, 0xff,
    0xbd, 0xff, 0xbd, 0xf7, 0xbd, 0xf7, 0xbd, 0xff, 0xbd, 0xf7, 0xbd, 0xf7, 0xbd, 0xff, 0xbd, 0xf7,
    0xbd, 0xf7, 0xbd, 0xf7, 0xbd, 0xf7, 0x9d, 0xf7, 0xbd, 0xf7, 0x9d, 0xf7, 0x9d, 0xf7, 0xbd, 0xf7,
    0xbd, 0xf7, 0xbd, 0xf7, 0x9d, 0xf7, 0x9d, 0xf7, 0x9d, 0xf7, 0x9d, 0xf7, 0x9d, 0xf7, 0x9d, 0xf7,
    0x9d, 0xf7, 0x9d, 0xf7, 0x9d, 0xf7, 0x9d, 0xf7, 0x9d, 0xf7, 0x9d, 0xf7, 0x9d, 0xf7, 0x9d, 0xf7,
    0x9d, 0xf7, 0x9d, 0xf7, 0x9d, 0xf7, 0x9d, 0xf7, 0x9d, 0xf7, 0x9d, 0xf7, 0x9d, 0xf7, 0x9d, 0xf7,
    0x9d, 0xf7, 0x9d, 0xf7, 0x9d, 0xf7, 0x9d, 0xf7, 0x9d, 0xf7, 0x9d, 0xf7, 0x9d, 0xf7, 0x9d, 0xf7,
    0x9d, 0xf7, 0x9d, 0xf7, 0x7d, 0xf7, 0x7d, 0xf7, 0x7d, 0xf7, 0x9d, 0xf7, 0x7d, 0xf7, 0x7d, 0xf7,
    0x7d, 0xef, 0x7d, 0xf7, 0x7d, 0xef, 0x7d, 0xef, 0x7d, 0xef, 0x7d, 0xf7, 0x7d, 0xf7, 0x7d, 0xef,
    0x7c, 0xef, 0x7c, 0xef, 0x7c, 0xef, 0x7d, 0xef, 0x7c, 0xef, 0x7c, 0xef, 0x7c, 0xef, 0x7d, 0xef,
    0x7c, 0xef, 0x7c, 0xef, 0x7c, 0xef, 0x7c, 0xef, 0x7d, 0xef, 0x7c, 0xef, 0x5c, 0xef, 0x5c, 0xef,
    0x5c, 0xef, 0x5c, 0xef, 0x5c, 0xef, 0x5c, 0xef, 0x5c, 0xef, 0x5c, 0xef, 0x5c, 0xef, 0x5c, 0xef,
    0x5c, 0xef, 0x5c, 0xef, 0x5c, 0xef, 0x5c, 0xef, 0x5c, 0xef, 0x5c, 0xef, 0x5c, 0xef, 0x5c, 0xef,
    0x5c, 0xef, 0x5c, 0xef, 0x5c, 0xef, 0x3c, 0xef, 0x3c, 0xef, 0x3c, 0xe7, 0x3c, 0xe7, 0x3c, 0xe7,
    0x3c, 0xe7, 0x3c, 0xe7, 0x3c, 0xef, 0x3c, 0xe7, 0x3c, 0xe7, 0x3c, 0xef, 0x3c, 0xe7, 0x3c, 0xe7,
    0x3c, 0xef, 0x3c, 0xe7, 0x3c, 0xe7, 0x3c, 0xe7, 0x3c, 0xe7, 0x3c, 0xe7, 0x3c, 0xe7, 0x3c, 0xe7,
    0x3c, 0xe7, 0x3c, 0xe7, 0x3c, 0xe7, 0x3c, 0xe7, 0x3c, 0xe7, 0x3c, 0xe7, 0x3c, 0xe7, 0x3c, 0xe7,
    0x3c, 0xe7, 0x3c, 0xe7, 0x3c, 0xe7, 0x3c, 0xe7, 0x1c, 0xe7, 0x1c, 0xe7, 0x1c, 0xe7, 0x1c, 0xe7,
    0x1c, 0xe7, 0x1c, 0xe7, 0x1b, 0xe7, 0x1b, 0xe7, 0x1b, 0xe7, 0x1b, 0xe7, 0x1b, 0xe7, 0x1b, 0xe7,
    0x1b, 0xe7, 0x1b, 0xe7, 0x1b, 0xe7, 0x1b, 0xe7, 0xfb, 0xe6, 0x1b, 0xe7, 0x1b, 0xe7, 0x1b, 0xe7,
    0x1b, 0xe7, 0x1b, 0xe7, 0x1b, 0xe7, 0x1b, 0xe7, 0x1b, 0xe7, 0x1b, 0xe7, 0x1b, 0xe7, 0x1b, 0xe7,
    0xfb, 0xe6, 0xfb, 0xde, 0xfb, 0xde, 0xfb, 0xde, 0xfb, 0xde, 0xfb, 0xde, 0xfb, 0xde, 0xfb, 0xde,
    0xfb, 0xde, 0xfb, 0xde, 0xfb, 0xde, 0xfb, 0xde, 0xfb, 0xde, 0xfb, 0xde, 0xdb, 0xde, 0xdb, 0xde,
    0xda, 0xde, 0xda, 0xde, 0xdb, 0xde, 0xda, 0xde, 0xda, 0xde, 0xda, 0xde, 0xda, 0xde, 0xdb, 0xde,
    0xda, 0xde, 0xda, 0xde, 0xda, 0xde, 0xda, 0xde, 0xda, 0xde, 0xda, 0xde, 0xda, 0xde, 0xda, 0xde,
    0xba, 0xd6, 0xba, 0xd6, 0xba, 0xd6, 0xba, 0xd6, 0xba, 0xd6, 0xba, 0xd6, 0xba, 0xd6, 0xba, 0xd6,
    0xba, 0xd6, 0xba, 0xd6, 0xba, 0xd6, 0xba, 0xd6, 0xba, 0xd6, 0xba, 0xd6, 0xba, 0xd6, 0xba, 0xd6,
    0xba, 0xd6, 0xba, 0xd6, 0xba, 0xd6, 0xba, 0xd6, 0xba, 0xd6, 0xba, 0xd6, 0xba, 0xd6, 0xba, 0xd6,
    0xba, 0xd6, 0xba, 0xd6, 0xba, 0xd6, 0xba, 0xd6, 0x9a, 0xd6, 0x9a, 0xd6, 0x9a, 0xd6, 0x9a, 0xd6,
    0x9a, 0xd6, 0x9a, 0xd6, 0x9a, 0xd6, 0x9a, 0xd6, 0x9a, 0xd6, 0x9a, 0xd6, 0x9a, 0xd6, 0x9a, 0xd6,
    0x9a, 0xd6, 0x9a, 0xd6, 0x9a, 0xd6, 0x9a, 0xd6, 0x9a, 0xd6, 0x9a, 0xd6, 0x9a, 0xce, 0x9a, 0xce,
    0x9a, 0xce, 0xba, 0xce, 0x9a, 0xce, 0x9a, 0xce, 0x9a, 0xce, 0x9a, 0xce, 0x9a, 0xce, 0x9a, 0xce,
    0xba, 0xd6, 0xfc, 0xd6, 0x9a, 0xce, 0xba, 0xd6, 0xbb, 0xd6, 0xba, 0xd6, 0xbb, 0xd6, 0xfd, 0xce,
    0x9e, 0xe7, 0xde, 0xf7, 0xff, 0xff, 0xff, 0xff, 0xff, 0xff, 0xff, 0xff, 0xde, 0xff, 0xde, 0xff,
    0xde, 0xff, 0xde, 0xff, 0xde, 0xff, 0xdd, 0xff, 0xde, 0xff, 0xde, 0xff, 0xdd, 0xff, 0xdd, 0xff,
    0xdd, 0xff, 0xdd, 0xff, 0xbd, 0xff, 0xbd, 0xff, 0xbd, 0xff, 0xbd, 0xff, 0xbe, 0xff, 0xbd, 0xff,
    0xbd, 0xff, 0xbd, 0xff, 0xbd, 0xff, 0xbd, 0xff, 0xbe, 0xff, 0xbd, 0xff, 0xbd, 0xff, 0xbd, 0xff,
    0xbe, 0xff, 0xbe, 0xff, 0xbd, 0xff, 0xbd, 0xff, 0xbd, 0xff, 0xbd, 0xff, 0xbd, 0xff, 0xbd, 0xff,
    0xbd, 0xff, 0xbd, 0xff, 0xbd, 0xff, 0xbd, 0xff, 0xbd, 0xff, 0xbd, 0xff, 0xbd, 0xff, 0xbd, 0xff,
    0xbd, 0xff, 0xbd, 0xff, 0xbd, 0xff, 0xbd, 0xff, 0xbd, 0xff, 0xbd, 0xf7, 0xbd, 0xf7, 0xbd, 0xf7,
    0xbd, 0xff, 0xbd, 0xf7, 0xbd, 0xf7, 0xbd, 0xf7, 0xbd, 0xf7, 0xbd, 0xf7, 0xbd, 0xf7, 0xbd, 0xf7,
    0xbd, 0xf7, 0xbd, 0xf7, 0xbd, 0xf7, 0xbd, 0xf7, 0xbd, 0xf7, 0x9d, 0xff, 0x9d, 0xf7, 0xbd, 0xf7,
    0x9d, 0xf7, 0x9d, 0xf7, 0x9d, 0xf7, 0x9d, 0xf7, 0x9d, 0xf7, 0x9d, 0xf7, 0x9d, 0xf7, 0x9d, 0xf7,
    0x9d, 0xf7, 0x9d, 0xf7, 0x9d, 0xf7, 0x9d, 0xf7, 0x9d, 0xf7, 0x9d, 0xf7, 0x9d, 0xf7, 0x9d, 0xf7,
    0x9d, 0xf7, 0x9d, 0xf7, 0x9d, 0xf7, 0x9d, 0xf7, 0x9d, 0xf7, 0x9d, 0xf7, 0x9d, 0xf7, 0x9d, 0xf7,
    0x9d, 0xf7, 0x9d, 0xf7, 0x9d, 0xf7, 0x9d, 0xf7, 0x9d, 0xf7, 0x9d, 0xf7, 0x9d, 0xf7, 0x9d, 0xf7,
    0x9d, 0xf7, 0x9d, 0xf7, 0x9d, 0xf7, 0x9d, 0xf7, 0x9d, 0xf7, 0x9d, 0xf7, 0x9d, 0xf7, 0x9d, 0xf7,
    0x9d, 0xf7, 0x9d, 0xf7, 0x7d, 0xf7, 0x7d, 0xf7, 0x7d, 0xef, 0x7d, 0xf7, 0x7d, 0xf7, 0x7d, 0xf7,
    0x7d, 0xef, 0x7d, 0xf7, 0x7d, 0xef, 0x7d, 0xef, 0x7d, 0xef, 0x7d, 0xef, 0x7d, 0xef, 0x7d, 0xef,
    0x7c, 0xef, 0x7c, 0xef, 0x7c, 0xef, 0x7d, 0xef, 0x7c, 0xef, 0x7c, 0xef, 0x7c, 0xef, 0x7c, 0xef,
    0x7d, 0xef, 0x7d, 0xef, 0x7d, 0xef, 0x7d, 0xef, 0x7c, 0xef, 0x5c, 0xef, 0x5c, 0xef, 0x5c, 0xef,
    0x5c, 0xef, 0x5c, 0xef, 0x5c, 0xef, 0x5c, 0xef, 0x5c, 0xef, 0x5c, 0xef, 0x5c, 0xef, 0x5c, 0xef,
    0x5c, 0xef, 0x5c, 0xef, 0x5c, 0xef, 0x5c, 0xef, 0x5c, 0xef, 0x5c, 0xef, 0x5c, 0xef, 0x5c, 0xef,
    0x5c, 0xef, 0x5c, 0xef, 0x5c, 0xef, 0x3c, 0xef, 0x3c, 0xef, 0x3c, 0xef, 0x3c, 0xef, 0x3c, 0xef,
    0x3c, 0xe7, 0x3c, 0xef, 0x3c, 0xe7, 0x3c, 0xef, 0x3c, 0xe7, 0x3c, 0xe7, 0x3c, 0xef, 0x3c, 0xe7,
    0x3c, 0xe7, 0x3c, 0xe7, 0x3c, 0xe7, 0x3c, 0xe7, 0x3c, 0xe7, 0x3c, 0xe7, 0x3c, 0xe7, 0x3c, 0xe7,
    0x3c, 0xe7, 0x3c, 0xe7, 0x3c, 0xe7, 0x3c, 0xe7, 0x3c, 0xe7, 0x3c, 0xe7, 0x3c, 0xe7, 0x3c, 0xe7,
    0x3c, 0xe7, 0x3c, 0xe7, 0x3c, 0xe7, 0x3c, 0xe7, 0x3c, 0xe7, 0x1c, 0xe7, 0x1c, 0xe7, 0x1b, 0xe7,
    0x1c, 0xe7, 0x1c, 0xe7, 0x1b, 0xe7, 0x1b, 0xe7, 0x1b, 0xe7, 0x1c, 0xe7, 0x1b, 0xe7, 0x1b, 0xe7,
    0x1b, 0xe7, 0x1b, 0xe7, 0x1b, 0xe7, 0x1b, 0xe7, 0x1b, 0xe7, 0x1b, 0xe7, 0x1c, 0xe7, 0x1b, 0xe7,
    0x1b, 0xe7, 0x1b, 0xe7, 0x1b, 0xe7, 0x1b, 0xe7, 0x1b, 0xe7, 0x1b, 0xe7, 0x1b, 0xe7, 0x1b, 0xe7,
    0xfb, 0xe6, 0xfb, 0xde, 0xfb, 0xde, 0xfb, 0xde, 0xfb, 0xde, 0xfb, 0xde, 0xfb, 0xde, 0xfb, 0xde,
    0xfb, 0xde, 0xfb, 0xde, 0xfb, 0xde, 0xdb, 0xde, 0xdb, 0xde, 0xdb, 0xde, 0xdb, 0xde, 0xdb, 0xde,
    0xdb, 0xde, 0xdb, 0xde, 0xda, 0xde, 0xda, 0xde, 0xda, 0xde, 0xda, 0xde, 0xdb, 0xde, 0xdb, 0xde,
    0xda, 0xde, 0xda, 0xde, 0xda, 0xde, 0xda, 0xde, 0xda, 0xde, 0xda, 0xde, 0xda, 0xd6, 0xda, 0xd6,
    0xba, 0xd6, 0xba, 0xd6, 0xba, 0xd6, 0xba, 0xd6, 0xba, 0xd6, 0xba, 0xd6, 0xba, 0xd6, 0xba, 0xd6,
    0xba, 0xd6, 0xba, 0xd6, 0xba, 0xd6, 0xba, 0xd6, 0xba, 0xd6, 0xba, 0xd6, 0xba, 0xd6, 0xba, 0xd6,
    0xba, 0xd6, 0xba, 0xd6, 0xba, 0xd6, 0xba, 0xd6, 0xba, 0xd6, 0xba, 0xd6, 0xba, 0xd6, 0xba, 0xd6,
    0xba, 0xd6, 0xba, 0xd6, 0xba, 0xd6, 0xba, 0xd6, 0x9a, 0xd6, 0x9a, 0xd6, 0x9a, 0xd6, 0x9a, 0xd6,
    0x9a, 0xd6, 0x9a, 0xd6, 0x9a, 0xd6, 0x9a, 0xd6, 0x9a, 0xd6, 0x9a, 0xd6, 0x9a, 0xd6, 0x9a, 0xd6,
    0x9a, 0xd6, 0x9a, 0xd6, 0x9a, 0xd6, 0x9a, 0xd6, 0x9a, 0xd6, 0x9a, 0xd6, 0x99, 0xd6, 0x9a, 0xd6,
    0x9a, 0xce, 0x99, 0xce, 0x9a, 0xce, 0x9a, 0xce, 0x9a, 0xce, 0x9a, 0xce, 0x9a, 0xce, 0x79, 0xce,
    0xfb, 0xd6, 0xdb, 0xd6, 0x9a, 0xce, 0xba, 0xd6, 0xbb, 0xd6, 0xba, 0xd6, 0xdc, 0xce, 0xfd, 0xce,
    0xbe, 0xf7, 0x9e, 0xef, 0xff, 0xff, 0xff, 0xff, 0xff, 0xff, 0xff, 0xff, 0xde, 0xff, 0xde, 0xff,
    0xde, 0xff, 0xde, 0xff, 0xde, 0xff, 0xde, 0xff, 0xde, 0xff, 0xde, 0xff, 0xde, 0xff, 0xde, 0xff,
    0xbd, 0xff, 0xde, 0xff, 0xbe, 0xff, 0xbd, 0xff, 0xbd, 0xff, 0xbd, 0xff, 0xbd, 0xff, 0xbd, 0xff,
    0xbd, 0xff, 0xbd, 0xff, 0xbd, 0xff, 0xbd, 0xff, 0xbe, 0xff, 0xbd, 0xff, 0xdd, 0xff, 0xbd, 0xff,
    0xbd, 0xff, 0xbd, 0xff, 0xbd, 0xff, 0xbd, 0xff, 0xbd, 0xff, 0xbd, 0xff, 0xbd, 0xff, 0xbd, 0xff,
    0xbd, 0xff, 0xbd, 0xff, 0xbd, 0xff, 0xbd, 0xff, 0xbe, 0xff, 0xbd, 0xff, 0xbd, 0xff, 0xbd, 0xff,
    0xbd, 0xff, 0xbd, 0xff, 0xbd, 0xff, 0xbd, 0xff, 0xbd, 0xff, 0xbd, 0xf7, 0xbd, 0xf7, 0xbd, 0xf7,
    0xbd, 0xff, 0xbd, 0xf7, 0xbd, 0xf7, 0xbd, 0xf7, 0xbd, 0xf7, 0xbd, 0xf7, 0xbd, 0xf7, 0xbd, 0xf7,
    0xbd, 0xf7, 0xbd, 0xf7, 0xbd, 0xf7, 0x9d, 0xf7, 0x9d, 0xf7, 0x9d, 0xff, 0x9d, 0xf7, 0x9d, 0xf7,
    0x9d, 0xf7, 0x9d, 0xf7, 0x9d, 0xf7, 0x9d, 0xf7, 0x9d, 0xf7, 0x9d, 0xf7, 0x9d, 0xf7, 0x9d, 0xf7,
    0x9d, 0xf7, 0x9d, 0xf7, 0x9d, 0xf7, 0x9d, 0xf7, 0x9d, 0xf7, 0x9d, 0xf7, 0x9d, 0xf7, 0x9d, 0xf7,
    0x9d, 0xf7, 0x9d, 0xf7, 0x9d, 0xf7, 0x9d, 0xf7, 0x9d, 0xf7, 0x9d, 0xf7, 0x9d, 0xf7, 0x9d, 0xf7,
    0x9d, 0xf7, 0x9d, 0xf7, 0x9d, 0xf7, 0x9d, 0xf7, 0x9d, 0xf7, 0x9d, 0xf7, 0x7d, 0xf7, 0x9d, 0xf7,
    0x9d, 0xf7, 0x9d, 0xf7, 0x9d, 0xf7, 0x9d, 0xf7, 0x9d, 0xf7, 0x9d, 0xf7, 0x9d, 0xf7, 0x9d, 0xf7,
    0x9d, 0xf7, 0x9d, 0xf7, 0x7d, 0xf7, 0x7d, 0xf7, 0x7d, 0xef, 0x7d, 0xef, 0x7d, 0xef, 0x7d, 0xf7,
    0x7d, 0xef, 0x7d, 0xf7, 0x7d, 0xef, 0x7d, 0xef, 0x7d, 0xef, 0x7d, 0xef, 0x7d, 0xef, 0x7d, 0xef,
    0x7c, 0xef, 0x7c, 0xef, 0x7c, 0xef, 0x7c, 0xef, 0x7c, 0xef, 0x7c, 0xef, 0x7c, 0xef, 0x7d, 0xef,
    0x7d, 0xef, 0x7c, 0xef, 0x7c, 0xef, 0x7c, 0xef, 0x5c, 0xef, 0x5c, 0xef, 0x5c, 0xef, 0x5c, 0xef,
    0x5c, 0xef, 0x5c, 0xef, 0x5c, 0xef, 0x5c, 0xef, 0x5c, 0xef, 0x5c, 0xef, 0x5c, 0xef, 0x5c, 0xef,
    0x5c, 0xef, 0x5c, 0xef, 0x5c, 0xef, 0x5c, 0xef, 0x5c, 0xef, 0x5c, 0xef, 0x5c, 0xef, 0x5c, 0xef,
    0x5c, 0xef, 0x5c, 0xef, 0x5c, 0xef, 0x5c, 0xef, 0x3c, 0xef, 0x3c, 0xef, 0x3c, 0xef, 0x3c, 0xef,
    0x3c, 0xe7, 0x3c, 0xe7, 0x3c, 0xe7, 0x3c, 0xe7, 0x3c, 0xe7, 0x3c, 0xef, 0x3c, 0xe7, 0x3c, 0xe7,
    0x3c, 0xe7, 0x3c, 0xe7, 0x3c, 0xe7, 0x3c, 0xe7, 0x3c, 0xe7, 0x3c, 0xe7, 0x3c, 0xe7, 0x3c, 0xe7,
    0x3c, 0xe7, 0x3c, 0xe7, 0x3c, 0xe7, 0x3c, 0xe7, 0x3c, 0xe7, 0x3c, 0xe7, 0x3c, 0xe7, 0x3c, 0xe7,
    0x3c, 0xe7, 0x3c, 0xe7, 0x3c, 0xe7, 0x3c, 0xe7, 0x3c, 0xe7, 0x1c, 0xe7, 0x1c, 0xe7, 0x1b, 0xe7,
    0x1c, 0xe7, 0x1c, 0xe7, 0x1b, 0xe7, 0x1b, 0xe7, 0x1b, 0xe7, 0x1b, 0xe7, 0x1b, 0xe7, 0x1c, 0xe7,
    0x1b, 0xe7, 0x1b, 0xe7, 0x1b, 0xe7, 0xfb, 0xe6, 0x1b, 0xe7, 0x1b, 0xe7, 0x1c, 0xe7, 0x1b, 0xe7,
    0x1b, 0xe7, 0x1b, 0xe7, 0x1b, 0xe7, 0x1b, 0xe7, 0xfb, 0xe6, 0x1b, 0xe7, 0xfb, 0xe6, 0xfb, 0xde,
    0xfb, 0xde, 0xfb, 0xde, 0xfb, 0xde, 0xfb, 0xde, 0xfb, 0xde, 0xfb, 0xde, 0xfb, 0xde, 0xfb, 0xde,
    0xfb, 0xde, 0xfb, 0xde, 0xfb, 0xde, 0xdb, 0xde, 0xdb, 0xde, 0xdb, 0xde, 0xdb, 0xde, 0xdb, 0xde,
    0xda, 0xde, 0xda, 0xde, 0xda, 0xde, 0xdb, 0xde, 0xdb, 0xde, 0xdb, 0xde, 0xda, 0xde, 0xdb, 0xde,
    0xda, 0xde, 0xdb, 0xde, 0xda, 0xde, 0xda, 0xde, 0xda, 0xd6, 0xda, 0xde, 0xda, 0xd6, 0xba, 0xd6,
    0xba, 0xd6, 0xba, 0xd6, 0xba, 0xd6, 0xba, 0xd6, 0xba, 0xd6, 0xba, 0xd6, 0xba, 0xd6, 0xba, 0xd6,
    0xba, 0xd6, 0xba, 0xd6, 0xba, 0xd6, 0xba, 0xd6, 0xba, 0xd6, 0xba, 0xd6, 0xba, 0xd6, 0xba, 0xd6,
    0xba, 0xd6, 0xba, 0xd6, 0xba, 0xd6, 0xba, 0xd6, 0xba, 0xd6, 0xba, 0xd6, 0xba, 0xd6, 0xba, 0xd6,
    0xba, 0xd6, 0xba, 0xd6, 0xba, 0xd6, 0xba, 0xd6, 0x9a, 0xd6, 0x9a, 0xd6, 0x9a, 0xd6, 0x9a, 0xd6,
    0x9a, 0xce, 0x9a, 0xd6, 0x9a, 0xd6, 0x9a, 0xd6, 0x9a, 0xd6, 0x9a, 0xd6, 0x9a, 0xd6, 0x9a, 0xd6,
    0x9a, 0xd6, 0x9a, 0xd6, 0x9a, 0xd6, 0x9a, 0xd6, 0x9a, 0xd6, 0x9a, 0xd6, 0x9a, 0xd6, 0x9a, 0xd6,
    0xba, 0xd6, 0x9a, 0xd6, 0x9a, 0xce, 0x9a, 0xd6, 0x9a, 0xce, 0x9a, 0xce, 0x9a, 0xce, 0x9a, 0xce,
    0x1c, 0xdf, 0x9a, 0xce, 0x9a, 0xd6, 0xba, 0xd6, 0xbb, 0xd6, 0xbb, 0xd6, 0xdc, 0xce, 0xdc, 0xce,
    0xff, 0xff, 0x7e, 0xe7, 0xde, 0xf7, 0xff, 0xff, 0xff, 0xff, 0xff, 0xff, 0xde, 0xff, 0xde, 0xf7,
    0xde, 0xff, 0xde, 0xff, 0xde, 0xff, 0xde, 0xff, 0xde, 0xff, 0xde, 0xff, 0xbe, 0xff, 0xbe, 0xff,
    0xbe, 0xff, 0xbe, 0xff, 0xbd, 0xff, 0xbd, 0xff, 0xbd, 0xff, 0xbd, 0xff, 0xbd, 0xff, 0xbd, 0xff,
    0xbd, 0xff, 0xbe, 0xff, 0xbd, 0xff, 0xbd, 0xff, 0xbe, 0xff, 0xde, 0xff, 0xde, 0xff, 0xbe, 0xff,
    0xde, 0xff, 0xbd, 0xff, 0xbe, 0xff, 0xbe, 0xff, 0xbe, 0xff, 0xbe, 0xff, 0xbd, 0xff, 0xbd, 0xff,
    0xbd, 0xff, 0xbe, 0xff, 0xbd, 0xff, 0xbe, 0xff, 0xbd, 0xff, 0xbd, 0xff, 0xbd, 0xff, 0xbd, 0xff,
    0xbd, 0xff, 0xbd, 0xff, 0xbd, 0xff, 0xbd, 0xff, 0xbd, 0xff, 0xbd, 0xf7, 0xbd, 0xff, 0xbd, 0xf7,
    0xbd, 0xf7, 0xbd, 0xf7, 0xbd, 0xf7, 0xbd, 0xf7, 0xbd, 0xf7, 0xbd, 0xf7, 0xbd, 0xf7, 0xbd, 0xf7,
    0xbd, 0xf7, 0x9d, 0xf7, 0x9d, 0xf7, 0x9d, 0xf7, 0x9d, 0xf7, 0x9d, 0xf7, 0x9d, 0xf7, 0x9d, 0xf7,
    0x9d, 0xf7, 0x9d, 0xf7, 0x9d, 0xf7, 0x9d, 0xf7, 0x9d, 0xf7, 0x9d, 0xf7, 0x9d, 0xf7, 0x9d, 0xf7,
    0x9d, 0xf7, 0x9d, 0xf7, 0x9d, 0xf7, 0x9d, 0xf7, 0x9d, 0xf7, 0x9d, 0xf7, 0x9d, 0xf7, 0x9d, 0xf7,
    0x9d, 0xf7, 0x9d, 0xf7, 0x9d, 0xf7, 0x9d, 0xf7, 0x9d, 0xf7, 0x9d, 0xf7, 0x9d, 0xf7, 0x9d, 0xf7,
    0x9d, 0xf7, 0x9d, 0xf7, 0x9d, 0xf7, 0x7d, 0xf7, 0x9d, 0xf7, 0x7d, 0xf7, 0x9d, 0xf7, 0x9d, 0xf7,
    0x9d, 0xf7, 0x9d, 0xf7, 0x9d, 0xf7, 0x9d, 0xf7, 0x7d, 0xf7, 0x9d, 0xf7, 0x9d, 0xf7, 0x7d, 0xf7,
    0x7d, 0xf7, 0x9d, 0xf7, 0x7d, 0xf7, 0x7d, 0xf7, 0x7d, 0xef, 0x7d, 0xef, 0x7d, 0xef, 0x7d, 0xef,
    0x7d, 0xef, 0x7d, 0xef, 0x7d, 0xef, 0x7d, 0xef, 0x7d, 0xef, 0x7c, 0xef, 0x7c, 0xef, 0x7d, 0xef,
    0x7c, 0xef, 0x7c, 0xef, 0x7c, 0xef, 0x7c, 0xef, 0x7c, 0xef, 0x7c, 0xef, 0x7c, 0xef, 0x7d, 0xef,
    0x7d, 0xef, 0x7d, 0xef, 0x7d, 0xef, 0x7c, 0xef, 0x7c, 0xef, 0x5c, 0xef, 0x5c, 0xef, 0x5c, 0xef,
    0x5c, 0xef, 0x5c, 0xef, 0x5c, 0xef, 0x5c, 0xef, 0x5c, 0xef, 0x5c, 0xef, 0x5c, 0xef, 0x5c, 0xef,
    0x5c, 0xef, 0x5c, 0xef, 0x5c, 0xef, 0x5c, 0xef, 0x5c, 0xef, 0x5c, 0xef, 0x5c, 0xef, 0x5c, 0xef,
    0x5c, 0xef, 0x5c, 0xef, 0x5c, 0xef, 0x5c, 0xef, 0x3c, 0xef, 0x3c, 0xef, 0x3c, 0xef, 0x3c, 0xef,
    0x3c, 0xef, 0x3c, 0xef, 0x3c, 0xe7, 0x3c, 0xe7, 0x3c, 0xe7, 0x3c, 0xe7, 0x3c, 0xe7, 0x3c, 0xe7,
    0x3c, 0xe7, 0x3c, 0xe7, 0x3c, 0xe7, 0x3c, 0xe7, 0x3c, 0xe7, 0x3c, 0xe7, 0x3c, 0xe7, 0x3c, 0xe7,
    0x3c, 0xe7, 0x3c, 0xe7, 0x3c, 0xe7, 0x3c, 0xe7, 0x3c, 0xe7, 0x3c, 0xe7, 0x3c, 0xe7, 0x3c, 0xe7,
    0x3c, 0xe7, 0x3c, 0xe7, 0x3c, 0xe7, 0x3c, 0xe7, 0x1c, 0xe7, 0x1c, 0xe7, 0x1b, 0xe7, 0x1c, 0xe7,
    0x1b, 0xe7, 0x1b, 0xe7, 0x1c, 0xe7, 0x1b, 0xe7, 0x1b, 0xe7, 0x1b, 0xe7, 0x1b, 0xe7, 0x1b, 0xe7,
    0x1b, 0xe7, 0x1b, 0xe7, 0xfb, 0xe6, 0xfb, 0xe6, 0x1b, 0xe7, 0x1b, 0xe7, 0x1b, 0xe7, 0x1b, 0xe7,
    0x1b, 0xe7, 0x1b, 0xe7, 0x1b, 0xe7, 0x1b, 0xe7, 0x1b, 0xe7, 0xfb, 0xde, 0xfb, 0xde, 0xfb, 0xde,
    0xfb, 0xde, 0xfb, 0xde, 0xfb, 0xde, 0xfb, 0xe6, 0xfb, 0xde, 0xfb, 0xde, 0xfb, 0xde, 0xfb, 0xde,
    0xfb, 0xde, 0xdb, 0xde, 0xdb, 0xde, 0xdb, 0xde, 0xdb, 0xde, 0xdb, 0xde, 0xdb, 0xde, 0xda, 0xde,
    0xda, 0xde, 0xda, 0xde, 0xdb, 0xde, 0xdb, 0xde, 0xdb, 0xde, 0xda, 0xde, 0xda, 0xde, 0xdb, 0xde,
    0xda, 0xde, 0xda, 0xde, 0xda, 0xde, 0xda, 0xde, 0xda, 0xde, 0xda, 0xde, 0xda, 0xde, 0xba, 0xd6,
    0xba, 0xd6, 0xba, 0xd6, 0xba, 0xd6, 0xba, 0xd6, 0xba, 0xd6, 0xba, 0xd6, 0xba, 0xd6, 0xba, 0xd6,
    0xba, 0xd6, 0xba, 0xd6, 0xba, 0xd6, 0xba, 0xd6, 0xba, 0xd6, 0xba, 0xd6, 0xba, 0xd6, 0xba, 0xd6,
    0xba, 0xd6, 0xba, 0xd6, 0xba, 0xd6, 0xba, 0xd6, 0xba, 0xd6, 0xba, 0xd6, 0xba, 0xd6, 0xba, 0xd6,
    0xba, 0xd6, 0xba, 0xd6, 0xba, 0xd6, 0xba, 0xd6, 0xba, 0xd6, 0x9a, 0xd6, 0x9a, 0xd6, 0x9a, 0xd6,
    0x9a, 0xd6, 0x9a, 0xd6, 0x9a, 0xd6, 0x9a, 0xd6, 0x9a, 0xd6, 0x9a, 0xd6, 0x9a, 0xd6, 0x9a, 0xd6,
    0x9a, 0xd6, 0x9a, 0xd6, 0x9a, 0xd6, 0x9a, 0xd6, 0x9a, 0xd6, 0x9a, 0xd6, 0x9a, 0xce, 0xba, 0xd6,
    0x9a, 0xd6, 0x9a, 0xce, 0x9a, 0xce, 0x9a, 0xce, 0x9a, 0xce, 0x9a, 0xce, 0x99, 0xce, 0xdb, 0xd6,
    0xfc, 0xd6, 0x79, 0xce, 0xba, 0xd6, 0xba, 0xd6, 0x9a, 0xd6, 0xdb, 0xce, 0xbc, 0xc6, 0xbb, 0xce,
    0xff, 0xff, 0x9e, 0xe7, 0x9e, 0xef, 0xff, 0xff, 0xff, 0xff, 0xff, 0xff, 0xff, 0xff, 0xde, 0xf7,
    0xde, 0xff, 0xde, 0xff, 0xde, 0xff, 0xde, 0xff, 0xde, 0xff, 0xde, 0xff, 0xbd, 0xff, 0xbd, 0xff,
    0xbd, 0xff, 0xbe, 0xff, 0xbd, 0xff, 0xbd, 0xff, 0xbd, 0xff, 0xbe, 0xff, 0xbd, 0xff, 0xbd, 0xff,
    0xbd, 0xff, 0xbd, 0xff, 0xbd, 0xff, 0xbd, 0xff, 0xbe, 0xff, 0xdd, 0xff, 0xde, 0xff, 0xbe, 0xff,
    0xbd, 0xff, 0xbd, 0xff, 0xbe, 0xff, 0xbe, 0xff, 0xbd, 0xff, 0xbd, 0xff, 0xbd, 0xff, 0xbd, 0xff,
    0xbd, 0xff, 0xbd, 0xff, 0xbe, 0xff, 0xbd, 0xff, 0xbd, 0xff, 0xbd, 0xff, 0xbd, 0xff, 0xbd, 0xff,
    0xbd, 0xff, 0xbd, 0xff, 0xbd, 0xff, 0xbd, 0xff, 0xbd, 0xff, 0xbd, 0xf7, 0xbd, 0xf7, 0xbd, 0xf7,
    0xbd, 0xf7, 0xbd, 0xf7, 0xbd, 0xf7, 0xbd, 0xf7, 0x9d, 0xf7, 0xbd, 0xf7, 0xbd, 0xf7, 0xbd, 0xf7,
    0xbd, 0xf7, 0xbd, 0xf7, 0x9d, 0xf7, 0x9d, 0xf7, 0x9d, 0xf7, 0x9d, 0xf7, 0x9d, 0xf7, 0x9d, 0xf7,
    0x9d, 0xf7, 0x9d, 0xf7, 0x9d, 0xf7, 0x9d, 0xf7, 0x9d, 0xf7, 0x9d, 0xf7, 0x9d, 0xf7, 0x9d, 0xf7,
    0x9d, 0xf7, 0x9d, 0xf7, 0x9d, 0xf7, 0x9d, 0xf7, 0x9d, 0xf7, 0x9d, 0xf7, 0x9d, 0xf7, 0x9d, 0xf7,
    0x9d, 0xf7, 0x9d, 0xf7, 0x9d, 0xf7, 0x9d, 0xf7, 0x9d, 0xf7, 0x9d, 0xf7, 0x9d, 0xf7, 0x9d, 0xf7,
    0x9d, 0xf7, 0x9d, 0xf7, 0x7d, 0xf7, 0x9d, 0xf7, 0x9d, 0xf7, 0x9d, 0xf7, 0x7d, 0xf7, 0x7d, 0xf7,
    0x7d, 0xf7, 0x7d, 0xf7, 0x7d, 0xf7, 0x7d, 0xf7, 0x7d, 0xf7, 0x7d, 0xf7, 0x7d, 0xf7, 0x7d, 0xf7,
    0x7d, 0xf7, 0x7d, 0xf7, 0x7d, 0xf7, 0x7d, 0xef, 0x7d, 0xef, 0x7d, 0xef, 0x7d, 0xef, 0x7d, 0xef,
    0x7d, 0xef, 0x7d, 0xef, 0x7d, 0xef, 0x7d, 0xef, 0x7d, 0xef, 0x7c, 0xef, 0x7c, 0xef, 0x7c, 0xef,
    0x7c, 0xef, 0x7d, 0xef, 0x7d, 0xef, 0x7d, 0xef, 0x7c, 0xef, 0x7c, 0xef, 0x7c, 0xef, 0x7d, 0xef,
    0x7d, 0xef, 0x7d, 0xef, 0x7c, 0xef, 0x7c, 0xef, 0x7c, 0xef, 0x5c, 0xef, 0x5c, 0xef, 0x5c, 0xef,
    0x5c, 0xef, 0x5c, 0xef, 0x5c, 0xef, 0x5c, 0xef, 0x5c, 0xef, 0x5c, 0xef, 0x5c, 0xef, 0x5c, 0xef,
    0x5c, 0xef, 0x5c, 0xef, 0x5c, 0xef, 0x5c, 0xef, 0x5c, 0xef, 0x5c, 0xef, 0x5c, 0xef, 0x5c, 0xef,
    0x5c, 0xef, 0x3c, 0xef, 0x5c, 0xef, 0x5c, 0xef, 0x3c, 0xef, 0x3c, 0xef, 0x3c, 0xef, 0x3c, 0xe7,
    0x3c, 0xef, 0x3c, 0xef, 0x3c, 0xe7, 0x3c, 0xe7, 0x3c, 0xe7, 0x3c, 0xe7, 0x3c, 0xe7, 0x3c, 0xe7,
    0x3c, 0xe7, 0x3c, 0xe7, 0x3c, 0xe7, 0x3c, 0xe7, 0x3c, 0xe7, 0x3c, 0xe7, 0x3c, 0xe7, 0x3c, 0xe7,
    0x3c, 0xe7, 0x3c, 0xe7, 0x3c, 0xe7, 0x1c, 0xe7, 0x3c, 0xe7, 0x3c, 0xe7, 0x3c, 0xe7, 0x3c, 0xe7,
    0x1c, 0xe7, 0x1c, 0xe7, 0x1c, 0xe7, 0x1c, 0xe7, 0x1c, 0xe7, 0x1c, 0xe7, 0x1c, 0xe7, 0x1b, 0xe7,
    0x1c, 0xe7, 0x1b, 0xe7, 0x1c, 0xe7, 0x1b, 0xe7, 0x1b, 0xe7, 0x1b, 0xe7, 0x1b, 0xe7, 0x1b, 0xe7,
    0x1b, 0xe7, 0xfb, 0xe6, 0xfb, 0xe6, 0xfb, 0xe6, 0xfb, 0xe6, 0x1b, 0xe7, 0x1b, 0xe7, 0x1c, 0xe7,
    0x1b, 0xe7, 0x1b, 0xe7, 0x1b, 0xe7, 0x1b, 0xe7, 0xfb, 0xe6, 0xfb, 0xde, 0xfb, 0xde, 0xfb, 0xde,
    0xfb, 0xde, 0xfb, 0xde, 0xfb, 0xde, 0xfb, 0xde, 0xfb, 0xde, 0xfb, 0xde, 0xfb, 0xde, 0xfb, 0xde,
    0xfb, 0xde, 0xfb, 0xde, 0xfb, 0xde, 0xdb, 0xde, 0xdb, 0xde, 0xdb, 0xde, 0xda, 0xde, 0xda, 0xde,
    0xda, 0xde, 0xdb, 0xde, 0xda, 0xde, 0xda, 0xde, 0xdb, 0xde, 0xda, 0xde, 0xdb, 0xde, 0xda, 0xde,
    0xdb, 0xde, 0xdb, 0xde, 0xdb, 0xde, 0xda, 0xde, 0xba, 0xd6, 0xda, 0xd6, 0xba, 0xd6, 0xba, 0xd6,
    0xba, 0xd6, 0xba, 0xd6, 0xba, 0xd6, 0xba, 0xd6, 0xba, 0xd6, 0xba, 0xd6, 0xba, 0xd6, 0xba, 0xd6,
    0xba, 0xd6, 0xba, 0xd6, 0xba, 0xd6, 0xba, 0xd6, 0xba, 0xd6, 0xba, 0xd6, 0xba, 0xd6, 0xba, 0xd6,
    0xba, 0xd6, 0xba, 0xd6, 0xba, 0xd6, 0xba, 0xd6, 0xba, 0xd6, 0x9a, 0xd6, 0xba, 0xd6, 0xba, 0xd6,
    0xba, 0xd6, 0xba, 0xd6, 0xba, 0xd6, 0x9a, 0xd6, 0x9a, 0xd6, 0x9a, 0xd6, 0x9a, 0xd6, 0x9a, 0xd6,
    0x9a, 0xd6, 0x9a, 0xd6, 0x9a, 0xd6, 0x9a, 0xd6, 0x9a, 0xd6, 0x9a, 0xd6, 0x9a, 0xd6, 0x9a, 0xd6,
    0x9a, 0xd6, 0x9a, 0xd6, 0x9a, 0xd6, 0x9a, 0xd6, 0x9a, 0xd6, 0x9a, 0xce, 0xba, 0xce, 0xba, 0xce,
    0xba, 0xce, 0x9a, 0xce, 0x9a, 0xce, 0x9a, 0xce, 0x9a, 0xce, 0x9a, 0xd6, 0x99, 0xce, 0xfc, 0xde,
    0xbb, 0xce, 0x9a, 0xce, 0xba, 0xce, 0xba, 0xd6, 0x9a, 0xd6, 0xdc, 0xce, 0x9b, 0xc6, 0xbb, 0xd6,
    0xff, 0xff, 0xbe, 0xf7, 0x5d, 0xdf, 0xdf, 0xf7, 0xff, 0xff, 0xff, 0xff, 0xff, 0xff, 0xde, 0xf7,
    0xde, 0xf7, 0xde, 0xff, 0xde, 0xff, 0xde, 0xff, 0xde, 0xff, 0xde, 0xff, 0xbe, 0xff, 0xbd, 0xff,
    0xbd, 0xff, 0xbd, 0xff, 0xdd, 0xff, 0xbd, 0xff, 0xbd, 0xff, 0xbd, 0xff, 0xbd, 0xff, 0xbe, 0xff,
    0xbd, 0xff, 0xbd, 0xff, 0xbd, 0xff, 0xbd, 0xff, 0xbd, 0xff, 0xbd, 0xff, 0xbd, 0xff, 0xbe, 0xff,
    0xbd, 0xff, 0xbd, 0xff, 0xbd, 0xff, 0xbd, 0xff, 0xbd, 0xff, 0xbd, 0xff, 0xbd, 0xff, 0xbd, 0xff,
    0xbd, 0xff, 0xbd, 0xff, 0xbe, 0xff, 0xbe, 0xff, 0xbe, 0xff, 0xbe, 0xff, 0xbd, 0xff, 0xbd, 0xff,
    0xbd, 0xff, 0xbe, 0xff, 0xbd, 0xff, 0xbd, 0xff, 0xbd, 0xff, 0xbd, 0xff, 0xbd, 0xf7, 0xbd, 0xf7,
    0x9d, 0xf7, 0xbd, 0xf7, 0xbd, 0xf7, 0x9d, 0xf7, 0xbd, 0xf7, 0xbd, 0xf7, 0xbd, 0xf7, 0xbd, 0xf7,
    0xbd, 0xf7, 0xbd, 0xf7, 0x9d, 0xf7, 0x9d, 0xf7, 0x9d, 0xf7, 0x9d, 0xf7, 0x9d, 0xf7, 0x9d, 0xf7,
    0x9d, 0xf7, 0x9d, 0xf7, 0x9d, 0xf7, 0x9d, 0xf7, 0x9d, 0xf7, 0x9d, 0xf7, 0x9d, 0xf7, 0x9d, 0xf7,
    0x9d, 0xf7, 0x9d, 0xf7, 0x9d, 0xf7, 0x9d, 0xf7, 0x9d, 0xf7, 0x9d, 0xf7, 0x9d, 0xf7, 0x9d, 0xf7,
    0x9d, 0xf7, 0x9d, 0xf7, 0x9d, 0xf7, 0x9d, 0xf7, 0x9d, 0xf7, 0x9d, 0xf7, 0x9d, 0xf7, 0x9d, 0xf7,
    0x9d, 0xf7, 0x9d, 0xf7, 0x7d, 0xf7, 0x9d, 0xf7, 0x7d, 0xf7, 0x7d, 0xf7, 0x7d, 0xf7, 0x7d, 0xf7,
    0x7d, 0xf7, 0x7d, 0xf7, 0x7d, 0xf7, 0x7d, 0xf7, 0x7c, 0xf7, 0x7d, 0xf7, 0x7d, 0xf7, 0x7d, 0xf7,
    0x7d, 0xf7, 0x7d, 0xf7, 0x7d, 0xf7, 0x7d, 0xef, 0x7d, 0xef, 0x7d, 0xef, 0x7d, 0xef, 0x7d, 0xf7,
    0x7d, 0xef, 0x7d, 0xef, 0x7d, 0xef, 0x7d, 0xef, 0x7d, 0xef, 0x7d, 0xef, 0x7c, 0xef, 0x7c, 0xef,
    0x7d, 0xef, 0x7c, 0xef, 0x7c, 0xef, 0x7d, 0xef, 0x7c, 0xef, 0x7d, 0xef, 0x7c, 0xef, 0x7d, 0xef,
    0x7d, 0xef, 0x7d, 0xef, 0x7d, 0xef, 0x7c, 0xef, 0x5c, 0xef, 0x5c, 0xef, 0x5c, 0xef, 0x7c, 0xef,
    0x5c, 0xef, 0x5c, 0xef, 0x5c, 0xef, 0x5c, 0xef, 0x5c, 0xef, 0x5c, 0xef, 0x5c, 0xef, 0x5c, 0xef,
    0x5c, 0xef, 0x5c, 0xef, 0x5c, 0xef, 0x5c, 0xef, 0x3c, 0xef, 0x5c, 0xef, 0x5c, 0xef, 0x5c, 0xef,
    0x5c, 0xef, 0x3c, 0xef, 0x3c, 0xef, 0x3c, 0xef, 0x3c, 0xef, 0x3c, 0xef, 0x3c, 0xef, 0x3c, 0xef,
    0x3c, 0xef, 0x3c, 0xe7, 0x3c, 0xef, 0x3c, 0xe7, 0x3c, 0xe7, 0x3c, 0xe7, 0x3c, 0xe7, 0x3c, 0xe7,
    0x3c, 0xe7, 0x3c, 0xe7, 0x3c, 0xe7, 0x3c, 0xe7, 0x3c, 0xe7, 0x3c, 0xe7, 0x3c, 0xe7, 0x3c, 0xe7,
    0x3c, 0xe7, 0x3c, 0xe7, 0x3c, 0xe7, 0x3c, 0xe7, 0x3c, 0xe7, 0x1c, 0xe7, 0x1c, 0xe7, 0x1c, 0xe7,
    0x1c, 0xe7, 0x1c, 0xe7, 0x1c, 0xe7, 0x1c, 0xe7, 0x1b, 0xe7, 0x1c, 0xe7, 0x1c, 0xe7, 0x1c, 0xe7,
    0x1c, 0xe7, 0x1b, 0xe7, 0x1b, 0xe7, 0x1b, 0xe7, 0x1b, 0xe7, 0x1b, 0xe7, 0x1b, 0xe7, 0x1b, 0xe7,
    0x1b, 0xe7, 0xfb, 0xde, 0xfb, 0xde, 0xfb, 0xe6, 0xfb, 0xe6, 0x1b, 0xe7, 0xfb, 0xe6, 0xfb, 0xe6,
    0x1b, 0xe7, 0x1b, 0xe7, 0x1b, 0xe7, 0x1b, 0xe7, 0xfb, 0xe6, 0xfb, 0xde, 0xfb, 0xde, 0xfb, 0xde,
    0xfb, 0xde, 0xfb, 0xe6, 0xfb, 0xde, 0xfb, 0xde, 0xfb, 0xde, 0xfb, 0xde, 0xfb, 0xde, 0xfb, 0xde,
    0xdb, 0xde, 0xfb, 0xde, 0xfb, 0xde, 0xdb, 0xde, 0xdb, 0xde, 0xdb, 0xde, 0xda, 0xde, 0xdb, 0xde,
    0xda, 0xde, 0xda, 0xde, 0xda, 0xde, 0xda, 0xde, 0xdb, 0xde, 0xdb, 0xde, 0xdb, 0xde, 0xda, 0xde,
    0xdb, 0xde, 0xda, 0xde, 0xda, 0xd6, 0xda, 0xd6, 0xba, 0xd6, 0xba, 0xd6, 0xba, 0xd6, 0xba, 0xd6,
    0xba, 0xd6, 0xba, 0xd6, 0xba, 0xd6, 0xba, 0xd6, 0xba, 0xd6, 0xba, 0xd6, 0xba, 0xd6, 0xba, 0xd6,
    0xba, 0xd6, 0xba, 0xd6, 0xba, 0xd6, 0xba, 0xd6, 0xba, 0xd6, 0xba, 0xd6, 0xba, 0xd6, 0xba, 0xd6,
    0xba, 0xd6, 0xba, 0xd6, 0xba, 0xd6, 0xba, 0xd6, 0xba, 0xd6, 0xba, 0xd6, 0xba, 0xd6, 0xba, 0xd6,
    0xba, 0xd6, 0xba, 0xd6, 0xba, 0xd6, 0x9a, 0xd6, 0x9a, 0xd6, 0x9a, 0xd6, 0x9a, 0xd6, 0x9a, 0xd6,
    0x9a, 0xd6, 0x9a, 0xd6, 0x9a, 0xd6, 0x9a, 0xd6, 0x9a, 0xd6, 0x9a, 0xd6, 0x9a, 0xd6, 0x9a, 0xd6,
    0x9a, 0xd6, 0x9a, 0xd6, 0x9a, 0xd6, 0x9a, 0xd6, 0x99, 0xce, 0xba, 0xd6, 0x9a, 0xce, 0x99, 0xce,
    0x9a, 0xce, 0x9a, 0xce, 0x9a, 0xce, 0x9a, 0xce, 0x9a, 0xce, 0x9a, 0xce, 0xba, 0xd6, 0xfc, 0xd6,
    0x9a, 0xce, 0xba, 0xd6, 0xba, 0xce, 0xba, 0xd6, 0xbb, 0xd6, 0xbc, 0xc6, 0x7b, 0xc6, 0xdb, 0xd6,
    0xff, 0xff, 0xff, 0xff, 0x7e, 0xe7, 0x9e, 0xef, 0xff, 0xff, 0xff, 0xff, 0xff, 0xff, 0xff, 0xff,
    0xbe, 0xf7, 0xde, 0xff, 0xde, 0xff, 0xde, 0xff, 0xde, 0xff, 0xde, 0xff, 0xde, 0xff, 0xde, 0xff,
    0xde, 0xff, 0xbe, 0xff, 0xde, 0xff, 0xbd, 0xff, 0xbd, 0xff, 0xbd, 0xff, 0xbd, 0xff, 0xbd, 0xff,
    0xbd, 0xff, 0xbd, 0xff, 0xbd, 0xff, 0xbd, 0xff, 0xdd, 0xff, 0xbe, 0xff, 0xbe, 0xff, 0xbd, 0xff,
    0xbd, 0xff, 0xbe, 0xff, 0xbd, 0xff, 0xbd, 0xff, 0xbd, 0xff, 0xbd, 0xff, 0xbd, 0xff, 0xbd, 0xff,
    0xbd, 0xff, 0xbe, 0xff, 0xbd, 0xff, 0xbd, 0xf7, 0xbe, 0xff, 0xbd, 0xff, 0xbd, 0xff, 0xbd, 0xff,
    0xbd, 0xff, 0xbd, 0xff, 0xbd, 0xff, 0xbd, 0xff, 0xbd, 0xf7, 0xbd, 0xf7, 0xbd, 0xf7, 0xbd, 0xf7,
    0xbd, 0xf7, 0xbd, 0xf7, 0xbd, 0xf7, 0x9d, 0xf7, 0xbd, 0xf7, 0xbd, 0xf7, 0xbd, 0xf7, 0xbd, 0xf7,
    0xbd, 0xf7, 0x9d, 0xf7, 0xbd, 0xf7, 0x9d, 0xf7, 0x9d, 0xf7, 0x9d, 0xf7, 0x9d, 0xf7, 0x9d, 0xf7,
    0x9d, 0xf7, 0x9d, 0xf7, 0x9d, 0xf7, 0x9d, 0xf7, 0x9d, 0xf7, 0x9d, 0xf7, 0x9d, 0xf7, 0x9d, 0xf7,
    0x9d, 0xf7, 0x9d, 0xf7, 0x9d, 0xf7, 0x9d, 0xf7, 0x9d, 0xf7, 0x9d, 0xf7, 0x9d, 0xf7, 0x9d, 0xf7,
    0x9d, 0xf7, 0x9d, 0xf7, 0x9d, 0xf7, 0x9d, 0xf7, 0x9d, 0xf7, 0x9d, 0xf7, 0x9d, 0xf7, 0x9d, 0xf7,
    0x9d, 0xf7, 0x9d, 0xf7, 0x9d, 0xf7, 0x9d, 0xf7, 0x9d, 0xf7, 0x7d, 0xf7, 0x7d, 0xf7, 0x7d, 0xf7,
    0x7d, 0xf7, 0x7d, 0xf7, 0x7d, 0xf7, 0x7d, 0xf7, 0x7c, 0xf7, 0x7d, 0xf7, 0x7d, 0xf7, 0x7d, 0xf7,
    0x7d, 0xf7, 0x7d, 0xf7, 0x7d, 0xf7, 0x7d, 0xf7, 0x7d, 0xef, 0x7d, 0xef, 0x7d, 0xef, 0x7d, 0xef,
    0x7d, 0xef, 0x7d, 0xef, 0x7d, 0xef, 0x7c, 0xef, 0x7d, 0xef, 0x7c, 0xef, 0x7c, 0xef, 0x7c, 0xef,
    0x7c, 0xef, 0x7c, 0xef, 0x7c, 0xef, 0x7d, 0xef, 0x7d, 0xef, 0x7d, 0xef, 0x7d, 0xef, 0x7c, 0xef,
    0x7c, 0xef, 0x7c, 0xef, 0x7c, 0xef, 0x7c, 0xef, 0x5c, 0xef, 0x5c, 0xef, 0x5c, 0xef, 0x5c, 0xef,
    0x5c, 0xef, 0x5c, 0xef, 0x5c, 0xef, 0x5c, 0xef, 0x5c, 0xef, 0x5c, 0xef, 0x5c, 0xef, 0x5c, 0xef,
    0x5c, 0xef, 0x5c, 0xef, 0x5c, 0xef, 0x5c, 0xef, 0x5c, 0xef, 0x5c, 0xef, 0x5c, 0xef, 0x5c, 0xef,
    0x3c, 0xef, 0x3c, 0xef, 0x3c, 0xef, 0x3c, 0xef, 0x3c, 0xef, 0x3c, 0xef, 0x3c, 0xef, 0x3c, 0xef,
    0x3c, 0xe7, 0x3c, 0xe7, 0x3c, 0xe7, 0x3c, 0xe7, 0x3c, 0xe7, 0x3c, 0xe7, 0x3c, 0xe7, 0x3c, 0xdf,
    0x3c, 0xe7, 0x3c, 0xe7, 0x3c, 0xe7, 0x3c, 0xe7, 0x3c, 0xe7, 0x3c, 0xe7, 0x3c, 0xe7, 0x3c, 0xe7,
    0x3c, 0xe7, 0x3c, 0xe7, 0x3c, 0xe7, 0x3c, 0xe7, 0x1c, 0xe7, 0x1c, 0xe7, 0x1b, 0xe7, 0x1c, 0xe7,
    0x1c, 0xe7, 0x1b, 0xe7, 0x1b, 0xe7, 0x1b, 0xe7, 0x1c, 0xe7, 0x1c, 0xe7, 0x1b, 0xe7, 0x1c, 0xe7,
    0x1b, 0xe7, 0x1b, 0xe7, 0x1b, 0xe7, 0x1b, 0xe7, 0x1b, 0xe7, 0x1b, 0xe7, 0x1b, 0xe7, 0x1b, 0xe7,
    0x1b, 0xe7, 0x1b, 0xe7, 0xfb, 0xe6, 0x1b, 0xe7, 0xfb, 0xe6, 0x1b, 0xe7, 0x1b, 0xe7, 0x1b, 0xe7,
    0x1b, 0xe7, 0x1b, 0xe7, 0x1b, 0xe7, 0x1b, 0xe7, 0xfb, 0xe6, 0xfb, 0xe6, 0xfb, 0xde, 0xfb, 0xde,
    0xfb, 0xde, 0xfb, 0xe6, 0xfb, 0xde, 0xfb, 0xde, 0xfb, 0xde, 0xfb, 0xde, 0xfb, 0xde, 0xfb, 0xde,
    0xfb, 0xde, 0xfb, 0xde, 0xdb, 0xde, 0xdb, 0xde, 0xdb, 0xde, 0xda, 0xde, 0xda, 0xde, 0xdb, 0xde,
    0xda, 0xde, 0xda, 0xde, 0xda, 0xde, 0xda, 0xde, 0xda, 0xde, 0xda, 0xde, 0xda, 0xde, 0xda, 0xde,
    0xdb, 0xde, 0xdb, 0xde, 0xda, 0xde, 0xda, 0xd6, 0xba, 0xde, 0xba, 0xd6, 0xba, 0xd6, 0xba, 0xd6,
    0xba, 0xd6, 0xba, 0xd6, 0xba, 0xd6, 0xba, 0xd6, 0xba, 0xd6, 0xba, 0xd6, 0xba, 0xd6, 0xba, 0xd6,
    0xba, 0xd6, 0xba, 0xd6, 0xba, 0xd6, 0xba, 0xd6, 0xba, 0xd6, 0xba, 0xd6, 0xba, 0xd6, 0xba, 0xd6,
    0xba, 0xd6, 0xba, 0xd6, 0xba, 0xd6, 0xba, 0xd6, 0xba, 0xd6, 0xba, 0xd6, 0xba, 0xd6, 0xba, 0xd6,
    0xba, 0xd6, 0xba, 0xd6, 0xba, 0xd6, 0x9a, 0xd6, 0x9a, 0xd6, 0x9a, 0xd6, 0x9a, 0xd6, 0x9a, 0xd6,
    0x9a, 0xd6, 0x9a, 0xd6, 0x9a, 0xd6, 0x9a, 0xd6, 0x9a, 0xd6, 0x9a, 0xd6, 0x9a, 0xd6, 0x9a, 0xd6,
    0x9a, 0xd6, 0x9a, 0xd6, 0x9a, 0xd6, 0x9a, 0xd6, 0x9a, 0xd6, 0xba, 0xd6, 0x9a, 0xce, 0x9a, 0xce,
    0x9a, 0xce, 0x9a, 0xce, 0x9a, 0xce, 0x9a, 0xce, 0x9a, 0xce, 0x9a, 0xce, 0xfb, 0xd6, 0xbb, 0xce,
    0x9a, 0xce, 0x9a, 0xd6, 0x9a, 0xd6, 0x9a, 0xce, 0xdc, 0xce, 0x7b, 0xbe, 0x9a, 0xce, 0xbb, 0xd6,
    0xff, 0xff, 0xff, 0xff, 0xbe, 0xef, 0x5e, 0xdf, 0xde, 0xf7, 0xff, 0xff, 0xff, 0xff, 0xff, 0xff,
    0xbe, 0xf7, 0xde, 0xf7, 0xde, 0xff, 0xde, 0xff, 0xde, 0xff, 0xde, 0xff, 0xde, 0xff, 0xde, 0xff,
    0xbd, 0xff, 0xde, 0xff, 0xde, 0xff, 0xde, 0xff, 0xde, 0xff, 0xbd, 0xff, 0xbd, 0xff, 0xbd, 0xff,
    0xbe, 0xff, 0xbd, 0xff, 0xbe, 0xff, 0xbe, 0xff, 0xbe, 0xff, 0xbe, 0xff, 0xbe, 0xff, 0xbd, 0xff,
    0xbe, 0xff, 0xbd, 0xff, 0xbd, 0xff, 0xbd, 0xff, 0xbd, 0xff, 0xbd, 0xff, 0xbd, 0xff, 0xbd, 0xff,
    0xbd, 0xff, 0xbd, 0xff, 0xbd, 0xff, 0xbd, 0xf7, 0xbd, 0xf7, 0xbd, 0xff, 0xbd, 0xf7, 0xbd, 0xf7,
    0xbd, 0xff, 0xbd, 0xff, 0xbd, 0xff, 0xbd, 0xff, 0xbd, 0xf7, 0xbd, 0xf7, 0xbd, 0xf7, 0xbd, 0xf7,
    0xbd, 0xf7, 0xbd, 0xf7, 0xbd, 0xf7, 0xbd, 0xf7, 0xbd, 0xf7, 0xbd, 0xf7, 0xbd, 0xf7, 0xbd, 0xf7,
    0xbd, 0xf7, 0x9d, 0xf7, 0x9d, 0xf7, 0x9d, 0xf7, 0x9d, 0xf7, 0x9d, 0xf7, 0x9d, 0xf7, 0x9d, 0xf7,
    0x9d, 0xf7, 0x9d, 0xf7, 0x9d, 0xf7, 0x9d, 0xf7, 0x9d, 0xf7, 0x9d, 0xf7, 0x9d, 0xf7, 0x9d, 0xf7,
    0x9d, 0xf7, 0x9d, 0xf7, 0x9d, 0xf7, 0x9d, 0xf7, 0x9d, 0xf7, 0x9d, 0xf7, 0x9d, 0xf7, 0x9d, 0xf7,
    0x9d, 0xf7, 0x9d, 0xf7, 0x9d, 0xf7, 0x9d, 0xf7, 0x9d, 0xf7, 0x7d, 0xf7, 0x9d, 0xf7, 0x9d, 0xf7,
    0x7d, 0xf7, 0x9d, 0xf7, 0x9d, 0xf7, 0x9d, 0xf7, 0x9d, 0xf7, 0x7d, 0xf7, 0x7d, 0xf7, 0x7d, 0xf7,
    0x7d, 0xf7, 0x7d, 0xf7, 0x7d, 0xef, 0x7d, 0xf7, 0x7d, 0xf7, 0x7d, 0xf7, 0x7d, 0xf7, 0x7d, 0xef,
    0x7d, 0xef, 0x7d, 0xf7, 0x7d, 0xef, 0x7d, 0xef, 0x7d, 0xf7, 0x7d, 0xef, 0x7d, 0xef, 0x7d, 0xef,
    0x7d, 0xef, 0x7d, 0xef, 0x7d, 0xef, 0x7d, 0xef, 0x7d, 0xef, 0x7c, 0xef, 0x7c, 0xef, 0x7d, 0xef,
    0x7c, 0xef, 0x7d, 0xef, 0x7d, 0xef, 0x7d, 0xef, 0x7c, 0xef, 0x7d, 0xef, 0x7c, 0xef, 0x7c, 0xef,
    0x7c, 0xef, 0x7c, 0xef, 0x7c, 0xef, 0x5c, 0xef, 0x5c, 0xef, 0x5c, 0xef, 0x5c, 0xef, 0x5c, 0xef,
    0x5c, 0xef, 0x5c, 0xef, 0x5c, 0xef, 0x5c, 0xef, 0x5c, 0xef, 0x5c, 0xef, 0x5c, 0xef, 0x5c, 0xef,
    0x5c, 0xef, 0x5c, 0xef, 0x5c, 0xef, 0x5c, 0xef, 0x5c, 0xef, 0x5c, 0xef, 0x5c, 0xef, 0x3c, 0xef,
    0x3c, 0xef, 0x3c, 0xef, 0x3c, 0xef, 0x3c, 0xef, 0x3c, 0xe7, 0x3c, 0xef, 0x3c, 0xef, 0x3c, 0xef,
    0x3c, 0xe7, 0x3c, 0xe7, 0x3c, 0xe7, 0x3c, 0xef, 0x3c, 0xe7, 0x3c, 0xe7, 0x3c, 0xe7, 0x3c, 0xe7,
    0x3c, 0xe7, 0x3c, 0xe7, 0x3c, 0xe7, 0x3c, 0xe7, 0x3c, 0xe7, 0x3c, 0xe7, 0x3c, 0xe7, 0x3c, 0xe7,
    0x3c, 0xe7, 0x1c, 0xe7, 0x1c, 0xe7, 0x1c, 0xe7, 0x3c, 0xe7, 0x1b, 0xe7, 0x1b, 0xe7, 0x1c, 0xe7,
    0x1b, 0xe7, 0x1c, 0xe7, 0x1b, 0xe7, 0x1b, 0xe7, 0x1c, 0xe7, 0x1c, 0xe7, 0x1b, 0xe7, 0x1b, 0xe7,
    0x1b, 0xe7, 0x1b, 0xe7, 0x1b, 0xe7, 0x1b, 0xe7, 0x1b, 0xe7, 0x1b, 0xe7, 0x1b, 0xe7, 0x1b, 0xe7,
    0x1b, 0xe7, 0x1b, 0xe7, 0x1b, 0xe7, 0x1b, 0xe7, 0xfb, 0xe6, 0x1b, 0xe7, 0x1b, 0xe7, 0x1b, 0xe7,
    0xfb, 0xe6, 0x1b, 0xe7, 0x1b, 0xe7, 0xfb, 0xe6, 0x1b, 0xe7, 0x1b, 0xe7, 0xfb, 0xde, 0xfb, 0xe6,
    0xfb, 0xde, 0xfb, 0xde, 0xfb, 0xde, 0xfb, 0xde, 0xfb, 0xde, 0xfb, 0xde, 0xfb, 0xde, 0xfb, 0xde,
    0xfb, 0xde, 0xfb, 0xde, 0xdb, 0xde, 0xdb, 0xde, 0xdb, 0xde, 0xdb, 0xde, 0xda, 0xde, 0xdb, 0xde,
    0xda, 0xde, 0xda, 0xde, 0xdb, 0xde, 0xda, 0xde, 0xdb, 0xde, 0xdb, 0xde, 0xdb, 0xde, 0xdb, 0xde,
    0xdb, 0xde, 0xda, 0xde, 0xda, 0xd6, 0xda, 0xde, 0xda, 0xd6, 0xda, 0xde, 0xba, 0xd6, 0xba, 0xd6,
    0xba, 0xd6, 0xba, 0xd6, 0xba, 0xd6, 0xba, 0xd6, 0xba, 0xd6, 0xba, 0xd6, 0xba, 0xd6, 0xba, 0xd6,
    0xba, 0xd6, 0xba, 0xd6, 0xba, 0xd6, 0xba, 0xd6, 0xba, 0xd6, 0xba, 0xd6, 0xba, 0xd6, 0xba, 0xd6,
    0xba, 0xd6, 0xba, 0xd6, 0xba, 0xd6, 0xba, 0xd6, 0xba, 0xd6, 0xba, 0xd6, 0xba, 0xd6, 0xba, 0xd6,
    0xba, 0xd6, 0xba, 0xd6, 0xba, 0xd6, 0x9a, 0xd6, 0x9a, 0xd6, 0x9a, 0xd6, 0x9a, 0xd6, 0x9a, 0xd6,
    0x9a, 0xd6, 0x9a, 0xd6, 0x9a, 0xd6, 0x9a, 0xd6, 0x9a, 0xd6, 0x9a, 0xd6, 0x9a, 0xd6, 0x9a, 0xd6,
    0x9a, 0xd6, 0x9a, 0xd6, 0x9a, 0xd6, 0x99, 0xce, 0xbb, 0xd6, 0x9a, 0xce, 0x9a, 0xce, 0xbb, 0xd6,
    0xba, 0xd6, 0x9a, 0xce, 0x99, 0xce, 0x9a, 0xce, 0x9a, 0xce, 0xba, 0xd6, 0xdc, 0xd6, 0x7a, 0xce,
    0x9a, 0xd6, 0x9a, 0xd6, 0x9a, 0xd6, 0xba, 0xce, 0xbc, 0xc6, 0x5a, 0xbe, 0xba, 0xd6, 0xba, 0xd6,
    0xff, 0xff, 0xff, 0xff, 0xff, 0xff, 0x5d, 0xdf, 0x9e, 0xef, 0xff, 0xff, 0xff, 0xff, 0xff, 0xff,
    0xde, 0xf7, 0xbe, 0xf7, 0xde, 0xff, 0xde, 0xff, 0xde, 0xff, 0xde, 0xff, 0xde, 0xff, 0xde, 0xff,
    0xde, 0xff, 0xde, 0xff, 0xde, 0xff, 0xde, 0xff, 0xde, 0xff, 0xde, 0xff, 0xbe, 0xff, 0xbd, 0xff,
    0xbd, 0xff, 0xbe, 0xff, 0xbd, 0xff, 0xbd, 0xff, 0xbe, 0xf7, 0xbe, 0xff, 0xbd, 0xff, 0xbd, 0xff,
    0xbd, 0xff, 0xbd, 0xff, 0xbe, 0xff, 0xbd, 0xff, 0xbd, 0xff, 0xbd, 0xff, 0xbd, 0xff, 0xbd, 0xff,
    0xbd, 0xf7, 0xbd, 0xff, 0xbd, 0xff, 0xbd, 0xf7, 0xbd, 0xf7, 0xbd, 0xf7, 0xbd, 0xf7, 0xbd, 0xf7,
    0xbd, 0xf7, 0xbd, 0xf7, 0xbd, 0xf7, 0xbd, 0xf7, 0xbd, 0xf7, 0xbd, 0xf7, 0xbd, 0xf7, 0xbd, 0xf7,
    0xbd, 0xf7, 0xbd, 0xf7, 0x9d, 0xf7, 0x9d, 0xf7, 0xbd, 0xf7, 0xbd, 0xf7, 0xbd, 0xf7, 0xbd, 0xf7,
    0xbd, 0xf7, 0x9d, 0xf7, 0x9d, 0xf7, 0x9d, 0xf7, 0x9d, 0xf7, 0x9d, 0xf7, 0x9d, 0xf7, 0x9d, 0xf7,
    0x9d, 0xf7, 0x9d, 0xf7, 0x9d, 0xf7, 0x9d, 0xf7, 0x9d, 0xf7, 0x9d, 0xf7, 0x9d, 0xf7, 0x9d, 0xf7,
    0x9d, 0xf7, 0x9d, 0xf7, 0x9d, 0xf7, 0x9d, 0xf7, 0x9d, 0xf7, 0x9d, 0xf7, 0x9d, 0xf7, 0x9d, 0xf7,
    0x9d, 0xf7, 0x9d, 0xf7, 0x9d, 0xf7, 0x9d, 0xf7, 0x9d, 0xf7, 0x7d, 0xf7, 0x7d, 0xf7, 0x9d, 0xf7,
    0x9d, 0xf7, 0x9d, 0xf7, 0x9d, 0xf7, 0x7d, 0xf7, 0x9d, 0xf7, 0x7d, 0xf7, 0x7d, 0xf7, 0x7d, 0xf7,
    0x7d, 0xf7, 0x7d, 0xef, 0x7d, 0xef, 0x7d, 0xef, 0x7d, 0xef, 0x7d, 0xef, 0x7d, 0xf7, 0x7d, 0xf7,
    0x7d, 0xf7, 0x7d, 0xef, 0x7d, 0xef, 0x7d, 0xef, 0x7d, 0xef, 0x7d, 0xef, 0x7d, 0xef, 0x7d, 0xef,
    0x7d, 0xef, 0x7d, 0xef, 0x7d, 0xef, 0x7d, 0xef, 0x7d, 0xef, 0x7c, 0xef, 0x7c, 0xef, 0x7c, 0xef,
    0x7c, 0xef, 0x7c, 0xef, 0x7c, 0xef, 0x7d, 0xef, 0x7c, 0xef, 0x7d, 0xef, 0x7c, 0xef, 0x7c, 0xef,
    0x7d, 0xef, 0x7d, 0xef, 0x7c, 0xef, 0x5c, 0xef, 0x5c, 0xef, 0x5c, 0xef, 0x5c, 0xef, 0x5c, 0xef,
    0x5c, 0xef, 0x5c, 0xef, 0x5c, 0xef, 0x5c, 0xef, 0x5c, 0xef, 0x5c, 0xef, 0x5c, 0xef, 0x5c, 0xef,
    0x5c, 0xef, 0x5c, 0xef, 0x5c, 0xef, 0x5c, 0xef, 0x5c, 0xef, 0x5c, 0xef, 0x5c, 0xef, 0x5c, 0xef,
    0x5c, 0xef, 0x3c, 0xef, 0x3c, 0xef, 0x3c, 0xef, 0x3c, 0xef, 0x3c, 0xe7, 0x3c, 0xef, 0x3c, 0xe7,
    0x3c, 0xe7, 0x3c, 0xe7, 0x3c, 0xe7, 0x3c, 0xe7, 0x3c, 0xe7, 0x3c, 0xe7, 0x3c, 0xe7, 0x3c, 0xe7,
    0x3c, 0xe7, 0x3c, 0xe7, 0x3c, 0xe7, 0x3c, 0xe7, 0x3c, 0xe7, 0x3c, 0xe7, 0x3c, 0xe7, 0x3c, 0xe7,
    0x3c, 0xe7, 0x3c, 0xe7, 0x3c, 0xe7, 0x3c, 0xe7, 0x3c, 0xe7, 0x1c, 0xe7, 0x1c, 0xe7, 0x1c, 0xe7,
    0x1c, 0xe7, 0x1c, 0xe7, 0x1c, 0xe7, 0x1b, 0xe7, 0x1c, 0xe7, 0x1c, 0xe7, 0x1b, 0xe7, 0x1b, 0xe7,
    0x1b, 0xe7, 0x1b, 0xe7, 0x1b, 0xe7, 0x1b, 0xe7, 0x1b, 0xe7, 0x1b, 0xe7, 0x1b, 0xe7, 0x1b, 0xe7,
    0x1b, 0xe7, 0x1b, 0xe7, 0x1b, 0xe7, 0x1b, 0xe7, 0x1c, 0xe7, 0xfb, 0xe6, 0xfb, 0xe6, 0x1b, 0xe7,
    0xfb, 0xde, 0xfb, 0xe6, 0x1b, 0xe7, 0x1b, 0xdf, 0x1b, 0xe7, 0xfb, 0xde, 0xfb, 0xde, 0xfb, 0xde,
    0xfb, 0xde, 0xfb, 0xde, 0xfb, 0xde, 0xfb, 0xde, 0xfb, 0xde, 0xfb, 0xde, 0xfb, 0xde, 0xfb, 0xde,
    0xfb, 0xde, 0xfb, 0xde, 0xdb, 0xde, 0xdb, 0xde, 0xdb, 0xde, 0xdb, 0xde, 0xda, 0xde, 0xda, 0xde,
    0xdb, 0xde, 0xda, 0xde, 0xda, 0xde, 0xda, 0xde, 0xda, 0xde, 0xdb, 0xde, 0xdb, 0xde, 0xdb, 0xde,
    0xdb, 0xde, 0xda, 0xde, 0xba, 0xd6, 0xda, 0xde, 0xba, 0xd6, 0xda, 0xd6, 0xba, 0xd6, 0xba, 0xd6,
    0xba, 0xd6, 0xba, 0xd6, 0xba, 0xd6, 0xba, 0xd6, 0xba, 0xd6, 0xba, 0xd6, 0xba, 0xd6, 0xba, 0xd6,
    0xba, 0xd6, 0xba, 0xd6, 0xba, 0xd6, 0xba, 0xd6, 0xba, 0xd6, 0xba, 0xd6, 0xba, 0xd6, 0xba, 0xd6,
    0xba, 0xd6, 0xba, 0xd6, 0xba, 0xd6, 0xba, 0xd6, 0xba, 0xd6, 0xba, 0xd6, 0xba, 0xd6, 0xba, 0xd6,
    0xba, 0xd6, 0xba, 0xd6, 0x9a, 0xd6, 0xba, 0xd6, 0xba, 0xd6, 0x9a, 0xd6, 0x9a, 0xd6, 0x9a, 0xd6,
    0x9a, 0xd6, 0x9a, 0xd6, 0x9a, 0xd6, 0x9a, 0xd6, 0x9a, 0xd6, 0x9a, 0xce, 0x9a, 0xce, 0x9a, 0xce,
    0x9a, 0xd6, 0x9a, 0xce, 0x99, 0xce, 0xba, 0xce, 0x9a, 0xce, 0x79, 0xc6, 0xba, 0xce, 0xdb, 0xd6,
    0xbb, 0xd6, 0x9a, 0xce, 0x9a, 0xce, 0x9a, 0xce, 0x7a, 0xce, 0xdb, 0xd6, 0xbb, 0xce, 0x9a, 0xce,
    0xba, 0xd6, 0xba, 0xd6, 0x9a, 0xce, 0xdb, 0xce, 0x7b, 0xbe, 0x7a, 0xc6, 0xba, 0xd6, 0x9a, 0xd6,
    0xff, 0xff, 0xff, 0xf7, 0xff, 0xff, 0x9e, 0xef, 0x1d, 0xd7, 0xde, 0xf7, 0xff, 0xff, 0xff, 0xff,
    0xff, 0xff, 0xbe, 0xf7, 0xbe, 0xf7, 0xde, 0xff, 0xde, 0xff, 0xde, 0xff, 0xde, 0xff, 0xde, 0xff,
    0xde, 0xff, 0xde, 0xff, 0xde, 0xff, 0xde, 0xff, 0xbe, 0xff, 0xbe, 0xff, 0xbd, 0xff, 0xde, 0xff,
    0xbd, 0xff, 0xbe, 0xff, 0xbe, 0xff, 0xbe, 0xff, 0xbe, 0xff, 0xbd, 0xff, 0xbd, 0xff, 0xbe, 0xff,
    0xbe, 0xff, 0xbe, 0xff, 0xbe, 0xff, 0xbd, 0xff, 0xbe, 0xff, 0xbd, 0xf7, 0xbd, 0xff, 0xbd, 0xff,
    0xbd, 0xff, 0xbd, 0xf7, 0xbd, 0xf7, 0xbd, 0xf7, 0xbd, 0xf7, 0xbd, 0xf7, 0xbd, 0xf7, 0xbd, 0xf7,
    0xbe, 0xf7, 0xbd, 0xf7, 0xbd, 0xf7, 0xbd, 0xf7, 0xbd, 0xf7, 0xbd, 0xf7, 0xbd, 0xf7, 0xbd, 0xf7,
    0xbd, 0xf7, 0xbd, 0xf7, 0x9d, 0xf7, 0xbd, 0xf7, 0xbd, 0xf7, 0xbd, 0xf7, 0xbd, 0xf7, 0xbd, 0xf7,
    0xbd, 0xf7, 0x9d, 0xf7, 0x9d, 0xf7, 0x9d, 0xf7, 0x9d, 0xf7, 0x9d, 0xf7, 0x9d, 0xf7, 0x9d, 0xf7,
    0x9d, 0xf7, 0x9d, 0xf7, 0x9d, 0xf7, 0x9d, 0xf7, 0x9d, 0xf7, 0x9d, 0xf7, 0x9d, 0xf7, 0x9d, 0xf7,
    0x9d, 0xf7, 0x9d, 0xf7, 0x9d, 0xf7, 0x9d, 0xf7, 0x9d, 0xf7, 0x9d, 0xf7, 0x9d, 0xf7, 0x9d, 0xf7,
    0x9d, 0xf7, 0x9d, 0xf7, 0x9d, 0xf7, 0x9d, 0xf7, 0x9d, 0xf7, 0x7d, 0xf7, 0x7d, 0xf7, 0x7d, 0xf7,
    0x9d, 0xf7, 0x7d, 0xf7, 0x7d, 0xf7, 0x9d, 0xf7, 0x7d, 0xf7, 0x7d, 0xf7, 0x7d, 0xf7, 0x7d, 0xf7,
    0x7d, 0xef, 0x7d, 0xf7, 0x7d, 0xef, 0x7d, 0xef, 0x7d, 0xef, 0x7d, 0xef, 0x7d, 0xef, 0x7d, 0xf7,
    0x7d, 0xf7, 0x7d, 0xf7, 0x7d, 0xf7, 0x7d, 0xef, 0x7d, 0xef, 0x7d, 0xef, 0x7d, 0xef, 0x7d, 0xef,
    0x7d, 0xef, 0x7d, 0xef, 0x7d, 0xef, 0x7d, 0xef, 0x7c, 0xef, 0x7c, 0xef, 0x7d, 0xef, 0x7c, 0xef,
    0x7c, 0xef, 0x7c, 0xef, 0x7c, 0xef, 0x7c, 0xef, 0x7d, 0xef, 0x7d, 0xef, 0x7d, 0xef, 0x7c, 0xef,
    0x7c, 0xef, 0x7c, 0xef, 0x5d, 0xef, 0x5c, 0xef, 0x5c, 0xef, 0x5c, 0xef, 0x5c, 0xef, 0x5c, 0xef,
    0x5c, 0xef, 0x5c, 0xef, 0x5c, 0xef, 0x5c, 0xef, 0x5c, 0xef, 0x5c, 0xef, 0x5c, 0xef, 0x5c, 0xef,
    0x5c, 0xef, 0x5c, 0xef, 0x5c, 0xef, 0x5c, 0xef, 0x5c, 0xef, 0x3c, 0xef, 0x3c, 0xef, 0x3c, 0xef,
    0x3c, 0xe7, 0x3c, 0xe7, 0x3c, 0xef, 0x3c, 0xef, 0x3c, 0xef, 0x3c, 0xef, 0x3c, 0xef, 0x3c, 0xef,
    0x3c, 0xe7, 0x3c, 0xe7, 0x3c, 0xe7, 0x3c, 0xe7, 0x3c, 0xe7, 0x3c, 0xe7, 0x3c, 0xe7, 0x3c, 0xe7,
    0x3c, 0xe7, 0x3c, 0xe7, 0x3c, 0xe7, 0x3c, 0xe7, 0x3c, 0xe7, 0x3c, 0xe7, 0x3c, 0xe7, 0x3c, 0xe7,
    0x1c, 0xe7, 0x3c, 0xe7, 0x3c, 0xe7, 0x1c, 0xe7, 0x1c, 0xe7, 0x1c, 0xe7, 0x1c, 0xe7, 0x1b, 0xe7,
    0x1c, 0xe7, 0x1c, 0xe7, 0x1c, 0xe7, 0x1c, 0xe7, 0x1c, 0xe7, 0x1c, 0xe7, 0x1b, 0xe7, 0x1b, 0xe7,
    0x1b, 0xe7, 0x1b, 0xe7, 0x1b, 0xe7, 0x1b, 0xe7, 0x1b, 0xe7, 0x1b, 0xe7, 0x1b, 0xe7, 0x1b, 0xe7,
    0x1b, 0xe7, 0x1b, 0xe7, 0x1b, 0xe7, 0x1b, 0xe7, 0x1b, 0xe7, 0xfb, 0xe6, 0x1b, 0xe7, 0xfb, 0xe6,
    0xfb, 0xe6, 0xfb, 0xde, 0xfb, 0xde, 0xfb, 0xe6, 0xfb, 0xde, 0xfb, 0xde, 0xfb, 0xe6, 0xfb, 0xde,
    0xfb, 0xde, 0xfb, 0xde, 0xfb, 0xde, 0xfb, 0xde, 0xfb, 0xde, 0xfb, 0xde, 0xfb, 0xde, 0xfb, 0xde,
    0xfb, 0xde, 0xfb, 0xde, 0xfb, 0xde, 0xfb, 0xde, 0xdb, 0xde, 0xdb, 0xde, 0xdb, 0xde, 0xdb, 0xde,
    0xdb, 0xde, 0xda, 0xde, 0xda, 0xde, 0xdb, 0xde, 0xdb, 0xde, 0xdb, 0xde, 0xdb, 0xde, 0xda, 0xde,
    0xda, 0xde, 0xba, 0xd6, 0xda, 0xd6, 0xda, 0xd6, 0xba, 0xd6, 0xba, 0xd6, 0xba, 0xd6, 0xba, 0xd6,
    0xba, 0xd6, 0xba, 0xd6, 0xba, 0xd6, 0xba, 0xd6, 0xba, 0xd6, 0xba, 0xd6, 0xba, 0xd6, 0xba, 0xd6,
    0xba, 0xd6, 0xba, 0xd6, 0xba, 0xd6, 0xba, 0xd6, 0xba, 0xd6, 0xba, 0xd6, 0xba, 0xd6, 0xba, 0xd6,
    0xba, 0xd6, 0xba, 0xd6, 0xba, 0xd6, 0xba, 0xd6, 0xba, 0xd6, 0xba, 0xd6, 0xba, 0xd6, 0xba, 0xd6,
    0xba, 0xd6, 0xba, 0xd6, 0x9a, 0xd6, 0x9a, 0xd6, 0x9a, 0xd6, 0x9a, 0xd6, 0x9a, 0xd6, 0x9a, 0xd6,
    0x9a, 0xd6, 0x9a, 0xd6, 0x9a, 0xd6, 0x9a, 0xd6, 0x9a, 0xd6, 0x9a, 0xd6, 0x9a, 0xd6, 0x9a, 0xce,
    0x9a, 0xce, 0x99, 0xce, 0x9a, 0xce, 0xba, 0xce, 0x79, 0xc6, 0x9a, 0xce, 0xdb, 0xd6, 0xdb, 0xd6,
    0xba, 0xce, 0x79, 0xc6, 0x9a, 0xce, 0x7a, 0xce, 0xba, 0xce, 0xdc, 0xd6, 0x7a, 0xc6, 0x9a, 0xd6,
    0x9a, 0xd6, 0x9a, 0xd6, 0x9a, 0xce, 0xbc, 0xce, 0x3a, 0xb6, 0x9b, 0xce, 0x9a, 0xd6, 0x9a, 0xce,
    0xff, 0xff, 0xff, 0xff, 0xff, 0xff, 0xff, 0xff, 0x1d, 0xd7, 0x7e, 0xe7, 0xff, 0xff, 0xff, 0xf7,
    0xff, 0xff, 0xde, 0xf7, 0xbe, 0xf7, 0xde, 0xff, 0xde, 0xff, 0xde, 0xff, 0xde, 0xff, 0xde, 0xff,
    0xde, 0xff, 0xde, 0xff, 0xde, 0xff, 0xde, 0xff, 0xde, 0xff, 0xbe, 0xff, 0xbe, 0xff, 0xbd, 0xff,
    0xbe, 0xff, 0xbe, 0xff, 0xbe, 0xff, 0xbe, 0xff, 0xbe, 0xff, 0xbe, 0xff, 0xbe, 0xff, 0xbe, 0xff,
    0xbd, 0xff, 0xbd, 0xff, 0xbe, 0xff, 0xbd, 0xf7, 0xbd, 0xf7, 0xbd, 0xf7, 0xbd, 0xff, 0xbd, 0xf7,
    0xbd, 0xf7, 0xbd, 0xf7, 0xbd, 0xf7, 0xbd, 0xf7, 0xbd, 0xf7, 0xbd, 0xf7, 0xbd, 0xf7, 0xbd, 0xf7,
    0xbd, 0xf7, 0xbd, 0xf7, 0xbd, 0xf7, 0xbd, 0xf7, 0xbd, 0xf7, 0xbd, 0xf7, 0xbd, 0xf7, 0xbd, 0xf7,
    0xbd, 0xf7, 0xbd, 0xf7, 0xbd, 0xf7, 0xbd, 0xf7, 0xbd, 0xf7, 0xbd, 0xf7, 0xbd, 0xf7, 0x9d, 0xf7,
    0x9d, 0xf7, 0x9d, 0xf7, 0x9d, 0xf7, 0x9d, 0xf7, 0x9d, 0xf7, 0x9d, 0xf7, 0x9d, 0xf7, 0x9d, 0xf7,
    0x9d, 0xf7, 0x9d, 0xf7, 0x9d, 0xf7, 0x9d, 0xf7, 0x9d, 0xf7, 0x9d, 0xf7, 0x9d, 0xf7, 0x9d, 0xf7,
    0x9d, 0xf7, 0x9d, 0xf7, 0x9d, 0xf7, 0x9d, 0xf7, 0x9d, 0xf7, 0x9d, 0xf7, 0x9d, 0xf7, 0x9d, 0xf7,
    0x9d, 0xf7, 0x7d, 0xf7, 0x7d, 0xf7, 0x7d, 0xf7, 0x7d, 0xf7, 0x7d, 0xef, 0x7d, 0xf7, 0x7d, 0xf7,
    0x7d, 0xf7, 0x7d, 0xf7, 0x7d, 0xf7, 0x7d, 0xf7, 0x7d, 0xf7, 0x7d, 0xf7, 0x7d, 0xf7, 0x7d, 0xf7,
    0x7d, 0xf7, 0x7d, 0xf7, 0x7d, 0xf7, 0x7d, 0xf7, 0x7d, 0xf7, 0x7d, 0xf7, 0x7d, 0xef, 0x7d, 0xf7,
    0x7d, 0xf7, 0x7d, 0xef, 0x7d, 0xef, 0x7d, 0xef, 0x7d, 0xef, 0x7d, 0xef, 0x7d, 0xef, 0x7d, 0xef,
    0x7c, 0xef, 0x7c, 0xef, 0x7c, 0xef, 0x7c, 0xef, 0x7c, 0xef, 0x7c, 0xef, 0x7d, 0xef, 0x7c, 0xef,
    0x7c, 0xef, 0x7c, 0xef, 0x7d, 0xef, 0x7c, 0xef, 0x7d, 0xef, 0x7d, 0xef, 0x7d, 0xef, 0x7c, 0xef,
    0x7d, 0xef, 0x7d, 0xef, 0x7c, 0xef, 0x7c, 0xef, 0x5c, 0xef, 0x5c, 0xef, 0x5c, 0xef, 0x5c, 0xef,
    0x5c, 0xef, 0x5c, 0xef, 0x5c, 0xef, 0x5c, 0xef, 0x5c, 0xef, 0x5c, 0xef, 0x5c, 0xef, 0x5c, 0xef,
    0x5c, 0xef, 0x5c, 0xef, 0x5c, 0xef, 0x5c, 0xef, 0x3c, 0xef, 0x3c, 0xef, 0x3c, 0xef, 0x3c, 0xef,
    0x3c, 0xef, 0x3c, 0xef, 0x3c, 0xef, 0x3c, 0xef, 0x3c, 0xef, 0x3c, 0xef, 0x3c, 0xe7, 0x3c, 0xe7,
    0x3c, 0xe7, 0x3c, 0xe7, 0x3c, 0xe7, 0x3c, 0xe7, 0x3c, 0xe7, 0x3c, 0xe7, 0x3c, 0xe7, 0x3c, 0xe7,
    0x3c, 0xe7, 0x3c, 0xe7, 0x3c, 0xe7, 0x3c, 0xe7, 0x3c, 0xe7, 0x3c, 0xe7, 0x3c, 0xe7, 0x3c, 0xe7,
    0x1c, 0xe7, 0x1c, 0xe7, 0x1c, 0xe7, 0x1c, 0xe7, 0x1c, 0xe7, 0x1c, 0xe7, 0x1c, 0xe7, 0x1c, 0xe7,
    0x1c, 0xe7, 0x1b, 0xe7, 0x1b, 0xe7, 0x1c, 0xe7, 0x1c, 0xe7, 0x1b, 0xe7, 0x1c, 0xe7, 0x1b, 0xe7,
    0x1b, 0xe7, 0x1b, 0xe7, 0x1c, 0xe7, 0x1b, 0xe7, 0x1b, 0xe7, 0x1b, 0xe7, 0x1b, 0xe7, 0x1b, 0xe7,
    0x1b, 0xe7, 0x1b, 0xe7, 0x1b, 0xe7, 0x1b, 0xe7, 0x1b, 0xe7, 0xfb, 0xe6, 0xfb, 0xe6, 0xfb, 0xde,
    0x1b, 0xdf, 0xfb, 0xde, 0xfb, 0xde, 0xfb, 0xe6, 0xfb, 0xde, 0xfb, 0xde, 0xfb, 0xe6, 0xfb, 0xde,
    0xfb, 0xde, 0xfb, 0xde, 0xfb, 0xde, 0xfb, 0xde, 0xfb, 0xde, 0xfb, 0xde, 0xfb, 0xde, 0xfb, 0xde,
    0xfb, 0xde, 0xfb, 0xde, 0xfb, 0xde, 0xda, 0xde, 0xda, 0xde, 0xdb, 0xde, 0xda, 0xde, 0xdb, 0xde,
    0xda, 0xde, 0xda, 0xde, 0xdb, 0xde, 0xdb, 0xde, 0xdb, 0xde, 0xdb, 0xde, 0xda, 0xde, 0xda, 0xde,
    0xda, 0xd6, 0xba, 0xd6, 0xba, 0xd6, 0xda, 0xd6, 0xda, 0xd6, 0xba, 0xd6, 0xba, 0xd6, 0xba, 0xd6,
    0xba, 0xd6, 0xba, 0xd6, 0xba, 0xd6, 0xba, 0xd6, 0xba, 0xd6, 0xba, 0xd6, 0xba, 0xd6, 0xba, 0xd6,
    0xba, 0xd6, 0xba, 0xd6, 0xba, 0xd6, 0xba, 0xd6, 0xba, 0xd6, 0xba, 0xd6, 0xba, 0xd6, 0xba, 0xd6,
    0xba, 0xd6, 0xba, 0xd6, 0xba, 0xd6, 0xba, 0xd6, 0xba, 0xd6, 0xba, 0xd6, 0xba, 0xd6, 0xba, 0xd6,
    0x9a, 0xd6, 0xba, 0xd6, 0x9a, 0xd6, 0x9a, 0xd6, 0x9a, 0xd6, 0x9a, 0xd6, 0x9a, 0xd6, 0x9a, 0xd6,
    0x9a, 0xd6, 0x9a, 0xd6, 0x9a, 0xd6, 0x9a, 0xd6, 0x9a, 0xd6, 0x9a, 0xd6, 0x9a, 0xce, 0x9a, 0xce,
    0x9a, 0xce, 0x9a, 0xce, 0xba, 0xce, 0x9a, 0xce, 0x9a, 0xce, 0xbb, 0xce, 0xbb, 0xd6, 0xbb, 0xce,
    0x7a, 0xce, 0x7a, 0xce, 0x9a, 0xce, 0x79, 0xc6, 0xdb, 0xd6, 0x9a, 0xce, 0x7a, 0xce, 0xba, 0xd6,
    0x9a, 0xd6, 0x9a, 0xce, 0xdb, 0xce, 0x5b, 0xbe, 0x5a, 0xbe, 0xba, 0xd6, 0x99, 0xce, 0x9a, 0xce,
    0xff, 0xff, 0xff, 0xff, 0xff, 0xf7, 0xff, 0xff, 0x7e, 0xef, 0xfd, 0xd6, 0xde, 0xff, 0xff, 0xff,
    0xff, 0xff, 0xff, 0xff, 0xbe, 0xf7, 0xbe, 0xf7, 0xde, 0xff, 0xde, 0xff, 0xde, 0xff, 0xde, 0xff,
    0xde, 0xff, 0xbe, 0xff, 0xde, 0xff, 0xde, 0xff, 0xbd, 0xff, 0xbe, 0xff, 0xbe, 0xff, 0xbe, 0xff,
    0xbd, 0xff, 0xbd, 0xff, 0xbe, 0xff, 0xbd, 0xff, 0xbe, 0xff, 0xbd, 0xff, 0xbd, 0xf7, 0xbe, 0xf7,
    0xbd, 0xff, 0xbe, 0xff, 0xbe, 0xff, 0xbd, 0xff, 0xbd, 0xff, 0xbd, 0xf7, 0xbd, 0xf7, 0xbd, 0xf7,
    0xbd, 0xf7, 0xbd, 0xf7, 0xbd, 0xf7, 0xbd, 0xf7, 0xbd, 0xf7, 0xbd, 0xf7, 0xbd, 0xf7, 0xbd, 0xf7,
    0xbd, 0xf7, 0xbd, 0xf7, 0xbd, 0xf7, 0xbd, 0xf7, 0xbd, 0xf7, 0xbd, 0xf7, 0xbd, 0xf7, 0xbd, 0xf7,
    0xbd, 0xf7, 0xbd, 0xf7, 0xbd, 0xf7, 0xbd, 0xf7, 0xbd, 0xf7, 0xbe, 0xf7, 0xbd, 0xf7, 0xbd, 0xf7,
    0x9d, 0xf7, 0x9d, 0xf7, 0x9d, 0xf7, 0x9d, 0xf7, 0x9d, 0xf7, 0x9d, 0xf7, 0x9d, 0xf7, 0x9d, 0xf7,
    0x9d, 0xf7, 0x9d, 0xf7, 0x9d, 0xf7, 0x9d, 0xf7, 0x9d, 0xf7, 0x9d, 0xf7, 0x9d, 0xf7, 0x9d, 0xf7,
    0x9d, 0xf7, 0x9d, 0xf7, 0x9d, 0xf7, 0x9d, 0xf7, 0x9d, 0xf7, 0x9d, 0xf7, 0x9d, 0xf7, 0x9d, 0xf7,
    0x9d, 0xf7, 0x9d, 0xf7, 0x9d, 0xf7, 0x7d, 0xf7, 0x7d, 0xf7, 0x7d, 0xf7, 0x7d, 0xf7, 0x7d, 0xf7,
    0x7d, 0xef, 0x7d, 0xf7, 0x7d, 0xef, 0x7d, 0xf7, 0x7d, 0xf7, 0x7d, 0xef, 0x7d, 0xef, 0x7d, 0xf7,
    0x7d, 0xf7, 0x7d, 0xef, 0x7d, 0xf7, 0x7d, 0xef, 0x7d, 0xf7, 0x7d, 0xf7, 0x7d, 0xef, 0x7d, 0xef,
    0x7d, 0xef, 0x7d, 0xef, 0x7d, 0xef, 0x7d, 0xef, 0x7d, 0xef, 0x7d, 0xf7, 0x7d, 0xef, 0x7d, 0xef,
    0x7c, 0xef, 0x7c, 0xef, 0x7c, 0xef, 0x7c, 0xef, 0x7c, 0xef, 0x7c, 0xef, 0x7d, 0xef, 0x7d, 0xef,
    0x7d, 0xef, 0x7d, 0xef, 0x7d, 0xef, 0x7d, 0xef, 0x7d, 0xef, 0x7d, 0xef, 0x7d, 0xef, 0x7d, 0xef,
    0x7d, 0xef, 0x7d, 0xef, 0x7d, 0xef, 0x7d, 0xef, 0x5c, 0xef, 0x5c, 0xef, 0x5c, 0xef, 0x5c, 0xef,
    0x5c, 0xef, 0x5c, 0xef, 0x5c, 0xef, 0x5c, 0xef, 0x5c, 0xef, 0x5c, 0xef, 0x5c, 0xef, 0x5c, 0xef,
    0x5c, 0xef, 0x5c, 0xef, 0x5c, 0xef, 0x5c, 0xef, 0x3c, 0xef, 0x3c, 0xef, 0x3c, 0xef, 0x3c, 0xef,
    0x3c, 0xef, 0x3c, 0xef, 0x3c, 0xef, 0x3c, 0xef, 0x3c, 0xe7, 0x3c, 0xe7, 0x3c, 0xef, 0x3c, 0xe7,
    0x3c, 0xe7, 0x3c, 0xe7, 0x3c, 0xe7, 0x3c, 0xe7, 0x3c, 0xe7, 0x3c, 0xe7, 0x3c, 0xe7, 0x3c, 0xe7,
    0x3c, 0xe7, 0x3c, 0xe7, 0x3c, 0xe7, 0x3c, 0xe7, 0x3c, 0xe7, 0x3c, 0xe7, 0x3c, 0xe7, 0x3c, 0xe7,
    0x1c, 0xe7, 0x1c, 0xe7, 0x3c, 0xe7, 0x1c, 0xe7, 0x1c, 0xe7, 0x1c, 0xe7, 0x1c, 0xe7, 0x1c, 0xe7,
    0x1c, 0xe7, 0x1c, 0xe7, 0x1c, 0xe7, 0x1c, 0xe7, 0x1b, 0xe7, 0x1b, 0xe7, 0x1c, 0xe7, 0x1b, 0xe7,
    0x1c, 0xe7, 0x1b, 0xe7, 0x1b, 0xe7, 0x1b, 0xe7, 0x1b, 0xe7, 0x1b, 0xe7, 0x1b, 0xe7, 0x1b, 0xe7,
    0x1b, 0xe7, 0x1b, 0xe7, 0x1b, 0xe7, 0x1b, 0xe7, 0x1b, 0xe7, 0xfb, 0xe6, 0xfb, 0xde, 0xfb, 0xde,
    0x1b, 0xe7, 0xfb, 0xde, 0xfb, 0xde, 0xfb, 0xde, 0xfb, 0xe6, 0xfb, 0xde, 0xfb, 0xde, 0xfb, 0xde,
    0xfb, 0xde, 0xfb, 0xde, 0xfb, 0xde, 0xfb, 0xde, 0xfb, 0xde, 0xfb, 0xde, 0xfb, 0xde, 0xfb, 0xde,
    0xfb, 0xde, 0xfb, 0xde, 0xfb, 0xde, 0xdb, 0xde, 0xdb, 0xde, 0xda, 0xde, 0xda, 0xde, 0xdb, 0xde,
    0xda, 0xde, 0xdb, 0xde, 0xda, 0xde, 0xdb, 0xde, 0xdb, 0xde, 0xda, 0xde, 0xda, 0xde, 0xda, 0xde,
    0xda, 0xde, 0xba, 0xd6, 0xba, 0xd6, 0xda, 0xd6, 0xda, 0xd6, 0xda, 0xd6, 0xba, 0xd6, 0xda, 0xd6,
    0xba, 0xd6, 0xba, 0xd6, 0xba, 0xd6, 0xba, 0xd6, 0xba, 0xd6, 0xba, 0xd6, 0xba, 0xd6, 0xba, 0xd6,
    0xbb, 0xd6, 0xba, 0xd6, 0xba, 0xd6, 0xba, 0xd6, 0xba, 0xd6, 0xba, 0xd6, 0xba, 0xd6, 0xba, 0xd6,
    0xba, 0xd6, 0xba, 0xd6, 0xba, 0xd6, 0xba, 0xd6, 0xba, 0xd6, 0xba, 0xd6, 0xba, 0xd6, 0xba, 0xd6,
    0xba, 0xd6, 0xba, 0xd6, 0xba, 0xd6, 0x9a, 0xd6, 0xba, 0xd6, 0x9a, 0xd6, 0xba, 0xd6, 0x9a, 0xd6,
    0x9a, 0xd6, 0x9a, 0xd6, 0x9a, 0xd6, 0x9a, 0xd6, 0x9a, 0xce, 0x9a, 0xce, 0x9a, 0xce, 0x9a, 0xce,
    0x99, 0xce, 0x9a, 0xce, 0x9a, 0xce, 0x99, 0xc6, 0xba, 0xce, 0xbb, 0xd6, 0xbb, 0xd6, 0x9a, 0xce,
    0x7a, 0xc6, 0x7a, 0xce, 0x79, 0xc6, 0xba, 0xce, 0xdb, 0xd6, 0x59, 0xc6, 0x9a, 0xce, 0x9a, 0xce,
    0xba, 0xd6, 0x9a, 0xce, 0xbc, 0xc6, 0x1a, 0xb6, 0x9b, 0xce, 0x9a, 0xd6, 0x9a, 0xce, 0x9a, 0xce,
    0xff, 0xff, 0xff, 0xff, 0xff, 0xff, 0xff, 0xff, 0xff, 0xff, 0xfd, 0xd6, 0x7d, 0xe7, 0xff, 0xff,
    0xff, 0xf7, 0xff, 0xff, 0xff, 0xff, 0xbe, 0xf7, 0xde, 0xf7, 0xde, 0xff, 0xde, 0xff, 0xde, 0xff,
    0xbe, 0xff, 0xde, 0xff, 0xbe, 0xff, 0xbe, 0xff, 0xbe, 0xff, 0xbe, 0xff, 0xbe, 0xff, 0xbe, 0xff,
    0xbd, 0xff, 0xbe, 0xff, 0xbe, 0xf7, 0xbd, 0xff, 0xbe, 0xff, 0xbd, 0xf7, 0xbd, 0xff, 0xbe, 0xff,
    0xbe, 0xff, 0xbe, 0xff, 0xbd, 0xf7, 0xbe, 0xf7, 0xbd, 0xff, 0xbd, 0xf7, 0xbd, 0xf7, 0xbd, 0xf7,
    0xbd, 0xf7, 0xbd, 0xf7, 0xbd, 0xf7, 0xbd, 0xf7, 0xbd, 0xf7, 0xbd, 0xf7, 0xbd, 0xf7, 0xbd, 0xf7,
    0xbd, 0xf7, 0xbd, 0xf7, 0xbd, 0xf7, 0xbd, 0xf7, 0xbd, 0xf7, 0xbd, 0xf7, 0xbd, 0xf7, 0xbd, 0xf7,
    0xbe, 0xf7, 0xbd, 0xf7, 0xbd, 0xf7, 0xbd, 0xf7, 0xbd, 0xf7, 0xbd, 0xf7, 0xbd, 0xf7, 0xbd, 0xf7,
    0x9d, 0xf7, 0x9d, 0xf7, 0x9d, 0xf7, 0x9d, 0xf7, 0x9d, 0xf7, 0x9d, 0xf7, 0x9d, 0xf7, 0x9d, 0xf7,
    0x9d, 0xf7, 0x9d, 0xf7, 0x9d, 0xf7, 0x9d, 0xf7, 0x9d, 0xf7, 0x9d, 0xf7, 0x9d, 0xf7, 0x9d, 0xf7,
    0x9d, 0xf7, 0x9d, 0xf7, 0x9d, 0xf7, 0x9d, 0xf7, 0x9d, 0xf7, 0x9d, 0xf7, 0x9d, 0xf7, 0x9d, 0xf7,
    0x9d, 0xf7, 0x9d, 0xf7, 0x9d, 0xf7, 0x9d, 0xf7, 0x7d, 0xf7, 0x7d, 0xf7, 0x7d, 0xf7, 0x7d, 0xf7,
    0x7d, 0xef, 0x7d, 0xef, 0x7d, 0xf7, 0x7d, 0xf7, 0x7d, 0xf7, 0x7d, 0xf7, 0x7d, 0xf7, 0x7d, 0xf7,
    0x7d, 0xef, 0x7d, 0xef, 0x7d, 0xef, 0x7d, 0xf7, 0x7d, 0xf7, 0x7d, 0xef, 0x7d, 0xef, 0x7d, 0xef,
    0x7d, 0xef, 0x7d, 0xef, 0x7d, 0xef, 0x7d, 0xef, 0x7d, 0xef, 0x7d, 0xef, 0x7d, 0xef, 0x7d, 0xef,
    0x7d, 0xef, 0x7c, 0xef, 0x7c, 0xef, 0x7c, 0xef, 0x7c, 0xef, 0x7d, 0xef, 0x7c, 0xef, 0x7c, 0xef,
    0x7d, 0xef, 0x7c, 0xef, 0x7c, 0xef, 0x7d, 0xef, 0x7d, 0xef, 0x7d, 0xef, 0x7d, 0xef, 0x7c, 0xef,
    0x7d, 0xef, 0x7d, 0xef, 0x7d, 0xef, 0x5c, 0xef, 0x5d, 0xef, 0x5c, 0xef, 0x5c, 0xef, 0x5c, 0xef,
    0x5c, 0xef, 0x5c, 0xef, 0x5c, 0xef, 0x5c, 0xef, 0x5c, 0xef, 0x5c, 0xef, 0x5c, 0xef, 0x5c, 0xef,
    0x5c, 0xef, 0x5c, 0xef, 0x5c, 0xef, 0x5c, 0xef, 0x5c, 0xef, 0x3c, 0xef, 0x3c, 0xef, 0x3c, 0xef,
    0x3c, 0xef, 0x3c, 0xef, 0x3c, 0xef, 0x3c, 0xef, 0x3c, 0xe7, 0x3c, 0xe7, 0x3c, 0xef, 0x3c, 0xe7,
    0x3c, 0xe7, 0x3c, 0xef, 0x3c, 0xe7, 0x3c, 0xe7, 0x3c, 0xe7, 0x3c, 0xe7, 0x3c, 0xe7, 0x3c, 0xe7,
    0x3c, 0xe7, 0x3c, 0xe7, 0x3c, 0xe7, 0x3c, 0xe7, 0x3c, 0xe7, 0x3c, 0xe7, 0x3c, 0xe7, 0x3c, 0xe7,
    0x1c, 0xe7, 0x1c, 0xe7, 0x1c, 0xe7, 0x1c, 0xe7, 0x1c, 0xe7, 0x1c, 0xe7, 0x1c, 0xe7, 0x1c, 0xe7,
    0x1c, 0xe7, 0x1c, 0xe7, 0x1c, 0xe7, 0x1c, 0xe7, 0x1b, 0xe7, 0x1c, 0xe7, 0x1b, 0xe7, 0x1b, 0xe7,
    0x1b, 0xe7, 0x1b, 0xe7, 0x1b, 0xe7, 0x1b, 0xe7, 0x1b, 0xe7, 0x1b, 0xe7, 0x1b, 0xe7, 0x1b, 0xe7,
    0x1b, 0xe7, 0x1b, 0xe7, 0x1b, 0xe7, 0x1b, 0xe7, 0x1b, 0xe7, 0x1b, 0xe7, 0x1b, 0xe7, 0xfb, 0xde,
    0xfb, 0xde, 0xfb, 0xde, 0xfb, 0xde, 0xfb, 0xde, 0xfb, 0xde, 0xfb, 0xde, 0xfb, 0xde, 0xfb, 0xde,
    0xfb, 0xde, 0xfb, 0xde, 0xfb, 0xd6, 0xfb, 0xde, 0xfb, 0xde, 0xfb, 0xde, 0xfb, 0xde, 0xfb, 0xde,
    0xfb, 0xde, 0xfb, 0xde, 0xfb, 0xde, 0xdb, 0xde, 0xda, 0xde, 0xdb, 0xde, 0xdb, 0xde, 0xda, 0xde,
    0xda, 0xde, 0xdb, 0xde, 0xda, 0xde, 0xda, 0xde, 0xdb, 0xde, 0xdb, 0xde, 0xda, 0xde, 0xda, 0xde,
    0xda, 0xd6, 0xba, 0xd6, 0xba, 0xd6, 0xba, 0xd6, 0xda, 0xd6, 0xda, 0xd6, 0xda, 0xd6, 0xba, 0xd6,
    0xba, 0xd6, 0xba, 0xd6, 0xba, 0xd6, 0xba, 0xd6, 0xba, 0xd6, 0xba, 0xd6, 0xba, 0xd6, 0xba, 0xd6,
    0xba, 0xd6, 0xba, 0xd6, 0xba, 0xd6, 0xba, 0xd6, 0xba, 0xd6, 0xba, 0xd6, 0xba, 0xd6, 0xba, 0xd6,
    0xba, 0xd6, 0xba, 0xd6, 0xba, 0xd6, 0xba, 0xd6, 0xba, 0xd6, 0xba, 0xd6, 0xba, 0xd6, 0xba, 0xd6,
    0xba, 0xd6, 0xba, 0xd6, 0xba, 0xd6, 0xba, 0xd6, 0xba, 0xd6, 0x9a, 0xd6, 0xba, 0xd6, 0xba, 0xd6,
    0x9a, 0xce, 0x9a, 0xd6, 0x9a, 0xd6, 0x9a, 0xd6, 0x9a, 0xce, 0x9a, 0xce, 0x9a, 0xce, 0x9a, 0xce,
    0xba, 0xce, 0x9a, 0xce, 0x79, 0xc6, 0xba, 0xce, 0xbb, 0xd6, 0xbb, 0xd6, 0xba, 0xce, 0x7a, 0xc6,
    0x7a, 0xce, 0x7a, 0xce, 0x7a, 0xc6, 0xfb, 0xd6, 0x7a, 0xc6, 0x9a, 0xce, 0x9a, 0xce, 0x9a, 0xce,
    0x9a, 0xce, 0xbb, 0xce, 0x5b, 0xbe, 0x3a, 0xbe, 0xba, 0xd6, 0x9a, 0xce, 0x9a, 0xce, 0x9a, 0xce,
    0xff, 0xff, 0xff, 0xff, 0xff, 0xff, 0xff, 0xf7, 0xff, 0xff, 0x9e, 0xef, 0xdc, 0xce, 0xde, 0xf7,
    0xff, 0xff, 0xff, 0xff, 0xff, 0xff, 0xde, 0xf7, 0x9e, 0xef, 0xde, 0xff, 0xde, 0xff, 0xde, 0xff,
    0xde, 0xff, 0xde, 0xff, 0xde, 0xff, 0xbe, 0xff, 0xbe, 0xf7, 0xbe, 0xff, 0xbd, 0xf7, 0xbe, 0xff,
    0xbe, 0xff, 0xbe, 0xf7, 0xbe, 0xf7, 0xbd, 0xf7, 0xbe, 0xf7, 0xbe, 0xf7, 0xbe, 0xf7, 0xbe, 0xff,
    0xbe, 0xf7, 0xbd, 0xf7, 0xbe, 0xf7, 0xbd, 0xf7, 0xbd, 0xf7, 0xbd, 0xf7, 0xbd, 0xf7, 0xbd, 0xf7,
    0xbd, 0xf7, 0xbd, 0xf7, 0xbd, 0xf7, 0xbd, 0xf7, 0xbd, 0xf7, 0xbd, 0xf7, 0xbd, 0xf7, 0xbd, 0xf7,
    0xbd, 0xf7, 0xbd, 0xf7, 0xbd, 0xf7, 0xbd, 0xf7, 0xbd, 0xf7, 0xbd, 0xf7, 0xbd, 0xf7, 0xbd, 0xf7,
    0xbd, 0xf7, 0xbd, 0xf7, 0xbd, 0xf7, 0xbd, 0xf7, 0xbd, 0xf7, 0xbd, 0xf7, 0xbd, 0xf7, 0xbd, 0xf7,
    0x9d, 0xf7, 0x9d, 0xf7, 0x9d, 0xf7, 0x9d, 0xf7, 0x9d, 0xf7, 0x9d, 0xf7, 0x9d, 0xf7, 0x9d, 0xf7,
    0x9d, 0xf7, 0x9d, 0xf7, 0x9d, 0xf7, 0x9d, 0xf7, 0x9d, 0xf7, 0x9d, 0xf7, 0x9d, 0xf7, 0x9d, 0xf7,
    0x9d, 0xf7, 0x9d, 0xf7, 0x9d, 0xf7, 0x9d, 0xf7, 0x9d, 0xf7, 0x9d, 0xf7, 0x9d, 0xf7, 0x9d, 0xf7,
    0x9d, 0xf7, 0x9d, 0xf7, 0x9d, 0xf7, 0x9d, 0xf7, 0x9d, 0xf7, 0x7d, 0xf7, 0x7d, 0xf7, 0x7d, 0xf7,
    0x7d, 0xf7, 0x7d, 0xef, 0x7d, 0xf7, 0x7d, 0xef, 0x7d, 0xef, 0x7d, 0xf7, 0x7d, 0xf7, 0x7d, 0xef,
    0x7d, 0xf7, 0x7d, 0xf7, 0x7d, 0xf7, 0x7d, 0xf7, 0x7d, 0xef, 0x7d, 0xf7, 0x7d, 0xef, 0x7d, 0xef,
    0x7d, 0xef, 0x7d, 0xef, 0x7d, 0xef, 0x7d, 0xef, 0x7d, 0xef, 0x7d, 0xef, 0x7d, 0xef, 0x7d, 0xef,
    0x7c, 0xef, 0x7d, 0xef, 0x7c, 0xef, 0x7d, 0xef, 0x7d, 0xef, 0x7c, 0xef, 0x7c, 0xef, 0x7c, 0xef,
    0x7c, 0xef, 0x7c, 0xef, 0x7c, 0xef, 0x7d, 0xef, 0x7d, 0xef, 0x7c, 0xef, 0x7d, 0xef, 0x7d, 0xef,
    0x7c, 0xef, 0x7d, 0xef, 0x5c, 0xef, 0x5d, 0xef, 0x5c, 0xef, 0x5c, 0xef, 0x5c, 0xef, 0x5c, 0xef,
    0x5c, 0xef, 0x5c, 0xef, 0x5c, 0xef, 0x5c, 0xef, 0x5c, 0xef, 0x5c, 0xef, 0x5c, 0xef, 0x5c, 0xef,
    0x5c, 0xef, 0x5c, 0xef, 0x5c, 0xef, 0x5c, 0xef, 0x5c, 0xef, 0x5c, 0xef, 0x5c, 0xef, 0x3c, 0xef,
    0x3c, 0xef, 0x3c, 0xef, 0x3c, 0xe7, 0x3c, 0xe7, 0x3c, 0xef, 0x3c, 0xef, 0x3c, 0xe7, 0x3c, 0xe7,
    0x3c, 0xe7, 0x3c, 0xef, 0x3c, 0xef, 0x3c, 0xe7, 0x3c, 0xe7, 0x3c, 0xe7, 0x3c, 0xe7, 0x3c, 0xe7,
    0x3c, 0xe7, 0x3c, 0xe7, 0x3c, 0xe7, 0x3c, 0xe7, 0x3c, 0xe7, 0x3c, 0xe7, 0x3c, 0xe7, 0x3c, 0xe7,
    0x1c, 0xe7, 0x1c, 0xe7, 0x1b, 0xe7, 0x1c, 0xe7, 0x1c, 0xe7, 0x1c, 0xe7, 0x1b, 0xe7, 0x1b, 0xe7,
    0x1b, 0xe7, 0x1c, 0xe7, 0x1c, 0xe7, 0x1b, 0xe7, 0x1b, 0xe7, 0x1b, 0xe7, 0x1b, 0xe7, 0x1b, 0xe7,
    0x1b, 0xe7, 0x1c, 0xe7, 0x1b, 0xe7, 0x1b, 0xe7, 0x1b, 0xe7, 0x1b, 0xe7, 0x1b, 0xe7, 0x1b, 0xe7,
    0x1b, 0xe7, 0x1b, 0xe7, 0x1b, 0xe7, 0x1b, 0xe7, 0xfb, 0xe6, 0xfb, 0xde, 0xfb, 0xde, 0xfb, 0xde,
    0xfb, 0xde, 0xfb, 0xde, 0xfb, 0xde, 0xfb, 0xde, 0xfb, 0xde, 0xfb, 0xde, 0xfb, 0xde, 0xfb, 0xde,
    0xfb, 0xde, 0xfb, 0xde, 0xfb, 0xde, 0xfb, 0xde, 0xfb, 0xde, 0xfb, 0xde, 0xfb, 0xde, 0xfb, 0xde,
    0xfb, 0xde, 0xfb, 0xde, 0xdb, 0xde, 0xdb, 0xde, 0xdb, 0xde, 0xdb, 0xde, 0xdb, 0xde, 0xda, 0xde,
    0xda, 0xde, 0xda, 0xde, 0xdb, 0xde, 0xdb, 0xde, 0xdb, 0xd6, 0xdb, 0xde, 0xda, 0xde, 0xda, 0xde,
    0xda, 0xd6, 0xba, 0xd6, 0xba, 0xd6, 0xba, 0xd6, 0xda, 0xd6, 0xda, 0xd6, 0xba, 0xd6, 0xda, 0xd6,
    0xda, 0xd6, 0xba, 0xd6, 0xba, 0xd6, 0xba, 0xd6, 0xba, 0xd6, 0xba, 0xd6, 0xba, 0xd6, 0xba, 0xd6,
    0xba, 0xd6, 0xba, 0xd6, 0xba, 0xd6, 0xba, 0xd6, 0xba, 0xd6, 0xba, 0xd6, 0xba, 0xd6, 0xba, 0xd6,
    0xba, 0xd6, 0xba, 0xd6, 0xba, 0xd6, 0xba, 0xd6, 0xba, 0xd6, 0xba, 0xd6, 0xba, 0xd6, 0xba, 0xd6,
    0xba, 0xd6, 0xba, 0xd6, 0xba, 0xd6, 0xba, 0xd6, 0x9a, 0xd6, 0x9a, 0xd6, 0x9a, 0xce, 0xfb, 0xde,
    0x3c, 0xe7, 0x79, 0xce, 0x9a, 0xd6, 0x9a, 0xce, 0x9a, 0xce, 0x9a, 0xce, 0x99, 0xce, 0x9a, 0xce,
    0x9a, 0xce, 0x79, 0xc6, 0x9a, 0xce, 0xbb, 0xd6, 0xbb, 0xd6, 0xbb, 0xce, 0x9a, 0xce, 0x7a, 0xce,
    0x7a, 0xce, 0x79, 0xc6, 0xdb, 0xd6, 0x9b, 0xce, 0x79, 0xc6, 0x9a, 0xce, 0x9a, 0xce, 0xba, 0xd6,
    0x9a, 0xce, 0xbc, 0xc6, 0x1a, 0xb6, 0x9a, 0xce, 0x99, 0xd6, 0x9a, 0xce, 0x9a, 0xce, 0x9a, 0xce,
    0xff, 0xff, 0xff, 0xff, 0xff, 0xff, 0xff, 0xff, 0xff, 0xff, 0xff, 0xff, 0x1d, 0xd7, 0x3d, 0xdf,
    0xff, 0xff, 0xff, 0xf7, 0xff, 0xff, 0xff, 0xff, 0xbe, 0xf7, 0xbe, 0xf7, 0xde, 0xff, 0xde, 0xff,
    0xde, 0xff, 0xde, 0xff, 0xde, 0xff, 0xbe, 0xff, 0xbe, 0xff, 0xbe, 0xff, 0xbd, 0xff, 0xbe, 0xff,
    0xbe, 0xf7, 0xbe, 0xf7, 0xbd, 0xf7, 0xbd, 0xf7, 0xbe, 0xf7, 0xbd, 0xf7, 0xbd, 0xf7, 0xbe, 0xf7,
    0xbe, 0xf7, 0xbe, 0xf7, 0xbd, 0xf7, 0xbd, 0xf7, 0xbd, 0xf7, 0xbd, 0xf7, 0xbd, 0xf7, 0xbd, 0xf7,
    0xbd, 0xf7, 0xbd, 0xf7, 0xbd, 0xf7, 0xbd, 0xf7, 0xbd, 0xf7, 0xbd, 0xf7, 0xbd, 0xf7, 0xbd, 0xf7,
    0xbd, 0xf7, 0xbd, 0xf7, 0xbd, 0xf7, 0xbd, 0xf7, 0xbd, 0xf7, 0xbd, 0xf7, 0x9d, 0xf7, 0x9d, 0xf7,
    0x9d, 0xf7, 0xbd, 0xf7, 0xbd, 0xf7, 0xbd, 0xf7, 0xbd, 0xf7, 0xbe, 0xf7, 0x9d, 0xf7, 0xbd, 0xf7,
    0xbd, 0xf7, 0x9d, 0xf7, 0x9d, 0xf7, 0x9d, 0xf7, 0x9d, 0xf7, 0x9d, 0xf7, 0x9d, 0xf7, 0x9d, 0xf7,
    0x9d, 0xf7, 0x9d, 0xf7, 0x9d, 0xf7, 0x9d, 0xf7, 0x9d, 0xf7, 0x9d, 0xf7, 0x9d, 0xf7, 0x9d, 0xf7,
    0x9d, 0xf7, 0x9d, 0xf7, 0x9d, 0xf7, 0x9d, 0xf7, 0x9d, 0xf7, 0x9d, 0xf7, 0x9d, 0xf7, 0x9d, 0xf7,
    0x9d, 0xf7, 0x9d, 0xf7, 0x7d, 0xf7, 0x9d, 0xf7, 0x9d, 0xf7, 0x9d, 0xf7, 0x7d, 0xf7, 0x7d, 0xf7,
    0x7d, 0xf7, 0x7d, 0xf7, 0x7d, 0xf7, 0x7d, 0xf7, 0x7d, 0xef, 0x7d, 0xf7, 0x7d, 0xf7, 0x7d, 0xf7,
    0x7d, 0xf7, 0x7d, 0xf7, 0x7d, 0xf7, 0x7d, 0xf7, 0x7d, 0xf7, 0x7d, 0xf7, 0x7d, 0xef, 0x7d, 0xef,
    0x7d, 0xef, 0x7d, 0xef, 0x7d, 0xef, 0x7d, 0xef, 0x7d, 0xef, 0x7d, 0xef, 0x7d, 0xef, 0x7c, 0xef,
    0x7c, 0xef, 0x7d, 0xef, 0x7c, 0xef, 0x7c, 0xef, 0x7d, 0xef, 0x7c, 0xef, 0x7d, 0xef, 0x7d, 0xef,
    0x7d, 0xef, 0x7d, 0xef, 0x7d, 0xef, 0x7d, 0xef, 0x7d, 0xef, 0x7d, 0xef, 0x7d, 0xef, 0x7d, 0xef,
    0x7d, 0xef, 0x7c, 0xef, 0x5c, 0xef, 0x5d, 0xef, 0x5d, 0xef, 0x5d, 0xef, 0x5c, 0xef, 0x5c, 0xef,
    0x5c, 0xef, 0x5c, 0xef, 0x5c, 0xef, 0x5c, 0xef, 0x5c, 0xef, 0x5c, 0xef, 0x5c, 0xef, 0x5c, 0xef,
    0x5c, 0xef, 0x5c, 0xef, 0x5c, 0xef, 0x5c, 0xef, 0x5c, 0xef, 0x5c, 0xef, 0x5c, 0xef, 0x5c, 0xef,
    0x3c, 0xef, 0x3c, 0xef, 0x3c, 0xef, 0x3c, 0xef, 0x3c, 0xef, 0x3c, 0xef, 0x3c, 0xef, 0x3c, 0xef,
    0x3c, 0xef, 0x3c, 0xef, 0x3c, 0xef, 0x3c, 0xe7, 0x3c, 0xe7, 0x3c, 0xe7, 0x3c, 0xe7, 0x3c, 0xe7,
    0x3c, 0xe7, 0x3c, 0xe7, 0x3c, 0xe7, 0x3c, 0xe7, 0x3c, 0xe7, 0x3c, 0xe7, 0x3c, 0xe7, 0x3c, 0xe7,
    0x3c, 0xe7, 0x3c, 0xe7, 0x1c, 0xe7, 0x1c, 0xe7, 0x1c, 0xe7, 0x1c, 0xe7, 0x1c, 0xe7, 0x1c, 0xe7,
    0x1b, 0xe7, 0x1b, 0xe7, 0x1b, 0xe7, 0x1b, 0xe7, 0x1c, 0xe7, 0x1c, 0xe7, 0x1b, 0xe7, 0x1c, 0xe7,
    0x1c, 0xe7, 0x1c, 0xe7, 0x1b, 0xe7, 0x1b, 0xe7, 0x1b, 0xe7, 0x1b, 0xe7, 0x1b, 0xe7, 0x1b, 0xe7,
    0x1b, 0xe7, 0x1b, 0xe7, 0xfb, 0xe6, 0xfb, 0xe6, 0xfb, 0xde, 0xfb, 0xde, 0xfb, 0xde, 0xfb, 0xde,
    0xfb, 0xde, 0xfb, 0xe6, 0xfb, 0xde, 0xfb, 0xde, 0xfb, 0xde, 0xfb, 0xde, 0xfb, 0xde, 0xfb, 0xde,
    0xfb, 0xde, 0xfb, 0xde, 0xfb, 0xde, 0xfb, 0xde, 0xfb, 0xde, 0xdb, 0xde, 0xdb, 0xde, 0xfb, 0xde,
    0xfb, 0xde, 0xdb, 0xde, 0xdb, 0xde, 0xdb, 0xde, 0xdb, 0xde, 0xdb, 0xde, 0xdb, 0xde, 0xdb, 0xde,
    0xdb, 0xde, 0xdb, 0xde, 0xdb, 0xde, 0xdb, 0xde, 0xdb, 0xde, 0xda, 0xde, 0xdb, 0xde, 0xda, 0xde,
    0xda, 0xde, 0xba, 0xd6, 0xda, 0xd6, 0xda, 0xd6, 0xda, 0xd6, 0xda, 0xd6, 0xda, 0xde, 0xba, 0xd6,
    0xba, 0xd6, 0xba, 0xd6, 0xba, 0xd6, 0xba, 0xd6, 0xba, 0xd6, 0xba, 0xd6, 0xba, 0xd6, 0xba, 0xd6,
    0xba, 0xd6, 0xba, 0xd6, 0xba, 0xd6, 0xba, 0xd6, 0xba, 0xd6, 0xba, 0xd6, 0xba, 0xd6, 0xba, 0xd6,
    0xba, 0xd6, 0xba, 0xd6, 0xba, 0xd6, 0xba, 0xd6, 0xba, 0xd6, 0xba, 0xd6, 0xba, 0xd6, 0xba, 0xd6,
    0xba, 0xd6, 0xba, 0xd6, 0x9a, 0xd6, 0x9a, 0xd6, 0x9a, 0xd6, 0x9a, 0xd6, 0x9a, 0xd6, 0xba, 0xd6,
    0x9e, 0xef, 0xfb, 0xde, 0x79, 0xce, 0x9a, 0xce, 0x9a, 0xce, 0x9a, 0xce, 0x9a, 0xce, 0x9a, 0xce,
    0x79, 0xc6, 0x9a, 0xce, 0xbb, 0xce, 0xbb, 0xd6, 0xbb, 0xce, 0x9a, 0xce, 0x7a, 0xce, 0x7a, 0xce,
    0x79, 0xc6, 0xba, 0xce, 0xdb, 0xce, 0x79, 0xc6, 0x9a, 0xce, 0x9a, 0xce, 0x9a, 0xce, 0x9a, 0xce,
    0xbb, 0xce, 0x5a, 0xb6, 0x5a, 0xbe, 0xba, 0xd6, 0x99, 0xce, 0x9a, 0xce, 0x9a, 0xce, 0x9a, 0xce,
    0xff, 0xff, 0xff, 0xff, 0xff, 0xff, 0xff, 0xff, 0xff, 0xf7, 0xff, 0xff, 0xbe, 0xf7, 0xbc, 0xce,
    0x9e, 0xef, 0xfe, 0xff, 0xdf, 0xff, 0xff, 0xff, 0xde, 0xff, 0x9e, 0xef, 0xbe, 0xf7, 0xde, 0xff,
    0xde, 0xff, 0xde, 0xff, 0xbe, 0xff, 0xbe, 0xff, 0xbe, 0xf7, 0xbd, 0xf7, 0xbe, 0xff, 0xbe, 0xff,
    0xbe, 0xf7, 0xbe, 0xf7, 0xbd, 0xf7, 0xbe, 0xf7, 0xbd, 0xf7, 0xbd, 0xf7, 0xbd, 0xf7, 0xbd, 0xf7,
    0xbe, 0xf7, 0xbd, 0xf7, 0xbd, 0xf7, 0xbd, 0xf7, 0xbd, 0xf7, 0xbd, 0xf7, 0xbd, 0xf7, 0xbd, 0xf7,
    0xbd, 0xf7, 0xbd, 0xf7, 0xbd, 0xf7, 0xbd, 0xf7, 0xbd, 0xf7, 0xbe, 0xf7, 0xbd, 0xf7, 0xbd, 0xf7,
    0xbd, 0xf7, 0xbd, 0xf7, 0xbd, 0xf7, 0x9d, 0xf7, 0x9d, 0xf7, 0x9d, 0xf7, 0x9d, 0xf7, 0x9d, 0xf7,
    0xbd, 0xf7, 0xbe, 0xf7, 0xbd, 0xf7, 0xbd, 0xf7, 0x9d, 0xf7, 0x9d, 0xf7, 0xbd, 0xf7, 0xbd, 0xf7,
    0x9d, 0xf7, 0x9d, 0xf7, 0x9d, 0xf7, 0x9d, 0xf7, 0x9d, 0xf7, 0x9d, 0xf7, 0x9d, 0xf7, 0x9d, 0xf7,
    0x9d, 0xf7, 0x9d, 0xf7, 0x9d, 0xf7, 0x9d, 0xf7, 0x9d, 0xf7, 0x9d, 0xf7, 0x9d, 0xf7, 0x9d, 0xf7,
    0x9d, 0xf7, 0x9d, 0xf7, 0x9d, 0xf7, 0x9d, 0xf7, 0x9d, 0xf7, 0x9d, 0xf7, 0x9d, 0xf7, 0x9d, 0xf7,
    0x9d, 0xf7, 0x9d, 0xf7, 0x7d, 0xf7, 0x9d, 0xf7, 0x7d, 0xf7, 0x7d, 0xf7, 0x7d, 0xf7, 0x7d, 0xf7,
    0x7d, 0xf7, 0x7d, 0xf7, 0x7d, 0xf7, 0x7d, 0xf7, 0x7d, 0xf7, 0x7d, 0xef, 0x7d, 0xf7, 0x7d, 0xf7,
    0x7d, 0xf7, 0x7d, 0xf7, 0x7d, 0xf7, 0x7d, 0xf7, 0x7d, 0xf7, 0x7d, 0xf7, 0x7d, 0xef, 0x7d, 0xf7,
    0x7d, 0xef, 0x7d, 0xef, 0x7d, 0xef, 0x7d, 0xf7, 0x7d, 0xef, 0x7d, 0xef, 0x7d, 0xef, 0x7d, 0xef,
    0x7d, 0xef, 0x7d, 0xef, 0x7d, 0xef, 0x7d, 0xef, 0x5c, 0xef, 0x7c, 0xef, 0x5c, 0xef, 0x5c, 0xef,
    0x5c, 0xef, 0x5c, 0xef, 0x5d, 0xef, 0x5c, 0xef, 0x5c, 0xef, 0x5c, 0xef, 0x5c, 0xef, 0x5d, 0xef,
    0x5c, 0xef, 0x5c, 0xef, 0x5c, 0xef, 0x5c, 0xef, 0x5c, 0xef, 0x5c, 0xef, 0x5c, 0xef, 0x5c, 0xef,
    0x5c, 0xef, 0x5c, 0xef, 0x5c, 0xef, 0x5c, 0xef, 0x5c, 0xef, 0x5c, 0xef, 0x5c, 0xef, 0x5c, 0xef,
    0x5c, 0xef, 0x5c, 0xef, 0x5c, 0xef, 0x5c, 0xef, 0x3c, 0xef, 0x3c, 0xef, 0x3c, 0xef, 0x3c, 0xef,
    0x3c, 0xe7, 0x3c, 0xe7, 0x3c, 0xe7, 0x3c, 0xe7, 0x3c, 0xe7, 0x3c, 0xe7, 0x3c, 0xe7, 0x3c, 0xe7,
    0x3c, 0xe7, 0x3c, 0xe7, 0x3c, 0xe7, 0x3c, 0xe7, 0x3c, 0xe7, 0x3c, 0xe7, 0x3c, 0xe7, 0x3c, 0xe7,
    0x3c, 0xe7, 0x3c, 0xe7, 0x3c, 0xe7, 0x3c, 0xe7, 0x3c, 0xe7, 0x3c, 0xe7, 0x3c, 0xe7, 0x3c, 0xe7,
    0x1c, 0xe7, 0x1c, 0xe7, 0x1c, 0xe7, 0x1c, 0xe7, 0x1c, 0xe7, 0x1c, 0xe7, 0x1c, 0xe7, 0x1c, 0xe7,
    0x1b, 0xe7, 0x1b, 0xe7, 0x1c, 0xe7, 0x1c, 0xe7, 0x1c, 0xe7, 0x1c, 0xe7, 0x1c, 0xe7, 0x1c, 0xe7,
    0x1c, 0xe7, 0x1c, 0xe7, 0x1b, 0xe7, 0x1c, 0xe7, 0x1c, 0xe7, 0x1c, 0xe7, 0x1b, 0xe7, 0xfb, 0xe6,
    0xfb, 0xe6, 0xfb, 0xe6, 0xfb, 0xde, 0xfb, 0xe6, 0xfb, 0xde, 0xfb, 0xde, 0xfb, 0xde, 0xfb, 0xde,
    0xfb, 0xde, 0xfb, 0xde, 0xfb, 0xe6, 0xfb, 0xde, 0xfb, 0xde, 0xfb, 0xde, 0xfb, 0xd6, 0xfb, 0xde,
    0xfb, 0xde, 0xfb, 0xde, 0xfb, 0xde, 0xfb, 0xde, 0xdb, 0xde, 0xdb, 0xde, 0xdb, 0xde, 0xdb, 0xde,
    0xdb, 0xde, 0xdb, 0xde, 0xdb, 0xde, 0xda, 0xde, 0xda, 0xde, 0xda, 0xde, 0xda, 0xde, 0xdb, 0xde,
    0xdb, 0xde, 0xdb, 0xde, 0xda, 0xde, 0xdb, 0xde, 0xda, 0xde, 0xdb, 0xde, 0xda, 0xde, 0xdb, 0xde,
    0xda, 0xd6, 0xda, 0xd6, 0xda, 0xde, 0xdb, 0xde, 0xda, 0xd6, 0xda, 0xd6, 0xda, 0xd6, 0xda, 0xd6,
    0xba, 0xd6, 0xba, 0xd6, 0xba, 0xd6, 0xba, 0xd6, 0xba, 0xd6, 0xba, 0xd6, 0xba, 0xd6, 0xba, 0xd6,
    0xba, 0xd6, 0xba, 0xd6, 0xba, 0xd6, 0xba, 0xd6, 0xba, 0xd6, 0xba, 0xd6, 0xba, 0xd6, 0xba, 0xd6,
    0xba, 0xd6, 0xba, 0xd6, 0xba, 0xd6, 0xba, 0xd6, 0xba, 0xd6, 0xba, 0xd6, 0xba, 0xd6, 0xba, 0xd6,
    0xba, 0xd6, 0x9a, 0xd6, 0x9a, 0xd6, 0x9a, 0xd6, 0x9a, 0xd6, 0x9a, 0xd6, 0x9a, 0xd6, 0x9a, 0xce,
    0xdb, 0xd6, 0xbe, 0xf7, 0x9a, 0xce, 0x79, 0xce, 0x9a, 0xce, 0xba, 0xce, 0x9a, 0xce, 0x79, 0xc6,
    0x9a, 0xce, 0xdb, 0xd6, 0xdc, 0xd6, 0xdb, 0xd6, 0x7a, 0xce, 0x7a, 0xce, 0x7a, 0xce, 0x79, 0xc6,
    0x9a, 0xce, 0xfb, 0xd6, 0x7a, 0xc6, 0x9a, 0xce, 0x9a, 0xce, 0x9a, 0xce, 0x9a, 0xce, 0x9b, 0xc6,
    0x9b, 0xc6, 0x19, 0xb6, 0xbb, 0xd6, 0x9a, 0xd6, 0x9a, 0xd6, 0x9a, 0xce, 0x9a, 0xce, 0x9a, 0xce,
    0xff, 0xff, 0xff, 0xff, 0xff, 0xff, 0xff, 0xff, 0xff, 0xff, 0xdf, 0xf7, 0xff, 0xff, 0x5d, 0xe7,
    0xdc, 0xce, 0xde, 0xf7, 0xde, 0xff, 0xde, 0xff, 0xde, 0xff, 0xde, 0xf7, 0x9d, 0xef, 0xde, 0xff,
    0xde, 0xff, 0xde, 0xff, 0xde, 0xff, 0xbe, 0xff, 0xbe, 0xf7, 0xbe, 0xf7, 0xbe, 0xf7, 0xbe, 0xff,
    0xbe, 0xf7, 0xbe, 0xff, 0xbe, 0xf7, 0xbe, 0xf7, 0xbd, 0xf7, 0xbd, 0xf7, 0xbd, 0xf7, 0xbd, 0xf7,
    0xbe, 0xf7, 0xbd, 0xf7, 0xbd, 0xf7, 0xbd, 0xf7, 0xbd, 0xf7, 0xbd, 0xf7, 0xbd, 0xf7, 0xbd, 0xf7,
    0xbd, 0xf7, 0xbd, 0xf7, 0xbd, 0xf7, 0xbd, 0xf7, 0xbd, 0xf7, 0xbe, 0xf7, 0x9d, 0xf7, 0x9d, 0xf7,
    0xbd, 0xf7, 0x9d, 0xf7, 0x9d, 0xf7, 0x9d, 0xf7, 0x9d, 0xf7, 0x9d, 0xf7, 0x9d, 0xf7, 0xbd, 0xf7,
    0xbd, 0xf7, 0x9d, 0xf7, 0xbd, 0xf7, 0xbd, 0xf7, 0xbd, 0xf7, 0x9d, 0xf7, 0x9d, 0xf7, 0x9d, 0xf7,
    0x9d, 0xf7, 0x9d, 0xf7, 0x9d, 0xf7, 0x9d, 0xf7, 0x9d, 0xf7, 0x9d, 0xf7, 0x9d, 0xf7, 0x9d, 0xf7,
    0x9d, 0xf7, 0x9d, 0xf7, 0x9d, 0xf7, 0x9d, 0xf7, 0x9d, 0xf7, 0x9d, 0xf7, 0x9d, 0xf7, 0x9d, 0xf7,
    0x9d, 0xf7, 0x9d, 0xf7, 0x9d, 0xf7, 0x9d, 0xf7, 0x9d, 0xf7, 0x9d, 0xf7, 0x9d, 0xf7, 0x9d, 0xf7,
    0x9d, 0xf7, 0x9d, 0xf7, 0x9d, 0xf7, 0x9d, 0xf7, 0x7d, 0xf7, 0x7d, 0xf7, 0x9d, 0xf7, 0x7d, 0xf7,
    0x7d, 0xf7, 0x7d, 0xf7, 0x7d, 0xf7, 0x7d, 0xf7, 0x7d, 0xf7, 0x7d, 0xf7, 0x7d, 0xf7, 0x7d, 0xf7,
    0x7d, 0xf7, 0x7d, 0xf7, 0x7d, 0xf7, 0x7d, 0xf7, 0x7d, 0xf7, 0x7d, 0xef, 0x7d, 0xf7, 0x7d, 0xf7,
    0x7d, 0xef, 0x7d, 0xef, 0x7d, 0xef, 0x7d, 0xef, 0x7d, 0xef, 0x7d, 0xef, 0x7d, 0xef, 0x7d, 0xef,
    0x7c, 0xef, 0x7d, 0xef, 0x7d, 0xef, 0x7c, 0xef, 0x5c, 0xef, 0x5c, 0xef, 0x5c, 0xef, 0x5c, 0xef,
    0x5c, 0xef, 0x5c, 0xef, 0x5c, 0xef, 0x5c, 0xef, 0x5c, 0xef, 0x5c, 0xef, 0x5c, 0xef, 0x5c, 0xef,
    0x5c, 0xef, 0x5c, 0xef, 0x5c, 0xef, 0x5b, 0xef, 0x5b, 0xef, 0x5c, 0xef, 0x5c, 0xef, 0x5c, 0xef,
    0x5c, 0xef, 0x5c, 0xef, 0x5c, 0xef, 0x5c, 0xef, 0x5c, 0xef, 0x5c, 0xef, 0x5c, 0xef, 0x5c, 0xef,
    0x5c, 0xef, 0x3c, 0xef, 0x3c, 0xef, 0x5c, 0xef, 0x3c, 0xef, 0x3c, 0xef, 0x3c, 0xe7, 0x3c, 0xe7,
    0x3c, 0xef, 0x3c, 0xe7, 0x3c, 0xe7, 0x3c, 0xe7, 0x3c, 0xe7, 0x3c, 0xe7, 0x3c, 0xe7, 0x3c, 0xe7,
    0x3c, 0xe7, 0x3c, 0xe7, 0x3c, 0xe7, 0x3c, 0xe7, 0x3c, 0xe7, 0x3c, 0xe7, 0x3c, 0xe7, 0x3c, 0xe7,
    0x3c, 0xdf, 0x3c, 0xe7, 0x3c, 0xdf, 0x1c, 0xdf, 0x1c, 0xe7, 0x1b, 0xe7, 0x1b, 0xe7, 0x1b, 0xe7,
    0x1c, 0xe7, 0x1b, 0xe7, 0x1b, 0xe7, 0x1b, 0xe7, 0x1b, 0xe7, 0x1b, 0xe7, 0x1b, 0xe7, 0x1b, 0xe7,
    0x1b, 0xe7, 0x1b, 0xe7, 0x1b, 0xe7, 0x1b, 0xe7, 0x1b, 0xe7, 0x1b, 0xe7, 0x1b, 0xe7, 0x1b, 0xe7,
    0x1b, 0xe7, 0x1b, 0xe7, 0x1b, 0xe7, 0xfb, 0xe6, 0x1b, 0xe7, 0x1c, 0xe7, 0x1c, 0xe7, 0x1c, 0xe7,
    0x1b, 0xe7, 0xfb, 0xde, 0xfb, 0xde, 0x1b, 0xdf, 0xfb, 0xde, 0xfb, 0xde, 0xfb, 0xde, 0xfb, 0xde,
    0xfb, 0xde, 0xfb, 0xde, 0xfb, 0xde, 0xfb, 0xde, 0xfb, 0xde, 0xfb, 0xde, 0xfb, 0xde, 0xfb, 0xde,
    0xfb, 0xde, 0xfb, 0xde, 0xfb, 0xde, 0xfb, 0xde, 0xdb, 0xde, 0xdb, 0xde, 0xdb, 0xde, 0xdb, 0xde,
    0xdb, 0xde, 0xdb, 0xde, 0xdb, 0xde, 0xdb, 0xde, 0xda, 0xde, 0xdb, 0xde, 0xdb, 0xde, 0xdb, 0xde,
    0xdb, 0xde, 0xdb, 0xd6, 0xdb, 0xde, 0xdb, 0xde, 0xdb, 0xd6, 0xdb, 0xde, 0xdb, 0xd6, 0xdb, 0xd6,
    0xdb, 0xd6, 0xdb, 0xd6, 0xdb, 0xde, 0xdb, 0xde, 0xdb, 0xd6, 0xda, 0xd6, 0xba, 0xd6, 0xda, 0xd6,
    0xba, 0xd6, 0xba, 0xd6, 0xba, 0xd6, 0xba, 0xd6, 0xba, 0xd6, 0xba, 0xd6, 0xba, 0xd6, 0xba, 0xd6,
    0xba, 0xd6, 0xba, 0xd6, 0xba, 0xd6, 0xba, 0xd6, 0xba, 0xd6, 0xba, 0xd6, 0xba, 0xd6, 0xba, 0xd6,
    0xba, 0xd6, 0xba, 0xd6, 0xba, 0xd6, 0xba, 0xd6, 0xba, 0xd6, 0xba, 0xd6, 0xba, 0xd6, 0xba, 0xd6,
    0xba, 0xd6, 0x9a, 0xd6, 0x9a, 0xd6, 0x9a, 0xd6, 0x9a, 0xd6, 0x9a, 0xce, 0x9a, 0xd6, 0xba, 0xd6,
    0x9a, 0xce, 0x3c, 0xe7, 0x7d, 0xef, 0x7a, 0xce, 0x9a, 0xce, 0x7a, 0xce, 0x7a, 0xce, 0xba, 0xce,
    0xdb, 0xd6, 0xdc, 0xd6, 0xdb, 0xd6, 0x9a, 0xce, 0x79, 0xc6, 0x7a, 0xce, 0x7a, 0xce, 0x9a, 0xce,
    0xdb, 0xd6, 0x7a, 0xc6, 0x9a, 0xce, 0x9a, 0xce, 0x9a, 0xce, 0x9a, 0xce, 0x7a, 0xc6, 0xbc, 0xc6,
    0x1a, 0xb6, 0x9b, 0xc6, 0xba, 0xd6, 0x9a, 0xce, 0x9a, 0xd6, 0x9a, 0xce, 0x9a, 0xce, 0x9a, 0xce,
    0xff, 0xff, 0xff, 0xff, 0xff, 0xff, 0xff, 0xff, 0xff, 0xff, 0xff, 0xff, 0xff, 0xff, 0xff, 0xff,
    0xdc, 0xce, 0x1d, 0xd7, 0xfe, 0xff, 0xde, 0xff, 0xde, 0xff, 0xfe, 0xff, 0xbe, 0xf7, 0x9d, 0xef,
    0xde, 0xff, 0xde, 0xff, 0xbe, 0xff, 0xbe, 0xff, 0xbe, 0xf7, 0xbe, 0xff, 0xbe, 0xf7, 0xbe, 0xf7,
    0xbe, 0xf7, 0xbe, 0xf7, 0xbe, 0xff, 0xbe, 0xf7, 0xbe, 0xf7, 0xbd, 0xf7, 0xbd, 0xf7, 0xbd, 0xf7,
    0xbd, 0xf7, 0xbd, 0xf7, 0xbd, 0xf7, 0xbd, 0xf7, 0xbd, 0xf7, 0xbd, 0xf7, 0xbd, 0xf7, 0xbd, 0xf7,
    0xbd, 0xf7, 0x9d, 0xf7, 0x9d, 0xf7, 0xbd, 0xf7, 0xbd, 0xf7, 0x9d, 0xf7, 0x9d, 0xf7, 0x9d, 0xf7,
    0x9d, 0xf7, 0x9d, 0xf7, 0x9d, 0xf7, 0x9d, 0xf7, 0x9d, 0xf7, 0x9d, 0xf7, 0x9d, 0xf7, 0x9d, 0xf7,
    0x9d, 0xf7, 0x9d, 0xf7, 0x9d, 0xf7, 0x9d, 0xf7, 0x9d, 0xf7, 0x9d, 0xf7, 0x9d, 0xf7, 0x9d, 0xf7,
    0x9d, 0xf7, 0x9d, 0xf7, 0x9d, 0xf7, 0x9d, 0xf7, 0x9d, 0xf7, 0x9d, 0xf7, 0x9d, 0xf7, 0x9d, 0xf7,
    0x9d, 0xf7, 0x9d, 0xf7, 0x9d, 0xf7, 0x9d, 0xf7, 0x9d, 0xf7, 0x9d, 0xf7, 0x9d, 0xf7, 0x9d, 0xf7,
    0x9d, 0xf7, 0x9d, 0xf7, 0x9d, 0xf7, 0x9d, 0xf7, 0x9d, 0xf7, 0x9d, 0xf7, 0x9d, 0xf7, 0x9d, 0xf7,
    0x9d, 0xf7, 0x9d, 0xf7, 0x9d, 0xf7, 0x9d, 0xf7, 0x9d, 0xf7, 0x7d, 0xf7, 0x7d, 0xf7, 0x7d, 0xf7,
    0x7d, 0xf7, 0x7d, 0xf7, 0x7d, 0xf7, 0x7d, 0xf7, 0x7d, 0xf7, 0x7d, 0xef, 0x7d, 0xf7, 0x7d, 0xf7,
    0x7d, 0xf7, 0x7d, 0xef, 0x7d, 0xf7, 0x7d, 0xf7, 0x7d, 0xef, 0x7d, 0xf7, 0x7d, 0xf7, 0x7d, 0xef,
    0x7d, 0xef, 0x7d, 0xef, 0x7d, 0xef, 0x7d, 0xef, 0x7d, 0xef, 0x7d, 0xef, 0x7d, 0xef, 0x7d, 0xef,
    0x7c, 0xef, 0x7d, 0xef, 0x7d, 0xef, 0x5c, 0xef, 0x5c, 0xef, 0x5c, 0xef, 0x5c, 0xef, 0x5c, 0xef,
    0x5c, 0xef, 0x5c, 0xef, 0x5c, 0xef, 0x5c, 0xef, 0x5c, 0xef, 0x5c, 0xef, 0x5c, 0xef, 0x5c, 0xef,
    0x5c, 0xef, 0x5c, 0xef, 0x5c, 0xef, 0x5c, 0xef, 0x5c, 0xef, 0x5c, 0xef, 0x5c, 0xef, 0x5c, 0xef,
    0x5c, 0xef, 0x5c, 0xef, 0x5c, 0xef, 0x5c, 0xef, 0x5c, 0xef, 0x5c, 0xef, 0x5c, 0xef, 0x5c, 0xef,
    0x3c, 0xef, 0x3c, 0xef, 0x3c, 0xef, 0x3c, 0xef, 0x3c, 0xef, 0x3c, 0xef, 0x3c, 0xe7, 0x3c, 0xef,
    0x3c, 0xe7, 0x3c, 0xe7, 0x3c, 0xe7, 0x3c, 0xe7, 0x3c, 0xe7, 0x3c, 0xe7, 0x3c, 0xe7, 0x3c, 0xe7,
    0x3c, 0xe7, 0x3c, 0xe7, 0x3c, 0xe7, 0x3c, 0xe7, 0x3c, 0xe7, 0x3c, 0xe7, 0x3c, 0xe7, 0x3c, 0xe7,
    0x3c, 0xe7, 0x3c, 0xe7, 0x3c, 0xe7, 0x3c, 0xe7, 0x1c, 0xe7, 0x1c, 0xe7, 0x1c, 0xe7, 0x1c, 0xe7,
    0x1c, 0xe7, 0x1b, 0xe7, 0x1b, 0xe7, 0x1b, 0xe7, 0x1b, 0xe7, 0x1b, 0xe7, 0x1b, 0xe7, 0x1b, 0xe7,
    0x1b, 0xe7, 0x1b, 0xe7, 0x1b, 0xe7, 0x1b, 0xe7, 0x1b, 0xe7, 0x1b, 0xe7, 0x1b, 0xe7, 0x1b, 0xe7,
    0x1b, 0xe7, 0x1b, 0xe7, 0x1b, 0xe7, 0x1b, 0xe7, 0x1b, 0xe7, 0x1c, 0xe7, 0x1b, 0xe7, 0x1c, 0xe7,
    0x1c, 0xe7, 0x1c, 0xe7, 0xfb, 0xde, 0xfb, 0xde, 0xfb, 0xde, 0xfb, 0xde, 0xfb, 0xde, 0xfb, 0xde,
    0xfb, 0xde, 0xfb, 0xde, 0xfb, 0xde, 0xfb, 0xde, 0xfb, 0xde, 0xfb, 0xde, 0xfb, 0xde, 0xfb, 0xde,
    0xfb, 0xde, 0xfb, 0xde, 0xfb, 0xde, 0xfb, 0xde, 0xfb, 0xde, 0xdb, 0xde, 0xdb, 0xde, 0xdb, 0xde,
    0xdb, 0xde, 0xdb, 0xde, 0xda, 0xde, 0xda, 0xde, 0xdb, 0xde, 0xdb, 0xd6, 0xda, 0xd6, 0xda, 0xd6,
    0xda, 0xde, 0xdb, 0xd6, 0xdb, 0xde, 0xda, 0xde, 0xda, 0xd6, 0xdb, 0xde, 0xdb, 0xde, 0xdb, 0xd6,
    0xdb, 0xde, 0xdb, 0xde, 0xdb, 0xd6, 0xdb, 0xde, 0xda, 0xde, 0xda, 0xd6, 0xba, 0xce, 0xba, 0xd6,
    0xba, 0xd6, 0xba, 0xd6, 0xb9, 0xd6, 0xba, 0xd6, 0xba, 0xd6, 0xba, 0xd6, 0xba, 0xd6, 0xba, 0xd6,
    0xba, 0xd6, 0xba, 0xd6, 0xba, 0xd6, 0xba, 0xd6, 0xba, 0xd6, 0xba, 0xd6, 0xba, 0xd6, 0xba, 0xd6,
    0xba, 0xd6, 0xba, 0xd6, 0xba, 0xd6, 0xba, 0xd6, 0xba, 0xd6, 0xba, 0xd6, 0xba, 0xd6, 0xba, 0xd6,
    0x9a, 0xd6, 0x9a, 0xd6, 0x9a, 0xd6, 0x9a, 0xce, 0x9a, 0xd6, 0xba, 0xd6, 0xba, 0xd6, 0xba, 0xce,
    0xba, 0xd6, 0xba, 0xce, 0xbe, 0xf7, 0x1b, 0xdf, 0x59, 0xc6, 0x9a, 0xce, 0x9a, 0xce, 0xbb, 0xce,
    0xdb, 0xd6, 0xdb, 0xd6, 0x9a, 0xce, 0x79, 0xc6, 0x7a, 0xce, 0x7a, 0xce, 0x79, 0xce, 0xdb, 0xd6,
    0x7a, 0xc6, 0x7a, 0xc6, 0xba, 0xce, 0x9a, 0xce, 0x9a, 0xce, 0x7a, 0xce, 0xbb, 0xc6, 0x5a, 0xbe,
    0x3a, 0xbe, 0xba, 0xd6, 0x9a, 0xce, 0x9a, 0xd6, 0x9a, 0xce, 0x9a, 0xce, 0x9a, 0xce, 0x9a, 0xce,
    0xff, 0xff, 0xff, 0xff, 0xff, 0xff, 0xff, 0xff, 0xff, 0xff, 0xff, 0xff, 0xff, 0xf7, 0xff, 0xff,
    0xbe, 0xf7, 0x9b, 0xc6, 0x5d, 0xe7, 0xfe, 0xff, 0xde, 0xf7, 0xde, 0xff, 0xff, 0xff, 0x9e, 0xf7,
    0x9d, 0xef, 0xde, 0xff, 0xbe, 0xff, 0xbe, 0xff, 0xbe, 0xff, 0xbe, 0xf7, 0xbe, 0xf7, 0xbe, 0xf7,
    0xbe, 0xf7, 0xbe, 0xf7, 0xbe, 0xff, 0xbe, 0xf7, 0xbd, 0xf7, 0xbd, 0xf7, 0xbd, 0xf7, 0xbd, 0xf7,
    0xbd, 0xf7, 0xbd, 0xf7, 0xbd, 0xf7, 0xbd, 0xf7, 0xbd, 0xf7, 0xbd, 0xf7, 0xbd, 0xf7, 0xbd, 0xf7,
    0xbd, 0xf7, 0x9d, 0xf7, 0x9d, 0xf7, 0x9d, 0xf7, 0x9d, 0xf7, 0x9d, 0xf7, 0x9d, 0xf7, 0x9d, 0xf7,
    0x9d, 0xf7, 0x9d, 0xf7, 0x9d, 0xf7, 0x9d, 0xf7, 0x9d, 0xf7, 0x9d, 0xf7, 0x9d, 0xf7, 0x9d, 0xf7,
    0x9d, 0xf7, 0x9d, 0xf7, 0x9d, 0xf7, 0x9d, 0xf7, 0x9d, 0xf7, 0x9d, 0xf7, 0x9d, 0xf7, 0x9d, 0xf7,
    0x9d, 0xf7, 0x9d, 0xf7, 0x9d, 0xf7, 0x9d, 0xf7, 0x9d, 0xf7, 0x9d, 0xf7, 0x9d, 0xf7, 0x9d, 0xf7,
    0x9d, 0xf7, 0x9d, 0xf7, 0x9d, 0xf7, 0x9d, 0xf7, 0x9d, 0xf7, 0x9d, 0xf7, 0x9d, 0xf7, 0x9d, 0xf7,
    0x9d, 0xf7, 0x9d, 0xf7, 0x9d, 0xf7, 0x9d, 0xf7, 0x9d, 0xf7, 0x9d, 0xf7, 0x9d, 0xf7, 0x7d, 0xf7,
    0x7d, 0xf7, 0x9d, 0xf7, 0x7d, 0xf7, 0x7d, 0xf7, 0x9d, 0xf7, 0x9d, 0xf7, 0x7d, 0xf7, 0x7d, 0xf7,
    0x9d, 0xf7, 0x9d, 0xf7, 0x7d, 0xf7, 0x7d, 0xf7, 0x7d, 0xf7, 0x7d, 0xf7, 0x7d, 0xf7, 0x7d, 0xf7,
    0x7d, 0xf7, 0x7d, 0xf7, 0x7d, 0xf7, 0x7d, 0xef, 0x7d, 0xef, 0x7d, 0xef, 0x7d, 0xef, 0x7d, 0xef,
    0x7d, 0xef, 0x7d, 0xef, 0x7d, 0xef, 0x7d, 0xef, 0x7d, 0xef, 0x7c, 0xef, 0x7d, 0xef, 0x7d, 0xef,
    0x7c, 0xef, 0x7d, 0xef, 0x7c, 0xef, 0x7d, 0xef, 0x5c, 0xef, 0x5c, 0xef, 0x5c, 0xef, 0x5c, 0xef,
    0x5c, 0xef, 0x5c, 0xef, 0x5c, 0xef, 0x5c, 0xef, 0x5c, 0xef, 0x5c, 0xef, 0x5c, 0xef, 0x5c, 0xef,
    0x5c, 0xef, 0x5c, 0xef, 0x5c, 0xef, 0x5c, 0xef, 0x5c, 0xef, 0x5c, 0xef, 0x5c, 0xef, 0x5c, 0xef,
    0x5c, 0xef, 0x5c, 0xef, 0x5c, 0xef, 0x5c, 0xef, 0x5c, 0xef, 0x5c, 0xef, 0x5c, 0xef, 0x3c, 0xef,
    0x3c, 0xef, 0x3c, 0xef, 0x3c, 0xef, 0x3c, 0xef, 0x3c, 0xe7, 0x3c, 0xe7, 0x3c, 0xef, 0x3c, 0xef,
    0x3c, 0xe7, 0x3c, 0xe7, 0x3c, 0xe7, 0x3c, 0xe7, 0x3c, 0xe7, 0x3c, 0xe7, 0x3c, 0xe7, 0x3c, 0xe7,
    0x3c, 0xe7, 0x3c, 0xe7, 0x3c, 0xe7, 0x3c, 0xe7, 0x3c, 0xe7, 0x3c, 0xe7, 0x3c, 0xe7, 0x3c, 0xe7,
    0x3c, 0xe7, 0x3c, 0xe7, 0x3c, 0xe7, 0x1c, 0xe7, 0x1c, 0xe7, 0x1c, 0xe7, 0x1b, 0xe7, 0x1b, 0xe7,
    0x1b, 0xe7, 0x1b, 0xe7, 0x1b, 0xe7, 0x1b, 0xe7, 0x1b, 0xe7, 0x1b, 0xe7, 0x1b, 0xe7, 0x1b, 0xe7,
    0x1b, 0xe7, 0x1b, 0xe7, 0x1b, 0xe7, 0x1b, 0xe7, 0x1b, 0xe7, 0x1b, 0xe7, 0x1b, 0xe7, 0x1b, 0xe7,
    0x1b, 0xe7, 0x1b, 0xe7, 0xfb, 0xe6, 0x1b, 0xe7, 0x1c, 0xe7, 0x1c, 0xe7, 0x1b, 0xe7, 0x1b, 0xe7,
    0x1b, 0xe7, 0x1c, 0xe7, 0x1c, 0xe7, 0x1b, 0xe7, 0xfb, 0xde, 0xfb, 0xde, 0xfb, 0xde, 0xfb, 0xde,
    0xfb, 0xde, 0xfb, 0xde, 0xfb, 0xde, 0xfb, 0xde, 0xfb, 0xde, 0xfb, 0xde, 0xfb, 0xde, 0xfb, 0xde,
    0xfb, 0xde, 0xfb, 0xde, 0xfb, 0xde, 0xfb, 0xde, 0xfb, 0xde, 0xfb, 0xde, 0xdb, 0xde, 0xdb, 0xde,
    0xdb, 0xde, 0xdb, 0xde, 0xda, 0xde, 0xda, 0xde, 0xdb, 0xde, 0xdb, 0xde, 0xdb, 0xde, 0xdb, 0xd6,
    0xdb, 0xde, 0xdb, 0xde, 0xdb, 0xde, 0xdb, 0xd6, 0xdb, 0xd6, 0xdb, 0xd6, 0xdb, 0xd6, 0xdb, 0xd6,
    0xdb, 0xd6, 0xdb, 0xd6, 0xda, 0xd6, 0xdb, 0xd6, 0xda, 0xd6, 0xda, 0xd6, 0xba, 0xd6, 0xba, 0xd6,
    0xba, 0xd6, 0xba, 0xd6, 0xba, 0xd6, 0xba, 0xd6, 0xba, 0xd6, 0xba, 0xd6, 0xba, 0xd6, 0xba, 0xd6,
    0xba, 0xd6, 0xba, 0xd6, 0xba, 0xd6, 0xba, 0xd6, 0xba, 0xd6, 0xba, 0xd6, 0xba, 0xd6, 0xba, 0xd6,
    0xba, 0xd6, 0xba, 0xd6, 0xba, 0xd6, 0xba, 0xd6, 0xba, 0xd6, 0xba, 0xd6, 0xba, 0xd6, 0x9a, 0xd6,
    0x9a, 0xd6, 0x9a, 0xd6, 0x9a, 0xd6, 0x9a, 0xce, 0x9a, 0xce, 0x9a, 0xce, 0x9a, 0xce, 0x9a, 0xce,
    0xba, 0xd6, 0x9a, 0xce, 0xfb, 0xd6, 0xbe, 0xf7, 0x9a, 0xce, 0x9a, 0xce, 0x9a, 0xce, 0x9a, 0xce,
    0xbb, 0xce, 0x9a, 0xce, 0x79, 0xc6, 0x7a, 0xce, 0x7a, 0xce, 0x79, 0xc6, 0xbb, 0xce, 0x9a, 0xc6,
    0x7a, 0xc6, 0xba, 0xd6, 0x9a, 0xce, 0x9a, 0xce, 0x9a, 0xce, 0x9b, 0xc6, 0x7b, 0xbe, 0xf9, 0xb5,
    0xbb, 0xce, 0x9a, 0xd6, 0x9a, 0xce, 0x9a, 0xce, 0x9a, 0xce, 0x9a, 0xce, 0x9a, 0xce, 0x9a, 0xce,
    0xff, 0xff, 0xff, 0xff, 0xff, 0xff, 0xff, 0xff, 0xff, 0xff, 0xff, 0xff, 0xdf, 0xff, 0xde, 0xf7,
    0xfe, 0xff, 0x7d, 0xe7, 0x7b, 0xbe, 0x9e, 0xef, 0xfe, 0xff, 0xde, 0xf7, 0xde, 0xff, 0xfe, 0xff,
    0x9e, 0xef, 0x9d, 0xf7, 0xde, 0xff, 0xbe, 0xf7, 0xbe, 0xff, 0xbe, 0xff, 0xbe, 0xf7, 0xbe, 0xf7,
    0xbe, 0xf7, 0xbe, 0xf7, 0xbe, 0xf7, 0xbd, 0xf7, 0xbd, 0xf7, 0xbd, 0xf7, 0xbd, 0xf7, 0xbd, 0xf7,
    0xbd, 0xf7, 0xbd, 0xf7, 0xbd, 0xf7, 0xbd, 0xf7, 0xbc, 0xf7, 0xbd, 0xf7, 0xbd, 0xf7, 0x9d, 0xf7,
    0x9d, 0xf7, 0x9d, 0xf7, 0x9d, 0xf7, 0x9d, 0xf7, 0xbd, 0xf7, 0xbd, 0xf7, 0x9d, 0xf7, 0x9d, 0xf7,
    0x9d, 0xf7, 0x9d, 0xf7, 0x9d, 0xf7, 0x9d, 0xf7, 0x9d, 0xf7, 0x9d, 0xf7, 0x9d, 0xf7, 0x9d, 0xf7,
    0x9d, 0xf7, 0x9d, 0xf7, 0x9d, 0xf7, 0x9d, 0xf7, 0x9d, 0xf7, 0x9d, 0xf7, 0x9d, 0xf7, 0x9d, 0xf7,
    0x9d, 0xf7, 0x9d, 0xf7, 0x9d, 0xf7, 0x9d, 0xf7, 0x9d, 0xf7, 0x9d, 0xf7, 0x9d, 0xf7, 0x9d, 0xf7,
    0x9d, 0xf7, 0x9d, 0xf7, 0x9d, 0xf7, 0x7d, 0xf7, 0x9d, 0xf7, 0x9d, 0xf7, 0x9d, 0xf7, 0x9d, 0xf7,
    0x9d, 0xf7, 0x9d, 0xf7, 0x9d, 0xf7, 0x7d, 0xf7, 0x9d, 0xf7, 0x9d, 0xf7, 0x9d, 0xf7, 0x7d, 0xf7,
    0x7d, 0xf7, 0x7d, 0xf7, 0x7d, 0xf7, 0x7d, 0xf7, 0x7d, 0xf7, 0x7d, 0xf7, 0x7d, 0xf7, 0x7d, 0xf7,
    0x7d, 0xf7, 0x7d, 0xf7, 0x9d, 0xf7, 0x9d, 0xf7, 0x7d, 0xf7, 0x7d, 0xf7, 0x7d, 0xf7, 0x7d, 0xf7,
    0x7d, 0xef, 0x7d, 0xef, 0x7d, 0xef, 0x7d, 0xef, 0x7d, 0xef, 0x7d, 0xef, 0x7d, 0xef, 0x7d, 0xef,
    0x7d, 0xef, 0x7d, 0xef, 0x7d, 0xef, 0x7c, 0xef, 0x7d, 0xef, 0x7d, 0xef, 0x7c, 0xef, 0x7d, 0xef,
    0x7c, 0xef, 0x5c, 0xef, 0x5c, 0xef, 0x5c, 0xef, 0x5c, 0xef, 0x5c, 0xef, 0x5c, 0xef, 0x5c, 0xef,
    0x5c, 0xef, 0x5c, 0xef, 0x5c, 0xef, 0x5c, 0xef, 0x5c, 0xef, 0x5c, 0xef, 0x5c, 0xef, 0x5c, 0xef,
    0x5c, 0xef, 0x5c, 0xef, 0x5c, 0xef, 0x5c, 0xef, 0x5c, 0xef, 0x5c, 0xef, 0x5c, 0xef, 0x5c, 0xef,
    0x5c, 0xef, 0x3c, 0xef, 0x5c, 0xef, 0x5c, 0xef, 0x3c, 0xef, 0x3c, 0xef, 0x3c, 0xef, 0x3c, 0xef,
    0x3c, 0xef, 0x3c, 0xef, 0x3c, 0xef, 0x3c, 0xe7, 0x3c, 0xe7, 0x3c, 0xef, 0x3c, 0xef, 0x3c, 0xe7,
    0x3c, 0xe7, 0x3c, 0xe7, 0x3c, 0xe7, 0x3c, 0xe7, 0x3c, 0xe7, 0x3c, 0xe7, 0x3c, 0xe7, 0x3c, 0xe7,
    0x3c, 0xe7, 0x3c, 0xe7, 0x3c, 0xe7, 0x3c, 0xe7, 0x3c, 0xe7, 0x3c, 0xe7, 0x3c, 0xe7, 0x3c, 0xe7,
    0x3c, 0xe7, 0x1c, 0xe7, 0x3c, 0xe7, 0x1c, 0xe7, 0x1c, 0xe7, 0x1c, 0xe7, 0x1b, 0xe7, 0x1b, 0xe7,
    0x1b, 0xe7, 0x1b, 0xe7, 0x1b, 0xe7, 0x1b, 0xe7, 0x1b, 0xe7, 0x1b, 0xe7, 0x1b, 0xe7, 0x1b, 0xe7,
    0x1b, 0xe7, 0x1b, 0xe7, 0x1b, 0xe7, 0x1b, 0xe7, 0x1b, 0xe7, 0x1b, 0xe7, 0x1b, 0xe7, 0x1b, 0xe7,
    0x1b, 0xe7, 0x1b, 0xe7, 0x1b, 0xe7, 0x1b, 0xe7, 0x1c, 0xe7, 0x1c, 0xe7, 0x1b, 0xe7, 0x1c, 0xe7,
    0x1c, 0xe7, 0x1c, 0xe7, 0x1b, 0xe7, 0x1c, 0xe7, 0x1c, 0xe7, 0xfb, 0xde, 0xfb, 0xde, 0xfb, 0xde,
    0xfb, 0xde, 0xfb, 0xde, 0xfb, 0xde, 0xfb, 0xde, 0xfb, 0xde, 0xfb, 0xde, 0xfb, 0xde, 0xfb, 0xde,
    0xfb, 0xde, 0xfb, 0xde, 0xfb, 0xde, 0xdb, 0xde, 0xdb, 0xde, 0xdb, 0xde, 0xdb, 0xde, 0xdb, 0xde,
    0xdb, 0xde, 0xdb, 0xde, 0xda, 0xde, 0xda, 0xde, 0xdb, 0xde, 0xda, 0xde, 0xdb, 0xde, 0xdb, 0xd6,
    0xdb, 0xde, 0xdb, 0xde, 0xdb, 0xd6, 0xdb, 0xd6, 0xdb, 0xde, 0xdb, 0xd6, 0xdb, 0xd6, 0xdb, 0xd6,
    0xdb, 0xd6, 0xdb, 0xd6, 0xdb, 0xd6, 0xdb, 0xd6, 0xda, 0xd6, 0xda, 0xde, 0xba, 0xd6, 0xba, 0xd6,
    0xba, 0xd6, 0xba, 0xd6, 0xba, 0xd6, 0xba, 0xd6, 0xba, 0xd6, 0xba, 0xd6, 0xba, 0xd6, 0xba, 0xd6,
    0xba, 0xd6, 0xba, 0xd6, 0xba, 0xd6, 0xba, 0xd6, 0xba, 0xd6, 0xba, 0xd6, 0xba, 0xd6, 0xba, 0xd6,
    0xba, 0xd6, 0xba, 0xd6, 0xba, 0xd6, 0xba, 0xd6, 0xba, 0xd6, 0x9a, 0xd6, 0x9a, 0xd6, 0x9a, 0xd6,
    0x9a, 0xd6, 0x9a, 0xce, 0x9a, 0xce, 0x9a, 0xce, 0x9a, 0xce, 0x9a, 0xce, 0x9a, 0xce, 0x9a, 0xce,
    0xbb, 0xd6, 0xbb, 0xd6, 0xba, 0xce, 0x7d, 0xef, 0x5d, 0xe7, 0x79, 0xc6, 0x9a, 0xce, 0x7a, 0xce,
    0x7a, 0xce, 0x7a, 0xce, 0x7a, 0xce, 0x7a, 0xce, 0x79, 0xc6, 0xbb, 0xce, 0x9a, 0xc6, 0x7a, 0xc6,
    0xbb, 0xd6, 0x9a, 0xd6, 0x9a, 0xce, 0x9a, 0xce, 0x9a, 0xc6, 0xbb, 0xc6, 0xf9, 0xad, 0x7a, 0xc6,
    0x9a, 0xd6, 0x9a, 0xce, 0x9a, 0xce, 0x9a, 0xce, 0x9a, 0xce, 0x9a, 0xce, 0x9a, 0xce, 0x9a, 0xd6,
    0xff, 0xff, 0xff, 0xff, 0xff, 0xff, 0xff, 0xff, 0xff, 0xff, 0xdf, 0xff, 0xde, 0xff, 0xde, 0xff,
    0xde, 0xf7, 0xfe, 0xff, 0xfc, 0xde, 0x7b, 0xc6, 0xbe, 0xf7, 0xfe, 0xff, 0xde, 0xf7, 0xde, 0xff,
    0xff, 0xff, 0x9e, 0xef, 0x9d, 0xef, 0xde, 0xff, 0xbe, 0xff, 0xbe, 0xff, 0xbe, 0xff, 0xbe, 0xf7,
    0xbe, 0xf7, 0xbe, 0xf7, 0xbd, 0xf7, 0xbd, 0xf7, 0xbd, 0xf7, 0xbd, 0xf7, 0xbd, 0xf7, 0xbd, 0xf7,
    0xbd, 0xf7, 0xbd, 0xf7, 0xbd, 0xf7, 0xbd, 0xf7, 0xbd, 0xf7, 0xbd, 0xf7, 0xbd, 0xf7, 0xbd, 0xf7,
    0x9d, 0xf7, 0x9d, 0xf7, 0x9d, 0xf7, 0xbd, 0xf7, 0xbd, 0xf7, 0x9d, 0xf7, 0x9d, 0xf7, 0x9d, 0xf7,
    0x9d, 0xf7, 0x9d, 0xf7, 0x9d, 0xf7, 0x9d, 0xf7, 0x9d, 0xf7, 0x9d, 0xf7, 0x9d, 0xf7, 0x9d, 0xf7,
    0x9d, 0xf7, 0x9d, 0xf7, 0x9d, 0xf7, 0x9d, 0xf7, 0x9d, 0xf7, 0x9d, 0xf7, 0x9d, 0xf7, 0x9d, 0xf7,
    0x9d, 0xf7, 0x9d, 0xf7, 0x9d, 0xf7, 0x9d, 0xf7, 0x7d, 0xf7, 0x7d, 0xf7, 0x7d, 0xf7, 0x9d, 0xf7,
    0x9d, 0xf7, 0x7d, 0xf7, 0x9d, 0xf7, 0x7d, 0xf7, 0x7d, 0xf7, 0x7d, 0xf7, 0x7d, 0xf7, 0x9d, 0xf7,
    0x9d, 0xf7, 0x9d, 0xf7, 0x9d, 0xf7, 0x9d, 0xf7, 0x9d, 0xf7, 0x7d, 0xf7, 0x9d, 0xf7, 0x7d, 0xf7,
    0x7d, 0xf7, 0x7d, 0xf7, 0x7d, 0xf7, 0x7d, 0xef, 0x7d, 0xf7, 0x7d, 0xf7, 0x7d, 0xf7, 0x7d, 0xf7,
    0x7d, 0xf7, 0x7d, 0xf7, 0x7d, 0xf7, 0x7d, 0xf7, 0x7d, 0xf7, 0x7d, 0xf7, 0x7d, 0xef, 0x7d, 0xf7,
    0x7d, 0xef, 0x7d, 0xef, 0x7d, 0xef, 0x7d, 0xef, 0x7d, 0xef, 0x7d, 0xef, 0x7d, 0xef, 0x7d, 0xef,
    0x7d, 0xef, 0x7d, 0xef, 0x7d, 0xef, 0x7c, 0xef, 0x7c, 0xef, 0x7d, 0xef, 0x7d, 0xef, 0x7c, 0xef,
    0x5c, 0xef, 0x5c, 0xef, 0x5c, 0xef, 0x5c, 0xef, 0x5c, 0xef, 0x5c, 0xef, 0x5c, 0xef, 0x5c, 0xef,
    0x5c, 0xef, 0x5c, 0xef, 0x5c, 0xef, 0x5c, 0xef, 0x5c, 0xef, 0x5c, 0xef, 0x5c, 0xef, 0x5c, 0xef,
    0x5c, 0xef, 0x5c, 0xef, 0x5c, 0xef, 0x5c, 0xef, 0x5c, 0xef, 0x5c, 0xef, 0x5c, 0xef, 0x5c, 0xef,
    0x3c, 0xef, 0x3c, 0xef, 0x5c, 0xef, 0x3c, 0xef, 0x3c, 0xef, 0x3c, 0xef, 0x3c, 0xef, 0x3c, 0xef,
    0x3c, 0xef, 0x3c, 0xef, 0x3c, 0xe7, 0x3c, 0xe7, 0x3c, 0xef, 0x3c, 0xe7, 0x3c, 0xe7, 0x3c, 0xe7,
    0x3c, 0xe7, 0x3c, 0xe7, 0x3c, 0xe7, 0x3c, 0xe7, 0x3c, 0xe7, 0x3c, 0xe7, 0x3c, 0xe7, 0x3c, 0xe7,
    0x3c, 0xe7, 0x3c, 0xe7, 0x3c, 0xe7, 0x3c, 0xe7, 0x3c, 0xe7, 0x3c, 0xe7, 0x3c, 0xe7, 0x3c, 0xe7,
    0x1c, 0xe7, 0x3c, 0xe7, 0x3c, 0xe7, 0x1c, 0xe7, 0x1c, 0xe7, 0x1c, 0xe7, 0x1b, 0xe7, 0x1b, 0xe7,
    0x1b, 0xe7, 0x1b, 0xe7, 0x1b, 0xe7, 0x1b, 0xe7, 0x1b, 0xe7, 0x1b, 0xe7, 0x1b, 0xe7, 0x1b, 0xe7,
    0x1b, 0xe7, 0x1b, 0xe7, 0x1b, 0xe7, 0x1b, 0xe7, 0x1b, 0xe7, 0x1b, 0xe7, 0x1c, 0xe7, 0x1b, 0xe7,
    0xfb, 0xe6, 0xfb, 0xe6, 0xfb, 0xe6, 0xfb, 0xe6, 0xfb, 0xe6, 0x1b, 0xe7, 0x1b, 0xe7, 0x1b, 0xe7,
    0x1b, 0xe7, 0x1b, 0xe7, 0x1b, 0xe7, 0xfb, 0xde, 0xfb, 0xde, 0x1c, 0xe7, 0x1b, 0xe7, 0xfb, 0xde,
    0xfb, 0xde, 0xfb, 0xde, 0xfb, 0xde, 0xfb, 0xde, 0xfb, 0xde, 0xfb, 0xde, 0xfb, 0xde, 0xfb, 0xde,
    0xfb, 0xde, 0xfb, 0xde, 0xdb, 0xde, 0xdb, 0xde, 0xdb, 0xde, 0xdb, 0xde, 0xdb, 0xde, 0xdb, 0xde,
    0xda, 0xde, 0xda, 0xde, 0xda, 0xde, 0xdb, 0xde, 0xdb, 0xde, 0xdb, 0xde, 0xdb, 0xde, 0xdb, 0xd6,
    0xdb, 0xde, 0xdb, 0xde, 0xdb, 0xd6, 0xdb, 0xd6, 0xdb, 0xde, 0xdb, 0xd6, 0xdb, 0xd6, 0xdb, 0xd6,
    0xdb, 0xd6, 0xdb, 0xd6, 0xdb, 0xde, 0xda, 0xde, 0xda, 0xd6, 0xda, 0xd6, 0xda, 0xd6, 0xba, 0xd6,
    0xba, 0xd6, 0xba, 0xd6, 0xba, 0xd6, 0xbb, 0xd6, 0xba, 0xd6, 0xba, 0xd6, 0xba, 0xd6, 0xba, 0xd6,
    0xba, 0xd6, 0xba, 0xd6, 0xba, 0xd6, 0x9a, 0xd6, 0x99, 0xd6, 0xba, 0xd6, 0xba, 0xd6, 0xba, 0xd6,
    0xba, 0xd6, 0xba, 0xd6, 0xba, 0xd6, 0x9a, 0xd6, 0x9a, 0xd6, 0x9a, 0xd6, 0x9a, 0xce, 0x9a, 0xce,
    0x9a, 0xce, 0x9a, 0xce, 0x9a, 0xce, 0x9a, 0xce, 0x9a, 0xce, 0x9a, 0xce, 0x9a, 0xce, 0xbb, 0xce,
    0xbb, 0xd6, 0xba, 0xce, 0x9a, 0xce, 0xba, 0xd6, 0xbe, 0xf7, 0xfb, 0xd6, 0x79, 0xc6, 0x9a, 0xce,
    0x9a, 0xce, 0x9a, 0xce, 0x7a, 0xce, 0x7a, 0xce, 0xba, 0xce, 0x9a, 0xc6, 0x7a, 0xc6, 0xba, 0xd6,
    0x9a, 0xce, 0x9a, 0xce, 0x9a, 0xce, 0x7a, 0xc6, 0xbb, 0xce, 0xf9, 0xb5, 0x5a, 0xc6, 0xba, 0xd6,
    0x99, 0xce, 0x9a, 0xce, 0x9a, 0xce, 0x9a, 0xce, 0x9a, 0xce, 0x9a, 0xce, 0x9a, 0xce, 0x9a, 0xce,
    0xff, 0xff, 0xff, 0xff, 0xff, 0xff, 0xff, 0xff, 0xde, 0xff, 0xde, 0xff, 0xde, 0xff, 0xde, 0xff,
    0xde, 0xff, 0xdd, 0xff, 0xde, 0xff, 0xdc, 0xd6, 0x9b, 0xc6, 0xbe, 0xf7, 0xfe, 0xff, 0xde, 0xff,
    0xde, 0xff, 0xde, 0xff, 0x9e, 0xef, 0x7d, 0xef, 0xbe, 0xff, 0xbe, 0xff, 0xbe, 0xf7, 0xbe, 0xff,
    0xbe, 0xf7, 0xbd, 0xf7, 0xbd, 0xf7, 0xbd, 0xf7, 0xbd, 0xf7, 0xbd, 0xf7, 0xbd, 0xf7, 0xbd, 0xf7,
    0xbd, 0xf7, 0xbd, 0xf7, 0xbd, 0xf7, 0xbd, 0xf7, 0xbd, 0xf7, 0xbd, 0xf7, 0xbd, 0xf7, 0x9d, 0xf7,
    0x9d, 0xf7, 0x9d, 0xf7, 0x9d, 0xf7, 0x9d, 0xf7, 0x9d, 0xf7, 0x9d, 0xf7, 0x9d, 0xf7, 0x9d, 0xf7,
    0x9d, 0xf7, 0x9d, 0xf7, 0x9d, 0xf7, 0x9d, 0xf7, 0x9d, 0xf7, 0x9d, 0xf7, 0x9d, 0xf7, 0x9d, 0xf7,
    0x9d, 0xf7, 0x9d, 0xf7, 0x9d, 0xf7, 0x9d, 0xf7, 0x9d, 0xf7, 0x9d, 0xf7, 0x9d, 0xf7, 0x9d, 0xf7,
    0x9d, 0xf7, 0x9d, 0xf7, 0x9d, 0xf7, 0x9d, 0xf7, 0x7d, 0xf7, 0x9d, 0xf7, 0x9d, 0xf7, 0x7d, 0xf7,
    0x9d, 0xef, 0x9d, 0xf7, 0x9d, 0xef, 0x7d, 0xf7, 0x9d, 0xf7, 0x9d, 0xf7, 0x9d, 0xf7, 0x9d, 0xf7,
    0x9d, 0xf7, 0x9d, 0xf7, 0x9d, 0xf7, 0x9d, 0xf7, 0x9d, 0xf7, 0x9d, 0xf7, 0x9d, 0xf7, 0x9d, 0xf7,
    0x7d, 0xf7, 0x7d, 0xf7, 0x7d, 0xf7, 0x7d, 0xef, 0x7d, 0xf7, 0x7d, 0xf7, 0x7d, 0xf7, 0x7d, 0xef,
    0x7d, 0xf7, 0x7d, 0xef, 0x7d, 0xf7, 0x7d, 0xf7, 0x7d, 0xf7, 0x7d, 0xf7, 0x7d, 0xef, 0x7d, 0xef,
    0x7d, 0xef, 0x7d, 0xef, 0x7d, 0xef, 0x7d, 0xef, 0x7d, 0xef, 0x7d, 0xef, 0x7d, 0xef, 0x7c, 0xef,
    0x7c, 0xef, 0x7c, 0xef, 0x7d, 0xef, 0x7d, 0xef, 0x7c, 0xef, 0x5c, 0xef, 0x7d, 0xef, 0x7d, 0xef,
    0x5c, 0xef, 0x5c, 0xef, 0x5c, 0xef, 0x5c, 0xef, 0x5c, 0xef, 0x5c, 0xef, 0x5c, 0xef, 0x5c, 0xef,
    0x5c, 0xef, 0x5c, 0xef, 0x5c, 0xef, 0x5c, 0xef, 0x5c, 0xef, 0x5c, 0xef, 0x5c, 0xef, 0x5c, 0xef,
    0x5c, 0xef, 0x5c, 0xef, 0x5c, 0xef, 0x5c, 0xef, 0x5c, 0xef, 0x5c, 0xef, 0x5c, 0xef, 0x5c, 0xef,
    0x5c, 0xef, 0x3c, 0xef, 0x3c, 0xef, 0x3c, 0xef, 0x3c, 0xef, 0x3c, 0xef, 0x3c, 0xef, 0x3c, 0xef,
    0x3c, 0xe7, 0x3c, 0xe7, 0x3c, 0xe7, 0x3c, 0xe7, 0x3c, 0xe7, 0x3c, 0xe7, 0x3c, 0xe7, 0x3c, 0xe7,
    0x3c, 0xe7, 0x3c, 0xe7, 0x3c, 0xe7, 0x3c, 0xe7, 0x3c, 0xe7, 0x3c, 0xe7, 0x3c, 0xe7, 0x3c, 0xe7,
    0x3c, 0xe7, 0x3c, 0xe7, 0x3c, 0xe7, 0x3c, 0xe7, 0x3c, 0xe7, 0x3c, 0xe7, 0x3c, 0xe7, 0x3c, 0xe7,
    0x3c, 0xe7, 0x3c, 0xe7, 0x1c, 0xe7, 0x3c, 0xe7, 0x1b, 0xe7, 0x1b, 0xe7, 0x1c, 0xe7, 0x1b, 0xe7,
    0x1b, 0xe7, 0x1b, 0xe7, 0x1b, 0xe7, 0x1b, 0xe7, 0x1b, 0xe7, 0x1b, 0xe7, 0x1b, 0xe7, 0x1b, 0xe7,
    0x1b, 0xe7, 0x1b, 0xe7, 0x1b, 0xe7, 0x1b, 0xe7, 0x1b, 0xe7, 0x1c, 0xe7, 0x1c, 0xe7, 0x1b, 0xe7,
    0xfb, 0xe6, 0xfb, 0xe6, 0xfb, 0xde, 0xfb, 0xde, 0xfb, 0xde, 0x1b, 0xdf, 0x1b, 0xe7, 0x1b, 0xe7,
    0x1b, 0xdf, 0x1b, 0xe7, 0x1b, 0xdf, 0x1b, 0xdf, 0xfb, 0xe6, 0xfb, 0xde, 0x1c, 0xe7, 0x1b, 0xe7,
    0xfb, 0xde, 0xfb, 0xde, 0xfb, 0xde, 0xfb, 0xde, 0xfb, 0xde, 0xfb, 0xde, 0xfb, 0xde, 0xfb, 0xde,
    0xfb, 0xde, 0xdb, 0xde, 0xdb, 0xde, 0xdb, 0xde, 0xdb, 0xde, 0xdb, 0xde, 0xdb, 0xde, 0xdb, 0xde,
    0xda, 0xde, 0xdb, 0xde, 0xdb, 0xde, 0xdb, 0xde, 0xdb, 0xde, 0xdb, 0xde, 0xdb, 0xde, 0xdb, 0xde,
    0xdb, 0xd6, 0xdb, 0xde, 0xdb, 0xde, 0xdb, 0xd6, 0xdb, 0xd6, 0xdb, 0xde, 0xdb, 0xd6, 0xdb, 0xd6,
    0xdb, 0xd6, 0xdb, 0xd6, 0xdb, 0xd6, 0xda, 0xde, 0xda, 0xd6, 0xda, 0xd6, 0xda, 0xd6, 0xda, 0xd6,
    0xda, 0xd6, 0xba, 0xd6, 0xba, 0xd6, 0xba, 0xd6, 0xba, 0xd6, 0xba, 0xd6, 0xba, 0xd6, 0xba, 0xd6,
    0xba, 0xd6, 0xba, 0xd6, 0xba, 0xd6, 0xba, 0xd6, 0xba, 0xd6, 0xba, 0xd6, 0xba, 0xd6, 0xba, 0xd6,
    0xba, 0xd6, 0xba, 0xd6, 0xba, 0xd6, 0x9a, 0xd6, 0x9a, 0xd6, 0x9a, 0xd6, 0x9a, 0xd6, 0x9a, 0xce,
    0x9a, 0xce, 0x9a, 0xce, 0x9a, 0xce, 0x9a, 0xce, 0x9a, 0xce, 0xba, 0xce, 0xba, 0xce, 0x9a, 0xce,
    0x9a, 0xce, 0x9a, 0xce, 0x9a, 0xd6, 0x9a, 0xce, 0xfb, 0xde, 0xdb, 0xd6, 0x79, 0xc6, 0x9a, 0xce,
    0x9a, 0xce, 0x79, 0xc6, 0x9a, 0xce, 0xba, 0xce, 0x7a, 0xc6, 0x79, 0xc6, 0x9a, 0xce, 0x9a, 0xce,
    0x9a, 0xce, 0x9a, 0xce, 0x7a, 0xc6, 0xbc, 0xc6, 0x19, 0xb6, 0x39, 0xbe, 0xdb, 0xd6, 0x9a, 0xce,
    0x9a, 0xd6, 0x9a, 0xce, 0x9a, 0xce, 0x9a, 0xce, 0x9a, 0xce, 0x9a, 0xce, 0x9a, 0xce, 0x9a, 0xce,
    0xff, 0xff, 0xff, 0xff, 0xff, 0xff, 0xff, 0xff, 0xde, 0xff, 0xde, 0xff, 0xde, 0xff, 0xde, 0xff,
    0xde, 0xff, 0xde, 0xff, 0xde, 0xff, 0xde, 0xff, 0xdb, 0xd6, 0x9b, 0xce, 0xbe, 0xf7, 0xde, 0xff,
    0xde, 0xf7, 0xde, 0xff, 0xde, 0xff, 0x9e, 0xef, 0x7d, 0xef, 0xbe, 0xf7, 0xbe, 0xff, 0xbe, 0xf7,
    0xbe, 0xff, 0xbe, 0xf7, 0xbd, 0xf7, 0x9d, 0xf7, 0xbd, 0xf7, 0x9d, 0xf7, 0x9d, 0xf7, 0xbd, 0xf7,
    0x9d, 0xf7, 0xbd, 0xf7, 0xbd, 0xf7, 0xbd, 0xf7, 0xbd, 0xf7, 0xbd, 0xf7, 0xbd, 0xf7, 0x9d, 0xf7,
    0x9d, 0xf7, 0x9d, 0xf7, 0x9d, 0xf7, 0x9d, 0xf7, 0x9d, 0xf7, 0x9d, 0xf7, 0x9d, 0xf7, 0x9d, 0xf7,
    0x9d, 0xf7, 0x9d, 0xf7, 0x9d, 0xf7, 0x9d, 0xf7, 0x9d, 0xf7, 0x9d, 0xf7, 0x9d, 0xf7, 0x9d, 0xf7,
    0x9d, 0xf7, 0x9d, 0xf7, 0x9d, 0xf7, 0x9d, 0xf7, 0x9d, 0xf7, 0x9d, 0xf7, 0x9d, 0xf7, 0x9d, 0xf7,
    0x9d, 0xf7, 0x9d, 0xf7, 0x7d, 0xf7, 0x9d, 0xf7, 0x9d, 0xf7, 0x9d, 0xf7, 0x9d, 0xf7, 0x9d, 0xf7,
    0x9d, 0xef, 0x9d, 0xf7, 0x9d, 0xf7, 0x9d, 0xef, 0x9d, 0xf7, 0x9d, 0xf7, 0x9d, 0xf7, 0x9d, 0xf7,
    0x7d, 0xf7, 0x9d, 0xf7, 0x7d, 0xf7, 0x7d, 0xf7, 0x9d, 0xf7, 0x9d, 0xf7, 0x9d, 0xf7, 0x9d, 0xf7,
    0x7d, 0xf7, 0x7d, 0xf7, 0x7d, 0xf7, 0x7d, 0xf7, 0x7d, 0xef, 0x7d, 0xef, 0x7d, 0xef, 0x7d, 0xef,
    0x7d, 0xef, 0x7d, 0xf7, 0x7d, 0xf7, 0x7d, 0xf7, 0x7d, 0xef, 0x7d, 0xef, 0x7d, 0xef, 0x7d, 0xef,
    0x7d, 0xef, 0x7d, 0xef, 0x7d, 0xef, 0x7d, 0xef, 0x7d, 0xef, 0x7d, 0xef, 0x7d, 0xef, 0x7c, 0xef,
    0x7c, 0xef, 0x7d, 0xef, 0x7c, 0xef, 0x7c, 0xef, 0x7d, 0xef, 0x5c, 0xef, 0x5c, 0xef, 0x5c, 0xef,
    0x5c, 0xef, 0x5c, 0xef, 0x5c, 0xef, 0x5c, 0xef, 0x5c, 0xef, 0x5c, 0xef, 0x5c, 0xef, 0x5c, 0xef,
    0x5c, 0xef, 0x5c, 0xef, 0x5c, 0xef, 0x5c, 0xef, 0x5c, 0xef, 0x5c, 0xef, 0x5c, 0xef, 0x5c, 0xef,
    0x5c, 0xef, 0x5c, 0xef, 0x5c, 0xef, 0x5c, 0xef, 0x5c, 0xef, 0x5c, 0xef, 0x5c, 0xef, 0x5c, 0xef,
    0x5c, 0xef, 0x5c, 0xef, 0x3c, 0xef, 0x3c, 0xef, 0x3c, 0xef, 0x3c, 0xef, 0x3c, 0xef, 0x3c, 0xef,
    0x3c, 0xe7, 0x3c, 0xe7, 0x3c, 0xe7, 0x3c, 0xe7, 0x3c, 0xe7, 0x3c, 0xe7, 0x3c, 0xe7, 0x3c, 0xe7,
    0x3c, 0xe7, 0x3c, 0xe7, 0x3c, 0xe7, 0x3c, 0xe7, 0x3c, 0xe7, 0x3c, 0xe7, 0x3c, 0xe7, 0x3c, 0xe7,
    0x3c, 0xe7, 0x3c, 0xe7, 0x3c, 0xe7, 0x3c, 0xe7, 0x3c, 0xe7, 0x3c, 0xe7, 0x3c, 0xe7, 0x3c, 0xe7,
    0x3c, 0xe7, 0x3c, 0xe7, 0x1c, 0xe7, 0x1c, 0xe7, 0x1c, 0xe7, 0x1c, 0xe7, 0x1c, 0xe7, 0x1c, 0xe7,
    0x1c, 0xe7, 0x1b, 0xe7, 0x1b, 0xe7, 0x1b, 0xe7, 0x1b, 0xe7, 0x1b, 0xe7, 0x1b, 0xe7, 0x1b, 0xe7,
    0x1b, 0xe7, 0x1b, 0xe7, 0x1b, 0xe7, 0x1c, 0xe7, 0x1b, 0xe7, 0x1b, 0xe7, 0x1b, 0xe7, 0x1b, 0xe7,
    0xfb, 0xe6, 0xfb, 0xe6, 0xfb, 0xde, 0xfb, 0xe6, 0xfb, 0xe6, 0xfb, 0xde, 0xfb, 0xde, 0x1b, 0xe7,
    0xfb, 0xde, 0xfb, 0xde, 0xfb, 0xe6, 0xfb, 0xde, 0xfb, 0xde, 0xfb, 0xde, 0xfb, 0xde, 0x1b, 0xe7,
    0x1b, 0xdf, 0xfa, 0xde, 0xfa, 0xde, 0xfb, 0xde, 0xfb, 0xde, 0xfb, 0xde, 0xfb, 0xde, 0xfb, 0xde,
    0xdb, 0xde, 0xdb, 0xde, 0xfb, 0xde, 0xdb, 0xde, 0xdb, 0xde, 0xdb, 0xde, 0xda, 0xde, 0xdb, 0xde,
    0xdb, 0xde, 0xdb, 0xde, 0xdb, 0xde, 0xdb, 0xde, 0xdb, 0xde, 0xdb, 0xde, 0xdb, 0xde, 0xdb, 0xde,
    0xdb, 0xde, 0xdb, 0xde, 0xdb, 0xde, 0xdb, 0xd6, 0xdb, 0xd6, 0xdb, 0xde, 0xdb, 0xd6, 0xdb, 0xd6,
    0xda, 0xd6, 0xdb, 0xd6, 0xda, 0xd6, 0xda, 0xd6, 0xba, 0xd6, 0xbb, 0xd6, 0xba, 0xd6, 0xba, 0xd6,
    0xba, 0xd6, 0xba, 0xd6, 0xba, 0xd6, 0xba, 0xd6, 0xba, 0xd6, 0xba, 0xd6, 0xba, 0xd6, 0xba, 0xd6,
    0xba, 0xd6, 0xba, 0xd6, 0xba, 0xd6, 0xba, 0xd6, 0xba, 0xd6, 0xba, 0xd6, 0xba, 0xd6, 0xba, 0xd6,
    0xba, 0xd6, 0xba, 0xd6, 0xba, 0xd6, 0x9a, 0xd6, 0x9a, 0xd6, 0x9a, 0xd6, 0x9a, 0xd6, 0x9a, 0xce,
    0x9a, 0xce, 0x9a, 0xce, 0x9a, 0xce, 0xba, 0xce, 0x9a, 0xce, 0x9a, 0xce, 0x9a, 0xce, 0x9a, 0xce,
    0x9a, 0xce, 0x9a, 0xce, 0x9a, 0xce, 0x9a, 0xce, 0x7a, 0xce, 0x9a, 0xce, 0x9a, 0xce, 0x7a, 0xce,
    0x79, 0xce, 0x9a, 0xce, 0x9a, 0xce, 0x59, 0xc6, 0x7a, 0xc6, 0x9a, 0xce, 0x9a, 0xce, 0x9a, 0xce,
    0x9a, 0xce, 0x7a, 0xc6, 0xbb, 0xc6, 0x3a, 0xb6, 0x19, 0xb6, 0xdb, 0xd6, 0x9a, 0xd6, 0x9a, 0xd6,
    0x9a, 0xd6, 0x9a, 0xce, 0x9a, 0xce, 0x9a, 0xce, 0x9a, 0xce, 0x9a, 0xce, 0x9a, 0xce, 0x9a, 0xce,
    0xff, 0xff, 0xff, 0xff, 0xff, 0xff, 0xff, 0xff, 0xde, 0xff, 0xde, 0xff, 0xde, 0xff, 0xde, 0xff,
    0xbe, 0xff, 0xbe, 0xff, 0xbe, 0xff, 0xde, 0xff, 0xde, 0xff, 0xdc, 0xce, 0x9b, 0xce, 0xbe, 0xf7,
    0xde, 0xff, 0xde, 0xf7, 0xde, 0xff, 0xde, 0xff, 0x9d, 0xf7, 0x7d, 0xe7, 0x9d, 0xf7, 0xbe, 0xff,
    0xbe, 0xf7, 0xbe, 0xff, 0xbe, 0xff, 0xbd, 0xf7, 0x9d, 0xf7, 0x9d, 0xf7, 0xbd, 0xf7, 0x9d, 0xf7,
    0x9d, 0xf7, 0xbd, 0xf7, 0xbd, 0xf7, 0xbd, 0xf7, 0xbe, 0xf7, 0xbd, 0xf7, 0xbd, 0xf7, 0xbd, 0xf7,
    0xbd, 0xf7, 0x9d, 0xf7, 0x9d, 0xf7, 0x9d, 0xf7, 0x9d, 0xf7, 0x9d, 0xf7, 0x9d, 0xf7, 0x9d, 0xf7,
    0x9d, 0xf7, 0x9d, 0xf7, 0x9d, 0xf7, 0x9d, 0xf7, 0x9d, 0xf7, 0x9d, 0xf7, 0x9d, 0xf7, 0x9d, 0xf7,
    0x9d, 0xf7, 0x9d, 0xf7, 0x9d, 0xf7, 0x9d, 0xf7, 0x9d, 0xf7, 0x9d, 0xf7, 0x9d, 0xf7, 0x9d, 0xf7,
    0x9d, 0xf7, 0x9d, 0xf7, 0x7d, 0xf7, 0x7d, 0xf7, 0x9d, 0xf7, 0x7d, 0xf7, 0x9d, 0xf7, 0x9d, 0xf7,
    0x9d, 0xf7, 0x9d, 0xf7, 0x9d, 0xf7, 0x7d, 0xf7, 0x9d, 0xf7, 0x9d, 0xf7, 0x9d, 0xf7, 0x9d, 0xf7,
    0x9d, 0xf7, 0x9d, 0xf7, 0x9d, 0xf7, 0x7d, 0xf7, 0x7d, 0xf7, 0x7d, 0xf7, 0x9d, 0xf7, 0x7d, 0xf7,
    0x7d, 0xf7, 0x7d, 0xf7, 0x7d, 0xf7, 0x7d, 0xef, 0x7d, 0xef, 0x7d, 0xef, 0x7d, 0xf7, 0x7d, 0xf7,
    0x7d, 0xf7, 0x7d, 0xf7, 0x7d, 0xf7, 0x7d, 0xf7, 0x7d, 0xef, 0x7d, 0xef, 0x9d, 0xef, 0x7d, 0xef,
    0x7d, 0xef, 0x7d, 0xef, 0x7d, 0xef, 0x7d, 0xef, 0x7d, 0xef, 0x7d, 0xef, 0x7d, 0xef, 0x7c, 0xef,
    0x7c, 0xef, 0x7d, 0xef, 0x7c, 0xef, 0x7c, 0xef, 0x5c, 0xef, 0x7c, 0xef, 0x5c, 0xef, 0x5c, 0xef,
    0x5c, 0xef, 0x5c, 0xef, 0x5c, 0xef, 0x5c, 0xef, 0x5c, 0xef, 0x5c, 0xef, 0x5c, 0xef, 0x5c, 0xef,
    0x5c, 0xef, 0x5c, 0xef, 0x5c, 0xef, 0x5c, 0xef, 0x5c, 0xef, 0x5c, 0xef, 0x5c, 0xef, 0x5c, 0xef,
    0x5c, 0xef, 0x5c, 0xef, 0x5c, 0xef, 0x5c, 0xef, 0x5c, 0xef, 0x5c, 0xef, 0x5c, 0xef, 0x5c, 0xef,
    0x5c, 0xef, 0x3c, 0xef, 0x3c, 0xef, 0x3c, 0xef, 0x3c, 0xef, 0x3c, 0xef, 0x3c, 0xef, 0x3c, 0xef,
    0x3c, 0xe7, 0x3c, 0xe7, 0x3c, 0xe7, 0x3c, 0xe7, 0x3c, 0xe7, 0x3c, 0xe7, 0x3c, 0xe7, 0x3c, 0xe7,
    0x3c, 0xe7, 0x3c, 0xe7, 0x3c, 0xe7, 0x3c, 0xe7, 0x3c, 0xe7, 0x3c, 0xe7, 0x3c, 0xe7, 0x3c, 0xe7,
    0x3c, 0xe7, 0x1c, 0xe7, 0x3c, 0xe7, 0x3c, 0xe7, 0x1c, 0xe7, 0x3c, 0xe7, 0x3c, 0xe7, 0x3c, 0xe7,
    0x3c, 0xe7, 0x3c, 0xe7, 0x1c, 0xe7, 0x1c, 0xe7, 0x1c, 0xe7, 0x1c, 0xe7, 0x1c, 0xe7, 0x1b, 0xe7,
    0x1b, 0xe7, 0x1b, 0xe7, 0x1b, 0xe7, 0x1b, 0xe7, 0x1b, 0xe7, 0x1b, 0xe7, 0x1b, 0xe7, 0x1b, 0xe7,
    0x1b, 0xe7, 0x1b, 0xe7, 0x1b, 0xe7, 0x1b, 0xe7, 0x1b, 0xe7, 0x1c, 0xe7, 0x1b, 0xe7, 0xfb, 0xe6,
    0xfb, 0xe6, 0xfb, 0xe6, 0xfb, 0xe6, 0xfb, 0xe6, 0xfb, 0xe6, 0xfb, 0xde, 0xfb, 0xde, 0xfb, 0xde,
    0xfb, 0xde, 0xfb, 0xde, 0xfb, 0xde, 0xfb, 0xde, 0xfb, 0xde, 0xfb, 0xde, 0xfb, 0xde, 0xfb, 0xde,
    0xfb, 0xde, 0x1b, 0xdf, 0xfb, 0xde, 0xfa, 0xde, 0xfb, 0xde, 0xfb, 0xde, 0xfb, 0xde, 0xfb, 0xde,
    0xdb, 0xde, 0xdb, 0xde, 0xdb, 0xde, 0xdb, 0xde, 0xdb, 0xde, 0xdb, 0xde, 0xda, 0xde, 0xdb, 0xde,
    0xdb, 0xde, 0xdb, 0xde, 0xdb, 0xde, 0xdb, 0xd6, 0xdb, 0xd6, 0xdb, 0xd6, 0xdb, 0xd6, 0xdb, 0xde,
    0xdb, 0xd6, 0xdb, 0xd6, 0xdb, 0xd6, 0xdb, 0xd6, 0xdb, 0xd6, 0xdb, 0xde, 0xdb, 0xd6, 0xdb, 0xd6,
    0xdb, 0xd6, 0xdb, 0xd6, 0xda, 0xd6, 0xda, 0xd6, 0xba, 0xd6, 0xba, 0xd6, 0xba, 0xd6, 0xba, 0xd6,
    0xba, 0xd6, 0xba, 0xd6, 0xba, 0xd6, 0xba, 0xd6, 0xba, 0xd6, 0xba, 0xd6, 0xba, 0xd6, 0xba, 0xd6,
    0xba, 0xd6, 0xba, 0xd6, 0xba, 0xd6, 0xba, 0xd6, 0xba, 0xd6, 0xba, 0xce, 0xba, 0xd6, 0xba, 0xd6,
    0xba, 0xd6, 0xba, 0xd6, 0xba, 0xd6, 0xba, 0xd6, 0xba, 0xd6, 0xba, 0xd6, 0xba, 0xd6, 0xba, 0xd6,
    0x9a, 0xce, 0x9a, 0xce, 0x9a, 0xce, 0x9a, 0xce, 0x79, 0xce, 0x9a, 0xce, 0x9a, 0xce, 0x9a, 0xce,
    0x9a, 0xce, 0x9a, 0xce, 0x9a, 0xce, 0x9a, 0xce, 0x9a, 0xce, 0x9a, 0xce, 0x9a, 0xce, 0x9a, 0xce,
    0x9a, 0xce, 0x7a, 0xc6, 0x59, 0xc6, 0x9a, 0xce, 0x9a, 0xce, 0x9a, 0xce, 0x9a, 0xce, 0x9a, 0xce,
    0x7a, 0xc6, 0x9b, 0xc6, 0x19, 0xb6, 0x19, 0xb6, 0xfb, 0xd6, 0x9a, 0xd6, 0x9a, 0xd6, 0x9a, 0xce,
    0x9a, 0xce, 0x9a, 0xce, 0x9a, 0xce, 0x9a, 0xce, 0x9a, 0xce, 0x9a, 0xce, 0x9a, 0xce, 0x9a, 0xce,
    0xff, 0xff, 0xff, 0xff, 0xff, 0xff, 0xde, 0xff, 0xde, 0xff, 0xde, 0xff, 0xbe, 0xff, 0xbe, 0xff,
    0xbe, 0xf7, 0xbe, 0xff, 0xbe, 0xf7, 0xbe, 0xf7, 0xbe, 0xff, 0xde, 0xf7, 0xdc, 0xd6, 0xbb, 0xce,
    0x9e, 0xef, 0xde, 0xff, 0xde, 0xff, 0xde, 0xf7, 0xde, 0xff, 0xbe, 0xf7, 0x7d, 0xef, 0x7d, 0xef,
    0xbe, 0xf7, 0xbe, 0xff, 0xbe, 0xf7, 0xbe, 0xf7, 0xbd, 0xf7, 0x9d, 0xf7, 0x9d, 0xf7, 0x9d, 0xf7,
    0x9d, 0xf7, 0x9d, 0xf7, 0x9d, 0xf7, 0x9d, 0xf7, 0xbd, 0xf7, 0xbd, 0xf7, 0xbe, 0xf7, 0xbd, 0xf7,
    0x9e, 0xf7, 0xbd, 0xf7, 0xbd, 0xf7, 0x9d, 0xf7, 0x9d, 0xf7, 0x9d, 0xf7, 0x9d, 0xf7, 0x9d, 0xf7,
    0x9d, 0xf7, 0x9d, 0xf7, 0x9d, 0xf7, 0x9d, 0xf7, 0x9d, 0xf7, 0x9d, 0xf7, 0x9d, 0xf7, 0x9d, 0xf7,
    0x9d, 0xf7, 0x9d, 0xf7, 0x9d, 0xf7, 0x9d, 0xf7, 0x9d, 0xf7, 0x9d, 0xf7, 0x9d, 0xf7, 0x9d, 0xf7,
    0x9d, 0xf7, 0x9d, 0xf7, 0x9d, 0xf7, 0x7d, 0xf7, 0x9d, 0xf7, 0x9d, 0xf7, 0x7d, 0xf7, 0x7d, 0xf7,
    0x9d, 0xf7, 0x7d, 0xf7, 0x9d, 0xf7, 0x7d, 0xf7, 0x9d, 0xf7, 0x9d, 0xf7, 0x9d, 0xf7, 0x9d, 0xf7,
    0x9d, 0xf7, 0x9d, 0xf7, 0x9d, 0xf7, 0x7d, 0xf7, 0x7d, 0xf7, 0x7d, 0xf7, 0x9d, 0xf7, 0x7d, 0xf7,
    0x7d, 0xf7, 0x7d, 0xf7, 0x7d, 0xf7, 0x7d, 0xef, 0x7d, 0xef, 0x7d, 0xef, 0x7d, 0xf7, 0x7d, 0xf7,
    0x7d, 0xf7, 0x7d, 0xf7, 0x7d, 0xf7, 0x7c, 0xf7, 0x9d, 0xf7, 0x9d, 0xef, 0x7d, 0xef, 0x7c, 0xef,
    0x7d, 0xef, 0x7d, 0xef, 0x7d, 0xef, 0x7d, 0xef, 0x7d, 0xef, 0x7d, 0xef, 0x7d, 0xef, 0x7d, 0xef,
    0x7c, 0xef, 0x7c, 0xef, 0x7c, 0xef, 0x7c, 0xef, 0x7c, 0xef, 0x5c, 0xef, 0x5c, 0xef, 0x5c, 0xef,
    0x5c, 0xef, 0x5c, 0xef, 0x5c, 0xef, 0x5c, 0xef, 0x5c, 0xef, 0x5c, 0xef, 0x5c, 0xef, 0x5c, 0xef,
    0x5c, 0xef, 0x5c, 0xef, 0x5c, 0xef, 0x5c, 0xef, 0x5c, 0xef, 0x5c, 0xef, 0x5c, 0xef, 0x5c, 0xef,
    0x5c, 0xef, 0x5c, 0xef, 0x5c, 0xef, 0x5c, 0xef, 0x5c, 0xef, 0x5c, 0xef, 0x5c, 0xef, 0x5c, 0xef,
    0x3c, 0xef, 0x3c, 0xef, 0x3c, 0xef, 0x3c, 0xef, 0x3c, 0xe7, 0x3c, 0xef, 0x3c, 0xef, 0x3c, 0xe7,
    0x3c, 0xe7, 0x3c, 0xe7, 0x3c, 0xe7, 0x3c, 0xe7, 0x3c, 0xe7, 0x3c, 0xe7, 0x3c, 0xe7, 0x3c, 0xe7,
    0x3c, 0xe7, 0x3c, 0xe7, 0x3c, 0xe7, 0x3c, 0xe7, 0x3c, 0xe7, 0x3c, 0xe7, 0x1c, 0xe7, 0x1c, 0xe7,
    0x1c, 0xe7, 0x1c, 0xe7, 0x1c, 0xe7, 0x3c, 0xe7, 0x3c, 0xe7, 0x3c, 0xe7, 0x3c, 0xe7, 0x3c, 0xe7,
    0x1c, 0xe7, 0x1c, 0xe7, 0x3c, 0xe7, 0x1c, 0xe7, 0x1c, 0xe7, 0x1b, 0xe7, 0x1b, 0xe7, 0x1b, 0xe7,
    0x1c, 0xe7, 0x1c, 0xe7, 0x1b, 0xe7, 0x1b, 0xe7, 0x1b, 0xe7, 0x1b, 0xe7, 0x1b, 0xe7, 0x1c, 0xe7,
    0x1c, 0xe7, 0x1b, 0xe7, 0x1b, 0xe7, 0x1b, 0xe7, 0x1b, 0xe7, 0x1b, 0xe7, 0x1b, 0xe7, 0x1c, 0xe7,
    0x1b, 0xe7, 0xfb, 0xe6, 0xfb, 0xe6, 0xfb, 0xde, 0xfb, 0xe6, 0xfb, 0xe6, 0xfb, 0xde, 0xfb, 0xde,
    0xfb, 0xde, 0xfb, 0xde, 0xfb, 0xde, 0xfb, 0xde, 0xfb, 0xde, 0xfb, 0xde, 0xfb, 0xde, 0xfb, 0xde,
    0xfa, 0xde, 0xfb, 0xde, 0x1c, 0xdf, 0xfb, 0xde, 0xdb, 0xde, 0xdb, 0xde, 0xfb, 0xde, 0xdb, 0xde,
    0xdb, 0xde, 0xfb, 0xde, 0xdb, 0xde, 0xdb, 0xde, 0xdb, 0xde, 0xdb, 0xde, 0xdb, 0xde, 0xdb, 0xd6,
    0xdb, 0xd6, 0xdb, 0xd6, 0xdb, 0xd6, 0xdb, 0xd6, 0xdb, 0xd6, 0xdb, 0xd6, 0xdb, 0xd6, 0xdb, 0xd6,
    0xdb, 0xde, 0xdb, 0xde, 0xdb, 0xd6, 0xdb, 0xd6, 0xdb, 0xd6, 0xdb, 0xd6, 0xdb, 0xde, 0xda, 0xd6,
    0xdb, 0xd6, 0xda, 0xd6, 0xba, 0xd6, 0xba, 0xd6, 0xba, 0xd6, 0xba, 0xd6, 0xba, 0xd6, 0xba, 0xd6,
    0xba, 0xd6, 0xba, 0xd6, 0xba, 0xd6, 0xba, 0xd6, 0xba, 0xd6, 0xba, 0xd6, 0xba, 0xd6, 0xba, 0xd6,
    0xbb, 0xd6, 0xbb, 0xd6, 0xbb, 0xd6, 0xbb, 0xd6, 0xdb, 0xd6, 0xdb, 0xd6, 0xdb, 0xd6, 0xdb, 0xd6,
    0xdb, 0xd6, 0xdb, 0xd6, 0xdb, 0xd6, 0xbb, 0xd6, 0xba, 0xd6, 0xba, 0xd6, 0x9a, 0xd6, 0x9a, 0xce,
    0x9a, 0xce, 0x99, 0xce, 0x9a, 0xce, 0x9a, 0xce, 0x9a, 0xce, 0x9a, 0xce, 0x9a, 0xce, 0x9a, 0xce,
    0x9a, 0xce, 0x9a, 0xce, 0x9a, 0xce, 0x9a, 0xce, 0x9a, 0xce, 0x9a, 0xce, 0x9a, 0xce, 0x9a, 0xce,
    0x5a, 0xc6, 0x79, 0xc6, 0x9a, 0xce, 0x9a, 0xce, 0x9a, 0xc6, 0x9a, 0xce, 0x9a, 0xce, 0x7a, 0xc6,
    0x9b, 0xc6, 0x3a, 0xb6, 0x5a, 0xbe, 0xfb, 0xde, 0x9a, 0xd6, 0x99, 0xce, 0x9a, 0xce, 0x9a, 0xce,
    0x9a, 0xce, 0x9a, 0xce, 0x9a, 0xce, 0x9a, 0xce, 0x9a, 0xce, 0x9a, 0xce, 0x9a, 0xce, 0x9a, 0xce,
    0xff, 0xff, 0xff, 0xff, 0xff, 0xff, 0xde, 0xff, 0xde, 0xff, 0xde, 0xff, 0xbe, 0xff, 0xbe, 0xf7,
    0xbe, 0xf7, 0xbe, 0xf7, 0xbe, 0xf7, 0xbe, 0xf7, 0xbe, 0xf7, 0xbe, 0xf7, 0xde, 0xff, 0x1d, 0xdf,
    0x9b, 0xc6, 0x5d, 0xe7, 0xde, 0xff, 0xde, 0xff, 0xbe, 0xf7, 0xde, 0xff, 0xde, 0xff, 0x9d, 0xf7,
    0x7d, 0xef, 0x9d, 0xf7, 0xbd, 0xf7, 0xbd, 0xf7, 0xbd, 0xf7, 0xbe, 0xf7, 0xbd, 0xf7, 0xbd, 0xf7,
    0x9d, 0xf7, 0x9d, 0xf7, 0x9d, 0xf7, 0x9d, 0xf7, 0xbd, 0xf7, 0xbd, 0xef, 0xbd, 0xf7, 0xbe, 0xf7,
    0xbd, 0xf7, 0xbd, 0xf7, 0x9d, 0xf7, 0x9d, 0xf7, 0x9d, 0xf7, 0x9d, 0xf7, 0x9d, 0xf7, 0x9d, 0xf7,
    0x9d, 0xf7, 0x9d, 0xf7, 0x9d, 0xf7, 0x9d, 0xf7, 0x9d, 0xf7, 0x9d, 0xf7, 0x9d, 0xf7, 0x9d, 0xf7,
    0x9d, 0xf7, 0x9d, 0xf7, 0x9d, 0xf7, 0x9d, 0xf7, 0x9d, 0xf7, 0x9d, 0xf7, 0x9d, 0xf7, 0x9d, 0xf7,
    0x9d, 0xf7, 0x9d, 0xf7, 0x9d, 0xf7, 0x9d, 0xf7, 0x9d, 0xf7, 0x9d, 0xf7, 0x9d, 0xf7, 0x9d, 0xf7,
    0x9d, 0xf7, 0x7d, 0xf7, 0x7d, 0xf7, 0x7d, 0xf7, 0x7d, 0xf7, 0x9d, 0xf7, 0x9d, 0xf7, 0x9d, 0xf7,
    0x9d, 0xf7, 0x9d, 0xf7, 0x7d, 0xf7, 0x9d, 0xf7, 0x9d, 0xf7, 0x7d, 0xf7, 0x9d, 0xf7, 0x7d, 0xf7,
    0x9d, 0xf7, 0x7d, 0xf7, 0x7d, 0xf7, 0x7d, 0xef, 0x7d, 0xf7, 0x7d, 0xef, 0x7d, 0xef, 0x7d, 0xf7,
    0x7d, 0xef, 0x7d, 0xf7, 0x7d, 0xf7, 0x7d, 0xf7, 0x9d, 0xef, 0x7d, 0xef, 0x7c, 0xef, 0x7d, 0xef,
    0x7d, 0xef, 0x7c, 0xef, 0x7d, 0xef, 0x7d, 0xef, 0x7d, 0xef, 0x7d, 0xef, 0x7d, 0xef, 0x7d, 0xef,
    0x7d, 0xef, 0x7c, 0xef, 0x7d, 0xef, 0x7c, 0xef, 0x5c, 0xef, 0x5c, 0xef, 0x5c, 0xef, 0x5c, 0xef,
    0x5c, 0xef, 0x5c, 0xef, 0x5c, 0xef, 0x5c, 0xef, 0x5c, 0xef, 0x5c, 0xef, 0x5c, 0xef, 0x5c, 0xef,
    0x5c, 0xef, 0x5c, 0xef, 0x5c, 0xef, 0x5c, 0xef, 0x5c, 0xef, 0x5c, 0xef, 0x5c, 0xef, 0x5c, 0xef,
    0x5c, 0xef, 0x5c, 0xef, 0x5c, 0xef, 0x5c, 0xef, 0x5c, 0xef, 0x5c, 0xef, 0x5c, 0xef, 0x5c, 0xef,
    0x3c, 0xef, 0x5c, 0xef, 0x3c, 0xef, 0x3c, 0xef, 0x3c, 0xef, 0x3c, 0xef, 0x3c, 0xef, 0x3c, 0xe7,
    0x3c, 0xe7, 0x3c, 0xe7, 0x3c, 0xe7, 0x3c, 0xe7, 0x3c, 0xe7, 0x3c, 0xe7, 0x3c, 0xe7, 0x3c, 0xe7,
    0x3c, 0xe7, 0x3c, 0xe7, 0x3c, 0xe7, 0x3c, 0xe7, 0x3c, 0xe7, 0x3c, 0xe7, 0x1c, 0xe7, 0x1c, 0xe7,
    0x1c, 0xe7, 0x1c, 0xe7, 0x1c, 0xe7, 0x3c, 0xe7, 0x3c, 0xe7, 0x3c, 0xe7, 0x3c, 0xe7, 0x3c, 0xe7,
    0x3c, 0xe7, 0x1b, 0xe7, 0x1c, 0xe7, 0x1c, 0xe7, 0x1c, 0xe7, 0x1c, 0xe7, 0x1c, 0xe7, 0x1c, 0xe7,
    0x1c, 0xe7, 0x1b, 0xe7, 0x1b, 0xe7, 0x1b, 0xe7, 0x1b, 0xe7, 0x1b, 0xe7, 0x1b, 0xe7, 0x1b, 0xe7,
    0x1b, 0xe7, 0x1b, 0xe7, 0x1b, 0xe7, 0x1b, 0xe7, 0x1b, 0xe7, 0x1b, 0xe7, 0x1b, 0xe7, 0x1b, 0xe7,
    0x1b, 0xe7, 0x1b, 0xdf, 0x1b, 0xdf, 0xfb, 0xde, 0xfb, 0xe6, 0xfb, 0xde, 0xfb, 0xde, 0xfb, 0xde,
    0xfb, 0xde, 0xfb, 0xde, 0xfb, 0xde, 0xfb, 0xde, 0xfb, 0xde, 0xfb, 0xde, 0xfb, 0xde, 0xfb, 0xde,
    0xfb, 0xde, 0xfa, 0xde, 0xfb, 0xde, 0xfb, 0xde, 0xfb, 0xde, 0xda, 0xde, 0xdb, 0xde, 0xfb, 0xde,
    0xdb, 0xde, 0xdb, 0xde, 0xdb, 0xde, 0xdb, 0xde, 0xdb, 0xde, 0xdb, 0xde, 0xdb, 0xde, 0xdb, 0xd6,
    0xdb, 0xd6, 0xdb, 0xd6, 0xdb, 0xde, 0xdb, 0xde, 0xdb, 0xde, 0xdb, 0xd6, 0xdb, 0xd6, 0xdb, 0xd6,
    0xdb, 0xd6, 0xdb, 0xde, 0xdb, 0xd6, 0xdb, 0xd6, 0xdb, 0xde, 0xdb, 0xd6, 0xdb, 0xd6, 0xdb, 0xd6,
    0xdb, 0xd6, 0xdb, 0xd6, 0xda, 0xd6, 0xbb, 0xd6, 0xba, 0xd6, 0xbb, 0xd6, 0xbb, 0xd6, 0xbb, 0xd6,
    0xdb, 0xd6, 0xdb, 0xd6, 0xdb, 0xd6, 0xdb, 0xd6, 0xdb, 0xd6, 0xdb, 0xd6, 0xdb, 0xd6, 0xda, 0xd6,
    0xdb, 0xd6, 0xdb, 0xd6, 0xdb, 0xd6, 0xdb, 0xd6, 0xdb, 0xd6, 0xdb, 0xd6, 0xbb, 0xd6, 0xba, 0xd6,
    0xba, 0xd6, 0xba, 0xd6, 0xba, 0xd6, 0x9a, 0xd6, 0x9a, 0xd6, 0xba, 0xd6, 0x9a, 0xd6, 0x9a, 0xce,
    0x9a, 0xce, 0x9a, 0xce, 0x9a, 0xce, 0x9a, 0xce, 0x9a, 0xce, 0x9a, 0xce, 0x9a, 0xce, 0x9a, 0xce,
    0x9a, 0xce, 0x9a, 0xce, 0x9a, 0xce, 0x9a, 0xce, 0x9a, 0xce, 0x9a, 0xce, 0x7a, 0xc6, 0x59, 0xc6,
    0x9a, 0xce, 0x9a, 0xce, 0x9a, 0xce, 0x9a, 0xce, 0x9a, 0xce, 0x7a, 0xc6, 0x7a, 0xc6, 0x9b, 0xbe,
    0x3a, 0xb6, 0x7a, 0xc6, 0xfc, 0xd6, 0x9a, 0xd6, 0x79, 0xce, 0x9a, 0xce, 0x9a, 0xce, 0x9a, 0xce,
    0x9a, 0xce, 0x9a, 0xce, 0x9a, 0xce, 0x9a, 0xce, 0x9a, 0xce, 0x9a, 0xce, 0x9a, 0xce, 0x9a, 0xce,
    0xff, 0xff, 0xff, 0xff, 0xff, 0xff, 0xde, 0xff, 0xde, 0xff, 0xbe, 0xff, 0xbe, 0xf7, 0xbe, 0xf7,
    0xbe, 0xf7, 0xbd, 0xf7, 0xbd, 0xf7, 0xbd, 0xf7, 0xbe, 0xf7, 0xbe, 0xf7, 0xbe, 0xf7, 0xde, 0xff,
    0x5d, 0xe7, 0x7c, 0xc6, 0x1c, 0xd7, 0xbe, 0xf7, 0xde, 0xff, 0xbe, 0xf7, 0xbe, 0xff, 0xde, 0xff,
    0xbe, 0xf7, 0x9d, 0xef, 0x7d, 0xef, 0x9d, 0xef, 0x9d, 0xf7, 0xbd, 0xf7, 0xbd, 0xf7, 0xbe, 0xf7,
    0xbe, 0xf7, 0xbd, 0xf7, 0xbd, 0xf7, 0xbd, 0xf7, 0xbd, 0xf7, 0xbd, 0xf7, 0xbd, 0xf7, 0xbe, 0xf7,
    0xbd, 0xf7, 0xbd, 0xf7, 0xbd, 0xf7, 0x9d, 0xf7, 0x9d, 0xf7, 0x9d, 0xf7, 0x9d, 0xf7, 0x9d, 0xf7,
    0x9d, 0xf7, 0x9d, 0xf7, 0x9d, 0xf7, 0x9d, 0xf7, 0x9d, 0xf7, 0x9d, 0xf7, 0x9d, 0xf7, 0x9c, 0xf7,
    0x9d, 0xf7, 0x9d, 0xf7, 0x9d, 0xf7, 0x9d, 0xf7, 0x9d, 0xf7, 0x9d, 0xf7, 0x9d, 0xf7, 0x9d, 0xf7,
    0x9d, 0xf7, 0x9d, 0xf7, 0x9d, 0xf7, 0x9d, 0xf7, 0x9d, 0xf7, 0x9d, 0xf7, 0x9d, 0xf7, 0x7d, 0xf7,
    0x7d, 0xf7, 0x7d, 0xf7, 0x7d, 0xf7, 0x7d, 0xf7, 0x9d, 0xf7, 0x7d, 0xf7, 0x9d, 0xf7, 0x9d, 0xf7,
    0x9d, 0xf7, 0x9d, 0xf7, 0x9d, 0xf7, 0x9d, 0xf7, 0x9d, 0xf7, 0x7d, 0xf7, 0x7d, 0xf7, 0x7d, 0xf7,
    0x9d, 0xf7, 0x7d, 0xf7, 0x7d, 0xf7, 0x7d, 0xef, 0x7d, 0xef, 0x7d, 0xef, 0x7d, 0xef, 0x7d, 0xef,
    0x7d, 0xef, 0x7d, 0xf7, 0x9d, 0xf7, 0x9d, 0xef, 0x7d, 0xef, 0x7d, 0xef, 0x7d, 0xef, 0x7d, 0xef,
    0x7c, 0xef, 0x7d, 0xef, 0x7d, 0xef, 0x7d, 0xef, 0x7c, 0xef, 0x7d, 0xef, 0x7d, 0xef, 0x7d, 0xef,
    0x7d, 0xef, 0x7d, 0xef, 0x7d, 0xef, 0x7d, 0xef, 0x7d, 0xef, 0x5c, 0xef, 0x5c, 0xef, 0x5c, 0xef,
    0x5c, 0xef, 0x5c, 0xef, 0x5c, 0xef, 0x5c, 0xef, 0x5c, 0xef, 0x5c, 0xef, 0x5c, 0xef, 0x5c, 0xef,
    0x5c, 0xef, 0x5c, 0xef, 0x5c, 0xef, 0x5c, 0xef, 0x5c, 0xef, 0x5c, 0xef, 0x5c, 0xef, 0x5c, 0xef,
    0x5c, 0xef, 0x5c, 0xef, 0x5c, 0xef, 0x5c, 0xef, 0x5c, 0xef, 0x5c, 0xef, 0x5c, 0xef, 0x3c, 0xef,
    0x3c, 0xef, 0x3c, 0xef, 0x3c, 0xef, 0x3c, 0xe7, 0x3c, 0xef, 0x3c, 0xe7, 0x3c, 0xe7, 0x3c, 0xef,
    0x3c, 0xe7, 0x3c, 0xe7, 0x3c, 0xe7, 0x3c, 0xe7, 0x3c, 0xe7, 0x3c, 0xe7, 0x3c, 0xe7, 0x3c, 0xe7,
    0x3c, 0xe7, 0x3c, 0xe7, 0x3c, 0xe7, 0x3c, 0xe7, 0x3c, 0xe7, 0x3c, 0xe7, 0x1c, 0xe7, 0x1c, 0xe7,
    0x1c, 0xe7, 0x1c, 0xe7, 0x1b, 0xe7, 0x1c, 0xe7, 0x1c, 0xe7, 0x3c, 0xe7, 0x3c, 0xe7, 0x1c, 0xe7,
    0x1c, 0xe7, 0x1c, 0xe7, 0x1b, 0xe7, 0x1b, 0xe7, 0x1c, 0xe7, 0x1c, 0xe7, 0x1b, 0xe7, 0x1b, 0xe7,
    0x1b, 0xe7, 0x1b, 0xe7, 0x1b, 0xe7, 0x1b, 0xe7, 0x1b, 0xe7, 0x1b, 0xe7, 0x1b, 0xe7, 0x1b, 0xe7,
    0x1b, 0xe7, 0x1b, 0xe7, 0x1b, 0xe7, 0x1b, 0xe7, 0xfb, 0xe6, 0xfb, 0xe6, 0xfb, 0xe6, 0xfb, 0xde,
    0xfb, 0xe6, 0x1b, 0xe7, 0xfb, 0xde, 0x1b, 0xe7, 0xfb, 0xde, 0xfb, 0xde, 0xfb, 0xde, 0xfb, 0xde,
    0xfb, 0xde, 0xfb, 0xde, 0xfb, 0xde, 0xfb, 0xde, 0xfb, 0xde, 0xfb, 0xde, 0xfb, 0xde, 0xfb, 0xde,
    0xfb, 0xde, 0xfb, 0xde, 0xfb, 0xde, 0xfb, 0xde, 0xfb, 0xde, 0xfb, 0xde, 0xdb, 0xde, 0xdb, 0xde,
    0xdb, 0xde, 0xdb, 0xde, 0xdb, 0xde, 0xdb, 0xde, 0xdb, 0xde, 0xdb, 0xde, 0xdb, 0xde, 0xdb, 0xde,
    0xdb, 0xd6, 0xdb, 0xde, 0xdb, 0xde, 0xdb, 0xd6, 0xdb, 0xd6, 0xdb, 0xd6, 0xdb, 0xd6, 0xdb, 0xd6,
    0xdb, 0xd6, 0xdb, 0xd6, 0xdb, 0xd6, 0xdb, 0xd6, 0xdb, 0xd6, 0xdb, 0xd6, 0xdb, 0xd6, 0xdb, 0xd6,
    0xdb, 0xd6, 0xdb, 0xd6, 0xbb, 0xd6, 0xba, 0xd6, 0xba, 0xd6, 0xba, 0xd6, 0xba, 0xd6, 0xba, 0xd6,
    0xba, 0xd6, 0xba, 0xd6, 0xba, 0xd6, 0xba, 0xd6, 0xba, 0xd6, 0xba, 0xd6, 0xba, 0xd6, 0x9a, 0xd6,
    0x9a, 0xce, 0xba, 0xce, 0xba, 0xce, 0x9a, 0xce, 0xbb, 0xd6, 0xba, 0xd6, 0x9a, 0xce, 0x9a, 0xd6,
    0x9a, 0xd6, 0xba, 0xd6, 0xba, 0xd6, 0xba, 0xd6, 0xba, 0xd6, 0xba, 0xd6, 0xba, 0xd6, 0x9a, 0xd6,
    0x9a, 0xd6, 0x9a, 0xce, 0x9a, 0xce, 0x9a, 0xce, 0x9a, 0xce, 0x9a, 0xce, 0x9a, 0xce, 0x9a, 0xce,
    0x9a, 0xce, 0x9a, 0xce, 0x9a, 0xce, 0x9a, 0xce, 0x7a, 0xce, 0x7a, 0xce, 0x7a, 0xce, 0x9a, 0xce,
    0x9a, 0xce, 0x9a, 0xce, 0x9a, 0xce, 0x9a, 0xce, 0x7a, 0xc6, 0x7b, 0xbe, 0x7b, 0xbe, 0x3a, 0xb6,
    0x9b, 0xc6, 0xfb, 0xd6, 0x9a, 0xd6, 0x79, 0xce, 0x9a, 0xce, 0x9a, 0xce, 0x9a, 0xce, 0x9a, 0xce,
    0x9a, 0xce, 0x9a, 0xce, 0x9a, 0xce, 0x9a, 0xce, 0x9a, 0xce, 0x9a, 0xce, 0x9a, 0xce, 0x9a, 0xce,
    0xff, 0xff, 0xff, 0xff, 0xfe, 0xff, 0xde, 0xff, 0xde, 0xff, 0xbe, 0xff, 0xbe, 0xf7, 0xbe, 0xf7,
    0xbd, 0xf7, 0xbd, 0xf7, 0xbd, 0xf7, 0xbd, 0xf7, 0xbe, 0xf7, 0xbd, 0xf7, 0xbe, 0xf7, 0xbe, 0xf7,
    0xde, 0xff, 0x7d, 0xe7, 0x9c, 0xc6, 0xbc, 0xc6, 0x5d, 0xef, 0xbe, 0xff, 0xde, 0xff, 0xbe, 0xf7,
    0xde, 0xff, 0xde, 0xff, 0xbe, 0xf7, 0x9d, 0xef, 0x7d, 0xef, 0x7d, 0xef, 0x9d, 0xef, 0x9d, 0xef,
    0xbd, 0xf7, 0xbe, 0xf7, 0xbe, 0xf7, 0xbe, 0xff, 0xbe, 0xf7, 0xbe, 0xff, 0xbe, 0xff, 0xbe, 0xff,
    0xbe, 0xff, 0xbe, 0xf7, 0xbe, 0xf7, 0xbe, 0xf7, 0xbd, 0xf7, 0x9d, 0xf7, 0x9d, 0xf7, 0x9d, 0xf7,
    0x9d, 0xf7, 0x9d, 0xf7, 0x9d, 0xf7, 0x9d, 0xf7, 0x9d, 0xf7, 0x9d, 0xf7, 0x9d, 0xf7, 0x9d, 0xf7,
    0x9d, 0xf7, 0x9d, 0xf7, 0x9d, 0xf7, 0x9d, 0xf7, 0x9d, 0xf7, 0x9d, 0xf7, 0x9d, 0xf7, 0x9d, 0xf7,
    0x9d, 0xf7, 0x9d, 0xf7, 0x7d, 0xf7, 0x7d, 0xf7, 0x7d, 0xf7, 0x7d, 0xf7, 0x7d, 0xf7, 0x7d, 0xf7,
    0x7d, 0xf7, 0x7d, 0xf7, 0x9d, 0xf7, 0x7d, 0xf7, 0x9d, 0xf7, 0x9d, 0xf7, 0x9d, 0xf7, 0x9d, 0xf7,
    0x9d, 0xf7, 0x9d, 0xf7, 0x9d, 0xf7, 0x7d, 0xef, 0x9d, 0xf7, 0x9d, 0xf7, 0x7d, 0xf7, 0x7d, 0xf7,
    0x9d, 0xf7, 0x7d, 0xf7, 0x7d, 0xf7, 0x7d, 0xef, 0x7d, 0xef, 0x7d, 0xef, 0x7d, 0xf7, 0x7d, 0xef,
    0x7d, 0xef, 0x9d, 0xf7, 0x7d, 0xef, 0x7c, 0xef, 0x7d, 0xf7, 0x7d, 0xef, 0x7d, 0xef, 0x7d, 0xef,
    0x7d, 0xef, 0x7d, 0xef, 0x7d, 0xef, 0x7c, 0xef, 0x7c, 0xef, 0x7c, 0xef, 0x7d, 0xef, 0x7c, 0xef,
    0x7d, 0xef, 0x7d, 0xef, 0x7d, 0xef, 0x7c, 0xef, 0x7d, 0xef, 0x5c, 0xef, 0x5c, 0xef, 0x5c, 0xef,
    0x5c, 0xef, 0x5c, 0xef, 0x5c, 0xef, 0x5c, 0xef, 0x5c, 0xef, 0x5c, 0xef, 0x5c, 0xef, 0x5c, 0xef,
    0x5c, 0xef, 0x5c, 0xef, 0x5c, 0xef, 0x5c, 0xef, 0x5c, 0xef, 0x5c, 0xef, 0x5c, 0xef, 0x5c, 0xef,
    0x5c, 0xef, 0x5c, 0xef, 0x5c, 0xef, 0x5c, 0xef, 0x5c, 0xef, 0x5c, 0xef, 0x5c, 0xef, 0x5c, 0xef,
    0x5c, 0xef, 0x3c, 0xef, 0x3c, 0xef, 0x3c, 0xef, 0x3c, 0xef, 0x3c, 0xe7, 0x3c, 0xe7, 0x3c, 0xe7,
    0x3c, 0xe7, 0x3c, 0xe7, 0x3c, 0xe7, 0x3c, 0xe7, 0x3c, 0xe7, 0x3c, 0xe7, 0x3c, 0xe7, 0x3c, 0xe7,
    0x3c, 0xe7, 0x3c, 0xe7, 0x3c, 0xe7, 0x3c, 0xe7, 0x3c, 0xe7, 0x3c, 0xe7, 0x3c, 0xe7, 0x1c, 0xe7,
    0x1c, 0xe7, 0x1c, 0xe7, 0x1c, 0xe7, 0x1c, 0xe7, 0x1b, 0xe7, 0x3c, 0xe7, 0x1c, 0xe7, 0x1c, 0xe7,
    0x1c, 0xe7, 0x1c, 0xe7, 0x1b, 0xe7, 0x1c, 0xe7, 0x1c, 0xe7, 0x1c, 0xe7, 0x1b, 0xe7, 0x1b, 0xe7,
    0x1b, 0xe7, 0x1b, 0xe7, 0x1b, 0xe7, 0x1b, 0xe7, 0x1b, 0xe7, 0x1c, 0xe7, 0x1b, 0xe7, 0x1b, 0xe7,
    0x1b, 0xe7, 0x1b, 0xe7, 0xfb, 0xe6, 0x1b, 0xe7, 0xfb, 0xe6, 0xfb, 0xe6, 0x1b, 0xe7, 0xfb, 0xde,
    0xfb, 0xde, 0xfb, 0xe6, 0xfb, 0xe6, 0xfb, 0xe6, 0xfb, 0xde, 0xfb, 0xde, 0xfb, 0xde, 0xfb, 0xde,
    0xfb, 0xde, 0xfb, 0xde, 0xfb, 0xde, 0xfb, 0xde, 0xfb, 0xde, 0xfb, 0xde, 0xfb, 0xde, 0xfb, 0xde,
    0xfb, 0xde, 0xfb, 0xde, 0xfb, 0xde, 0xfb, 0xde, 0xfa, 0xde, 0xfb, 0xde, 0xfb, 0xde, 0xda, 0xde,
    0xdb, 0xde, 0xdb, 0xde, 0xdb, 0xde, 0xdb, 0xde, 0xdb, 0xde, 0xdb, 0xde, 0xdb, 0xde, 0xdb, 0xde,
    0xdb, 0xde, 0xdb, 0xde, 0xdb, 0xde, 0xdb, 0xde, 0xdb, 0xd6, 0xdb, 0xd6, 0xdb, 0xd6, 0xdb, 0xd6,
    0xdb, 0xd6, 0xdb, 0xd6, 0xdb, 0xd6, 0xdb, 0xd6, 0xdb, 0xd6, 0xdb, 0xd6, 0xdb, 0xd6, 0xda, 0xd6,
    0xda, 0xd6, 0xbb, 0xd6, 0xba, 0xd6, 0xba, 0xd6, 0xba, 0xd6, 0xba, 0xd6, 0xba, 0xd6, 0xba, 0xd6,
    0xba, 0xd6, 0xba, 0xd6, 0xba, 0xd6, 0xba, 0xd6, 0xba, 0xd6, 0xba, 0xd6, 0xba, 0xd6, 0xba, 0xd6,
    0xbb, 0xd6, 0xba, 0xd6, 0xba, 0xd6, 0xba, 0xd6, 0xdb, 0xd6, 0xba, 0xd6, 0xba, 0xd6, 0x9a, 0xd6,
    0x9a, 0xd6, 0xba, 0xd6, 0xba, 0xd6, 0xba, 0xd6, 0x9a, 0xd6, 0xba, 0xd6, 0x79, 0xce, 0x59, 0xc6,
    0x59, 0xc6, 0x59, 0xc6, 0x59, 0xc6, 0x59, 0xc6, 0x79, 0xc6, 0x79, 0xc6, 0x59, 0xc6, 0x59, 0xc6,
    0x59, 0xc6, 0x59, 0xc6, 0x59, 0xc6, 0x9a, 0xce, 0x9a, 0xce, 0x9a, 0xd6, 0x79, 0xce, 0x59, 0xc6,
    0x79, 0xce, 0x9a, 0xce, 0x7a, 0xc6, 0x5a, 0xbe, 0x5a, 0xbe, 0x7b, 0xbe, 0x3a, 0xbe, 0x9b, 0xce,
    0xba, 0xd6, 0x79, 0xc6, 0x9a, 0xce, 0x9a, 0xce, 0x9a, 0xce, 0x9a, 0xce, 0x9a, 0xce, 0x9a, 0xce,
    0x79, 0xce, 0x59, 0xc6, 0x79, 0xc6, 0x79, 0xce, 0x9a, 0xce, 0x9a, 0xce, 0x9a, 0xce, 0x9a, 0xce,
    0xff, 0xff, 0xff, 0xff, 0xff, 0xff, 0xde, 0xff, 0xde, 0xff, 0xbe, 0xff, 0xbe, 0xf7, 0xbd, 0xf7,
    0xbd, 0xf7, 0x9d, 0xf7, 0xbd, 0xf7, 0xbd, 0xf7, 0xbd, 0xf7, 0xbd, 0xf7, 0xbe, 0xf7, 0xbe, 0xf7,
    0xbd, 0xf7, 0xbe, 0xf7, 0xbd, 0xf7, 0xfc, 0xd6, 0x7c, 0xbe, 0xdc, 0xce, 0x7d, 0xef, 0xde, 0xff,
    0xde, 0xff, 0xbe, 0xf7, 0xde, 0xff, 0xde, 0xff, 0xbe, 0xf7, 0x9d, 0xf7, 0x9d, 0xef, 0x7d, 0xef,
    0x7d, 0xef, 0x9d, 0xf7, 0x9d, 0xf7, 0x9d, 0xf7, 0xbd, 0xf7, 0xbd, 0xf7, 0xbe, 0xf7, 0xbe, 0xf7,
    0xbe, 0xf7, 0xbe, 0xf7, 0xbe, 0xf7, 0xbe, 0xf7, 0xbe, 0xf7, 0xbe, 0xf7, 0xbe, 0xf7, 0xbe, 0xf7,
    0xbe, 0xf7, 0xbe, 0xf7, 0xbe, 0xf7, 0xbd, 0xf7, 0x9d, 0xf7, 0x9d, 0xf7, 0x9d, 0xf7, 0x9d, 0xf7,
    0x9d, 0xf7, 0x9d, 0xf7, 0x9e, 0xf7, 0xbd, 0xf7, 0x9d, 0xf7, 0x9d, 0xf7, 0x9d, 0xf7, 0x9d, 0xf7,
    0x9d, 0xf7, 0x9d, 0xf7, 0x9d, 0xf7, 0x9d, 0xf7, 0x9d, 0xf7, 0x9d, 0xf7, 0x9d, 0xf7, 0x9d, 0xf7,
    0x9d, 0xf7, 0x9d, 0xf7, 0x9d, 0xf7, 0x9d, 0xf7, 0x9d, 0xf7, 0x9d, 0xf7, 0x9d, 0xf7, 0x9d, 0xf7,
    0x9d, 0xf7, 0x9d, 0xf7, 0x7d, 0xf7, 0x9d, 0xf7, 0x7d, 0xf7, 0x7d, 0xf7, 0x7d, 0xf7, 0x7d, 0xf7,
    0x7d, 0xf7, 0x7d, 0xf7, 0x7d, 0xf7, 0x7d, 0xf7, 0x7d, 0xf7, 0x7d, 0xef, 0x7d, 0xef, 0x7d, 0xef,
    0x9d, 0xef, 0x7d, 0xef, 0x7d, 0xef, 0x7d, 0xef, 0x7d, 0xef, 0x7d, 0xef, 0x7d, 0xef, 0x7d, 0xef,
    0x7d, 0xef, 0x7d, 0xef, 0x7d, 0xef, 0x7c, 0xef, 0x7c, 0xef, 0x7c, 0xef, 0x7c, 0xef, 0x7d, 0xef,
    0x7d, 0xef, 0x7d, 0xef, 0x7d, 0xef, 0x7d, 0xef, 0x7d, 0xef, 0x7c, 0xef, 0x5c, 0xef, 0x5c, 0xef,
    0x5c, 0xef, 0x5c, 0xef, 0x5c, 0xef, 0x5c, 0xef, 0x5c, 0xef, 0x5c, 0xef, 0x5c, 0xef, 0x5c, 0xef,
    0x5c, 0xef, 0x5c, 0xef, 0x5c, 0xef, 0x5c, 0xef, 0x5c, 0xef, 0x5c, 0xef, 0x5c, 0xef, 0x5c, 0xef,
    0x5c, 0xef, 0x5c, 0xef, 0x5c, 0xef, 0x5c, 0xef, 0x5c, 0xe7, 0x5c, 0xe7, 0x5c, 0xef, 0x5c, 0xef,
    0x3c, 0xef, 0x5c, 0xef, 0x3c, 0xef, 0x3c, 0xef, 0x3c, 0xef, 0x3c, 0xe7, 0x3c, 0xe7, 0x3c, 0xe7,
    0x3c, 0xe7, 0x3c, 0xe7, 0x3c, 0xe7, 0x3c, 0xe7, 0x3c, 0xe7, 0x3c, 0xe7, 0x3c, 0xe7, 0x3c, 0xe7,
    0x3c, 0xe7, 0x3c, 0xe7, 0x3c, 0xe7, 0x3c, 0xe7, 0x3c, 0xe7, 0x3c, 0xe7, 0x3c, 0xe7, 0x3c, 0xe7,
    0x3c, 0xe7, 0x1c, 0xe7, 0x3c, 0xe7, 0x1b, 0xe7, 0x1b, 0xe7, 0x1c, 0xe7, 0x1c, 0xe7, 0x1b, 0xe7,
    0x1b, 0xe7, 0x1c, 0xe7, 0x1c, 0xe7, 0x1c, 0xe7, 0x1c, 0xe7, 0x1c, 0xe7, 0x1b, 0xe7, 0x1b, 0xe7,
    0x1b, 0xe7, 0x1b, 0xe7, 0x1b, 0xe7, 0x1b, 0xe7, 0x1c, 0xe7, 0x1b, 0xe7, 0x1b, 0xe7, 0x1b, 0xe7,
    0xfb, 0xe6, 0x1c, 0xe7, 0x1b, 0xe7, 0xfb, 0xe6, 0xfb, 0xe6, 0x1b, 0xe7, 0xfb, 0xde, 0x1b, 0xe7,
    0xfb, 0xe6, 0xfb, 0xe6, 0x1b, 0xe7, 0x1b, 0xdf, 0xfb, 0xde, 0xfb, 0xde, 0xfb, 0xde, 0xfb, 0xde,
    0xfb, 0xde, 0xfb, 0xde, 0xfb, 0xde, 0xfb, 0xde, 0xfb, 0xde, 0xfb, 0xde, 0xfb, 0xde, 0xfb, 0xde,
    0xfb, 0xde, 0xfb, 0xde, 0xfb, 0xde, 0xfb, 0xde, 0xfb, 0xde, 0xfb, 0xde, 0xfb, 0xde, 0xfb, 0xde,
    0xdb, 0xde, 0xdb, 0xde, 0xdb, 0xde, 0xfb, 0xde, 0xdb, 0xde, 0xdb, 0xde, 0xdb, 0xde, 0xdb, 0xde,
    0xdb, 0xde, 0xdb, 0xde, 0xdb, 0xde, 0xdb, 0xde, 0xdb, 0xde, 0xdb, 0xde, 0xdb, 0xde, 0xdb, 0xde,
    0xdb, 0xde, 0xdb, 0xde, 0xdb, 0xd6, 0xdb, 0xd6, 0xdb, 0xd6, 0xdb, 0xd6, 0xdb, 0xd6, 0xdb, 0xd6,
    0xda, 0xd6, 0xda, 0xd6, 0xda, 0xd6, 0xbb, 0xd6, 0xba, 0xd6, 0xba, 0xd6, 0xba, 0xd6, 0xba, 0xd6,
    0xba, 0xd6, 0xba, 0xd6, 0xba, 0xd6, 0xba, 0xd6, 0xba, 0xd6, 0xba, 0xd6, 0xba, 0xd6, 0xba, 0xd6,
    0xba, 0xd6, 0xba, 0xd6, 0xba, 0xd6, 0xba, 0xd6, 0xba, 0xd6, 0xba, 0xd6, 0xba, 0xd6, 0x9a, 0xd6,
    0x9a, 0xd6, 0x9a, 0xd6, 0xba, 0xd6, 0xba, 0xd6, 0xba, 0xd6, 0x99, 0xce, 0xbb, 0xd6, 0x5d, 0xe7,
    0x3c, 0xe7, 0x3c, 0xe7, 0x3c, 0xe7, 0x3d, 0xe7, 0xba, 0xd6, 0x59, 0xc6, 0x5d, 0xe7, 0xfb, 0xde,
    0xba, 0xce, 0xdb, 0xd6, 0xba, 0xd6, 0x9a, 0xce, 0xba, 0xd6, 0x79, 0xce, 0xba, 0xce, 0x1c, 0xdf,
    0x7a, 0xce, 0x7a, 0xc6, 0x5a, 0xbe, 0xbb, 0xc6, 0xdc, 0xce, 0x5a, 0xbe, 0xfc, 0xd6, 0xdb, 0xde,
    0x59, 0xc6, 0x1c, 0xdf, 0x38, 0xc6, 0x59, 0xc6, 0x7a, 0xce, 0x79, 0xce, 0x59, 0xc6, 0x39, 0xc6,
    0x59, 0xc6, 0xfb, 0xde, 0x9a, 0xce, 0xdb, 0xd6, 0x79, 0xce, 0x9a, 0xd6, 0x9a, 0xce, 0x9a, 0xd6,
    0xff, 0xff, 0xff, 0xff, 0xff, 0xff, 0xde, 0xff, 0xde, 0xff, 0xbe, 0xff, 0xbd, 0xf7, 0xbe, 0xf7,
    0xbd, 0xf7, 0x9d, 0xf7, 0x9d, 0xf7, 0x9d, 0xf7, 0xbd, 0xf7, 0xbd, 0xf7, 0xbd, 0xf7, 0xbe, 0xf7,
    0xbd, 0xf7, 0xbe, 0xf7, 0xbe, 0xf7, 0xbe, 0xf7, 0x7d, 0xe7, 0xbc, 0xc6, 0x5b, 0xbe, 0xdc, 0xd6,
    0x7d, 0xef, 0xde, 0xff, 0xde, 0xff, 0xbe, 0xf7, 0xbe, 0xf7, 0xbe, 0xff, 0xbe, 0xff, 0xbe, 0xf7,
    0xbd, 0xf7, 0x9d, 0xf7, 0x9d, 0xf7, 0x9d, 0xf7, 0x9d, 0xf7, 0x9d, 0xf7, 0x9d, 0xf7, 0x9d, 0xf7,
    0x9d, 0xf7, 0x9d, 0xf7, 0xbd, 0xf7, 0x9d, 0xf7, 0x9d, 0xf7, 0x9d, 0xf7, 0x9d, 0xf7, 0x9d, 0xf7,
    0x9d, 0xf7, 0x9d, 0xf7, 0x9d, 0xf7, 0x9d, 0xf7, 0x9d, 0xf7, 0x9d, 0xf7, 0x9d, 0xf7, 0x9d, 0xf7,
    0x9d, 0xf7, 0x9d, 0xf7, 0x9d, 0xf7, 0x9d, 0xf7, 0x9d, 0xf7, 0x9d, 0xf7, 0x9d, 0xf7, 0x9d, 0xf7,
    0x9d, 0xf7, 0x9d, 0xf7, 0x9d, 0xf7, 0x9d, 0xf7, 0x9d, 0xf7, 0x9d, 0xf7, 0x9d, 0xf7, 0x7d, 0xf7,
    0x7d, 0xf7, 0x9d, 0xf7, 0x9d, 0xf7, 0x9d, 0xf7, 0x9d, 0xf7, 0x9d, 0xf7, 0x9d, 0xf7, 0x9d, 0xf7,
    0x9d, 0xf7, 0x7d, 0xf7, 0x7d, 0xf7, 0x7d, 0xf7, 0x7d, 0xf7, 0x7d, 0xf7, 0x7d, 0xef, 0x7d, 0xf7,
    0x7d, 0xf7, 0x7d, 0xf7, 0x7d, 0xf7, 0x7d, 0xf7, 0x7d, 0xef, 0x7d, 0xf7, 0x7d, 0xf7, 0x7d, 0xef,
    0x7d, 0xef, 0x7c, 0xef, 0x7d, 0xef, 0x7d, 0xef, 0x7d, 0xef, 0x7d, 0xef, 0x7d, 0xef, 0x7d, 0xef,
    0x7d, 0xef, 0x7c, 0xef, 0x7d, 0xef, 0x7c, 0xef, 0x5c, 0xef, 0x5c, 0xef, 0x7c, 0xef, 0x7d, 0xef,
    0x7d, 0xef, 0x7d, 0xef, 0x7d, 0xef, 0x7d, 0xef, 0x7c, 0xef, 0x7d, 0xef, 0x7c, 0xef, 0x5c, 0xef,
    0x5c, 0xef, 0x5c, 0xef, 0x5c, 0xef, 0x5c, 0xef, 0x5c, 0xef, 0x5c, 0xef, 0x5c, 0xef, 0x5c, 0xef,
    0x5c, 0xef, 0x5c, 0xef, 0x5c, 0xef, 0x5c, 0xef, 0x5c, 0xef, 0x5c, 0xef, 0x5c, 0xef, 0x5c, 0xef,
    0x5c, 0xef, 0x5c, 0xef, 0x5c, 0xef, 0x5c, 0xef, 0x5c, 0xef, 0x5c, 0xef, 0x5c, 0xef, 0x5c, 0xef,
    0x5c, 0xef, 0x5c, 0xef, 0x3c, 0xef, 0x3c, 0xef, 0x3c, 0xe7, 0x3c, 0xe7, 0x3c, 0xe7, 0x3c, 0xe7,
    0x3c, 0xe7, 0x3c, 0xe7, 0x3c, 0xe7, 0x3c, 0xe7, 0x3c, 0xe7, 0x3c, 0xe7, 0x3c, 0xe7, 0x3c, 0xe7,
    0x3c, 0xe7, 0x3c, 0xe7, 0x3c, 0xe7, 0x3c, 0xe7, 0x3c, 0xe7, 0x3c, 0xe7, 0x3c, 0xe7, 0x1c, 0xe7,
    0x3c, 0xe7, 0x1c, 0xe7, 0x1c, 0xe7, 0x1b, 0xe7, 0x1b, 0xe7, 0x1c, 0xe7, 0x1b, 0xe7, 0x1b, 0xe7,
    0x1c, 0xe7, 0x1b, 0xe7, 0x1b, 0xe7, 0x1b, 0xe7, 0x1b, 0xe7, 0x1b, 0xe7, 0x1b, 0xe7, 0x1b, 0xe7,
    0x1b, 0xe7, 0x1c, 0xe7, 0x1b, 0xe7, 0x1b, 0xe7, 0x1b, 0xe7, 0x1b, 0xe7, 0x1b, 0xe7, 0x1b, 0xe7,
    0x1b, 0xe7, 0x1b, 0xe7, 0x1b, 0xe7, 0x1b, 0xe7, 0xfb, 0xde, 0xfb, 0xe6, 0xfb, 0xe6, 0x1b, 0xe7,
    0xfb, 0xde, 0x1b, 0xe7, 0x1b, 0xe7, 0xfb, 0xe6, 0xfb, 0xde, 0xfb, 0xde, 0xfb, 0xde, 0xfb, 0xde,
    0xfb, 0xde, 0xfb, 0xde, 0xfb, 0xde, 0xfb, 0xde, 0xfb, 0xde, 0xfb, 0xde, 0xfb, 0xde, 0xfb, 0xde,
    0xfb, 0xde, 0xfb, 0xde, 0xfb, 0xde, 0xfb, 0xde, 0xfb, 0xde, 0xfb, 0xde, 0xfa, 0xde, 0xfb, 0xde,
    0xfb, 0xde, 0xfb, 0xde, 0xfb, 0xde, 0xdb, 0xde, 0xdb, 0xde, 0xfb, 0xde, 0xfb, 0xde, 0xfb, 0xde,
    0xdb, 0xde, 0xfb, 0xde, 0xdb, 0xde, 0xdb, 0xde, 0xdb, 0xde, 0xdb, 0xde, 0xdb, 0xde, 0xdb, 0xde,
    0xdb, 0xde, 0xdb, 0xd6, 0xdb, 0xde, 0xdb, 0xd6, 0xdb, 0xd6, 0xdb, 0xd6, 0xdb, 0xd6, 0xdb, 0xd6,
    0xdb, 0xd6, 0xda, 0xd6, 0xdb, 0xd6, 0xbb, 0xd6, 0xba, 0xd6, 0xba, 0xd6, 0xba, 0xd6, 0xba, 0xd6,
    0xba, 0xd6, 0xbb, 0xd6, 0xba, 0xd6, 0xba, 0xd6, 0xba, 0xd6, 0xba, 0xd6, 0xba, 0xd6, 0xbb, 0xd6,
    0xbb, 0xd6, 0xdb, 0xd6, 0xdb, 0xd6, 0xbb, 0xd6, 0xbb, 0xd6, 0xba, 0xd6, 0xbb, 0xd6, 0xba, 0xd6,
    0xba, 0xd6, 0xba, 0xd6, 0xba, 0xd6, 0xba, 0xd6, 0xbb, 0xd6, 0xba, 0xce, 0x9a, 0xce, 0xba, 0xd6,
    0xba, 0xd6, 0xba, 0xce, 0xba, 0xce, 0xba, 0xd6, 0x79, 0xce, 0x79, 0xce, 0x3c, 0xe7, 0x1c, 0xe7,
    0x3c, 0xdf, 0x3c, 0xe7, 0x9e, 0xef, 0xbb, 0xd6, 0x99, 0xce, 0x79, 0xc6, 0x1c, 0xdf, 0xbf, 0xf7,
    0xdc, 0xd6, 0x3a, 0xb6, 0x3a, 0xb6, 0xfc, 0xd6, 0x7e, 0xef, 0x79, 0xc6, 0xdb, 0xde, 0x5d, 0xef,
    0x1c, 0xdf, 0x7e, 0xef, 0xfb, 0xde, 0xfb, 0xde, 0x79, 0xce, 0x59, 0xc6, 0x1c, 0xdf, 0x3d, 0xe7,
    0x3d, 0xe7, 0x7e, 0xef, 0x7d, 0xe7, 0x3d, 0xe7, 0x59, 0xc6, 0x9a, 0xce, 0x9a, 0xd6, 0x9a, 0xd6,
    0xff, 0xff, 0xff, 0xff, 0xde, 0xff, 0xde, 0xff, 0xde, 0xff, 0xbe, 0xff, 0xbe, 0xf7, 0xbe, 0xf7,
    0xbe, 0xf7, 0x9d, 0xf7, 0x9d, 0xf7, 0x9d, 0xf7, 0x9d, 0xf7, 0x9d, 0xf7, 0xbd, 0xf7, 0x9d, 0xf7,
    0xbd, 0xf7, 0xbe, 0xf7, 0xbe, 0xf7, 0xbe, 0xf7, 0xbe, 0xf7, 0xbe, 0xf7, 0x5d, 0xe7, 0xdc, 0xce,
    0x9b, 0xc6, 0xdc, 0xce, 0x3d, 0xe7, 0x9d, 0xf7, 0xbe, 0xf7, 0xde, 0xff, 0xbe, 0xff, 0xbe, 0xff,
    0xbe, 0xf7, 0xbe, 0xff, 0xbe, 0xf7, 0xbe, 0xf7, 0xbe, 0xf7, 0xbe, 0xf7, 0xbe, 0xf7, 0xbe, 0xf7,
    0xbe, 0xf7, 0xbe, 0xf7, 0xbe, 0xf7, 0xbe, 0xf7, 0x9d, 0xef, 0xbd, 0xf7, 0xbe, 0xf7, 0x9d, 0xef,
    0xbd, 0xf7, 0x9d, 0xf7, 0x9d, 0xf7, 0x9d, 0xf7, 0x9d, 0xf7, 0x9d, 0xf7, 0x9d, 0xf7, 0x9d, 0xf7,
    0x9d, 0xf7, 0x9d, 0xf7, 0x9d, 0xf7, 0x9d, 0xf7, 0x9d, 0xf7, 0x9d, 0xf7, 0x9d, 0xf7, 0x9d, 0xf7,
    0x9d, 0xf7, 0x9d, 0xf7, 0x9d, 0xf7, 0x9d, 0xf7, 0x9d, 0xf7, 0x9d, 0xf7, 0x9d, 0xf7, 0x9d, 0xf7,
    0x9d, 0xf7, 0x7d, 0xf7, 0x9d, 0xf7, 0x9d, 0xf7, 0x9d, 0xf7, 0x9d, 0xf7, 0x9d, 0xf7, 0x7d, 0xf7,
    0x7d, 0xf7, 0x7d, 0xf7, 0x7d, 0xf7, 0x7d, 0xf7, 0x7d, 0xf7, 0x7d, 0xf7, 0x7d, 0xf7, 0x7d, 0xef,
    0x7d, 0xf7, 0x7d, 0xf7, 0x7d, 0xf7, 0x7d, 0xef, 0x7d, 0xf7, 0x7d, 0xef, 0x7d, 0xef, 0x7d, 0xef,
    0x7d, 0xef, 0x7d, 0xef, 0x7d, 0xef, 0x7d, 0xef, 0x7d, 0xef, 0x7d, 0xef, 0x7d, 0xef, 0x7d, 0xef,
    0x7d, 0xef, 0x7d, 0xef, 0x7d, 0xef, 0x5c, 0xef, 0x5c, 0xef, 0x5c, 0xef, 0x5c, 0xef, 0x7c, 0xef,
    0x7d, 0xef, 0x7d, 0xef, 0x7d, 0xef, 0x7d, 0xef, 0x7d, 0xef, 0x7d, 0xef, 0x7d, 0xef, 0x7d, 0xef,
    0x7d, 0xef, 0x5c, 0xef, 0x5c, 0xef, 0x5c, 0xef, 0x5c, 0xef, 0x5c, 0xef, 0x5c, 0xef, 0x5c, 0xef,
    0x5c, 0xef, 0x5c, 0xef, 0x5c, 0xef, 0x5c, 0xef, 0x5c, 0xef, 0x5c, 0xef, 0x5c, 0xef, 0x5c, 0xef,
    0x5c, 0xef, 0x5c, 0xef, 0x5c, 0xef, 0x5c, 0xef, 0x5c, 0xef, 0x5c, 0xef, 0x5c, 0xef, 0x5c, 0xef,
    0x5c, 0xef, 0x3c, 0xef, 0x3c, 0xef, 0x3c, 0xe7, 0x3c, 0xe7, 0x3c, 0xe7, 0x3c, 0xe7, 0x3c, 0xe7,
    0x3c, 0xe7, 0x3c, 0xe7, 0x3c, 0xe7, 0x3c, 0xe7, 0x3c, 0xe7, 0x3c, 0xe7, 0x3c, 0xe7, 0x3c, 0xe7,
    0x3c, 0xe7, 0x3c, 0xe7, 0x3c, 0xe7, 0x1c, 0xe7, 0x1c, 0xe7, 0x3c, 0xe7, 0x3c, 0xe7, 0x1c, 0xe7,
    0x3c, 0xe7, 0x3c, 0xe7, 0x1c, 0xe7, 0x1c, 0xe7, 0x1c, 0xe7, 0x1c, 0xe7, 0x1c, 0xe7, 0x1c, 0xe7,
    0x1c, 0xe7, 0x1b, 0xe7, 0x1b, 0xe7, 0x1b, 0xe7, 0x1b, 0xe7, 0x1b, 0xe7, 0x1b, 0xe7, 0x1b, 0xe7,
    0x1b, 0xe7, 0x1b, 0xe7, 0x1b, 0xe7, 0x1b, 0xe7, 0x1b, 0xe7, 0x1b, 0xe7, 0x1b, 0xe7, 0x1b, 0xe7,
    0x1b, 0xe7, 0x1b, 0xe7, 0x1b, 0xe7, 0x1b, 0xdf, 0xfb, 0xde, 0xfb, 0xde, 0x1b, 0xe7, 0xfb, 0xde,
    0x1b, 0xe7, 0x1b, 0xe7, 0xfb, 0xde, 0xfb, 0xde, 0xfb, 0xde, 0xfb, 0xde, 0xfb, 0xde, 0xfb, 0xde,
    0xfb, 0xde, 0xfb, 0xde, 0xfb, 0xde, 0xfb, 0xde, 0xfb, 0xde, 0xfb, 0xde, 0xfb, 0xde, 0xfb, 0xde,
    0xfb, 0xde, 0xfb, 0xde, 0xfb, 0xde, 0xfb, 0xde, 0xfb, 0xde, 0xfb, 0xde, 0xfb, 0xde, 0xfa, 0xde,
    0xfb, 0xde, 0xfb, 0xde, 0xfb, 0xde, 0xfa, 0xde, 0xfb, 0xde, 0xfb, 0xde, 0xfb, 0xde, 0xfb, 0xde,
    0xfb, 0xde, 0xfb, 0xde, 0xfb, 0xde, 0xfb, 0xde, 0xdb, 0xde, 0xdb, 0xde, 0xdb, 0xde, 0xdb, 0xde,
    0xdb, 0xde, 0xdb, 0xde, 0xdb, 0xde, 0xdb, 0xde, 0xdb, 0xd6, 0xdb, 0xd6, 0xdb, 0xd6, 0xdb, 0xd6,
    0xdb, 0xd6, 0xdb, 0xd6, 0xdb, 0xd6, 0xbb, 0xd6, 0xbb, 0xd6, 0xba, 0xd6, 0xba, 0xd6, 0xba, 0xd6,
    0xbb, 0xd6, 0xbb, 0xd6, 0xbb, 0xd6, 0xbb, 0xd6, 0xbb, 0xd6, 0xbb, 0xd6, 0xbb, 0xd6, 0xbb, 0xd6,
    0xbb, 0xd6, 0xbb, 0xd6, 0xbb, 0xd6, 0xbb, 0xd6, 0xbb, 0xd6, 0xba, 0xd6, 0xba, 0xd6, 0xba, 0xd6,
    0xba, 0xd6, 0xba, 0xd6, 0xba, 0xd6, 0xbb, 0xd6, 0xbb, 0xd6, 0xba, 0xd6, 0x99, 0xce, 0x1c, 0xe7,
    0x5d, 0xe7, 0x3c, 0xe7, 0x3d, 0xe7, 0x1c, 0xe7, 0x79, 0xce, 0x79, 0xc6, 0x9a, 0xce, 0xba, 0xd6,
    0xba, 0xd6, 0x38, 0xc6, 0x5d, 0xe7, 0xdb, 0xd6, 0x59, 0xbe, 0x5a, 0xbe, 0x3d, 0xdf, 0x1c, 0xdf,
    0x1d, 0xdf, 0x5a, 0xbe, 0x9b, 0xc6, 0x1c, 0xdf, 0x3d, 0xe7, 0x38, 0xc6, 0xba, 0xd6, 0x1c, 0xdf,
    0x1c, 0xe7, 0x5d, 0xe7, 0x1c, 0xdf, 0x1c, 0xdf, 0x79, 0xce, 0x59, 0xce, 0x5d, 0xe7, 0xba, 0xce,
    0x9a, 0xce, 0x3d, 0xe7, 0x1c, 0xdf, 0x9a, 0xce, 0x79, 0xce, 0x9a, 0xce, 0x9a, 0xd6, 0x9a, 0xd6,
    0xff, 0xff, 0xff, 0xff, 0xdf, 0xff, 0xde, 0xff, 0xdd, 0xff, 0xbe, 0xff, 0xbe, 0xf7, 0xbe, 0xf7,
    0x9d, 0xf7, 0x9d, 0xf7, 0x9d, 0xf7, 0x9d, 0xf7, 0x9d, 0xf7, 0x9d, 0xf7, 0xbd, 0xf7, 0x9d, 0xf7,
    0xbd, 0xf7, 0xbe, 0xf7, 0xbe, 0xf7, 0xbe, 0xf7, 0xbe, 0xf7, 0xbe, 0xf7, 0xbe, 0xf7, 0xde, 0xf7,
    0x7d, 0xef, 0x1c, 0xdf, 0xbb, 0xce, 0x9b, 0xc6, 0xdc, 0xce, 0x1c, 0xdf, 0x7d, 0xef, 0x9d, 0xf7,
    0xbe, 0xf7, 0xbe, 0xf7, 0xbe, 0xff, 0xbe, 0xff, 0xde, 0xff, 0xde, 0xff, 0xde, 0xff, 0xde, 0xff,
    0xde, 0xff, 0xbe, 0xff, 0xde, 0xf7, 0xbe, 0xf7, 0xbe, 0xf7, 0xbe, 0xf7, 0xbe, 0xf7, 0xbe, 0xf7,
    0xbe, 0xf7, 0xbd, 0xf7, 0xbd, 0xf7, 0xbd, 0xf7, 0xbd, 0xf7, 0xbd, 0xf7, 0xbd, 0xf7, 0xbe, 0xf7,
    0xbd, 0xf7, 0xbd, 0xf7, 0xbe, 0xf7, 0xbd, 0xf7, 0x9d, 0xf7, 0x9d, 0xf7, 0x9d, 0xf7, 0x9d, 0xf7,
    0x9d, 0xf7, 0x9d, 0xf7, 0x9d, 0xf7, 0x9d, 0xf7, 0x9d, 0xf7, 0x9d, 0xf7, 0x9d, 0xf7, 0x9d, 0xf7,
    0x9d, 0xf7, 0x9d, 0xf7, 0x9d, 0xf7, 0x9d, 0xf7, 0x9d, 0xf7, 0x9d, 0xf7, 0x7d, 0xf7, 0x7d, 0xf7,
    0x7d, 0xf7, 0x7d, 0xf7, 0x7d, 0xf7, 0x7d, 0xf7, 0x7d, 0xef, 0x7d, 0xf7, 0x7d, 0xef, 0x7d, 0xef,
    0x7d, 0xef, 0x7d, 0xef, 0x7d, 0xef, 0x7d, 0xf7, 0x7d, 0xef, 0x7d, 0xef, 0x7d, 0xef, 0x7d, 0xef,
    0x7d, 0xef, 0x7d, 0xef, 0x7d, 0xef, 0x7d, 0xef, 0x7d, 0xef, 0x7d, 0xef, 0x7d, 0xef, 0x7d, 0xef,
    0x7d, 0xef, 0x7d, 0xef, 0x7c, 0xef, 0x5c, 0xef, 0x5c, 0xef, 0x5d, 0xef, 0x5c, 0xef, 0x5c, 0xef,
    0x5c, 0xef, 0x5d, 0xef, 0x7d, 0xef, 0x7d, 0xef, 0x7d, 0xef, 0x5c, 0xef, 0x7c, 0xef, 0x5d, 0xef,
    0x5c, 0xef, 0x5c, 0xef, 0x5c, 0xef, 0x5c, 0xef, 0x5c, 0xef, 0x5c, 0xef, 0x5c, 0xef, 0x5c, 0xef,
    0x5c, 0xef, 0x5c, 0xef, 0x5c, 0xef, 0x5c, 0xef, 0x5c, 0xef, 0x5c, 0xef, 0x5c, 0xef, 0x5c, 0xef,
    0x5c, 0xef, 0x5c, 0xef, 0x5c, 0xef, 0x3c, 0xef, 0x5c, 0xef, 0x5c, 0xef, 0x5c, 0xef, 0x5c, 0xef,
    0x3c, 0xef, 0x3c, 0xef, 0x3c, 0xef, 0x3c, 0xef, 0x3c, 0xef, 0x3c, 0xe7, 0x3c, 0xe7, 0x3c, 0xe7,
    0x3c, 0xe7, 0x3c, 0xe7, 0x3c, 0xe7, 0x3c, 0xe7, 0x3c, 0xe7, 0x3c, 0xe7, 0x3c, 0xe7, 0x3c, 0xe7,
    0x3c, 0xe7, 0x3c, 0xe7, 0x3c, 0xe7, 0x3c, 0xe7, 0x1b, 0xe7, 0x3c, 0xe7, 0x3c, 0xe7, 0x3c, 0xe7,
    0x3c, 0xe7, 0x3c, 0xe7, 0x1c, 0xe7, 0x1b, 0xe7, 0x1c, 0xe7, 0x1c, 0xe7, 0x1c, 0xe7, 0x1b, 0xe7,
    0x1b, 0xe7, 0x1b, 0xe7, 0x1b, 0xe7, 0x1b, 0xe7, 0x1b, 0xe7, 0x1b, 0xe7, 0x1b, 0xe7, 0x1b, 0xe7,
    0x1b, 0xe7, 0x1b, 0xe7, 0x1b, 0xe7, 0x1b, 0xe7, 0x1b, 0xe7, 0x1b, 0xe7, 0x1b, 0xe7, 0x1b, 0xe7,
    0x1c, 0xe7, 0x1b, 0xe7, 0x1b, 0xe7, 0x1b, 0xdf, 0xfb, 0xde, 0xfb, 0xe6, 0xfb, 0xe6, 0xfb, 0xe6,
    0xfb, 0xe6, 0x1b, 0xe7, 0xfb, 0xde, 0xfb, 0xde, 0xfb, 0xde, 0xfb, 0xde, 0xfb, 0xde, 0xfb, 0xde,
    0xfb, 0xde, 0xfb, 0xde, 0xfb, 0xde, 0xfb, 0xde, 0xfb, 0xde, 0xfb, 0xde, 0xfb, 0xde, 0xfb, 0xde,
    0xfb, 0xde, 0xfb, 0xde, 0xfb, 0xde, 0xfb, 0xde, 0xfb, 0xde, 0xfb, 0xde, 0xfb, 0xde, 0xfb, 0xde,
    0xfa, 0xde, 0xfb, 0xde, 0xfb, 0xde, 0xfb, 0xde, 0xfb, 0xde, 0xfb, 0xde, 0xfb, 0xde, 0xfb, 0xde,
    0xfb, 0xde, 0xfb, 0xde, 0xfb, 0xde, 0xfb, 0xde, 0xfb, 0xde, 0xdb, 0xde, 0xdb, 0xde, 0xdb, 0xde,
    0xdb, 0xde, 0xdb, 0xde, 0xdb, 0xde, 0xdb, 0xde, 0xdb, 0xde, 0xdb, 0xd6, 0xdb, 0xd6, 0xdb, 0xd6,
    0xdb, 0xd6, 0xda, 0xd6, 0xda, 0xd6, 0xba, 0xd6, 0xdb, 0xd6, 0xba, 0xd6, 0xba, 0xd6, 0xba, 0xd6,
    0xbb, 0xd6, 0xdb, 0xd6, 0xdb, 0xd6, 0xdb, 0xd6, 0xbb, 0xd6, 0xdb, 0xd6, 0xdb, 0xd6, 0xbb, 0xd6,
    0xbb, 0xd6, 0xbb, 0xd6, 0xbb, 0xd6, 0xba, 0xd6, 0xba, 0xd6, 0xba, 0xd6, 0xba, 0xd6, 0xba, 0xd6,
    0xba, 0xd6, 0xba, 0xd6, 0xba, 0xd6, 0xba, 0xd6, 0xba, 0xd6, 0xba, 0xd6, 0x9a, 0xce, 0x9e, 0xef,
    0xba, 0xd6, 0x59, 0xc6, 0x9a, 0xce, 0x9e, 0xef, 0x7a, 0xce, 0x9a, 0xce, 0x9e, 0xef, 0x1c, 0xdf,
    0x7e, 0xef, 0x7a, 0xc6, 0x1c, 0xdf, 0xbb, 0xce, 0x3a, 0xb6, 0x9b, 0xc6, 0x5d, 0xe7, 0x7a, 0xc6,
    0x7e, 0xef, 0xdb, 0xd6, 0x79, 0xc6, 0xfc, 0xde, 0x3c, 0xe7, 0x59, 0xc6, 0x59, 0xc6, 0x17, 0xbe,
    0x79, 0xce, 0x3d, 0xe7, 0xf7, 0xbd, 0x38, 0xc6, 0x59, 0xc6, 0x79, 0xce, 0x5d, 0xe7, 0xba, 0xd6,
    0x59, 0xc6, 0xdb, 0xd6, 0xfb, 0xde, 0x38, 0xc6, 0x9a, 0xce, 0x9a, 0xce, 0x9a, 0xce, 0x9a, 0xce,
    0xff, 0xff, 0xff, 0xff, 0xde, 0xff, 0xde, 0xff, 0xde, 0xff, 0xbe, 0xff, 0xbe, 0xf7, 0xbe, 0xf7,
    0xbe, 0xf7, 0xbd, 0xf7, 0x9d, 0xf7, 0x9d, 0xf7, 0x9d, 0xf7, 0x9d, 0xf7, 0x9d, 0xf7, 0x9d, 0xf7,
    0xbd, 0xf7, 0xbd, 0xf7, 0xbd, 0xf7, 0xbe, 0xf7, 0xbe, 0xf7, 0xbe, 0xf7, 0x9e, 0xef, 0xbe, 0xf7,
    0xbe, 0xf7, 0xde, 0xf7, 0xbe, 0xf7, 0x7d, 0xef, 0x1c, 0xdf, 0xdb, 0xce, 0xbb, 0xce, 0x9b, 0xce,
    0xbb, 0xce, 0xdc, 0xce, 0xfc, 0xd6, 0x1c, 0xdf, 0x1c, 0xdf, 0x3c, 0xdf, 0x3d, 0xe7, 0x3d, 0xe7,
    0x5d, 0xe7, 0x5d, 0xe7, 0x5d, 0xe7, 0x5d, 0xe7, 0x5d, 0xe7, 0x5d, 0xe7, 0x5d, 0xe7, 0x5d, 0xe7,
    0x5d, 0xe7, 0x5d, 0xe7, 0x5d, 0xef, 0x5d, 0xef, 0x7d, 0xef, 0x5d, 0xe7, 0x7d, 0xef, 0x7d, 0xef,
    0x7d, 0xef, 0x7d, 0xef, 0x7d, 0xef, 0x7d, 0xef, 0x7d, 0xef, 0x7d, 0xef, 0x7d, 0xef, 0x7d, 0xef,
    0x7d, 0xef, 0x7d, 0xef, 0x7d, 0xef, 0x7d, 0xef, 0x7d, 0xef, 0x7d, 0xef, 0x7d, 0xef, 0x7d, 0xef,
    0x7d, 0xef, 0x7d, 0xef, 0x7d, 0xef, 0x7d, 0xef, 0x7d, 0xef, 0x7d, 0xef, 0x7d, 0xef, 0x7d, 0xef,
    0x7d, 0xef, 0x7d, 0xef, 0x7d, 0xef, 0x7d, 0xef, 0x7d, 0xef, 0x7d, 0xef, 0x7d, 0xef, 0x7d, 0xf7,
    0x7d, 0xef, 0x7d, 0xef, 0x7d, 0xef, 0x7d, 0xef, 0x7d, 0xef, 0x7d, 0xef, 0x7d, 0xef, 0x7d, 0xf7,
    0x7d, 0xef, 0x7d, 0xef, 0x7d, 0xef, 0x7d, 0xef, 0x7d, 0xef, 0x7d, 0xef, 0x7d, 0xef, 0x7d, 0xef,
    0x7d, 0xef, 0x7c, 0xef, 0x7d, 0xef, 0x7d, 0xef, 0x5c, 0xef, 0x5c, 0xef, 0x5c, 0xef, 0x5c, 0xef,
    0x5c, 0xef, 0x5c, 0xef, 0x5d, 0xef, 0x5c, 0xef, 0x5d, 0xef, 0x5c, 0xef, 0x7d, 0xef, 0x7d, 0xef,
    0x7c, 0xef, 0x5d, 0xef, 0x5c, 0xef, 0x5c, 0xef, 0x5c, 0xef, 0x5c, 0xef, 0x5c, 0xef, 0x5c, 0xef,
    0x5c, 0xef, 0x5c, 0xef, 0x5c, 0xef, 0x5c, 0xef, 0x5c, 0xef, 0x5c, 0xef, 0x5c, 0xef, 0x5c, 0xef,
    0x5c, 0xef, 0x5c, 0xef, 0x5c, 0xef, 0x5c, 0xef, 0x5c, 0xef, 0x5c, 0xef, 0x5c, 0xef, 0x3c, 0xef,
    0x3c, 0xef, 0x5c, 0xef, 0x3c, 0xef, 0x3c, 0xe7, 0x3c, 0xe7, 0x3c, 0xe7, 0x3c, 0xe7, 0x3c, 0xe7,
    0x3c, 0xe7, 0x3c, 0xe7, 0x3c, 0xe7, 0x3c, 0xe7, 0x3c, 0xe7, 0x3c, 0xe7, 0x1c, 0xe7, 0x3c, 0xe7,
    0x3c, 0xe7, 0x3c, 0xe7, 0x3c, 0xe7, 0x1c, 0xe7, 0x1c, 0xe7, 0x3c, 0xe7, 0x3c, 0xe7, 0x1c, 0xe7,
    0x3c, 0xe7, 0x1c, 0xe7, 0x1c, 0xe7, 0x1c, 0xe7, 0x1c, 0xe7, 0x1c, 0xe7, 0x1b, 0xe7, 0x1c, 0xe7,
    0x1b, 0xe7, 0x1b, 0xe7, 0x1b, 0xe7, 0x1b, 0xe7, 0x1b, 0xe7, 0x1b, 0xe7, 0x1b, 0xe7, 0x1b, 0xe7,
    0x1b, 0xe7, 0x1b, 0xe7, 0x1b, 0xe7, 0x1b, 0xe7, 0x1b, 0xe7, 0x1b, 0xe7, 0x1b, 0xe7, 0x1b, 0xe7,
    0x1b, 0xe7, 0x1b, 0xe7, 0xfb, 0xe6, 0xfb, 0xe6, 0xfb, 0xde, 0x1b, 0xe7, 0x1b, 0xe7, 0x1b, 0xdf,
    0x1b, 0xdf, 0x1b, 0xdf, 0xfb, 0xde, 0xfb, 0xde, 0xfb, 0xde, 0xfb, 0xde, 0xfb, 0xde, 0xfb, 0xde,
    0xfb, 0xde, 0xfb, 0xde, 0xfb, 0xde, 0xfb, 0xde, 0xfb, 0xde, 0xfb, 0xde, 0xfb, 0xde, 0xfb, 0xde,
    0xfb, 0xde, 0xfb, 0xde, 0xfb, 0xde, 0xfb, 0xde, 0xfb, 0xde, 0xfb, 0xde, 0xfb, 0xde, 0xfb, 0xde,
    0xfb, 0xde, 0xfb, 0xde, 0xfb, 0xde, 0xfb, 0xde, 0xdb, 0xde, 0xdb, 0xde, 0xdb, 0xde, 0xfb, 0xd6,
    0xdb, 0xd6, 0xdb, 0xd6, 0xdb, 0xd6, 0xdb, 0xd6, 0xdb, 0xd6, 0xdb, 0xd6, 0xdb, 0xd6, 0xdb, 0xd6,
    0xdb, 0xd6, 0xdb, 0xd6, 0xbb, 0xd6, 0xbb, 0xd6, 0xbb, 0xd6, 0xbb, 0xd6, 0xbb, 0xd6, 0xbb, 0xd6,
    0xbb, 0xce, 0xbb, 0xce, 0xbb, 0xce, 0xbb, 0xce, 0xbb, 0xce, 0x9b, 0xce, 0x9b, 0xce, 0x9b, 0xce,
    0x9b, 0xce, 0x9b, 0xce, 0x9b, 0xce, 0x9b, 0xce, 0x9b, 0xce, 0x9b, 0xce, 0x9b, 0xce, 0x9b, 0xce,
    0x9b, 0xce, 0x9b, 0xce, 0x9b, 0xce, 0x9a, 0xc6, 0x9a, 0xc6, 0x9a, 0xc6, 0x7a, 0xc6, 0x7a, 0xc6,
    0x7a, 0xc6, 0x7a, 0xc6, 0x7a, 0xc6, 0x7a, 0xc6, 0x7a, 0xc6, 0x7a, 0xc6, 0x5a, 0xc6, 0x5d, 0xe7,
    0x1c, 0xdf, 0x1c, 0xdf, 0x1c, 0xdf, 0x5d, 0xe7, 0x39, 0xbe, 0x5a, 0xc6, 0x5d, 0xe7, 0xf8, 0xb5,
    0x3d, 0xdf, 0x7a, 0xc6, 0x3d, 0xe7, 0xfc, 0xd6, 0x9a, 0xc6, 0x1c, 0xdf, 0x7d, 0xef, 0x9a, 0xce,
    0x5d, 0xe7, 0xbb, 0xd6, 0x38, 0xc6, 0xfc, 0xde, 0x3c, 0xe7, 0x58, 0xc6, 0x79, 0xce, 0x3d, 0xe7,
    0x5d, 0xe7, 0x5d, 0xe7, 0x5d, 0xe7, 0xfb, 0xde, 0x59, 0xc6, 0x9a, 0xce, 0x5d, 0xe7, 0x3c, 0xe7,
    0x5d, 0xe7, 0x7a, 0xce, 0x3c, 0xe7, 0x79, 0xce, 0x79, 0xce, 0x9a, 0xce, 0x9a, 0xce, 0x9a, 0xce,
    0xff, 0xff, 0xff, 0xff, 0xff, 0xff, 0xde, 0xff, 0xde, 0xff, 0xde, 0xff, 0xbe, 0xf7, 0xbe, 0xf7,
    0xbd, 0xf7, 0xbd, 0xf7, 0xbd, 0xf7, 0xbd, 0xf7, 0xbd, 0xf7, 0xbd, 0xf7, 0xbd, 0xf7, 0x9d, 0xf7,
    0xbd, 0xf7, 0xbd, 0xf7, 0xbe, 0xf7, 0xbd, 0xf7, 0xbd, 0xf7, 0xbe, 0xf7, 0xbe, 0xf7, 0xbe, 0xf7,
    0xbe, 0xf7, 0xbe, 0xf7, 0xbe, 0xf7, 0xbe, 0xf7, 0xde, 0xff, 0xde, 0xff, 0xbe, 0xf7, 0x9d, 0xef,
    0x5d, 0xe7, 0x3c, 0xdf, 0x1c, 0xdf, 0x1c, 0xd7, 0xfc, 0xd6, 0xfc, 0xd6, 0xfc, 0xd6, 0xfc, 0xd6,
    0xfc, 0xd6, 0xfc, 0xd6, 0xfc, 0xd6, 0xfc, 0xd6, 0xdc, 0xd6, 0xdc, 0xd6, 0xdc, 0xd6, 0xdc, 0xd6,
    0xdc, 0xd6, 0xdc, 0xd6, 0xdc, 0xd6, 0xfc, 0xd6, 0xfc, 0xd6, 0xfc, 0xd6, 0xfc, 0xd6, 0xfc, 0xd6,
    0xfc, 0xde, 0x1c, 0xdf, 0x1c, 0xdf, 0x1c, 0xdf, 0x1c, 0xdf, 0x1c, 0xdf, 0x3d, 0xdf, 0x3c, 0xdf,
    0x3c, 0xdf, 0x3c, 0xdf, 0x3d, 0xe7, 0x5d, 0xe7, 0x5d, 0xe7, 0x5d, 0xe7, 0x5d, 0xe7, 0x5d, 0xe7,
    0x5d, 0xe7, 0x5d, 0xe7, 0x5d, 0xe7, 0x5d, 0xe7, 0x5d, 0xe7, 0x5d, 0xe7, 0x5d, 0xef, 0x5d, 0xef,
    0x5d, 0xef, 0x5d, 0xef, 0x5c, 0xef, 0x5d, 0xef, 0x5d, 0xef, 0x5d, 0xef, 0x7d, 0xef, 0x7d, 0xef,
    0x7d, 0xef, 0x7d, 0xef, 0x7d, 0xef, 0x7d, 0xef, 0x7d, 0xef, 0x7d, 0xf7, 0x7d, 0xf7, 0x7d, 0xf7,
    0x7d, 0xef, 0x7d, 0xef, 0x7d, 0xef, 0x7d, 0xef, 0x7d, 0xef, 0x7d, 0xef, 0x7d, 0xef, 0x7d, 0xef,
    0x7d, 0xef, 0x7c, 0xef, 0x7d, 0xef, 0x7d, 0xef, 0x5d, 0xef, 0x5c, 0xef, 0x5c, 0xef, 0x5c, 0xef,
    0x5c, 0xef, 0x5c, 0xef, 0x7d, 0xef, 0x7c, 0xef, 0x7c, 0xef, 0x7c, 0xef, 0x7c, 0xef, 0x7d, 0xef,
    0x7d, 0xef, 0x5c, 0xef, 0x5d, 0xef, 0x7d, 0xef, 0x5c, 0xef, 0x5c, 0xef, 0x5c, 0xef, 0x5c, 0xef,
    0x5c, 0xef, 0x5c, 0xef, 0x5c, 0xef, 0x5c, 0xef, 0x5c, 0xef, 0x5c, 0xef, 0x5c, 0xef, 0x5c, 0xef,
    0x5c, 0xef, 0x5c, 0xef, 0x5c, 0xef, 0x5c, 0xef, 0x5c, 0xef, 0x5c, 0xef, 0x5c, 0xef, 0x5c, 0xef,
    0x5c, 0xef, 0x5c, 0xef, 0x3c, 0xef, 0x3c, 0xef, 0x3c, 0xe7, 0x3c, 0xe7, 0x3c, 0xe7, 0x3c, 0xe7,
    0x3c, 0xe7, 0x3c, 0xe7, 0x3c, 0xe7, 0x3c, 0xe7, 0x3c, 0xe7, 0x3c, 0xe7, 0x3c, 0xe7, 0x3c, 0xe7,
    0x3c, 0xe7, 0x3c, 0xe7, 0x1c, 0xe7, 0x3c, 0xe7, 0x1c, 0xe7, 0x1c, 0xe7, 0x1c, 0xe7, 0x1c, 0xe7,
    0x1c, 0xe7, 0x1c, 0xe7, 0x1c, 0xe7, 0x1c, 0xe7, 0x1b, 0xe7, 0x1b, 0xe7, 0x1b, 0xe7, 0x1b, 0xe7,
    0x1b, 0xe7, 0x1b, 0xe7, 0x1b, 0xe7, 0x1b, 0xe7, 0x1b, 0xe7, 0x1b, 0xe7, 0x1b, 0xe7, 0x1b, 0xe7,
    0x1b, 0xe7, 0x1b, 0xe7, 0x1b, 0xe7, 0x1b, 0xe7, 0x1b, 0xe7, 0x1b, 0xdf, 0x1b, 0xe7, 0x1b, 0xe7,
    0x1b, 0xe7, 0x1b, 0xe7, 0xfb, 0xe6, 0x1b, 0xe7, 0x1b, 0xe7, 0x1b, 0xe7, 0x1b, 0xe7, 0x1b, 0xe7,
    0x1b, 0xe7, 0xfb, 0xde, 0xfb, 0xde, 0xfb, 0xde, 0xfb, 0xde, 0xfb, 0xde, 0xfb, 0xde, 0xfb, 0xde,
    0xfb, 0xde, 0xfb, 0xde, 0xfb, 0xde, 0xfb, 0xde, 0xfb, 0xde, 0xfb, 0xde, 0xfb, 0xde, 0xfb, 0xde,
    0xfb, 0xde, 0xfb, 0xde, 0xfb, 0xde, 0xfb, 0xde, 0xfb, 0xde, 0xfb, 0xde, 0xfb, 0xde, 0xfb, 0xde,
    0xfb, 0xde, 0xfb, 0xde, 0xfb, 0xde, 0xfb, 0xde, 0xfb, 0xde, 0xdb, 0xde, 0xdb, 0xd6, 0xdb, 0xd6,
    0xdb, 0xd6, 0xdb, 0xd6, 0xdb, 0xd6, 0xdb, 0xd6, 0xdb, 0xd6, 0xdb, 0xd6, 0xdb, 0xd6, 0xdb, 0xd6,
    0xbb, 0xd6, 0xbb, 0xd6, 0xbb, 0xd6, 0xbb, 0xce, 0xbb, 0xce, 0xbb, 0xce, 0xbb, 0xce, 0x9b, 0xce,
    0x9a, 0xce, 0x9b, 0xce, 0x9b, 0xce, 0x9b, 0xce, 0x9b, 0xce, 0x9b, 0xce, 0x9b, 0xc6, 0x9b, 0xc6,
    0x9a, 0xc6, 0x9b, 0xc6, 0x9b, 0xc6, 0x9a, 0xc6, 0x9b, 0xc6, 0x9b, 0xc6, 0x9b, 0xce, 0x9b, 0xce,
    0x9b, 0xc6, 0x9b, 0xc6, 0x9b, 0xc6, 0x9b, 0xc6, 0x9b, 0xc6, 0x9b, 0xc6, 0x9b, 0xc6, 0x9b, 0xc6,
    0x9b, 0xc6, 0x9b, 0xc6, 0x9b, 0xc6, 0x9b, 0xc6, 0x9b, 0xc6, 0x9b, 0xc6, 0x7a, 0xc6, 0x5a, 0xc6,
    0x9a, 0xce, 0x7a, 0xc6, 0x9b, 0xce, 0x7a, 0xc6, 0x7a, 0xc6, 0xbb, 0xce, 0x7e, 0xef, 0x5d, 0xe7,
    0x7e, 0xef, 0xbb, 0xce, 0x5d, 0xe7, 0xfb, 0xde, 0x79, 0xce, 0x3d, 0xe7, 0x7e, 0xef, 0x7e, 0xef,
    0x7e, 0xef, 0x1c, 0xdf, 0x18, 0xc6, 0xfc, 0xde, 0x3c, 0xe7, 0x59, 0xc6, 0x79, 0xce, 0x9a, 0xce,
    0xdb, 0xd6, 0x5d, 0xe7, 0x9a, 0xce, 0x7a, 0xce, 0x59, 0xc6, 0x9a, 0xce, 0x1c, 0xdf, 0x18, 0xbe,
    0x1c, 0xe7, 0x59, 0xc6, 0x7d, 0xef, 0x3d, 0xe7, 0x59, 0xc6, 0x9a, 0xce, 0x9a, 0xce, 0x9a, 0xce,
    0xff, 0xff, 0xff, 0xff, 0xff, 0xff, 0xde, 0xff, 0xdd, 0xff, 0xde, 0xff, 0xbe, 0xf7, 0xbe, 0xf7,
    0xbe, 0xf7, 0xbe, 0xf7, 0xbe, 0xf7, 0xbd, 0xf7, 0xbe, 0xf7, 0xbd, 0xf7, 0xbd, 0xf7, 0xbd, 0xf7,
    0xbd, 0xf7, 0xbe, 0xf7, 0xbd, 0xf7, 0xbd, 0xf7, 0xbd, 0xf7, 0xbe, 0xf7, 0xbe, 0xf7, 0xbe, 0xf7,
    0xbe, 0xf7, 0xbe, 0xef, 0xbe, 0xf7, 0xbe, 0xf7, 0xbe, 0xf7, 0xbe, 0xf7, 0xbe, 0xf7, 0xbe, 0xff,
    0xde, 0xff, 0xbe, 0xff, 0xbe, 0xff, 0xde, 0xf7, 0xde, 0xff, 0xbe, 0xff, 0xde, 0xff, 0xde, 0xff,
    0xde, 0xff, 0xde, 0xff, 0xbe, 0xff, 0xbe, 0xf7, 0xbe, 0xf7, 0xbe, 0xf7, 0xbe, 0xf7, 0xbe, 0xf7,
    0xbe, 0xf7, 0xbe, 0xf7, 0xbd, 0xf7, 0x9d, 0xf7, 0x9d, 0xf7, 0x9d, 0xf7, 0x9d, 0xf7, 0x9d, 0xf7,
    0x9d, 0xf7, 0x9d, 0xf7, 0x9d, 0xf7, 0x9d, 0xf7, 0xbe, 0xf7, 0xbe, 0xf7, 0xbe, 0xf7, 0x9d, 0xf7,
    0xbd, 0xf7, 0x9d, 0xf7, 0x9d, 0xf7, 0x9d, 0xf7, 0x9d, 0xf7, 0x9d, 0xf7, 0x9d, 0xf7, 0x9d, 0xf7,
    0x9d, 0xf7, 0x9d, 0xf7, 0x9d, 0xf7, 0x9d, 0xf7, 0x9d, 0xf7, 0x9d, 0xf7, 0x9d, 0xf7, 0x9d, 0xf7,
    0x9d, 0xf7, 0x9d, 0xf7, 0x7d, 0xf7, 0x7d, 0xf7, 0x7d, 0xef, 0x7d, 0xef, 0x7d, 0xef, 0x7d, 0xef,
    0x7d, 0xf7, 0x7d, 0xf7, 0x7d, 0xf7, 0x7d, 0xf7, 0x7d, 0xf7, 0x7d, 0xf7, 0x7d, 0xef, 0x7d, 0xef,
    0x7d, 0xf7, 0x7d, 0xef, 0x7d, 0xef, 0x7d, 0xef, 0x7d, 0xef, 0x7d, 0xef, 0x7d, 0xef, 0x7d, 0xef,
    0x7d, 0xef, 0x7d, 0xef, 0x7d, 0xef, 0x7d, 0xef, 0x7d, 0xef, 0x7d, 0xef, 0x7d, 0xef, 0x7d, 0xef,
    0x7d, 0xef, 0x7c, 0xef, 0x7d, 0xef, 0x7d, 0xef, 0x7d, 0xef, 0x7d, 0xef, 0x7d, 0xef, 0x7d, 0xef,
    0x7d, 0xef, 0x7c, 0xef, 0x7d, 0xef, 0x7d, 0xef, 0x7d, 0xef, 0x7c, 0xef, 0x7d, 0xef, 0x5d, 0xef,
    0x5d, 0xef, 0x5d, 0xef, 0x5d, 0xef, 0x5c, 0xef, 0x5c, 0xef, 0x5c, 0xef, 0x5c, 0xef, 0x5c, 0xef,
    0x5c, 0xef, 0x5c, 0xef, 0x5c, 0xef, 0x5c, 0xef, 0x5c, 0xef, 0x5c, 0xef, 0x5c, 0xef, 0x5c, 0xef,
    0x5c, 0xef, 0x3c, 0xef, 0x3c, 0xef, 0x3c, 0xef, 0x3c, 0xef, 0x3c, 0xef, 0x3c, 0xef, 0x3c, 0xe7,
    0x3c, 0xe7, 0x3c, 0xef, 0x3c, 0xe7, 0x3c, 0xe7, 0x3c, 0xe7, 0x3c, 0xe7, 0x3c, 0xe7, 0x3c, 0xe7,
    0x3c, 0xe7, 0x3c, 0xe7, 0x3c, 0xe7, 0x3c, 0xe7, 0x3c, 0xe7, 0x3c, 0xe7, 0x1c, 0xe7, 0x1c, 0xe7,
    0x3c, 0xe7, 0x3c, 0xe7, 0x1c, 0xe7, 0x1c, 0xe7, 0x1c, 0xe7, 0x1b, 0xe7, 0x1b, 0xe7, 0x1b, 0xe7,
    0x1b, 0xe7, 0x1b, 0xe7, 0x1b, 0xe7, 0x1b, 0xe7, 0x1b, 0xe7, 0x1b, 0xe7, 0x1b, 0xe7, 0x1b, 0xe7,
    0x1b, 0xe7, 0x1b, 0xe7, 0x1b, 0xe7, 0x1b, 0xe7, 0x1b, 0xe7, 0x1b, 0xe7, 0x1b, 0xe7, 0x1b, 0xe7,
    0x1b, 0xe7, 0x1b, 0xe7, 0x1b, 0xe7, 0x1b, 0xe7, 0x1b, 0xe7, 0x1b, 0xe7, 0x1b, 0xe7, 0x1b, 0xe7,
    0x1b, 0xe7, 0x1b, 0xe7, 0xfb, 0xde, 0xfb, 0xde, 0xfb, 0xde, 0xfb, 0xe6, 0xfb, 0xde, 0xfb, 0xde,
    0xfb, 0xde, 0xfb, 0xde, 0xfb, 0xde, 0xfb, 0xde, 0xfb, 0xde, 0xfb, 0xde, 0xfb, 0xde, 0xfb, 0xde,
    0xfb, 0xde, 0xfb, 0xde, 0xfb, 0xde, 0xfb, 0xde, 0xfb, 0xde, 0xfb, 0xde, 0xfb, 0xde, 0xfb, 0xde,
    0xfb, 0xde, 0xfb, 0xde, 0xfb, 0xde, 0xfb, 0xde, 0xfb, 0xde, 0xfb, 0xde, 0xfb, 0xde, 0xfb, 0xde,
    0xfb, 0xde, 0xfb, 0xde, 0xdb, 0xde, 0xfb, 0xde, 0xdb, 0xde, 0xdb, 0xde, 0xdb, 0xde, 0xdb, 0xde,
    0xdb, 0xde, 0xdb, 0xde, 0xdb, 0xde, 0xdb, 0xde, 0xdb, 0xde, 0xdb, 0xde, 0xdb, 0xde, 0xdb, 0xd6,
    0xdb, 0xd6, 0xdb, 0xd6, 0xdb, 0xd6, 0xdb, 0xd6, 0xdb, 0xd6, 0xdb, 0xd6, 0xdb, 0xd6, 0xdb, 0xd6,
    0xdb, 0xd6, 0xdb, 0xd6, 0xdb, 0xd6, 0xdb, 0xd6, 0xdb, 0xd6, 0xdb, 0xd6, 0xdb, 0xd6, 0xdb, 0xd6,
    0xdb, 0xd6, 0xdb, 0xd6, 0xdb, 0xd6, 0xdb, 0xd6, 0xdb, 0xd6, 0xfb, 0xd6, 0xfb, 0xd6, 0xfb, 0xd6,
    0xdb, 0xd6, 0xdb, 0xd6, 0xdb, 0xd6, 0xdb, 0xd6, 0xdb, 0xd6, 0xdb, 0xd6, 0x9a, 0xce, 0xfb, 0xde,
    0x5d, 0xef, 0x59, 0xc6, 0x5d, 0xe7, 0x1c, 0xdf, 0x7a, 0xce, 0xbb, 0xd6, 0x9e, 0xef, 0x9a, 0xce,
    0x79, 0xce, 0x59, 0xc6, 0x79, 0xc6, 0x59, 0xc6, 0x79, 0xce, 0x7d, 0xef, 0xba, 0xd6, 0x79, 0xce,
    0xba, 0xd6, 0x7d, 0xef, 0x38, 0xc6, 0xfb, 0xde, 0x3d, 0xe7, 0x59, 0xc6, 0x79, 0xce, 0x38, 0xc6,
    0x7a, 0xce, 0x3d, 0xe7, 0x38, 0xc6, 0x59, 0xc6, 0x39, 0xc6, 0xba, 0xd6, 0x1c, 0xdf, 0x38, 0xc6,
    0x1c, 0xdf, 0xba, 0xd6, 0x9e, 0xef, 0xba, 0xd6, 0x59, 0xc6, 0x9a, 0xce, 0x9a, 0xce, 0x9a, 0xce,
    0xff, 0xff, 0xff, 0xff, 0xff, 0xff, 0xde, 0xff, 0xde, 0xff, 0xde, 0xff, 0xbe, 0xff, 0xbe, 0xf7,
    0xbe, 0xf7, 0xbe, 0xf7, 0xbe, 0xf7, 0xbe, 0xf7, 0xbe, 0xf7, 0xbe, 0xf7, 0xbe, 0xf7, 0xbe, 0xf7,
    0xbe, 0xf7, 0xbe, 0xf7, 0xbe, 0xf7, 0xbe, 0xf7, 0xbe, 0xf7, 0xbe, 0xf7, 0xbe, 0xf7, 0xbe, 0xf7,
    0xbe, 0xf7, 0xbe, 0xf7, 0xbe, 0xf7, 0xbe, 0xf7, 0xbe, 0xf7, 0xbe, 0xf7, 0xbe, 0xf7, 0xbe, 0xf7,
    0xbe, 0xf7, 0xbe, 0xf7, 0xbe, 0xf7, 0xbd, 0xf7, 0xbd, 0xf7, 0xbe, 0xf7, 0xbe, 0xf7, 0xde, 0xff,
    0xbe, 0xf7, 0xbe, 0xf7, 0xbe, 0xf7, 0xbe, 0xf7, 0xbe, 0xf7, 0xbe, 0xf7, 0xbe, 0xf7, 0xbe, 0xf7,
    0xbe, 0xf7, 0xbe, 0xf7, 0xbe, 0xf7, 0xbe, 0xf7, 0x9e, 0xf7, 0x9d, 0xf7, 0x9d, 0xf7, 0x9d, 0xf7,
    0x9d, 0xf7, 0x9d, 0xf7, 0x9d, 0xf7, 0xbd, 0xf7, 0xbe, 0xf7, 0xbe, 0xf7, 0xbe, 0xf7, 0xbe, 0xf7,
    0xbe, 0xf7, 0x9e, 0xf7, 0x9d, 0xf7, 0x9d, 0xf7, 0x9d, 0xf7, 0xbd, 0xf7, 0x9e, 0xf7, 0x9d, 0xf7,
    0x9d, 0xf7, 0x9d, 0xf7, 0x9d, 0xf7, 0x9d, 0xf7, 0x9d, 0xf7, 0x9d, 0xf7, 0x9d, 0xf7, 0x9c, 0xf7,
    0x9d, 0xf7, 0x9d, 0xf7, 0x7d, 0xef, 0x7d, 0xef, 0x7d, 0xf7, 0x7d, 0xf7, 0x7d, 0xf7, 0x7d, 0xf7,
    0x7d, 0xf7, 0x7d, 0xf7, 0x9d, 0xf7, 0x9d, 0xf7, 0x9d, 0xf7, 0x7d, 0xf7, 0x7d, 0xf7, 0x7d, 0xf7,
    0x7d, 0xef, 0x7d, 0xef, 0x7d, 0xef, 0x7d, 0xef, 0x7d, 0xef, 0x7c, 0xef, 0x7d, 0xef, 0x7d, 0xef,
    0x7d, 0xef, 0x7d, 0xef, 0x7d, 0xef, 0x7d, 0xef, 0x7d, 0xef, 0x7d, 0xef, 0x7d, 0xef, 0x7d, 0xef,
    0x7d, 0xef, 0x7d, 0xef, 0x7d, 0xef, 0x7d, 0xef, 0x7d, 0xef, 0x7d, 0xef, 0x7d, 0xef, 0x7d, 0xef,
    0x7d, 0xef, 0x7d, 0xef, 0x7d, 0xef, 0x7d, 0xef, 0x7d, 0xef, 0x7d, 0xef, 0x7d, 0xef, 0x7d, 0xef,
    0x7d, 0xef, 0x5d, 0xef, 0x5d, 0xef, 0x5c, 0xef, 0x5d, 0xef, 0x5c, 0xef, 0x5c, 0xef, 0x5d, 0xef,
    0x5d, 0xef, 0x5c, 0xef, 0x5c, 0xef, 0x5c, 0xef, 0x5c, 0xef, 0x5c, 0xef, 0x5c, 0xef, 0x5c, 0xef,
    0x5c, 0xef, 0x3c, 0xef, 0x5c, 0xef, 0x3c, 0xef, 0x3c, 0xe7, 0x3c, 0xef, 0x3c, 0xef, 0x3c, 0xef,
    0x3c, 0xe7, 0x3c, 0xe7, 0x3c, 0xe7, 0x3c, 0xe7, 0x3c, 0xe7, 0x3c, 0xe7, 0x3c, 0xe7, 0x3c, 0xe7,
    0x3c, 0xe7, 0x3c, 0xe7, 0x3c, 0xe7, 0x3c, 0xe7, 0x3c, 0xe7, 0x3c, 0xe7, 0x3c, 0xe7, 0x3c, 0xe7,
    0x1c, 0xe7, 0x3c, 0xe7, 0x1c, 0xe7, 0x1c, 0xe7, 0x1c, 0xe7, 0x1c, 0xe7, 0x1b, 0xe7, 0x1b, 0xe7,
    0x1b, 0xe7, 0x1b, 0xe7, 0x1b, 0xe7, 0x1b, 0xe7, 0x1b, 0xe7, 0x1b, 0xe7, 0x1b, 0xe7, 0x1b, 0xe7,
    0x1b, 0xe7, 0x1b, 0xe7, 0x1b, 0xe7, 0x1b, 0xe7, 0x1b, 0xe7, 0x1b, 0xe7, 0x1b, 0xe7, 0x1b, 0xe7,
    0x1b, 0xe7, 0x1b, 0xe7, 0x1b, 0xe7, 0x1b, 0xe7, 0x1b, 0xe7, 0x1c, 0xe7, 0x1b, 0xe7, 0x1b, 0xe7,
    0x1b, 0xe7, 0x1b, 0xe7, 0x1b, 0xe7, 0x1b, 0xe7, 0xfb, 0xde, 0x1b, 0xe7, 0x1b, 0xdf, 0x1b, 0xdf,
    0xfb, 0xde, 0xfb, 0xde, 0xfb, 0xde, 0xfb, 0xde, 0xfb, 0xde, 0xfb, 0xde, 0xfb, 0xde, 0xfb, 0xde,
    0xfb, 0xde, 0xfb, 0xde, 0xfb, 0xde, 0xfb, 0xde, 0xfb, 0xde, 0xfb, 0xde, 0xfb, 0xde, 0xfb, 0xde,
    0xfb, 0xde, 0xfb, 0xde, 0xfb, 0xde, 0xfb, 0xde, 0xfb, 0xde, 0xfb, 0xde, 0xfb, 0xde, 0xfb, 0xde,
    0xfb, 0xde, 0xfb, 0xde, 0xdb, 0xde, 0xdb, 0xde, 0xdb, 0xde, 0xdb, 0xde, 0xdb, 0xde, 0xdb, 0xde,
    0xdb, 0xde, 0xdb, 0xde, 0xdb, 0xde, 0xdb, 0xde, 0xdb, 0xde, 0xdb, 0xde, 0xdb, 0xde, 0xdb, 0xd6,
    0xdb, 0xd6, 0xdb, 0xd6, 0xda, 0xd6, 0xba, 0xd6, 0xdb, 0xd6, 0xba, 0xd6, 0xda, 0xd6, 0xba, 0xce,
    0xda, 0xd6, 0xda, 0xd6, 0xbb, 0xd6, 0xba, 0xd6, 0xda, 0xd6, 0xbb, 0xd6, 0xba, 0xce, 0xba, 0xce,
    0xba, 0xce, 0xba, 0xce, 0xba, 0xce, 0xba, 0xce, 0xba, 0xce, 0xba, 0xce, 0xba, 0xce, 0xba, 0xce,
    0xba, 0xce, 0xba, 0xce, 0x9a, 0xce, 0x9a, 0xce, 0xba, 0xd6, 0x79, 0xce, 0xdb, 0xde, 0x7e, 0xef,
    0x7d, 0xef, 0x5d, 0xef, 0x7d, 0xef, 0x7e, 0xef, 0xfb, 0xde, 0x59, 0xc6, 0x5d, 0xef, 0x7d, 0xef,
    0x5d, 0xef, 0x5d, 0xef, 0x5d, 0xef, 0x79, 0xce, 0xba, 0xd6, 0x3d, 0xe7, 0x59, 0xc6, 0x79, 0xce,
    0x59, 0xce, 0x5d, 0xe7, 0x79, 0xce, 0xdb, 0xd6, 0x3c, 0xe7, 0x38, 0xc6, 0xfb, 0xde, 0x7d, 0xef,
    0x5d, 0xe7, 0x7d, 0xef, 0x5d, 0xe7, 0x7d, 0xef, 0x79, 0xce, 0xda, 0xd6, 0xdb, 0xd6, 0xda, 0xd6,
    0x5d, 0xe7, 0x38, 0xc6, 0xba, 0xd6, 0x1c, 0xdf, 0x59, 0xc6, 0x9a, 0xce, 0x7a, 0xce, 0x7a, 0xce,
    0xff, 0xff, 0xff, 0xff, 0xff, 0xff, 0xff, 0xff, 0xde, 0xff, 0xde, 0xff, 0xde, 0xff, 0xde, 0xff,
    0xde, 0xff, 0xde, 0xff, 0xde, 0xff, 0xde, 0xf7, 0xbe, 0xff, 0xde, 0xff, 0xbe, 0xff, 0xbe, 0xff,
    0xbe, 0xff, 0xbe, 0xf7, 0xbe, 0xf7, 0xbe, 0xf7, 0xbe, 0xf7, 0xbe, 0xf7, 0xbe, 0xf7, 0xbe, 0xf7,
    0xbe, 0xf7, 0xbe, 0xff, 0xbe, 0xf7, 0xbe, 0xf7, 0xbe, 0xff, 0xbe, 0xff, 0xbe, 0xff, 0xde, 0xff,
    0xbe, 0xff, 0xde, 0xff, 0xbe, 0xff, 0xbe, 0xff, 0xde, 0xff, 0xbe, 0xff, 0xde, 0xff, 0xde, 0xff,
    0xde, 0xff, 0xbe, 0xf7, 0xbe, 0xf7, 0xbe, 0xf7, 0xbe, 0xf7, 0xbe, 0xf7, 0xbe, 0xf7, 0xbe, 0xf7,
    0xbe, 0xf7, 0xbe, 0xf7, 0xbe, 0xf7, 0xbe, 0xf7, 0xbe, 0xef, 0xbe, 0xf7, 0xbe, 0xf7, 0xbe, 0xf7,
    0xbe, 0xef, 0xbe, 0xf7, 0xbe, 0xf7, 0xbe, 0xf7, 0xbe, 0xf7, 0xbe, 0xf7, 0xbe, 0xf7, 0xbe, 0xf7,
    0xbe, 0xf7, 0xbe, 0xf7, 0xbe, 0xf7, 0xbe, 0xf7, 0x9e, 0xf7, 0xbe, 0xf7, 0xbe, 0xf7, 0xbe, 0xf7,
    0x9e, 0xf7, 0x9e, 0xf7, 0x9d, 0xf7, 0x9e, 0xf7, 0x9d, 0xf7, 0x9d, 0xf7, 0x9d, 0xf7, 0x9d, 0xf7,
    0x9d, 0xf7, 0x9d, 0xf7, 0x9d, 0xf7, 0x9d, 0xf7, 0x9d, 0xf7, 0x9d, 0xf7, 0x9d, 0xf7, 0x9d, 0xf7,
    0x9d, 0xf7, 0x9d, 0xf7, 0x9d, 0xf7, 0x9d, 0xf7, 0x9d, 0xf7, 0x9d, 0xf7, 0x9d, 0xf7, 0x7d, 0xf7,
    0x7d, 0xef, 0x7d, 0xf7, 0x7d, 0xef, 0x7d, 0xef, 0x7d, 0xef, 0x7d, 0xef, 0x7d, 0xef, 0x7d, 0xef,
    0x7d, 0xef, 0x7d, 0xef, 0x7d, 0xef, 0x7d, 0xef, 0x7d, 0xef, 0x7d, 0xef, 0x7d, 0xef, 0x7d, 0xef,
    0x7d, 0xef, 0x7d, 0xef, 0x7d, 0xef, 0x7d, 0xef, 0x7d, 0xef, 0x7d, 0xef, 0x7d, 0xef, 0x7d, 0xef,
    0x7d, 0xef, 0x7d, 0xef, 0x7d, 0xef, 0x7d, 0xef, 0x7d, 0xef, 0x7d, 0xef, 0x7d, 0xef, 0x7d, 0xef,
    0x7d, 0xef, 0x7d, 0xef, 0x7d, 0xef, 0x7c, 0xef, 0x5c, 0xef, 0x5c, 0xef, 0x5d, 0xef, 0x5d, 0xef,
    0x5d, 0xef, 0x5d, 0xef, 0x5d, 0xef, 0x5d, 0xef, 0x5d, 0xef, 0x5d, 0xef, 0x5c, 0xef, 0x5c, 0xef,
    0x5c, 0xef, 0x5c, 0xef, 0x5c, 0xef, 0x5c, 0xef, 0x5c, 0xef, 0x3c, 0xef, 0x3c, 0xef, 0x3c, 0xef,
    0x3c, 0xef, 0x3c, 0xef, 0x3c, 0xef, 0x3c, 0xe7, 0x3c, 0xe7, 0x3c, 0xe7, 0x3c, 0xe7, 0x3c, 0xe7,
    0x3c, 0xe7, 0x3c, 0xe7, 0x3c, 0xe7, 0x3c, 0xe7, 0x3c, 0xe7, 0x3c, 0xe7, 0x3c, 0xe7, 0x3c, 0xe7,
    0x3c, 0xe7, 0x3c, 0xe7, 0x3c, 0xe7, 0x3c, 0xe7, 0x1c, 0xe7, 0x1c, 0xe7, 0x1c, 0xe7, 0x1c, 0xe7,
    0x1c, 0xe7, 0x1c, 0xe7, 0x1c, 0xe7, 0x1b, 0xe7, 0x1b, 0xe7, 0x1c, 0xe7, 0x1b, 0xe7, 0x1b, 0xe7,
    0x1b, 0xe7, 0x1b, 0xe7, 0x1b, 0xe7, 0x1b, 0xe7, 0x1c, 0xe7, 0x1b, 0xe7, 0x1b, 0xe7, 0x1c, 0xe7,
    0xfb, 0xe6, 0x1b, 0xe7, 0x1b, 0xe7, 0x1b, 0xe7, 0x1b, 0xe7, 0x1b, 0xe7, 0x1b, 0xe7, 0x1b, 0xe7,
    0x1c, 0xe7, 0x1b, 0xe7, 0x1b, 0xe7, 0x1b, 0xe7, 0x1c, 0xe7, 0x1c, 0xe7, 0x1c, 0xe7, 0x1b, 0xe7,
    0x1b, 0xdf, 0x1b, 0xe7, 0xfb, 0xe6, 0xfb, 0xde, 0xfb, 0xde, 0xfb, 0xde, 0xfb, 0xde, 0xfb, 0xde,
    0xfb, 0xde, 0xfb, 0xde, 0xfb, 0xde, 0xfb, 0xde, 0xfb, 0xde, 0xfb, 0xde, 0xfb, 0xde, 0xfb, 0xde,
    0xfb, 0xde, 0xfb, 0xde, 0xfb, 0xde, 0xfb, 0xde, 0xfb, 0xde, 0xfb, 0xde, 0xfb, 0xde, 0xfb, 0xde,
    0xfb, 0xde, 0xfb, 0xde, 0xfb, 0xde, 0xfb, 0xde, 0xdb, 0xde, 0xdb, 0xde, 0xdb, 0xde, 0xdb, 0xde,
    0xdb, 0xde, 0xdb, 0xde, 0xdb, 0xde, 0xdb, 0xde, 0xdb, 0xde, 0xdb, 0xde, 0xdb, 0xde, 0xdb, 0xd6,
    0xdb, 0xd6, 0xdb, 0xd6, 0xdb, 0xd6, 0xdb, 0xd6, 0xdb, 0xd6, 0xda, 0xd6, 0xda, 0xd6, 0xda, 0xd6,
    0xda, 0xd6, 0xda, 0xd6, 0xdb, 0xd6, 0xdb, 0xd6, 0xdb, 0xd6, 0xdb, 0xd6, 0xdb, 0xd6, 0xdb, 0xd6,
    0xdb, 0xd6, 0xdb, 0xd6, 0xbb, 0xd6, 0xdb, 0xd6, 0xda, 0xd6, 0xdb, 0xd6, 0xbb, 0xd6, 0xba, 0xd6,
    0xbb, 0xd6, 0xba, 0xd6, 0xba, 0xd6, 0xba, 0xd6, 0xba, 0xd6, 0x9a, 0xd6, 0x9a, 0xce, 0x9a, 0xd6,
    0x9a, 0xce, 0x9a, 0xd6, 0x9a, 0xd6, 0xba, 0xd6, 0x9a, 0xd6, 0x9a, 0xce, 0x99, 0xce, 0xba, 0xd6,
    0x9a, 0xd6, 0x9a, 0xd6, 0x9a, 0xce, 0x99, 0xce, 0x99, 0xce, 0x79, 0xce, 0x9a, 0xce, 0x9a, 0xd6,
    0x79, 0xce, 0x79, 0xce, 0x79, 0xce, 0x79, 0xce, 0x79, 0xce, 0x79, 0xce, 0x79, 0xce, 0x9a, 0xce,
    0x79, 0xce, 0x79, 0xce, 0x7a, 0xce, 0x9a, 0xce, 0x79, 0xce, 0x79, 0xce, 0x59, 0xce, 0x79, 0xce,
    0x7a, 0xce, 0x59, 0xc6, 0x79, 0xc6, 0x79, 0xce, 0x79, 0xce, 0x9a, 0xce, 0x9a, 0xce, 0x9a, 0xce,
    0xff, 0xff, 0xff, 0xff, 0xff, 0xff, 0xff, 0xff, 0xde, 0xff, 0xde, 0xff, 0xde, 0xff, 0xde, 0xff,
    0xde, 0xff, 0xde, 0xff, 0xde, 0xff, 0xde, 0xff, 0xde, 0xff, 0xde, 0xff, 0xde, 0xff, 0xde, 0xff,
    0xde, 0xff, 0xdd, 0xff, 0xde, 0xff, 0xbe, 0xff, 0xbe, 0xff, 0xbe, 0xff, 0xde, 0xff, 0xbe, 0xff,
    0xde, 0xff, 0xde, 0xff, 0xde, 0xff, 0xde, 0xff, 0xde, 0xff, 0xde, 0xff, 0xde, 0xff, 0xde, 0xff,
    0xde, 0xff, 0xde, 0xff, 0xde, 0xff, 0xde, 0xff, 0xde, 0xff, 0xde, 0xff, 0xde, 0xff, 0xde, 0xff,
    0xde, 0xff, 0xde, 0xff, 0xde, 0xff, 0xbe, 0xff, 0xbe, 0xf7, 0xbe, 0xf7, 0xbe, 0xf7, 0xbe, 0xf7,
    0xbe, 0xf7, 0xbe, 0xf7, 0xbe, 0xf7, 0xbe, 0xf7, 0xbe, 0xf7, 0xbe, 0xf7, 0xbe, 0xf7, 0xbe, 0xf7,
    0xbe, 0xf7, 0xbe, 0xf7, 0xbe, 0xf7, 0xbe, 0xf7, 0xbe, 0xf7, 0xbe, 0xf7, 0xbe, 0xf7, 0xbe, 0xf7,
    0xbe, 0xf7, 0xbe, 0xf7, 0xbe, 0xf7, 0xbe, 0xf7, 0xbe, 0xf7, 0xbe, 0xf7, 0xbe, 0xf7, 0xbe, 0xf7,
    0xbe, 0xf7, 0x9e, 0xf7, 0xbe, 0xf7, 0x9e, 0xf7, 0x9e, 0xf7, 0x9e, 0xf7, 0x9d, 0xf7, 0x9d, 0xf7,
    0x9d, 0xf7, 0x9d, 0xf7, 0x9d, 0xf7, 0x9d, 0xf7, 0x9d, 0xf7, 0x9d, 0xf7, 0x9d, 0xf7, 0x9d, 0xf7,
    0x9d, 0xf7, 0x9d, 0xf7, 0x9d, 0xf7, 0x9d, 0xf7, 0x9d, 0xf7, 0x9d, 0xf7, 0x9d, 0xf7, 0x9d, 0xf7,
    0x7d, 0xf7, 0x7d, 0xf7, 0x7d, 0xf7, 0x7d, 0xf7, 0x7d, 0xf7, 0x7d, 0xf7, 0x7d, 0xef, 0x7d, 0xf7,
    0x7d, 0xef, 0x7d, 0xf7, 0x7d, 0xf7, 0x7d, 0xef, 0x7d, 0xef, 0x7d, 0xef, 0x7d, 0xef, 0x7d, 0xef,
    0x7d, 0xef, 0x7d, 0xef, 0x7d, 0xef, 0x7d, 0xef, 0x7d, 0xef, 0x7d, 0xef, 0x7d, 0xef, 0x7d, 0xf7,
    0x7d, 0xef, 0x7d, 0xef, 0x7d, 0xef, 0x7d, 0xef, 0x7d, 0xef, 0x7d, 0xef, 0x7d, 0xef, 0x7d, 0xef,
    0x7d, 0xef, 0x7d, 0xef, 0x7d, 0xef, 0x7d, 0xef, 0x7d, 0xef, 0x7d, 0xef, 0x5d, 0xef, 0x7d, 0xef,
    0x7d, 0xef, 0x7d, 0xef, 0x5d, 0xef, 0x5d, 0xef, 0x5d, 0xef, 0x5d, 0xef, 0x5d, 0xef, 0x5c, 0xef,
    0x5c, 0xef, 0x5c, 0xef, 0x5c, 0xef, 0x5c, 0xef, 0x5c, 0xef, 0x5c, 0xef, 0x5c, 0xef, 0x5c, 0xef,
    0x3c, 0xef, 0x3c, 0xef, 0x3c, 0xe7, 0x3c, 0xe7, 0x3c, 0xe7, 0x3c, 0xe7, 0x3c, 0xe7, 0x3c, 0xe7,
    0x3c, 0xe7, 0x3c, 0xe7, 0x3c, 0xef, 0x3c, 0xe7, 0x3c, 0xe7, 0x3c, 0xe7, 0x3c, 0xe7, 0x3c, 0xe7,
    0x3c, 0xe7, 0x3c, 0xe7, 0x3c, 0xe7, 0x3c, 0xe7, 0x1c, 0xe7, 0x1c, 0xe7, 0x3c, 0xe7, 0x1c, 0xe7,
    0x1c, 0xe7, 0x1c, 0xe7, 0x1c, 0xe7, 0x1c, 0xe7, 0x1c, 0xe7, 0x1c, 0xe7, 0x1c, 0xe7, 0x1c, 0xe7,
    0x1b, 0xe7, 0x1c, 0xe7, 0x1c, 0xe7, 0x1b, 0xe7, 0x1b, 0xe7, 0x1b, 0xe7, 0x1b, 0xe7, 0x1b, 0xe7,
    0x1b, 0xe7, 0x1b, 0xe7, 0x1b, 0xe7, 0x1b, 0xe7, 0x1b, 0xe7, 0x1b, 0xe7, 0x1b, 0xe7, 0x1b, 0xe7,
    0x1b, 0xe7, 0x1b, 0xe7, 0x1b, 0xe7, 0x1b, 0xe7, 0x1b, 0xe7, 0x1c, 0xe7, 0x1c, 0xe7, 0x1b, 0xe7,
    0x1b, 0xe7, 0x1b, 0xe7, 0xfb, 0xde, 0xfb, 0xde, 0xfb, 0xde, 0xfb, 0xde, 0xfb, 0xde, 0xfb, 0xde,
    0xfb, 0xde, 0xfb, 0xde, 0xfb, 0xde, 0xfb, 0xde, 0xfb, 0xde, 0xfb, 0xde, 0xfb, 0xde, 0xfb, 0xde,
    0xfb, 0xde, 0xfb, 0xde, 0xfb, 0xde, 0xfb, 0xde, 0xfb, 0xde, 0xfb, 0xde, 0xfb, 0xde, 0xfb, 0xde,
    0xfb, 0xde, 0xfb, 0xde, 0xfb, 0xde, 0xfb, 0xde, 0xfb, 0xde, 0xfb, 0xde, 0xfb, 0xde, 0xdb, 0xde,
    0xdb, 0xde, 0xdb, 0xde, 0xdb, 0xde, 0xdb, 0xde, 0xdb, 0xde, 0xdb, 0xde, 0xdb, 0xde, 0xdb, 0xde,
    0xdb, 0xde, 0xdb, 0xde, 0xdb, 0xde, 0xdb, 0xd6, 0xda, 0xd6, 0xda, 0xd6, 0xda, 0xd6, 0xda, 0xd6,
    0xda, 0xd6, 0xdb, 0xd6, 0xdb, 0xd6, 0xda, 0xd6, 0xda, 0xd6, 0xdb, 0xd6, 0xda, 0xd6, 0xda, 0xd6,
    0xdb, 0xd6, 0xdb, 0xd6, 0xdb, 0xd6, 0xba, 0xd6, 0xba, 0xd6, 0xba, 0xd6, 0xba, 0xd6, 0xba, 0xd6,
    0xba, 0xd6, 0xba, 0xd6, 0xba, 0xd6, 0xba, 0xd6, 0xba, 0xd6, 0xba, 0xd6, 0xba, 0xd6, 0x9a, 0xce,
    0x9a, 0xce, 0x9a, 0xce, 0x9a, 0xce, 0x9a, 0xce, 0xba, 0xd6, 0xba, 0xd6, 0xba, 0xd6, 0x9a, 0xce,
    0x9a, 0xce, 0x9a, 0xce, 0x9a, 0xce, 0xba, 0xd6, 0xba, 0xd6, 0x9a, 0xd6, 0xba, 0xd6, 0x9a, 0xd6,
    0x9a, 0xd6, 0x9a, 0xce, 0x9a, 0xce, 0x9a, 0xce, 0x9a, 0xce, 0x9a, 0xce, 0x9a, 0xce, 0x79, 0xce,
    0x79, 0xce, 0x79, 0xce, 0x79, 0xce, 0x79, 0xce, 0x9a, 0xce, 0x9a, 0xc6, 0x7a, 0xce, 0x7a, 0xce,
    0x79, 0xce, 0x9a, 0xce, 0x9a, 0xce, 0x79, 0xce, 0x9a, 0xce, 0x9a, 0xce, 0x9a, 0xce, 0x9a, 0xce,
    0xff, 0xff, 0xff, 0xff, 0xff, 0xff, 0xff, 0xff, 0xff, 0xff, 0xff, 0xff, 0xff, 0xff, 0xde, 0xff,
    0xde, 0xff, 0xde, 0xff, 0xde, 0xff, 0xde, 0xff, 0xde, 0xff, 0xde, 0xff, 0xde, 0xff, 0xde, 0xff,
    0xde, 0xff, 0xde, 0xff, 0xde, 0xff, 0xdd, 0xff, 0xde, 0xff, 0xde, 0xff, 0xde, 0xff, 0xde, 0xff,
    0xde, 0xff, 0xde, 0xff, 0xdd, 0xff, 0xde, 0xff, 0xde, 0xff, 0xde, 0xff, 0xde, 0xff, 0xde, 0xff,
    0xde, 0xff, 0xde, 0xff, 0xde, 0xff, 0xde, 0xff, 0xde, 0xff, 0xde, 0xff, 0xde, 0xff, 0xde, 0xff,
    0xde, 0xff, 0xde, 0xff, 0xde, 0xff, 0xde, 0xff, 0xbe, 0xff, 0xde, 0xff, 0xbe, 0xf7, 0xbe, 0xf7,
    0xbe, 0xf7, 0xbe, 0xff, 0xbe, 0xff, 0xbe, 0xf7, 0xbe, 0xf7, 0xbe, 0xf7, 0xbe, 0xf7, 0xbe, 0xf7,
    0xbe, 0xff, 0xbe, 0xff, 0xbe, 0xf7, 0xbe, 0xff, 0xbe, 0xff, 0xbe, 0xf7, 0xbe, 0xf7, 0xbe, 0xf7,
    0xbe, 0xf7, 0xbe, 0xf7, 0xbe, 0xf7, 0xbe, 0xf7, 0xbe, 0xef, 0xbe, 0xf7, 0xbe, 0xf7, 0xbe, 0xf7,
    0xbe, 0xf7, 0xbe, 0xf7, 0xbe, 0xf7, 0xbe, 0xf7, 0xbe, 0xf7, 0xbe, 0xf7, 0xbe, 0xf7, 0xbd, 0xf7,
    0xbe, 0xf7, 0xbd, 0xf7, 0x9e, 0xf7, 0x9d, 0xf7, 0x9e, 0xf7, 0x9d, 0xf7, 0x9d, 0xf7, 0x9d, 0xf7,
    0x9d, 0xf7, 0x9d, 0xf7, 0x9d, 0xf7, 0x9d, 0xf7, 0x9d, 0xf7, 0x9d, 0xf7, 0x9d, 0xf7, 0x9d, 0xf7,
    0x9d, 0xf7, 0x9d, 0xf7, 0x7d, 0xf7, 0x9d, 0xf7, 0x7d, 0xef, 0x7d, 0xf7, 0x7d, 0xf7, 0x9d, 0xf7,
    0x9d, 0xf7, 0x7d, 0xf7, 0x9d, 0xef, 0x7d, 0xef, 0x7d, 0xef, 0x7d, 0xf7, 0x7d, 0xef, 0x7d, 0xef,
    0x7d, 0xf7, 0x7d, 0xf7, 0x7d, 0xf7, 0x7d, 0xef, 0x7d, 0xf7, 0x7d, 0xf7, 0x7d, 0xf7, 0x7d, 0xf7,
    0x7d, 0xf7, 0x7d, 0xef, 0x7d, 0xef, 0x7d, 0xef, 0x7d, 0xef, 0x7d, 0xef, 0x7d, 0xef, 0x7d, 0xef,
    0x7d, 0xef, 0x7d, 0xef, 0x7d, 0xef, 0x7d, 0xef, 0x7d, 0xef, 0x7d, 0xef, 0x7d, 0xef, 0x7d, 0xef,
    0x7d, 0xef, 0x7d, 0xef, 0x5d, 0xef, 0x7d, 0xef, 0x5d, 0xef, 0x5d, 0xef, 0x5d, 0xef, 0x5d, 0xef,
    0x5c, 0xef, 0x5c, 0xef, 0x5c, 0xef, 0x5c, 0xef, 0x5c, 0xef, 0x5c, 0xef, 0x5c, 0xef, 0x5c, 0xef,
    0x5c, 0xef, 0x3c, 0xef, 0x5c, 0xe7, 0x3c, 0xe7, 0x3c, 0xef, 0x3c, 0xef, 0x3c, 0xe7, 0x3c, 0xe7,
    0x3c, 0xef, 0x3c, 0xef, 0x3c, 0xef, 0x3c, 0xef, 0x3c, 0xe7, 0x3c, 0xe7, 0x3c, 0xe7, 0x3c, 0xe7,
    0x3c, 0xe7, 0x3c, 0xe7, 0x3c, 0xe7, 0x3c, 0xe7, 0x3c, 0xe7, 0x3c, 0xe7, 0x3c, 0xe7, 0x3c, 0xe7,
    0x3c, 0xe7, 0x3c, 0xe7, 0x3c, 0xe7, 0x3c, 0xe7, 0x3c, 0xe7, 0x1c, 0xe7, 0x3c, 0xe7, 0x1c, 0xe7,
    0x1c, 0xe7, 0x1c, 0xe7, 0x1c, 0xe7, 0x1c, 0xe7, 0x1c, 0xe7, 0x1c, 0xe7, 0x1c, 0xe7, 0x1b, 0xe7,
    0x1b, 0xe7, 0x1c, 0xe7, 0x1b, 0xe7, 0x1b, 0xe7, 0x1c, 0xe7, 0x1c, 0xe7, 0x1c, 0xe7, 0x1b, 0xe7,
    0x1c, 0xe7, 0x1b, 0xe7, 0x1c, 0xe7, 0x1b, 0xe7, 0x1c, 0xe7, 0x1c, 0xe7, 0x1c, 0xe7, 0x1b, 0xe7,
    0x1b, 0xe7, 0x1b, 0xe7, 0x1b, 0xdf, 0x1b, 0xdf, 0xfb, 0xde, 0xfb, 0xde, 0xfb, 0xde, 0xfb, 0xde,
    0xfb, 0xde, 0xfb, 0xde, 0xfb, 0xde, 0xfb, 0xde, 0xfb, 0xde, 0xfb, 0xde, 0xfb, 0xde, 0xfb, 0xde,
    0xfb, 0xde, 0xfb, 0xde, 0xfb, 0xde, 0xfb, 0xde, 0xfb, 0xde, 0xfb, 0xde, 0xfb, 0xde, 0xfb, 0xde,
    0xfb, 0xde, 0xfb, 0xde, 0xfb, 0xde, 0xfb, 0xde, 0xfb, 0xde, 0xfb, 0xde, 0xfb, 0xde, 0xfb, 0xde,
    0xdb, 0xde, 0xdb, 0xde, 0xdb, 0xde, 0xdb, 0xde, 0xdb, 0xde, 0xdb, 0xde, 0xdb, 0xde, 0xdb, 0xde,
    0xdb, 0xde, 0xdb, 0xde, 0xda, 0xd6, 0xda, 0xd6, 0xda, 0xd6, 0xda, 0xd6, 0xda, 0xd6, 0xda, 0xd6,
    0xda, 0xd6, 0xda, 0xd6, 0xdb, 0xd6, 0xda, 0xd6, 0xda, 0xd6, 0xdb, 0xd6, 0xdb, 0xd6, 0xdb, 0xd6,
    0xda, 0xd6, 0xda, 0xd6, 0xda, 0xd6, 0xba, 0xd6, 0xba, 0xd6, 0xba, 0xd6, 0xba, 0xd6, 0xbb, 0xd6,
    0xba, 0xd6, 0xba, 0xd6, 0xba, 0xd6, 0xba, 0xd6, 0xba, 0xd6, 0xba, 0xd6, 0xba, 0xd6, 0xba, 0xd6,
    0xba, 0xd6, 0xba, 0xd6, 0xba, 0xd6, 0xba, 0xd6, 0xba, 0xd6, 0xba, 0xd6, 0xba, 0xd6, 0xba, 0xd6,
    0xba, 0xd6, 0xba, 0xd6, 0xba, 0xd6, 0xba, 0xd6, 0xba, 0xd6, 0xba, 0xd6, 0xba, 0xd6, 0xba, 0xd6,
    0xba, 0xd6, 0x9a, 0xd6, 0x9a, 0xd6, 0x9a, 0xd6, 0x9a, 0xce, 0x9a, 0xce, 0x9a, 0xd6, 0x9a, 0xce,
    0x9a, 0xce, 0x9a, 0xd6, 0x9a, 0xce, 0x9a, 0xd6, 0x9a, 0xce, 0x9a, 0xce, 0x9a, 0xce, 0x9a, 0xce,
    0x9a, 0xce, 0x9a, 0xce, 0x9a, 0xce, 0x9a, 0xce, 0x9a, 0xce, 0x9a, 0xce, 0x9a, 0xce, 0x9a, 0xce,
    0xff, 0xff, 0xff, 0xff, 0xff, 0xff, 0xff, 0xff, 0xff, 0xff, 0xff, 0xff, 0xff, 0xff, 0xff, 0xff,
    0xff, 0xff, 0xdf, 0xff, 0xdf, 0xff, 0xdf, 0xff, 0xdf, 0xff, 0xdf, 0xff, 0xdf, 0xff, 0xdf, 0xff,
    0xdf, 0xff, 0xde, 0xff, 0xde, 0xff, 0xde, 0xff, 0xde, 0xff, 0xde, 0xff, 0xde, 0xff, 0xde, 0xff,
    0xde, 0xff, 0xde, 0xff, 0xde, 0xff, 0xde, 0xff, 0xde, 0xff, 0xde, 0xff, 0xde, 0xff, 0xde, 0xff,
    0xde, 0xff, 0xde, 0xff, 0xde, 0xff, 0xde, 0xff, 0xde, 0xff, 0xde, 0xff, 0xde, 0xff, 0xde, 0xff,
    0xde, 0xff, 0xde, 0xff, 0xde, 0xff, 0xde, 0xff, 0xde, 0xff, 0xde, 0xff, 0xde, 0xff, 0xde, 0xff,
    0xbe, 0xff, 0xbe, 0xff, 0xbe, 0xff, 0xbe, 0xf7, 0xde, 0xff, 0xbe, 0xff, 0xbe, 0xf7, 0xde, 0xf7,
    0xde, 0xff, 0xde, 0xf7, 0xbe, 0xf7, 0xde, 0xff, 0xbe, 0xff, 0xbe, 0xff, 0xbe, 0xff, 0xbe, 0xf7,
    0xbe, 0xff, 0xbe, 0xff, 0xbe, 0xf7, 0xbe, 0xf7, 0xbe, 0xf7, 0xbe, 0xf7, 0xbe, 0xf7, 0xbe, 0xf7,
    0xbe, 0xf7, 0xbe, 0xf7, 0xbe, 0xf7, 0xbe, 0xf7, 0xbe, 0xf7, 0xbe, 0xf7, 0xbe, 0xf7, 0xbe, 0xf7,
    0xbe, 0xf7, 0xbe, 0xf7, 0xbe, 0xf7, 0xbe, 0xf7, 0xbe, 0xf7, 0x9e, 0xf7, 0x9e, 0xf7, 0xbe, 0xf7,
    0x9d, 0xf7, 0x9d, 0xf7, 0x9d, 0xf7, 0x9d, 0xf7, 0x9e, 0xf7, 0x9d, 0xf7, 0x9d, 0xf7, 0x9d, 0xf7,
    0x9d, 0xf7, 0x9d, 0xf7, 0x9d, 0xf7, 0x9d, 0xf7, 0x9d, 0xf7, 0x9d, 0xf7, 0x9d, 0xf7, 0x9d, 0xf7,
    0x9d, 0xf7, 0x9d, 0xf7, 0x9d, 0xf7, 0x9d, 0xf7, 0x9d, 0xf7, 0x7d, 0xf7, 0x7d, 0xef, 0x7d, 0xf7,
    0x7d, 0xf7, 0x7d, 0xf7, 0x7d, 0xf7, 0x7d, 0xf7, 0x7d, 0xf7, 0x7d, 0xf7, 0x7d, 0xf7, 0x7d, 0xf7,
    0x7d, 0xf7, 0x9d, 0xf7, 0x7d, 0xf7, 0x7d, 0xf7, 0x7d, 0xf7, 0x7d, 0xf7, 0x7d, 0xf7, 0x7d, 0xef,
    0x7d, 0xef, 0x7d, 0xef, 0x7d, 0xef, 0x7d, 0xef, 0x7d, 0xef, 0x7d, 0xef, 0x7d, 0xef, 0x7d, 0xef,
    0x7d, 0xef, 0x7d, 0xef, 0x7d, 0xef, 0x7d, 0xef, 0x7d, 0xef, 0x5d, 0xef, 0x5d, 0xef, 0x7d, 0xef,
    0x5d, 0xef, 0x5d, 0xef, 0x5c, 0xef, 0x5c, 0xef, 0x5c, 0xef, 0x5c, 0xef, 0x5c, 0xef, 0x5c, 0xef,
    0x5c, 0xef, 0x5c, 0xef, 0x5c, 0xef, 0x3c, 0xef, 0x5c, 0xef, 0x3c, 0xef, 0x3c, 0xef, 0x5c, 0xef,
    0x5c, 0xef, 0x5c, 0xef, 0x5c, 0xef, 0x5c, 0xe7, 0x5c, 0xe7, 0x3c, 0xef, 0x3b, 0xef, 0x3c, 0xef,
    0x3c, 0xe7, 0x3c, 0xef, 0x3c, 0xe7, 0x3c, 0xe7, 0x3c, 0xe7, 0x3c, 0xe7, 0x3c, 0xe7, 0x3c, 0xe7,
    0x3c, 0xe7, 0x3c, 0xe7, 0x3c, 0xe7, 0x3c, 0xe7, 0x3c, 0xe7, 0x3c, 0xe7, 0x3c, 0xe7, 0x3c, 0xe7,
    0x3c, 0xe7, 0x1c, 0xe7, 0x3c, 0xe7, 0x3c, 0xe7, 0x3c, 0xe7, 0x3c, 0xe7, 0x1c, 0xe7, 0x1c, 0xe7,
    0x1c, 0xe7, 0x1c, 0xe7, 0x1c, 0xe7, 0x1b, 0xe7, 0x1c, 0xe7, 0x1c, 0xe7, 0x1c, 0xe7, 0x1c, 0xe7,
    0x1c, 0xe7, 0x1c, 0xe7, 0x1c, 0xe7, 0x1c, 0xe7, 0x1c, 0xe7, 0x1c, 0xe7, 0x1c, 0xe7, 0x1c, 0xe7,
    0x1c, 0xe7, 0x1b, 0xe7, 0x1b, 0xe7, 0x1b, 0xdf, 0x1b, 0xdf, 0x1b, 0xdf, 0xfb, 0xde, 0xfb, 0xde,
    0xfb, 0xde, 0xfb, 0xde, 0xfb, 0xde, 0xfb, 0xde, 0xfb, 0xde, 0xfb, 0xde, 0xfb, 0xde, 0xfb, 0xde,
    0xfb, 0xde, 0xfb, 0xde, 0xfb, 0xde, 0xfb, 0xde, 0xfb, 0xde, 0xfb, 0xde, 0xfb, 0xde, 0xfb, 0xde,
    0xfb, 0xde, 0xfb, 0xde, 0xfb, 0xde, 0xfb, 0xde, 0xfb, 0xde, 0xfb, 0xde, 0xfb, 0xde, 0xfb, 0xde,
    0xfb, 0xde, 0xdb, 0xde, 0xdb, 0xde, 0xdb, 0xde, 0xda, 0xde, 0xdb, 0xde, 0xdb, 0xde, 0xdb, 0xde,
    0xdb, 0xde, 0xdb, 0xde, 0xdb, 0xde, 0xdb, 0xd6, 0xda, 0xd6, 0xda, 0xd6, 0xda, 0xd6, 0xda, 0xd6,
    0xdb, 0xd6, 0xda, 0xd6, 0xda, 0xd6, 0xda, 0xd6, 0xdb, 0xd6, 0xdb, 0xd6, 0xdb, 0xd6, 0xdb, 0xd6,
    0xdb, 0xd6, 0xdb, 0xd6, 0xda, 0xd6, 0xda, 0xd6, 0xda, 0xd6, 0xda, 0xd6, 0xba, 0xd6, 0xba, 0xd6,
    0xba, 0xd6, 0xba, 0xd6, 0xba, 0xd6, 0xba, 0xd6, 0xba, 0xd6, 0xba, 0xd6, 0xba, 0xd6, 0xba, 0xd6,
    0xba, 0xd6, 0xba, 0xd6, 0xba, 0xd6, 0xba, 0xd6, 0xba, 0xd6, 0xba, 0xd6, 0xba, 0xd6, 0xba, 0xd6,
    0xba, 0xd6, 0xba, 0xd6, 0xba, 0xd6, 0xba, 0xd6, 0xba, 0xd6, 0xba, 0xd6, 0xba, 0xd6, 0xba, 0xd6,
    0xba, 0xd6, 0xba, 0xd6, 0xba, 0xd6, 0x9a, 0xd6, 0x9a, 0xd6, 0x9a, 0xd6, 0x9a, 0xd6, 0x9a, 0xd6,
    0x9a, 0xd6, 0x9a, 0xd6, 0x9a, 0xd6, 0x9a, 0xce, 0x9a, 0xd6, 0x9a, 0xd6, 0x9a, 0xd6, 0x9a, 0xce,
    0x9a, 0xce, 0x9a, 0xce, 0x9a, 0xce, 0x9a, 0xce, 0x9a, 0xce, 0x9a, 0xce, 0x9a, 0xce, 0x9a, 0xce,
    0xff, 0xff, 0xff, 0xff, 0xff, 0xff, 0xff, 0xff, 0xff, 0xff, 0xff, 0xff, 0xff, 0xff, 0xff, 0xff,
    0xff, 0xff, 0xff, 0xff, 0xff, 0xff, 0xff, 0xff, 0xff, 0xff, 0xfe, 0xff, 0xff, 0xff, 0xff, 0xff,
    0xff, 0xff, 0xff, 0xff, 0xdf, 0xff, 0xff, 0xff, 0xde, 0xff, 0xde, 0xff, 0xfe, 0xff, 0xdf, 0xff,
    0xfe, 0xff, 0xde, 0xff, 0xde, 0xff, 0xdf, 0xff, 0xde, 0xff, 0xfe, 0xff, 0xfe, 0xff, 0xde, 0xff,
    0xde, 0xff, 0xde, 0xff, 0xde, 0xff, 0xde, 0xff, 0xde, 0xff, 0xde, 0xff, 0xde, 0xff, 0xde, 0xff,
    0xde, 0xff, 0xde, 0xff, 0xde, 0xff, 0xde, 0xff, 0xde, 0xff, 0xde, 0xff, 0xde, 0xff, 0xde, 0xff,
    0xde, 0xff, 0xde, 0xff, 0xde, 0xff, 0xde, 0xff, 0xde, 0xff, 0xde, 0xff, 0xde, 0xff, 0xde, 0xff,
    0xde, 0xff, 0xde, 0xff, 0xde, 0xff, 0xde, 0xff, 0xde, 0xff, 0xde, 0xff, 0xde, 0xff, 0xde, 0xff,
    0xde, 0xff, 0xde, 0xff, 0xde, 0xf7, 0xbe, 0xf7, 0xbe, 0xf7, 0xbe, 0xf7, 0xbe, 0xf7, 0xbe, 0xf7,
    0xbe, 0xf7, 0xbe, 0xf7, 0xbe, 0xf7, 0xbe, 0xf7, 0xbe, 0xf7, 0xbe, 0xf7, 0xbe, 0xf7, 0xbe, 0xf7,
    0xbe, 0xf7, 0xbe, 0xf7, 0xbe, 0xf7, 0xbe, 0xf7, 0xbe, 0xf7, 0xbe, 0xf7, 0xbe, 0xf7, 0xbe, 0xf7,
    0xbe, 0xf7, 0xbe, 0xf7, 0xbe, 0xf7, 0xbe, 0xf7, 0x9d, 0xf7, 0x9d, 0xf7, 0x9d, 0xf7, 0x9d, 0xf7,
    0x9d, 0xf7, 0x9d, 0xf7, 0x9d, 0xf7, 0x9d, 0xf7, 0x9d, 0xf7, 0x9d, 0xf7, 0x9d, 0xf7, 0x9d, 0xf7,
    0x9d, 0xf7, 0x9d, 0xf7, 0x9d, 0xf7, 0x9d, 0xf7, 0x9d, 0xf7, 0x9d, 0xef, 0x7d, 0xef, 0x7d, 0xef,
    0x7d, 0xf7, 0x7d, 0xef, 0x7d, 0xf7, 0x7d, 0xef, 0x7d, 0xef, 0x7d, 0xf7, 0x9d, 0xf7, 0x9d, 0xf7,
    0x9d, 0xf7, 0x9d, 0xf7, 0x7d, 0xf7, 0x7d, 0xf7, 0x7d, 0xef, 0x7d, 0xef, 0x7d, 0xf7, 0x7d, 0xef,
    0x7d, 0xef, 0x7d, 0xef, 0x7d, 0xef, 0x7d, 0xef, 0x7d, 0xef, 0x7d, 0xef, 0x7d, 0xef, 0x7d, 0xef,
    0x7d, 0xef, 0x7d, 0xef, 0x7d, 0xef, 0x7d, 0xef, 0x7d, 0xef, 0x7d, 0xef, 0x7d, 0xef, 0x7d, 0xef,
    0x7d, 0xef, 0x5d, 0xef, 0x5c, 0xef, 0x5c, 0xef, 0x5c, 0xef, 0x5c, 0xef, 0x5c, 0xef, 0x5c, 0xef,
    0x5c, 0xef, 0x5c, 0xef, 0x5c, 0xef, 0x5c, 0xef, 0x5c, 0xef, 0x5c, 0xef, 0x5c, 0xef, 0x5c, 0xef,
    0x5c, 0xef, 0x5c, 0xef, 0x5c, 0xef, 0x5c, 0xef, 0x5c, 0xef, 0x5c, 0xef, 0x5c, 0xef, 0x5c, 0xef,
    0x5c, 0xe7, 0x5c, 0xe7, 0x3c, 0xe7, 0x3c, 0xe7, 0x3c, 0xe7, 0x3c, 0xe7, 0x3c, 0xe7, 0x3c, 0xe7,
    0x3c, 0xe7, 0x3c, 0xe7, 0x3c, 0xe7, 0x3c, 0xe7, 0x3c, 0xe7, 0x3c, 0xe7, 0x3c, 0xe7, 0x3c, 0xe7,
    0x3c, 0xe7, 0x3c, 0xe7, 0x3c, 0xe7, 0x3c, 0xe7, 0x3c, 0xe7, 0x3c, 0xe7, 0x3c, 0xe7, 0x3c, 0xe7,
    0x3c, 0xe7, 0x3c, 0xe7, 0x3c, 0xe7, 0x3c, 0xe7, 0x3c, 0xe7, 0x3c, 0xe7, 0x3c, 0xe7, 0x1c, 0xe7,
    0x1c, 0xe7, 0x1c, 0xe7, 0x3c, 0xe7, 0x3c, 0xe7, 0x3c, 0xe7, 0x3c, 0xe7, 0x3c, 0xe7, 0x1c, 0xe7,
    0x1b, 0xe7, 0x1b, 0xe7, 0x1b, 0xdf, 0x1b, 0xdf, 0x1b, 0xe7, 0x1b, 0xe7, 0x1b, 0xe7, 0x1b, 0xdf,
    0x1b, 0xe7, 0x1b, 0xe7, 0xfb, 0xde, 0xfb, 0xde, 0xfb, 0xde, 0x1b, 0xdf, 0xfb, 0xde, 0x1b, 0xdf,
    0x1b, 0xdf, 0xfb, 0xde, 0xfb, 0xde, 0xfb, 0xde, 0xfb, 0xde, 0xfb, 0xde, 0x1b, 0xdf, 0xfb, 0xde,
    0xfb, 0xde, 0xfb, 0xde, 0xfb, 0xde, 0xfb, 0xde, 0xfb, 0xde, 0xfb, 0xde, 0xfb, 0xde, 0xfb, 0xde,
    0xfb, 0xde, 0xfb, 0xde, 0xfb, 0xde, 0xdb, 0xde, 0xdb, 0xde, 0xdb, 0xde, 0xdb, 0xde, 0xdb, 0xde,
    0xfb, 0xde, 0xdb, 0xde, 0xdb, 0xde, 0xda, 0xde, 0xdb, 0xd6, 0xdb, 0xd6, 0xdb, 0xd6, 0xdb, 0xd6,
    0xdb, 0xd6, 0xda, 0xd6, 0xdb, 0xd6, 0xdb, 0xd6, 0xdb, 0xd6, 0xdb, 0xd6, 0xdb, 0xd6, 0xdb, 0xd6,
    0xdb, 0xd6, 0xdb, 0xd6, 0xdb, 0xd6, 0xdb, 0xd6, 0xda, 0xd6, 0xdb, 0xd6, 0xda, 0xd6, 0xda, 0xd6,
    0xda, 0xd6, 0xda, 0xd6, 0xba, 0xd6, 0xbb, 0xd6, 0xba, 0xd6, 0xba, 0xd6, 0xba, 0xd6, 0xba, 0xd6,
    0xba, 0xd6, 0xba, 0xd6, 0xba, 0xd6, 0xba, 0xd6, 0xba, 0xd6, 0xba, 0xd6, 0xba, 0xd6, 0xba, 0xd6,
    0xba, 0xd6, 0xba, 0xd6, 0xba, 0xd6, 0xba, 0xd6, 0xba, 0xd6, 0xba, 0xd6, 0xba, 0xd6, 0xba, 0xd6,
    0xba, 0xd6, 0xba, 0xd6, 0xba, 0xd6, 0xba, 0xd6, 0xba, 0xd6, 0xba, 0xd6, 0x9a, 0xd6, 0x9a, 0xd6,
    0x9a, 0xce, 0x9a, 0xd6, 0x9a, 0xd6, 0x9a, 0xd6, 0x9a, 0xd6, 0x9a, 0xd6, 0x9a, 0xce, 0x9a, 0xce,
    0x9a, 0xce, 0x9a, 0xd6, 0x9a, 0xd6, 0x9a, 0xce, 0x9a, 0xce, 0x9a, 0xce, 0x9a, 0xce, 0x9a, 0xce,
};

const lv_image_dsc_t bk_home = {
    .header.cf = LV_COLOR_FORMAT_RGB565,
    .header.magic = LV_IMAGE_HEADER_MAGIC,
    .header.w = 320,
    .header.h = 240,
    .data_size = sizeof(bk_home_map),
    .data = bk_home_map,
};
