/*******************************************************************************
 * Size: 16 px
 * Bpp: 4
 * Opts: --font C:/Windows/Fonts/SourceHanSansCN-Regular.otf --symbols ·…严个为云亮优伴储关冰况冻凇创务劲升卷发启吸响固址堆处复夹姿对导尘屏带并序应强微态扬据收无暴权板极染标槽欢氧氮污沙浓浮淋湿滑激灯炎烈热照爽版狂环疾码碳离称稍签简粒级线细络绪网翻聊臭螺认译话询误请读败质资距轻载输过运进连酷错镜闭闲间阴阵陀际随雷雹雾霰霾页颗风飓驶驾验默龙 --size 16 --bpp 4 --format lvgl --force-fast-kern-format --no-compress --no-prefilter -o main/UI/asset/font_cn_supplement_16.c
 ******************************************************************************/

#ifdef LV_LVGL_H_INCLUDE_SIMPLE
#include "lvgl.h"
#else
#include "lvgl.h"
#endif

#ifndef FONT_CN_SUPPLEMENT_16
#define FONT_CN_SUPPLEMENT_16 1
#endif

#if FONT_CN_SUPPLEMENT_16

/*-----------------
 *    BITMAPS
 *----------------*/

/*Store the image of the glyphs*/
static LV_ATTRIBUTE_LARGE_CONST const uint8_t glyph_bitmap[] = {
    /* U+00B7 "·" */
    0x2, 0x7, 0xf5, 0x5e, 0x30,

    /* U+2026 "…" */
    0x0, 0x0, 0x0, 0x0, 0x0, 0x0, 0x0, 0x3f,
    0x80, 0x0, 0xdd, 0x0, 0x8, 0xf3, 0x2e, 0x60,
    0x0, 0xbb, 0x0, 0x6, 0xe2,

    /* U+4E25 "严" */
    0x1, 0xff, 0xff, 0xff, 0xff, 0xff, 0xff, 0x90,
    0x1, 0x30, 0x1f, 0x20, 0xc7, 0x3, 0x20, 0x0,
    0x3f, 0x11, 0xf1, 0xb, 0x60, 0xba, 0x0, 0x0,
    0xb7, 0x1f, 0x10, 0xb6, 0x1f, 0x20, 0x0, 0x5,
    0xd1, 0xf1, 0xb, 0x69, 0xa0, 0x0, 0x1, 0x25,
    0x2f, 0x31, 0xc7, 0x53, 0x11, 0x0, 0xff, 0xff,
    0xff, 0xff, 0xff, 0xff, 0xe0, 0xf, 0x30, 0x0,
    0x0, 0x0, 0x0, 0x0, 0x0, 0xf3, 0x0, 0x0,
    0x0, 0x0, 0x0, 0x0, 0xf, 0x10, 0x0, 0x0,
    0x0, 0x0, 0x0, 0x2, 0xf0, 0x0, 0x0, 0x0,
    0x0, 0x0, 0x0, 0x4e, 0x0, 0x0, 0x0, 0x0,
    0x0, 0x0, 0xa, 0x90, 0x0, 0x0, 0x0, 0x0,
    0x0, 0x1, 0xf2, 0x0, 0x0, 0x0, 0x0, 0x0,
    0x0, 0x2, 0x0, 0x0, 0x0, 0x0, 0x0, 0x0,
    0x0,

    /* U+4E2A "个" */
    0x0, 0x0, 0x0, 0x3, 0x40, 0x0, 0x0, 0x0,
    0x0, 0x0, 0x0, 0x1e, 0xa0, 0x0, 0x0, 0x0,
    0x0, 0x0, 0x0, 0xbc, 0xf5, 0x0, 0x0, 0x0,
    0x0, 0x0, 0xb, 0xc0, 0x4f, 0x60, 0x0, 0x0,
    0x0, 0x2, 0xcc, 0x0, 0x5, 0xf8, 0x0, 0x0,
    0x0, 0x6f, 0xb0, 0xc, 0x50, 0x3e, 0xd5, 0x0,
    0x3d, 0xe5, 0x0, 0xd, 0x50, 0x0, 0x9f, 0xb0,
    0x18, 0x10, 0x0, 0xd, 0x50, 0x0, 0x3, 0x70,
    0x0, 0x0, 0x0, 0xd, 0x50, 0x0, 0x0, 0x0,
    0x0, 0x0, 0x0, 0xd, 0x50, 0x0, 0x0, 0x0,
    0x0, 0x0, 0x0, 0xd, 0x50, 0x0, 0x0, 0x0,
    0x0, 0x0, 0x0, 0xd, 0x50, 0x0, 0x0, 0x0,
    0x0, 0x0, 0x0, 0xd, 0x50, 0x0, 0x0, 0x0,
    0x0, 0x0, 0x0, 0xd, 0x50, 0x0, 0x0, 0x0,
    0x0, 0x0, 0x0, 0xd, 0x50, 0x0, 0x0, 0x0,

    /* U+4E3A "为" */
    0x0, 0x61, 0x3, 0xf0, 0x0, 0x0, 0x0, 0x0,
    0xab, 0x3, 0xf0, 0x0, 0x0, 0x0, 0x0, 0xe,
    0x44, 0xe0, 0x0, 0x0, 0x0, 0x25, 0x55, 0x58,
    0xf5, 0x55, 0x55, 0x52, 0x6d, 0xdd, 0xde, 0xfd,
    0xdd, 0xdd, 0xf8, 0x0, 0x0, 0x9, 0xa0, 0x0,
    0x0, 0xc7, 0x0, 0x0, 0xc, 0x70, 0x0, 0x0,
    0xc6, 0x0, 0x0, 0x2f, 0x28, 0xc0, 0x0, 0xd5,
    0x0, 0x0, 0x9b, 0x0, 0xc9, 0x0, 0xe5, 0x0,
    0x3, 0xf4, 0x0, 0x2f, 0x20, 0xf3, 0x0, 0x1e,
    0x90, 0x0, 0x1, 0x1, 0xf2, 0x1, 0xcd, 0x0,
    0x0, 0x0, 0x4, 0xf0, 0x4e, 0xc1, 0x0, 0x0,
    0x33, 0x3b, 0xc0, 0x79, 0x0, 0x0, 0x0, 0x8f,
    0xfe, 0x40, 0x0, 0x0, 0x0, 0x0, 0x0, 0x0,
    0x0,

    /* U+4E91 "云" */
    0x0, 0x1, 0x11, 0x11, 0x11, 0x11, 0x10, 0x0,
    0x0, 0x4f, 0xff, 0xff, 0xff, 0xff, 0xf6, 0x0,
    0x0, 0x1, 0x11, 0x11, 0x11, 0x11, 0x10, 0x0,
    0x0, 0x0, 0x0, 0x0, 0x0, 0x0, 0x0, 0x0,
    0x0, 0x0, 0x0, 0x0, 0x0, 0x0, 0x0, 0x0,
    0xd, 0xdd, 0xdd, 0xdd, 0xdd, 0xdd, 0xdd, 0xd1,
    0x5, 0x55, 0x58, 0xf9, 0x55, 0x55, 0x55, 0x50,
    0x0, 0x0, 0xc, 0xd0, 0x0, 0x0, 0x0, 0x0,
    0x0, 0x0, 0x5f, 0x40, 0x0, 0xd7, 0x0, 0x0,
    0x0, 0x0, 0xea, 0x0, 0x0, 0x4f, 0x30, 0x0,
    0x0, 0x9, 0xd0, 0x0, 0x0, 0x9, 0xd0, 0x0,
    0x0, 0x6f, 0x64, 0x56, 0x79, 0xac, 0xf9, 0x0,
    0x0, 0xff, 0xff, 0xec, 0xb9, 0x87, 0x7f, 0x30,
    0x0, 0x42, 0x10, 0x0, 0x0, 0x0, 0xa, 0x50,
    0x0, 0x0, 0x0, 0x0, 0x0, 0x0, 0x0, 0x0,

    /* U+4EAE "亮" */
    0x0, 0x0, 0x0, 0x5, 0x20, 0x0, 0x0, 0x0,
    0x0, 0x0, 0x0, 0xaa, 0x0, 0x0, 0x0, 0xe,
    0xee, 0xee, 0xee, 0xfe, 0xee, 0xee, 0xd0, 0x22,
    0x22, 0x22, 0x22, 0x22, 0x22, 0x22, 0x0, 0xb,
    0xed, 0xdd, 0xdd, 0xde, 0xd0, 0x0, 0x0, 0xb6,
    0x0, 0x0, 0x0, 0x6d, 0x0, 0x0, 0xb, 0xed,
    0xdd, 0xdd, 0xde, 0xd0, 0x0, 0x0, 0x0, 0x0,
    0x0, 0x0, 0x0, 0x0, 0xb, 0xff, 0xff, 0xff,
    0xff, 0xff, 0xff, 0xa0, 0xb6, 0x0, 0x0, 0x0,
    0x0, 0x0, 0x7a, 0x8, 0x50, 0x2f, 0xff, 0xff,
    0xf0, 0x5, 0x70, 0x0, 0x4, 0xe1, 0x0, 0x3f,
    0x0, 0x0, 0x0, 0x0, 0xaa, 0x0, 0x2, 0xf0,
    0x2, 0x80, 0x2, 0xaf, 0x20, 0x0, 0x2f, 0x20,
    0x5d, 0xb, 0xfb, 0x20, 0x0, 0x0, 0xdf, 0xff,
    0x70, 0x10, 0x0, 0x0, 0x0, 0x0, 0x0, 0x0,

    /* U+4F18 "优" */
    0x0, 0x0, 0x0, 0x0, 0x0, 0x0, 0x0, 0x0,
    0x0, 0x0, 0xd4, 0x0, 0xc5, 0x7, 0x50, 0x0,
    0x0, 0x5, 0xd0, 0x0, 0xc5, 0x2, 0xd7, 0x0,
    0x0, 0xc, 0x50, 0x0, 0xd5, 0x0, 0x1a, 0x0,
    0x0, 0x4f, 0x3d, 0xdd, 0xfe, 0xdd, 0xdd, 0xd3,
    0x0, 0xee, 0x14, 0x44, 0xf7, 0x44, 0x44, 0x41,
    0xa, 0xee, 0x0, 0x0, 0xf1, 0x0, 0x0, 0x0,
    0x1e, 0x5e, 0x0, 0x2, 0xf0, 0xe4, 0x0, 0x0,
    0x1, 0x3e, 0x0, 0x5, 0xd0, 0xe4, 0x0, 0x0,
    0x0, 0x3e, 0x0, 0x9, 0x90, 0xe4, 0x0, 0x0,
    0x0, 0x3e, 0x0, 0xd, 0x50, 0xe4, 0x0, 0x0,
    0x0, 0x3e, 0x0, 0x4e, 0x0, 0xe4, 0x0, 0x40,
    0x0, 0x3e, 0x0, 0xc6, 0x0, 0xe4, 0x0, 0xd3,
    0x0, 0x3e, 0x8, 0xb0, 0x0, 0xe6, 0x11, 0xf1,
    0x0, 0x3e, 0x3b, 0x0, 0x0, 0x9f, 0xff, 0xa0,

    /* U+4F34 "伴" */
    0x0, 0x1, 0xc1, 0x0, 0x5, 0xc0, 0x0, 0x0,
    0x0, 0x7, 0xb0, 0xd3, 0x5, 0xc0, 0xf, 0x20,
    0x0, 0xe, 0x40, 0x5d, 0x5, 0xc0, 0x7b, 0x0,
    0x0, 0x5e, 0x0, 0xb, 0x85, 0xc2, 0xf3, 0x0,
    0x1, 0xee, 0x0, 0x3, 0x46, 0xd1, 0x50, 0x0,
    0xa, 0xee, 0x4, 0xff, 0xff, 0xff, 0xff, 0xe0,
    0x1e, 0x5e, 0x0, 0x11, 0x16, 0xd1, 0x11, 0x10,
    0x2, 0x3e, 0x0, 0x0, 0x5, 0xc0, 0x0, 0x0,
    0x0, 0x3e, 0x4, 0x44, 0x48, 0xd4, 0x44, 0x42,
    0x0, 0x3e, 0xc, 0xcc, 0xce, 0xfc, 0xcc, 0xc7,
    0x0, 0x3e, 0x0, 0x0, 0x5, 0xc0, 0x0, 0x0,
    0x0, 0x3e, 0x0, 0x0, 0x5, 0xc0, 0x0, 0x0,
    0x0, 0x3e, 0x0, 0x0, 0x5, 0xc0, 0x0, 0x0,
    0x0, 0x3e, 0x0, 0x0, 0x5, 0xc0, 0x0, 0x0,

    /* U+50A8 "储" */
    0x0, 0x0, 0x0, 0x0, 0x0, 0x0, 0x0, 0x0,
    0x0, 0x1e, 0x21, 0x0, 0x1, 0xf0, 0x3, 0x70,
    0x0, 0x6a, 0x4d, 0x12, 0xcd, 0xfc, 0xac, 0x60,
    0x0, 0xc5, 0x7, 0xa0, 0x34, 0xf3, 0x9d, 0x0,
    0x3, 0xf2, 0x0, 0x10, 0x1, 0xf1, 0xf4, 0x0,
    0xd, 0xf3, 0x22, 0x4, 0x78, 0xfb, 0xe7, 0x70,
    0x6e, 0xf8, 0xff, 0x26, 0xaa, 0xfd, 0xaa, 0xa0,
    0x64, 0xe1, 0xd, 0x20, 0x1b, 0xc1, 0x0, 0x0,
    0x0, 0xe1, 0xd, 0x35, 0xff, 0xff, 0xff, 0x50,
    0x0, 0xe1, 0xd, 0x3d, 0xad, 0x0, 0xb, 0x60,
    0x0, 0xe1, 0xd, 0x20, 0x2d, 0x0, 0xa, 0x60,
    0x0, 0xe1, 0xd, 0x20, 0x2f, 0xee, 0xef, 0x60,
    0x0, 0xe1, 0xe, 0x9d, 0x3d, 0x0, 0xa, 0x60,
    0x0, 0xe1, 0x4f, 0x91, 0x2f, 0xdd, 0xdf, 0x60,
    0x0, 0xe1, 0x2, 0x0, 0x2d, 0x22, 0x2a, 0x50,

    /* U+5173 "关" */
    0x0, 0x0, 0x10, 0x0, 0x0, 0x2, 0x0, 0x0,
    0x0, 0x2, 0xf2, 0x0, 0x0, 0x1f, 0x60, 0x0,
    0x0, 0x0, 0x8c, 0x0, 0x0, 0x9c, 0x0, 0x0,
    0x0, 0x0, 0x1c, 0x10, 0x2, 0xf3, 0x0, 0x0,
    0x0, 0xdf, 0xff, 0xff, 0xff, 0xff, 0xff, 0x0,
    0x0, 0x22, 0x22, 0x2a, 0xc2, 0x22, 0x22, 0x0,
    0x0, 0x0, 0x0, 0x9, 0xb0, 0x0, 0x0, 0x0,
    0x0, 0x0, 0x0, 0x9, 0xb0, 0x0, 0x0, 0x0,
    0xc, 0xff, 0xff, 0xff, 0xff, 0xff, 0xff, 0xe0,
    0x2, 0x33, 0x33, 0x4f, 0xf6, 0x33, 0x33, 0x20,
    0x0, 0x0, 0x0, 0x8f, 0x8d, 0x0, 0x0, 0x0,
    0x0, 0x0, 0x5, 0xf6, 0xc, 0xc0, 0x0, 0x0,
    0x0, 0x0, 0x9f, 0x80, 0x1, 0xdd, 0x30, 0x0,
    0x1, 0x8e, 0xe4, 0x0, 0x0, 0x1a, 0xfa, 0x40,
    0xd, 0xd6, 0x0, 0x0, 0x0, 0x0, 0x4b, 0xd1,
    0x0, 0x0, 0x0, 0x0, 0x0, 0x0, 0x0, 0x0,

    /* U+51B0 "冰" */
    0x0, 0x0, 0x0, 0x0, 0xe, 0x40, 0x0, 0x0,
    0x2c, 0x30, 0x0, 0x0, 0xe, 0x40, 0x0, 0x0,
    0x6, 0xf8, 0x0, 0x0, 0xe, 0x40, 0x0, 0x0,
    0x0, 0x28, 0x23, 0x33, 0x1e, 0x80, 0xa, 0x90,
    0x0, 0x0, 0x9f, 0xff, 0x6e, 0xd0, 0x8d, 0x10,
    0x0, 0x0, 0x0, 0xe, 0x3e, 0xf9, 0xd1, 0x0,
    0x0, 0x1, 0x0, 0x3f, 0xe, 0xbd, 0x10, 0x0,
    0x0, 0x1f, 0x10, 0x99, 0xe, 0x5e, 0x10, 0x0,
    0x0, 0xaa, 0x1, 0xf3, 0xe, 0x49, 0xa0, 0x0,
    0x3, 0xf2, 0xa, 0xa0, 0xe, 0x41, 0xe6, 0x0,
    0xc, 0x90, 0x7f, 0x10, 0xe, 0x40, 0x4f, 0x80,
    0x2d, 0x12, 0xe3, 0x0, 0xe, 0x40, 0x4, 0xe2,
    0x0, 0x0, 0x10, 0x3, 0x4f, 0x30, 0x0, 0x0,
    0x0, 0x0, 0x0, 0xf, 0xfb, 0x0, 0x0, 0x0,
    0x0, 0x0, 0x0, 0x0, 0x0, 0x0, 0x0, 0x0,

    /* U+51B5 "况" */
    0x0, 0x0, 0x0, 0x0, 0x0, 0x0, 0x0, 0x0,
    0xd, 0x50, 0x0, 0xff, 0xff, 0xff, 0xff, 0x40,
    0x4, 0xf3, 0x0, 0xf4, 0x11, 0x11, 0x1e, 0x40,
    0x0, 0x8d, 0x0, 0xf2, 0x0, 0x0, 0xe, 0x40,
    0x0, 0xa, 0x10, 0xf2, 0x0, 0x0, 0xe, 0x40,
    0x0, 0x0, 0x0, 0xf2, 0x0, 0x0, 0xe, 0x40,
    0x0, 0x0, 0x0, 0xf5, 0x22, 0x22, 0x2e, 0x40,
    0x0, 0x0, 0x0, 0xff, 0xff, 0xff, 0xff, 0x40,
    0x0, 0x2, 0x0, 0x4, 0xd0, 0x1f, 0x0, 0x0,
    0x0, 0xe, 0x40, 0x6, 0xc0, 0x1f, 0x0, 0x0,
    0x0, 0x7d, 0x0, 0x8, 0x90, 0x1f, 0x0, 0x0,
    0x1, 0xe5, 0x0, 0xd, 0x50, 0x1f, 0x0, 0x30,
    0x9, 0xd0, 0x0, 0x7e, 0x0, 0x1f, 0x0, 0xb5,
    0x2f, 0x40, 0x8, 0xf3, 0x0, 0x1f, 0x21, 0xd3,
    0x3, 0x0, 0x8c, 0x30, 0x0, 0xc, 0xff, 0xc0,
    0x0, 0x0, 0x0, 0x0, 0x0, 0x0, 0x0, 0x0,

    /* U+51BB "冻" */
    0x0, 0x0, 0x0, 0x0, 0x30, 0x0, 0x0, 0x0,
    0x5, 0x0, 0x0, 0x0, 0xf4, 0x0, 0x0, 0x0,
    0xc, 0x90, 0x2, 0x26, 0xf2, 0x22, 0x22, 0x20,
    0x2, 0xf4, 0x5f, 0xff, 0xff, 0xff, 0xff, 0xf1,
    0x0, 0x7d, 0x0, 0xf, 0x40, 0x0, 0x0, 0x0,
    0x0, 0x3, 0x0, 0x5d, 0x5, 0xd0, 0x0, 0x0,
    0x0, 0x0, 0x0, 0xc6, 0x5, 0xd0, 0x0, 0x0,
    0x0, 0x0, 0x5, 0xf3, 0x27, 0xd2, 0x22, 0x10,
    0x0, 0x0, 0x9, 0xfe, 0xee, 0xfe, 0xee, 0x60,
    0x0, 0x2e, 0x0, 0x0, 0x5, 0xd0, 0x0, 0x0,
    0x0, 0x99, 0x0, 0x87, 0x5, 0xd0, 0xa3, 0x0,
    0x2, 0xf2, 0x2, 0xf3, 0x5, 0xd0, 0x6e, 0x0,
    0xa, 0xa0, 0xc, 0x90, 0x5, 0xd0, 0xb, 0x90,
    0x1f, 0x20, 0x6d, 0x1, 0x27, 0xd0, 0x2, 0xd0,
    0x1, 0x0, 0x0, 0x5, 0xfe, 0x70, 0x0, 0x0,

    /* U+51C7 "凇" */
    0x5, 0x0, 0x2, 0xd0, 0x0, 0x91, 0x66, 0x0,
    0xc, 0x60, 0x2, 0xd0, 0x1, 0xf0, 0x5b, 0x0,
    0x2, 0xe1, 0x2, 0xd0, 0x4, 0xd0, 0x2f, 0x0,
    0x0, 0x86, 0xff, 0xff, 0x98, 0x90, 0xe, 0x40,
    0x0, 0x0, 0x29, 0xe2, 0x2e, 0x30, 0x7, 0xc0,
    0x0, 0x0, 0xd, 0xf6, 0x7c, 0xc, 0x20, 0xe3,
    0x0, 0x0, 0x1e, 0xed, 0x33, 0x2f, 0x0, 0x30,
    0x0, 0x10, 0x89, 0xd6, 0x90, 0x6c, 0x0, 0x0,
    0x0, 0x98, 0xe4, 0xd0, 0x10, 0xa7, 0x1, 0x0,
    0x0, 0xf5, 0x72, 0xd0, 0x0, 0xf2, 0x6b, 0x0,
    0x5, 0xc0, 0x2, 0xd0, 0x5, 0xc0, 0x1f, 0x10,
    0xc, 0x50, 0x2, 0xd0, 0xb, 0x60, 0x1c, 0x70,
    0x2e, 0x0, 0x2, 0xd0, 0x3f, 0xef, 0xed, 0xc0,
    0x0, 0x0, 0x2, 0xd0, 0x5, 0x20, 0x1, 0xb0,

    /* U+521B "创" */
    0x0, 0x0, 0x0, 0x0, 0x0, 0x0, 0x0, 0x0,
    0x0, 0x8, 0xc0, 0x0, 0x0, 0x0, 0xe3, 0x0,
    0x2, 0xfe, 0x50, 0x0, 0x71, 0xe, 0x30, 0x0,
    0xd6, 0x3e, 0x50, 0xf, 0x20, 0xe3, 0x1, 0xda,
    0x0, 0x3f, 0x30, 0xf2, 0xe, 0x32, 0xeb, 0x0,
    0x0, 0x5e, 0x1f, 0x20, 0xe3, 0x59, 0xbc, 0xcc,
    0xca, 0x30, 0xf2, 0xe, 0x30, 0xe, 0x74, 0x47,
    0xd0, 0xf, 0x20, 0xe3, 0x0, 0xe3, 0x0, 0x5c,
    0x0, 0xf2, 0xe, 0x30, 0xe, 0x30, 0x7, 0xa0,
    0xf, 0x20, 0xe3, 0x0, 0xe3, 0x23, 0xc8, 0x0,
    0xf2, 0xe, 0x30, 0xe, 0x34, 0xca, 0x10, 0x7,
    0x10, 0xe3, 0x0, 0xe3, 0x0, 0x1, 0xc0, 0x0,
    0xe, 0x30, 0xd, 0x60, 0x0, 0x5c, 0x0, 0x0,
    0xf3, 0x0, 0x7f, 0xff, 0xff, 0x50, 0x7e, 0xfe,
    0x10, 0x0, 0x0, 0x0, 0x0, 0x0, 0x22, 0x0,

    /* U+52A1 "务" */
    0x0, 0x0, 0x0, 0x81, 0x0, 0x0, 0x0, 0x0,
    0x0, 0x0, 0xa, 0xb0, 0x0, 0x0, 0x0, 0x0,
    0x0, 0x0, 0x9f, 0xff, 0xff, 0xff, 0xf7, 0x0,
    0x0, 0x1a, 0xf8, 0x11, 0x11, 0x1a, 0xc0, 0x0,
    0x3, 0xea, 0x3d, 0x60, 0x3, 0xcc, 0x10, 0x0,
    0x0, 0x50, 0x1, 0xcc, 0xaf, 0x70, 0x0, 0x0,
    0x0, 0x1, 0x59, 0xee, 0xde, 0xa6, 0x31, 0x0,
    0xc, 0xff, 0xd8, 0x30, 0x2, 0x7b, 0xef, 0xf1,
    0x4, 0x30, 0x0, 0xe, 0x30, 0x0, 0x0, 0x10,
    0x0, 0x44, 0x44, 0x6f, 0x64, 0x44, 0x43, 0x0,
    0x0, 0xbb, 0xbb, 0xee, 0xbb, 0xbb, 0xdc, 0x0,
    0x0, 0x0, 0x1, 0xf4, 0x0, 0x0, 0x89, 0x0,
    0x0, 0x0, 0x2d, 0x90, 0x0, 0x0, 0xc6, 0x0,
    0x0, 0x39, 0xf8, 0x0, 0x0, 0x2, 0xf2, 0x0,
    0xc, 0xe9, 0x20, 0x0, 0x4f, 0xfe, 0x80, 0x0,
    0x0, 0x0, 0x0, 0x0, 0x0, 0x0, 0x0, 0x0,

    /* U+52B2 "劲" */
    0x0, 0x0, 0x0, 0x0, 0x0, 0x0, 0x0, 0x0,
    0xef, 0xff, 0xff, 0x50, 0xc, 0x60, 0x0, 0x1,
    0x11, 0x17, 0xf1, 0x0, 0xc6, 0x0, 0x0, 0x0,
    0x3, 0xf6, 0x0, 0xc, 0x50, 0x0, 0x0, 0x3,
    0xed, 0x0, 0x9e, 0xff, 0xee, 0xc0, 0x7, 0xfa,
    0xcd, 0x32, 0x3d, 0x73, 0x7d, 0x2d, 0xe5, 0x0,
    0x7f, 0x20, 0xe3, 0x5, 0xc0, 0x60, 0x0, 0x0,
    0x10, 0xf, 0x20, 0x5c, 0xc, 0xdd, 0xdd, 0xd7,
    0x1, 0xf1, 0x5, 0xc0, 0x33, 0x6f, 0x33, 0x10,
    0x4e, 0x0, 0x6c, 0x0, 0x3, 0xe0, 0x0, 0x7,
    0xb0, 0x6, 0xb0, 0x0, 0x3e, 0x0, 0x0, 0xd6,
    0x0, 0x7b, 0x0, 0x4, 0xf8, 0xbc, 0x4f, 0x0,
    0x8, 0xa2, 0xbe, 0xfd, 0x96, 0x4e, 0x80, 0x11,
    0xc7, 0x18, 0x40, 0x0, 0xa, 0xc0, 0xc, 0xfd,
    0x20, 0x0, 0x0, 0x0, 0x11, 0x0, 0x0, 0x0,

    /* U+5347 "升" */
    0x0, 0x0, 0x0, 0x0, 0x0, 0x0, 0x0, 0x0,
    0x0, 0x0, 0x0, 0x5d, 0x70, 0x7b, 0x0, 0x0,
    0x0, 0x15, 0xaf, 0xd7, 0x10, 0x7b, 0x0, 0x0,
    0xb, 0xfc, 0xca, 0x0, 0x0, 0x7b, 0x0, 0x0,
    0x2, 0x0, 0x8a, 0x0, 0x0, 0x7b, 0x0, 0x0,
    0x0, 0x0, 0x8a, 0x0, 0x0, 0x7b, 0x0, 0x0,
    0x0, 0x0, 0x8a, 0x0, 0x0, 0x7b, 0x0, 0x0,
    0x1f, 0xff, 0xff, 0xff, 0xff, 0xff, 0xff, 0xf2,
    0x2, 0x22, 0xaa, 0x22, 0x22, 0x9c, 0x22, 0x20,
    0x0, 0x0, 0xb7, 0x0, 0x0, 0x7b, 0x0, 0x0,
    0x0, 0x0, 0xf3, 0x0, 0x0, 0x7b, 0x0, 0x0,
    0x0, 0x7, 0xe0, 0x0, 0x0, 0x7b, 0x0, 0x0,
    0x0, 0x3f, 0x50, 0x0, 0x0, 0x7b, 0x0, 0x0,
    0x6, 0xf8, 0x0, 0x0, 0x0, 0x7b, 0x0, 0x0,
    0x1c, 0x50, 0x0, 0x0, 0x0, 0x7b, 0x0, 0x0,
    0x0, 0x0, 0x0, 0x0, 0x0, 0x0, 0x0, 0x0,

    /* U+5377 "卷" */
    0x0, 0x0, 0x10, 0x3, 0x70, 0x0, 0x0, 0x0,
    0x0, 0x5, 0xd1, 0x9, 0xa0, 0xb, 0x80, 0x0,
    0x0, 0x0, 0xb8, 0xd, 0x60, 0x6d, 0x0, 0x0,
    0x0, 0xdd, 0xee, 0xdf, 0xed, 0xfe, 0xdc, 0x0,
    0x0, 0x22, 0x22, 0xbb, 0x22, 0x22, 0x22, 0x0,
    0x0, 0x0, 0x3, 0xf2, 0x0, 0x0, 0x0, 0x0,
    0xe, 0xff, 0xff, 0xff, 0xff, 0xff, 0xff, 0xf0,
    0x1, 0x13, 0xdb, 0x21, 0x12, 0xda, 0x21, 0x10,
    0x0, 0x2d, 0xd2, 0x11, 0x11, 0x4f, 0xa0, 0x0,
    0x8, 0xfa, 0xef, 0xff, 0xff, 0xf7, 0xde, 0x70,
    0x1c, 0x40, 0xd4, 0x0, 0x0, 0xf3, 0x7, 0xd2,
    0x0, 0x0, 0xd4, 0x2, 0x25, 0xf0, 0x0, 0x0,
    0x0, 0x0, 0xd4, 0x5, 0xbb, 0x50, 0x63, 0x0,
    0x0, 0x0, 0xd7, 0x11, 0x11, 0x12, 0xd5, 0x0,
    0x0, 0x0, 0x6e, 0xff, 0xff, 0xff, 0xb0, 0x0,

    /* U+53D1 "发" */
    0x0, 0x0, 0x0, 0x7, 0x40, 0x2, 0x0, 0x0,
    0x0, 0x9, 0xa0, 0xe, 0x60, 0xe, 0x70, 0x0,
    0x0, 0xe, 0x50, 0x1f, 0x30, 0x2, 0xf5, 0x0,
    0x0, 0x5e, 0x0, 0x4f, 0x0, 0x0, 0x42, 0x0,
    0x0, 0xef, 0xff, 0xff, 0xff, 0xff, 0xff, 0xc0,
    0x0, 0x43, 0x33, 0xe9, 0x33, 0x33, 0x33, 0x20,
    0x0, 0x0, 0x3, 0xf3, 0x0, 0x0, 0x0, 0x0,
    0x0, 0x0, 0xa, 0xff, 0xff, 0xff, 0xf3, 0x0,
    0x0, 0x0, 0x2f, 0xf4, 0x22, 0x27, 0xe0, 0x0,
    0x0, 0x0, 0xcc, 0x9a, 0x0, 0xe, 0x70, 0x0,
    0x0, 0x9, 0xf2, 0xc, 0x70, 0xac, 0x0, 0x0,
    0x0, 0x7f, 0x50, 0x1, 0xec, 0xd1, 0x0, 0x0,
    0xa, 0xf4, 0x0, 0x4, 0xdf, 0xc3, 0x0, 0x0,
    0x1b, 0x20, 0x5, 0xbf, 0x71, 0x9f, 0xa5, 0x10,
    0x0, 0x0, 0xde, 0x81, 0x0, 0x2, 0x8e, 0xf1,
    0x0, 0x0, 0x10, 0x0, 0x0, 0x0, 0x0, 0x10,

    /* U+542F "启" */
    0x0, 0x0, 0x0, 0x2, 0x20, 0x0, 0x0, 0x0,
    0x0, 0x0, 0x0, 0x8c, 0x0, 0x0, 0x0, 0x0,
    0x1, 0x11, 0x13, 0xf4, 0x11, 0x11, 0x0, 0x4,
    0xff, 0xff, 0xff, 0xff, 0xff, 0xf0, 0x0, 0x4e,
    0x0, 0x0, 0x0, 0x0, 0x1f, 0x0, 0x4, 0xe0,
    0x0, 0x0, 0x0, 0x1, 0xf0, 0x0, 0x4f, 0xff,
    0xff, 0xff, 0xff, 0xff, 0x0, 0x5, 0xe2, 0x22,
    0x22, 0x22, 0x22, 0x20, 0x0, 0x6c, 0x0, 0x0,
    0x0, 0x0, 0x0, 0x0, 0x7, 0xa5, 0xff, 0xff,
    0xff, 0xff, 0xf5, 0x0, 0x98, 0x5d, 0x11, 0x11,
    0x11, 0x1d, 0x50, 0xd, 0x65, 0xd0, 0x0, 0x0,
    0x0, 0xd5, 0x2, 0xf1, 0x5d, 0x0, 0x0, 0x0,
    0xd, 0x50, 0xab, 0x5, 0xff, 0xff, 0xff, 0xff,
    0xf5, 0xd, 0x20, 0x5d, 0x11, 0x11, 0x11, 0x1d,
    0x50, 0x0, 0x0, 0x0, 0x0, 0x0, 0x0, 0x0,

    /* U+5438 "吸" */
    0x0, 0x0, 0x6f, 0xff, 0xff, 0xfb, 0x0, 0xe,
    0xff, 0xf1, 0x1b, 0x81, 0x1b, 0x70, 0x0, 0xe4,
    0x2f, 0x0, 0xb6, 0x0, 0xe3, 0x0, 0xe, 0x10,
    0xf0, 0xd, 0x50, 0x2f, 0x0, 0x0, 0xe1, 0xf,
    0x0, 0xe4, 0x5, 0xc0, 0x0, 0xe, 0x10, 0xf0,
    0xf, 0x90, 0xaf, 0xff, 0x40, 0xe1, 0xf, 0x2,
    0xfe, 0x0, 0x2, 0xf0, 0xe, 0x10, 0xf0, 0x5e,
    0xe5, 0x0, 0x7a, 0x0, 0xe3, 0x1f, 0x8, 0x97,
    0xd0, 0xd, 0x50, 0xe, 0xff, 0xf1, 0xd5, 0xd,
    0x87, 0xc0, 0x0, 0xe2, 0x0, 0x3f, 0x10, 0x3f,
    0xf2, 0x0, 0x6, 0x0, 0xa, 0xb0, 0x4, 0xff,
    0x60, 0x0, 0x0, 0x6, 0xf2, 0x7, 0xf6, 0x5f,
    0xa2, 0x0, 0x0, 0xc7, 0x8, 0xd3, 0x0, 0x2a,
    0xc0, 0x0, 0x0, 0x0, 0x0, 0x0, 0x0, 0x0,
    0x0,

    /* U+54CD "响" */
    0x0, 0x0, 0x0, 0x0, 0x7, 0x0, 0x0, 0x11,
    0x11, 0x0, 0x0, 0x5b, 0x0, 0x0, 0xef, 0xff,
    0x0, 0x0, 0xa6, 0x0, 0x0, 0xe2, 0xf, 0xd,
    0xee, 0xff, 0xee, 0xed, 0xe1, 0xf, 0xe, 0x41,
    0x11, 0x11, 0x5e, 0xe1, 0xf, 0xe, 0x30, 0x0,
    0x0, 0x3e, 0xe1, 0xf, 0xe, 0x31, 0xee, 0xe0,
    0x3e, 0xe1, 0xf, 0xe, 0x31, 0xc0, 0xc0, 0x3e,
    0xe1, 0xf, 0xe, 0x31, 0xc0, 0xc0, 0x3e, 0xe5,
    0x4f, 0xe, 0x31, 0xc0, 0xc0, 0x3e, 0xed, 0xcc,
    0xe, 0x31, 0xea, 0xe0, 0x3e, 0xe1, 0x0, 0xe,
    0x31, 0xd3, 0x30, 0x3e, 0x70, 0x0, 0xe, 0x30,
    0x40, 0x0, 0x3e, 0x0, 0x0, 0xe, 0x30, 0x0,
    0x0, 0x4e, 0x0, 0x0, 0xe, 0x30, 0x0, 0x4f,
    0xf9, 0x0, 0x0, 0x0, 0x0, 0x0, 0x0, 0x0,

    /* U+56FA "固" */
    0x4f, 0xff, 0xff, 0xff, 0xff, 0xff, 0xfe, 0x4e,
    0x11, 0x11, 0x11, 0x11, 0x11, 0x6e, 0x4d, 0x0,
    0x0, 0x29, 0x0, 0x0, 0x4e, 0x4d, 0x0, 0x0,
    0x3e, 0x0, 0x0, 0x4e, 0x4d, 0x1f, 0xff, 0xff,
    0xff, 0xfd, 0x4e, 0x4d, 0x0, 0x0, 0x3e, 0x0,
    0x0, 0x4e, 0x4d, 0x0, 0x0, 0x3e, 0x0, 0x0,
    0x4e, 0x4d, 0x1, 0xfe, 0xee, 0xef, 0xe0, 0x4e,
    0x4d, 0x1, 0xf0, 0x0, 0x3, 0xe0, 0x4e, 0x4d,
    0x1, 0xf0, 0x0, 0x3, 0xe0, 0x4e, 0x4d, 0x1,
    0xfe, 0xee, 0xef, 0xd0, 0x4e, 0x4d, 0x0, 0x0,
    0x0, 0x0, 0x0, 0x4e, 0x4f, 0xcc, 0xcc, 0xcc,
    0xcc, 0xcc, 0xde, 0x4e, 0x44, 0x44, 0x44, 0x44,
    0x44, 0x8e,

    /* U+5740 "址" */
    0x0, 0x0, 0x0, 0x0, 0x0, 0x1, 0x0, 0x0,
    0x0, 0xf, 0x0, 0x0, 0x0, 0x4d, 0x0, 0x0,
    0x0, 0xf, 0x0, 0x0, 0x0, 0x4d, 0x0, 0x0,
    0x0, 0xf, 0x0, 0x0, 0x0, 0x4d, 0x0, 0x0,
    0x16, 0x7f, 0x76, 0xb, 0x20, 0x4d, 0x0, 0x0,
    0x28, 0x9f, 0x98, 0x1f, 0x30, 0x4d, 0x0, 0x0,
    0x0, 0xf, 0x0, 0xf, 0x30, 0x4f, 0xff, 0xf5,
    0x0, 0xf, 0x0, 0xf, 0x30, 0x4e, 0x22, 0x20,
    0x0, 0xf, 0x0, 0xf, 0x30, 0x4d, 0x0, 0x0,
    0x0, 0xf, 0x26, 0x1f, 0x30, 0x4d, 0x0, 0x0,
    0x0, 0x4f, 0xfb, 0x1f, 0x30, 0x4d, 0x0, 0x0,
    0x2d, 0xfa, 0x20, 0xf, 0x30, 0x4d, 0x0, 0x0,
    0x17, 0x10, 0x0, 0xf, 0x30, 0x4d, 0x0, 0x0,
    0x0, 0x0, 0x4, 0x4f, 0x74, 0x7e, 0x44, 0x42,
    0x0, 0x0, 0xd, 0xdd, 0xdd, 0xdd, 0xdd, 0xd7,

    /* U+5806 "堆" */
    0x0, 0x0, 0x0, 0x0, 0x0, 0x0, 0x0, 0x0,
    0x0, 0x2f, 0x0, 0x0, 0xd5, 0x4c, 0x0, 0x0,
    0x0, 0x2f, 0x0, 0x4, 0xf0, 0xe, 0x40, 0x0,
    0x0, 0x2f, 0x0, 0xa, 0xb4, 0x4a, 0x84, 0x40,
    0x5, 0x6f, 0x55, 0x3f, 0xdc, 0xcf, 0xdc, 0xc0,
    0x2c, 0xcf, 0xcc, 0xdf, 0x30, 0xf, 0x10, 0x0,
    0x0, 0x2f, 0x6, 0xce, 0x52, 0x3f, 0x42, 0x10,
    0x0, 0x2f, 0x0, 0x1e, 0xee, 0xef, 0xee, 0x80,
    0x0, 0x2f, 0x0, 0xe, 0x30, 0xf, 0x10, 0x0,
    0x0, 0x2f, 0x4, 0xe, 0x41, 0x2f, 0x21, 0x0,
    0x0, 0x3f, 0xdd, 0x1e, 0xff, 0xff, 0xff, 0x80,
    0x1b, 0xfb, 0x40, 0xe, 0x30, 0xf, 0x10, 0x0,
    0x8, 0x20, 0x0, 0xe, 0x30, 0x1f, 0x10, 0x0,
    0x0, 0x0, 0x0, 0xe, 0xff, 0xff, 0xff, 0xf2,
    0x0, 0x0, 0x0, 0xe, 0x41, 0x11, 0x11, 0x10,

    /* U+5904 "处" */
    0x0, 0x8, 0x90, 0x0, 0x2, 0xf1, 0x0, 0x0,
    0x0, 0xc, 0x70, 0x0, 0x2, 0xf1, 0x0, 0x0,
    0x0, 0xf, 0xff, 0xfe, 0x12, 0xf1, 0x0, 0x0,
    0x0, 0x4e, 0x22, 0x5f, 0x2, 0xf5, 0x0, 0x0,
    0x0, 0x8b, 0x0, 0x6d, 0x2, 0xff, 0x50, 0x0,
    0x0, 0xee, 0x0, 0xa9, 0x2, 0xf6, 0xf3, 0x0,
    0x6, 0xde, 0x20, 0xd6, 0x2, 0xf1, 0x8d, 0x0,
    0xd, 0x49, 0x83, 0xf1, 0x2, 0xf1, 0xd, 0x90,
    0x1, 0x3, 0xea, 0xa0, 0x2, 0xf1, 0x3, 0x30,
    0x0, 0x0, 0xbf, 0x30, 0x2, 0xf1, 0x0, 0x0,
    0x0, 0x0, 0xbf, 0x50, 0x2, 0xf1, 0x0, 0x0,
    0x0, 0x9, 0xf8, 0xf7, 0x1, 0xb1, 0x0, 0x0,
    0x1, 0xaf, 0x40, 0x4e, 0xe9, 0x64, 0x33, 0x31,
    0x1e, 0xd3, 0x0, 0x0, 0x6a, 0xdf, 0xff, 0xf1,
    0x4, 0x0, 0x0, 0x0, 0x0, 0x0, 0x0, 0x0,

    /* U+590D "复" */
    0x0, 0x0, 0x42, 0x0, 0x0, 0x0, 0x0, 0x0,
    0x0, 0x2, 0xf3, 0x0, 0x0, 0x0, 0x0, 0x0,
    0x0, 0xc, 0xfe, 0xee, 0xee, 0xee, 0xee, 0x60,
    0x0, 0xbb, 0x11, 0x11, 0x11, 0x11, 0x11, 0x0,
    0xb, 0xb5, 0xdd, 0xdd, 0xdd, 0xdd, 0xd4, 0x0,
    0x2, 0x5, 0xd0, 0x0, 0x0, 0x0, 0xe4, 0x0,
    0x0, 0x5, 0xfc, 0xcc, 0xcc, 0xcc, 0xf4, 0x0,
    0x0, 0x5, 0xd0, 0x0, 0x0, 0x0, 0xe4, 0x0,
    0x0, 0x4, 0xee, 0xed, 0xdd, 0xdd, 0xe4, 0x0,
    0x0, 0x0, 0x3f, 0x40, 0x0, 0x0, 0x0, 0x0,
    0x0, 0x3, 0xef, 0xee, 0xee, 0xef, 0xc0, 0x0,
    0x0, 0x7f, 0x9d, 0x30, 0x0, 0x8e, 0x20, 0x0,
    0x0, 0x93, 0x2, 0xda, 0x6d, 0xa1, 0x0, 0x0,
    0x0, 0x1, 0x47, 0xcf, 0xef, 0x95, 0x20, 0x0,
    0xc, 0xff, 0xd9, 0x50, 0x2, 0x7b, 0xef, 0xe1,
    0x3, 0x20, 0x0, 0x0, 0x0, 0x0, 0x0, 0x20,

    /* U+5939 "夹" */
    0x0, 0x0, 0x0, 0x8, 0xa0, 0x0, 0x0, 0x0,
    0x0, 0x0, 0x0, 0x9, 0xa0, 0x0, 0x0, 0x0,
    0x7, 0xff, 0xff, 0xff, 0xff, 0xff, 0xff, 0x70,
    0x1, 0x27, 0x32, 0x2a, 0xa2, 0x25, 0x62, 0x10,
    0x0, 0xc, 0x70, 0xb, 0x80, 0xb, 0x80, 0x0,
    0x0, 0x4, 0xe0, 0xc, 0x70, 0x4e, 0x0, 0x0,
    0x0, 0x0, 0xa2, 0xe, 0x50, 0x94, 0x0, 0x0,
    0xf, 0xff, 0xff, 0xff, 0xff, 0xff, 0xff, 0xf0,
    0x3, 0x33, 0x33, 0x9e, 0xe7, 0x33, 0x33, 0x30,
    0x0, 0x0, 0x0, 0xd8, 0x7d, 0x0, 0x0, 0x0,
    0x0, 0x0, 0xa, 0xe1, 0xc, 0xb0, 0x0, 0x0,
    0x0, 0x1, 0xaf, 0x30, 0x1, 0xdc, 0x20, 0x0,
    0x2, 0x8e, 0xc2, 0x0, 0x0, 0x1a, 0xf9, 0x40,
    0xd, 0xb5, 0x0, 0x0, 0x0, 0x0, 0x4a, 0xc0,
    0x0, 0x0, 0x0, 0x0, 0x0, 0x0, 0x0, 0x0,

    /* U+59FF "姿" */
    0x0, 0x0, 0x0, 0x4, 0x30, 0x0, 0x0, 0x0,
    0x4, 0xe7, 0x0, 0xe, 0x50, 0x0, 0x0, 0x0,
    0x0, 0x2b, 0xd0, 0x7f, 0xff, 0xff, 0xff, 0xa0,
    0x0, 0x0, 0x24, 0xf4, 0x1b, 0x91, 0x1e, 0x50,
    0x0, 0x0, 0x36, 0x60, 0x1f, 0xc0, 0x4d, 0x0,
    0x0, 0x3b, 0xe0, 0x0, 0xba, 0xb7, 0x0, 0x0,
    0xb, 0xe7, 0x0, 0x5d, 0xc0, 0x1d, 0xa3, 0x0,
    0x7, 0x10, 0x3f, 0xf7, 0x0, 0x0, 0x7e, 0xd0,
    0x0, 0x0, 0x4, 0xf4, 0x0, 0x0, 0x0, 0x10,
    0xf, 0xff, 0xff, 0xff, 0xff, 0xff, 0xff, 0xf0,
    0x1, 0x11, 0xad, 0x11, 0x11, 0xbb, 0x11, 0x10,
    0x0, 0x6, 0xf9, 0x40, 0x7, 0xf2, 0x0, 0x0,
    0x0, 0x2, 0x59, 0xcf, 0xef, 0x81, 0x0, 0x0,
    0x1, 0x24, 0x6a, 0xee, 0x88, 0xdf, 0xc7, 0x20,
    0xd, 0xfd, 0xb8, 0x40, 0x0, 0x1, 0x7d, 0x90,
    0x0, 0x0, 0x0, 0x0, 0x0, 0x0, 0x0, 0x0,

    /* U+5BF9 "对" */
    0x0, 0x0, 0x0, 0x0, 0x0, 0x0, 0xf2, 0x0,
    0x6, 0x66, 0x66, 0x40, 0x0, 0x0, 0xf2, 0x0,
    0x18, 0x88, 0x8c, 0xa0, 0x0, 0x0, 0xf2, 0x0,
    0x4, 0x0, 0xb, 0x78, 0xff, 0xff, 0xff, 0xf1,
    0xb, 0x80, 0xf, 0x31, 0x33, 0x33, 0xf5, 0x30,
    0x1, 0xe4, 0x5e, 0x0, 0x0, 0x0, 0xf2, 0x0,
    0x0, 0x5e, 0xb9, 0x0, 0xe2, 0x0, 0xf2, 0x0,
    0x0, 0xa, 0xf3, 0x0, 0x8c, 0x0, 0xf2, 0x0,
    0x0, 0x8, 0xf4, 0x0, 0xf, 0x30, 0xf2, 0x0,
    0x0, 0x3f, 0xae, 0x0, 0x9, 0x80, 0xf2, 0x0,
    0x1, 0xd9, 0xd, 0x70, 0x0, 0x0, 0xf2, 0x0,
    0x1d, 0xc0, 0x4, 0x50, 0x0, 0x0, 0xf2, 0x0,
    0x1a, 0x0, 0x0, 0x0, 0x1, 0x23, 0xf2, 0x0,
    0x0, 0x0, 0x0, 0x0, 0x5, 0xff, 0xa0, 0x0,
    0x0, 0x0, 0x0, 0x0, 0x0, 0x0, 0x0, 0x0,

    /* U+5BFC "导" */
    0xc, 0xff, 0xff, 0xff, 0xff, 0xff, 0x20, 0x0,
    0xc7, 0x0, 0x0, 0x0, 0x0, 0xf2, 0x0, 0xc,
    0x70, 0x0, 0x0, 0x0, 0xf, 0x20, 0x0, 0xcf,
    0xff, 0xff, 0xff, 0xff, 0xf2, 0x0, 0xc, 0x70,
    0x0, 0x0, 0x0, 0x0, 0x43, 0x0, 0xaa, 0x21,
    0x11, 0x11, 0x11, 0x2c, 0x80, 0x2, 0xbd, 0xee,
    0xee, 0xee, 0xee, 0xb1, 0x0, 0x0, 0x0, 0x0,
    0x0, 0x87, 0x0, 0x0, 0xdd, 0xdd, 0xdd, 0xdd,
    0xdf, 0xfd, 0xdd, 0x3, 0x37, 0xc3, 0x33, 0x33,
    0xba, 0x33, 0x30, 0x0, 0x1d, 0xa0, 0x0, 0xa,
    0x80, 0x0, 0x0, 0x0, 0x1d, 0x80, 0x0, 0xa8,
    0x0, 0x0, 0x0, 0x0, 0x35, 0x0, 0xb, 0x80,
    0x0, 0x0, 0x0, 0x0, 0x7, 0xff, 0xd3, 0x0,
    0x0,

    /* U+5C18 "尘" */
    0x0, 0x0, 0x0, 0x9, 0x90, 0x0, 0x0, 0x0,
    0x0, 0x0, 0x50, 0x9, 0x90, 0x4, 0x0, 0x0,
    0x0, 0x8, 0xd0, 0x9, 0x90, 0x2e, 0x90, 0x0,
    0x0, 0x4f, 0x30, 0x9, 0x90, 0x1, 0xda, 0x0,
    0x6, 0xf5, 0x0, 0x9, 0x90, 0x0, 0x1d, 0x90,
    0xd, 0x40, 0x0, 0x9, 0x90, 0x0, 0x2, 0xa0,
    0x0, 0x0, 0x0, 0x2, 0x30, 0x0, 0x0, 0x0,
    0x0, 0x0, 0x0, 0x9, 0x90, 0x0, 0x0, 0x0,
    0x0, 0x12, 0x22, 0x2a, 0xa2, 0x22, 0x22, 0x0,
    0x0, 0xcf, 0xff, 0xff, 0xff, 0xff, 0xfc, 0x0,
    0x0, 0x0, 0x0, 0x9, 0x90, 0x0, 0x0, 0x0,
    0x0, 0x0, 0x0, 0x9, 0x90, 0x0, 0x0, 0x0,
    0x2, 0x22, 0x22, 0x2a, 0xa2, 0x22, 0x22, 0x20,
    0x3f, 0xff, 0xff, 0xff, 0xff, 0xff, 0xff, 0xf3,

    /* U+5C4F "屏" */
    0x0, 0xdf, 0xff, 0xff, 0xff, 0xff, 0xff, 0x20,
    0x0, 0xd5, 0x0, 0x0, 0x0, 0x0, 0x1f, 0x20,
    0x0, 0xd5, 0x0, 0x0, 0x0, 0x0, 0xf, 0x20,
    0x0, 0xdf, 0xff, 0xff, 0xff, 0xff, 0xff, 0x20,
    0x0, 0xd6, 0x12, 0xb2, 0x11, 0x17, 0x91, 0x0,
    0x0, 0xd5, 0x0, 0xa6, 0x0, 0x1e, 0x40, 0x0,
    0x0, 0xe4, 0xee, 0xee, 0xee, 0xff, 0xee, 0x80,
    0x0, 0xf3, 0x0, 0x5d, 0x0, 0x4f, 0x0, 0x0,
    0x0, 0xf1, 0x0, 0x4d, 0x0, 0x3f, 0x0, 0x0,
    0x2, 0xf2, 0x44, 0x8e, 0x44, 0x7f, 0x44, 0x40,
    0x5, 0xd5, 0xbb, 0xee, 0xbb, 0xcf, 0xbb, 0xb0,
    0x9, 0x90, 0x1, 0xe6, 0x0, 0x3f, 0x0, 0x0,
    0x1f, 0x40, 0x4d, 0xa0, 0x0, 0x3f, 0x0, 0x0,
    0x3b, 0x3, 0xd6, 0x0, 0x0, 0x3f, 0x0, 0x0,
    0x0, 0x0, 0x0, 0x0, 0x0, 0x0, 0x0, 0x0,

    /* U+5E26 "带" */
    0x0, 0x0, 0x0, 0x0, 0x0, 0x0, 0x0, 0x0,
    0x0, 0x8, 0xa0, 0x9, 0x80, 0x8, 0x90, 0x0,
    0x3, 0x3a, 0xb3, 0x3b, 0xa3, 0x3a, 0xb3, 0x30,
    0x1c, 0xce, 0xec, 0xce, 0xec, 0xce, 0xec, 0xc1,
    0x0, 0x8, 0xa0, 0x9, 0x80, 0x8, 0x90, 0x0,
    0x0, 0x4, 0x50, 0x5, 0x40, 0x5, 0x50, 0x0,
    0xb, 0xff, 0xff, 0xff, 0xff, 0xff, 0xff, 0xb0,
    0xb, 0x60, 0x0, 0xa, 0x80, 0x0, 0x7, 0xb0,
    0xb, 0x61, 0x11, 0x1b, 0x91, 0x11, 0x17, 0xb0,
    0x2, 0x1f, 0xff, 0xff, 0xff, 0xff, 0xf5, 0x20,
    0x0, 0xf, 0x30, 0xa, 0x80, 0x0, 0xf3, 0x0,
    0x0, 0xf, 0x30, 0xa, 0x80, 0x0, 0xf3, 0x0,
    0x0, 0xf, 0x30, 0xa, 0x80, 0x23, 0xf3, 0x0,
    0x0, 0xd, 0x30, 0xa, 0x80, 0xad, 0xa0, 0x0,
    0x0, 0x0, 0x0, 0xa, 0x80, 0x0, 0x0, 0x0,

    /* U+5E76 "并" */
    0x0, 0x0, 0x30, 0x0, 0x0, 0x4, 0x10, 0x0,
    0x0, 0x3, 0xf4, 0x0, 0x0, 0x2f, 0x40, 0x0,
    0x0, 0x0, 0x8d, 0x0, 0x0, 0x9c, 0x0, 0x0,
    0x0, 0x11, 0x2c, 0x31, 0x12, 0xf5, 0x11, 0x0,
    0x7, 0xff, 0xff, 0xff, 0xff, 0xff, 0xff, 0x90,
    0x0, 0x0, 0x6d, 0x0, 0x0, 0xc7, 0x0, 0x0,
    0x0, 0x0, 0x6d, 0x0, 0x0, 0xc7, 0x0, 0x0,
    0x0, 0x0, 0x6d, 0x0, 0x0, 0xc7, 0x0, 0x0,
    0x4, 0x44, 0x9e, 0x44, 0x44, 0xda, 0x44, 0x40,
    0x1d, 0xdd, 0xef, 0xdd, 0xdd, 0xfe, 0xdd, 0xd1,
    0x0, 0x0, 0xa9, 0x0, 0x0, 0xc7, 0x0, 0x0,
    0x0, 0x1, 0xf5, 0x0, 0x0, 0xc7, 0x0, 0x0,
    0x0, 0xb, 0xd0, 0x0, 0x0, 0xc7, 0x0, 0x0,
    0x2, 0xbe, 0x20, 0x0, 0x0, 0xc7, 0x0, 0x0,
    0xb, 0xa1, 0x0, 0x0, 0x0, 0xc7, 0x0, 0x0,
    0x0, 0x0, 0x0, 0x0, 0x0, 0x0, 0x0, 0x0,

    /* U+5E8F "序" */
    0x0, 0x0, 0x0, 0x2, 0x80, 0x0, 0x0, 0x0,
    0x0, 0x0, 0x0, 0x0, 0xe5, 0x0, 0x0, 0x0,
    0x0, 0xcc, 0xcc, 0xcc, 0xff, 0xcc, 0xcc, 0xc2,
    0x0, 0xf6, 0x44, 0x44, 0x44, 0x44, 0x44, 0x40,
    0x0, 0xf1, 0x2, 0x22, 0x22, 0x22, 0x20, 0x0,
    0x0, 0xf1, 0x4d, 0xdd, 0xdd, 0xde, 0xf5, 0x0,
    0x0, 0xf1, 0x0, 0x32, 0x0, 0x6e, 0x60, 0x0,
    0x1, 0xf1, 0x0, 0x6e, 0xab, 0xc2, 0x0, 0x0,
    0x2, 0xf1, 0x22, 0x23, 0x9f, 0xb3, 0x22, 0x10,
    0x3, 0xf3, 0xdd, 0xdd, 0xef, 0xdd, 0xdf, 0xc0,
    0x4, 0xd0, 0x0, 0x0, 0x4e, 0x0, 0x4e, 0x10,
    0x7, 0xa0, 0x0, 0x0, 0x4e, 0x1, 0xd3, 0x0,
    0xb, 0x70, 0x0, 0x0, 0x4e, 0x0, 0x0, 0x0,
    0x1f, 0x20, 0x0, 0x11, 0x5e, 0x0, 0x0, 0x0,
    0x3a, 0x0, 0x0, 0xff, 0xe8, 0x0, 0x0, 0x0,
    0x0, 0x0, 0x0, 0x0, 0x0, 0x0, 0x0, 0x0,

    /* U+5E94 "应" */
    0x0, 0x0, 0x0, 0x1, 0x30, 0x0, 0x0, 0x0,
    0x0, 0x0, 0x0, 0x4, 0xf1, 0x0, 0x0, 0x0,
    0x0, 0x22, 0x22, 0x23, 0xd9, 0x22, 0x22, 0x20,
    0x0, 0xff, 0xff, 0xff, 0xff, 0xff, 0xff, 0xf0,
    0x0, 0xf2, 0x0, 0x0, 0x0, 0x0, 0x0, 0x0,
    0x0, 0xf2, 0x0, 0x2, 0xb0, 0x0, 0x1d, 0x20,
    0x0, 0xf2, 0x98, 0x0, 0xf2, 0x0, 0x6e, 0x0,
    0x0, 0xf2, 0x4e, 0x0, 0xb7, 0x0, 0xb9, 0x0,
    0x1, 0xf2, 0xe, 0x40, 0x7b, 0x1, 0xf3, 0x0,
    0x2, 0xf0, 0x9, 0x90, 0x3f, 0x7, 0xc0, 0x0,
    0x3, 0xf0, 0x5, 0xe0, 0x7, 0x1e, 0x40, 0x0,
    0x6, 0xc0, 0x0, 0x40, 0x0, 0x7c, 0x0, 0x0,
    0x9, 0x90, 0x0, 0x0, 0x0, 0xe3, 0x0, 0x0,
    0xe, 0x58, 0xdd, 0xdd, 0xde, 0xfd, 0xdd, 0xd3,
    0x2d, 0x2, 0x44, 0x44, 0x44, 0x44, 0x44, 0x40,
    0x0, 0x0, 0x0, 0x0, 0x0, 0x0, 0x0, 0x0,

    /* U+5F3A "强" */
    0xf, 0xff, 0xff, 0xb, 0xff, 0xff, 0xff, 0x10,
    0x1, 0x11, 0x3f, 0xb, 0x50, 0x0, 0x1f, 0x10,
    0x0, 0x0, 0x1f, 0xb, 0x50, 0x0, 0xf, 0x10,
    0x1, 0x33, 0x4f, 0xb, 0xdc, 0xcc, 0xcf, 0x10,
    0xa, 0xff, 0xff, 0x2, 0x33, 0xf6, 0x33, 0x0,
    0xc, 0x50, 0x0, 0x0, 0x0, 0xe4, 0x0, 0x0,
    0xe, 0x30, 0x0, 0x1f, 0xff, 0xff, 0xff, 0x80,
    0xf, 0x64, 0x44, 0x1f, 0x0, 0xe3, 0x9, 0x80,
    0x1a, 0xaa, 0xcd, 0x1f, 0x0, 0xe3, 0x9, 0x80,
    0x0, 0x0, 0x5c, 0x1f, 0xff, 0xff, 0xff, 0x80,
    0x0, 0x0, 0x7b, 0x0, 0x0, 0xe4, 0x37, 0x0,
    0x0, 0x0, 0x99, 0x0, 0x0, 0xe3, 0x1e, 0x40,
    0x0, 0x11, 0xd6, 0x57, 0x89, 0xfd, 0xdf, 0xd0,
    0x1, 0xff, 0xb1, 0x7a, 0x87, 0x65, 0x32, 0xd4,
    0x0, 0x0, 0x0, 0x0, 0x0, 0x0, 0x0, 0x10,

    /* U+5FAE "微" */
    0x0, 0x0, 0x0, 0x0, 0x0, 0x0, 0x0, 0x0,
    0x0, 0x89, 0x0, 0x76, 0x0, 0xe, 0x20, 0x0,
    0x4, 0xe2, 0x73, 0x76, 0x65, 0x2f, 0x0, 0x0,
    0x4f, 0x40, 0x94, 0x76, 0x66, 0x5d, 0x0, 0x0,
    0x55, 0x2d, 0x95, 0x86, 0x76, 0x8f, 0xdd, 0xd4,
    0x0, 0xba, 0x8e, 0xee, 0xe6, 0xe7, 0x29, 0xb0,
    0x5, 0xf4, 0x11, 0x11, 0x15, 0xf7, 0xa, 0x70,
    0x3f, 0xf4, 0xdf, 0xff, 0xff, 0xdb, 0xd, 0x40,
    0xb9, 0xc4, 0x0, 0x0, 0x1, 0x2e, 0x2f, 0x10,
    0x20, 0xc4, 0x2f, 0xff, 0xe0, 0xc, 0xaa, 0x0,
    0x0, 0xc4, 0x3d, 0x1, 0xe0, 0x7, 0xf4, 0x0,
    0x0, 0xc4, 0x4c, 0x1, 0xe9, 0x57, 0xf1, 0x0,
    0x0, 0xc4, 0x6a, 0x5, 0xf6, 0x3f, 0xcb, 0x0,
    0x0, 0xc4, 0xc5, 0x1, 0x25, 0xf5, 0x1e, 0xa0,
    0x0, 0xc5, 0xa0, 0x0, 0x1d, 0x30, 0x1, 0xb2,
    0x0, 0x0, 0x0, 0x0, 0x0, 0x0, 0x0, 0x0,

    /* U+6001 "态" */
    0x0, 0x0, 0x0, 0xa, 0x90, 0x0, 0x0, 0x0,
    0x2, 0x22, 0x22, 0x2d, 0x82, 0x22, 0x22, 0x20,
    0xf, 0xff, 0xff, 0xff, 0xff, 0xff, 0xff, 0xf1,
    0x0, 0x0, 0x0, 0x7d, 0xa9, 0x0, 0x0, 0x0,
    0x0, 0x0, 0x1, 0xe6, 0x2f, 0x40, 0x0, 0x0,
    0x0, 0x0, 0xc, 0xb0, 0x7, 0xf3, 0x0, 0x0,
    0x0, 0x4, 0xdc, 0x9d, 0x30, 0x8f, 0x80, 0x0,
    0x7, 0xcf, 0x70, 0x8, 0xf5, 0x5, 0xef, 0xa1,
    0x9, 0x60, 0x0, 0x17, 0x51, 0x0, 0x5, 0x80,
    0x0, 0x63, 0x75, 0xc, 0xa0, 0x0, 0xb4, 0x0,
    0x0, 0xe4, 0xa7, 0x0, 0xc9, 0x0, 0x7d, 0x0,
    0x4, 0xf0, 0xa7, 0x0, 0x16, 0x8, 0x4e, 0x50,
    0xc, 0x80, 0xaa, 0x10, 0x0, 0x2d, 0x48, 0xb0,
    0x7, 0x10, 0x4e, 0xff, 0xff, 0xfc, 0x2, 0x60,

    /* U+626C "扬" */
    0x0, 0x0, 0x0, 0x0, 0x0, 0x0, 0x0, 0x0,
    0x0, 0x2f, 0x0, 0xef, 0xff, 0xff, 0xf5, 0x0,
    0x0, 0x2f, 0x0, 0x22, 0x22, 0x6f, 0xa0, 0x0,
    0x15, 0x7f, 0x54, 0x0, 0x4, 0xf9, 0x0, 0x0,
    0x3e, 0xff, 0xed, 0x0, 0x7f, 0x60, 0x0, 0x0,
    0x0, 0x2f, 0x0, 0x2b, 0xf6, 0x22, 0x22, 0x20,
    0x0, 0x2f, 0x0, 0xaf, 0xff, 0xff, 0xff, 0xf0,
    0x0, 0x2f, 0x4, 0x0, 0x89, 0x9, 0x83, 0xe0,
    0x2, 0x8f, 0xfb, 0x2, 0xe1, 0xe, 0x24, 0xd0,
    0x3f, 0xcf, 0x10, 0x1c, 0x70, 0x7b, 0x6, 0xc0,
    0x0, 0x2f, 0x2, 0xd7, 0x1, 0xe2, 0x7, 0xa0,
    0x0, 0x2f, 0x2, 0x60, 0xb, 0x80, 0x9, 0x80,
    0x0, 0x2f, 0x0, 0x0, 0xba, 0x0, 0xd, 0x50,
    0x2, 0x5f, 0x0, 0x2c, 0xb0, 0x13, 0x5f, 0x20,
    0xb, 0xf9, 0x0, 0xb7, 0x0, 0x1d, 0xd6, 0x0,
    0x0, 0x0, 0x0, 0x0, 0x0, 0x0, 0x0, 0x0,

    /* U+636E "据" */
    0x0, 0x1f, 0x0, 0x7f, 0xff, 0xff, 0xff, 0xe0,
    0x0, 0x1f, 0x0, 0x7a, 0x0, 0x0, 0x4, 0xe0,
    0x6, 0x7f, 0x65, 0x7a, 0x0, 0x0, 0x3, 0xe0,
    0xb, 0xbf, 0xb9, 0x7f, 0xdd, 0xdd, 0xdd, 0xe0,
    0x0, 0x1f, 0x0, 0x7b, 0x33, 0x6f, 0x33, 0x20,
    0x0, 0x1f, 0x0, 0x8a, 0x0, 0x3e, 0x0, 0x0,
    0x0, 0x1f, 0x35, 0x9f, 0xff, 0xff, 0xff, 0xf4,
    0x4, 0x9f, 0xe8, 0xa9, 0x0, 0x4e, 0x0, 0x0,
    0x2e, 0xaf, 0x0, 0xb6, 0x0, 0x3e, 0x0, 0x0,
    0x0, 0x1f, 0x0, 0xc5, 0xff, 0xff, 0xff, 0xf0,
    0x0, 0x1f, 0x0, 0xf2, 0xf0, 0x0, 0x2, 0xf0,
    0x0, 0x1f, 0x4, 0xd1, 0xf0, 0x0, 0x1, 0xf0,
    0x1, 0x3f, 0xa, 0x80, 0xf2, 0x22, 0x24, 0xf0,
    0xa, 0xf9, 0x1e, 0x10, 0xfc, 0xcc, 0xcd, 0xf0,
    0x0, 0x0, 0x0, 0x0, 0x10, 0x0, 0x0, 0x0,

    /* U+6536 "收" */
    0x0, 0x0, 0x0, 0x0, 0x20, 0x0, 0x0, 0x0,
    0x0, 0xd, 0x50, 0xf, 0x40, 0x0, 0x0, 0x17,
    0x0, 0xd5, 0x4, 0xf0, 0x0, 0x0, 0x3, 0xe0,
    0xd, 0x50, 0x8d, 0x22, 0x22, 0x20, 0x3e, 0x0,
    0xd5, 0xc, 0xff, 0xff, 0xff, 0x23, 0xe0, 0xd,
    0x53, 0xf5, 0x0, 0x5d, 0x0, 0x3e, 0x0, 0xd5,
    0xbe, 0xa0, 0x8, 0x90, 0x3, 0xe0, 0xd, 0x9f,
    0x2e, 0x0, 0xc5, 0x0, 0x3e, 0x0, 0xd5, 0x30,
    0x87, 0x3f, 0x10, 0x3, 0xe0, 0x2e, 0x50, 0x2,
    0xea, 0x90, 0x0, 0x5f, 0xce, 0xf5, 0x0, 0xa,
    0xf2, 0x0, 0x9, 0xc5, 0xd, 0x50, 0x1, 0xdf,
    0x50, 0x0, 0x0, 0x0, 0xd5, 0x1, 0xcb, 0x5f,
    0x40, 0x0, 0x0, 0xd, 0x56, 0xeb, 0x0, 0x6f,
    0x80, 0x0, 0x0, 0xd5, 0xb6, 0x0, 0x0, 0x3b,
    0x0,

    /* U+65E0 "无" */
    0x1, 0xff, 0xff, 0xff, 0xff, 0xff, 0xff, 0x30,
    0x0, 0x22, 0x22, 0x2e, 0x62, 0x22, 0x22, 0x0,
    0x0, 0x0, 0x0, 0xf, 0x30, 0x0, 0x0, 0x0,
    0x0, 0x0, 0x0, 0xf, 0x20, 0x0, 0x0, 0x0,
    0x0, 0x0, 0x0, 0x1f, 0x10, 0x0, 0x0, 0x0,
    0x1d, 0xdd, 0xdd, 0xdf, 0xdd, 0xdd, 0xdd, 0xd2,
    0x5, 0x55, 0x55, 0xad, 0xe9, 0x55, 0x55, 0x50,
    0x0, 0x0, 0x0, 0xb7, 0xd6, 0x0, 0x0, 0x0,
    0x0, 0x0, 0x1, 0xf3, 0xd6, 0x0, 0x0, 0x0,
    0x0, 0x0, 0xa, 0xb0, 0xd6, 0x0, 0x0, 0x0,
    0x0, 0x0, 0x5f, 0x30, 0xd6, 0x0, 0x0, 0x91,
    0x0, 0x5, 0xf6, 0x0, 0xd6, 0x0, 0x0, 0xf3,
    0x1, 0xaf, 0x70, 0x0, 0xc9, 0x22, 0x24, 0xf1,
    0x1f, 0xc3, 0x0, 0x0, 0x6e, 0xff, 0xff, 0x80,
    0x2, 0x0, 0x0, 0x0, 0x0, 0x0, 0x0, 0x0,

    /* U+66B4 "暴" */
    0x0, 0x4f, 0xdd, 0xdd, 0xdd, 0xdd, 0xf6, 0x0,
    0x0, 0x4d, 0x0, 0x0, 0x0, 0x0, 0xc6, 0x0,
    0x0, 0x4f, 0xcc, 0xcc, 0xcc, 0xcc, 0xf6, 0x0,
    0x0, 0x4d, 0x0, 0x0, 0x0, 0x0, 0xc6, 0x0,
    0x0, 0x4d, 0xdf, 0xdd, 0xdd, 0xfd, 0xd5, 0x0,
    0x0, 0x0, 0x2f, 0x10, 0x1, 0xf2, 0x0, 0x0,
    0x2, 0xee, 0xef, 0xee, 0xee, 0xfe, 0xee, 0x30,
    0x0, 0x0, 0x2f, 0x10, 0x1, 0xf2, 0x0, 0x0,
    0xe, 0xff, 0xff, 0xff, 0xff, 0xff, 0xff, 0xf0,
    0x0, 0x18, 0xd5, 0x7, 0x70, 0x4e, 0xa3, 0x0,
    0x1c, 0xd7, 0x6d, 0x18, 0x80, 0xd6, 0x5b, 0xd1,
    0x2, 0x0, 0x9, 0x98, 0x99, 0x80, 0x0, 0x10,
    0x0, 0x5a, 0xea, 0x49, 0x84, 0xae, 0x92, 0x0,
    0x0, 0x55, 0x5, 0xee, 0x40, 0x0, 0x64, 0x0,

    /* U+6743 "权" */
    0x0, 0x6, 0xb0, 0x0, 0x0, 0x0, 0x0, 0x0,
    0x0, 0x6, 0xb0, 0x1b, 0xbb, 0xbb, 0xbb, 0xa0,
    0x0, 0x7, 0xb0, 0xa, 0xc4, 0x44, 0x49, 0xd0,
    0x1f, 0xff, 0xff, 0xd4, 0xe0, 0x0, 0x9, 0xa0,
    0x1, 0x1e, 0xc1, 0x11, 0xf2, 0x0, 0xe, 0x50,
    0x0, 0x3f, 0xf7, 0x0, 0xc6, 0x0, 0x3f, 0x10,
    0x0, 0x9d, 0xcd, 0x50, 0x7c, 0x0, 0x9b, 0x0,
    0x0, 0xe8, 0xb3, 0xf3, 0xe, 0x42, 0xf3, 0x0,
    0x7, 0xa6, 0xb0, 0x50, 0x7, 0xbb, 0xb0, 0x0,
    0x2f, 0x26, 0xb0, 0x0, 0x0, 0xef, 0x10, 0x0,
    0x39, 0x6, 0xb0, 0x0, 0x5, 0xff, 0x40, 0x0,
    0x0, 0x6, 0xb0, 0x0, 0x6f, 0x57, 0xf4, 0x0,
    0x0, 0x6, 0xb0, 0x3c, 0xe4, 0x0, 0x7f, 0x90,
    0x0, 0x6, 0xb0, 0x99, 0x10, 0x0, 0x3, 0xd3,
    0x0, 0x0, 0x0, 0x0, 0x0, 0x0, 0x0, 0x0,

    /* U+677F "板" */
    0x0, 0xd, 0x40, 0x2, 0x34, 0x57, 0x9b, 0x40,
    0x0, 0xd, 0x40, 0x2f, 0xcb, 0x97, 0x41, 0x0,
    0x8, 0x8e, 0xa8, 0x4f, 0x0, 0x0, 0x0, 0x0,
    0x9, 0x9f, 0xb9, 0x4f, 0x0, 0x0, 0x0, 0x0,
    0x0, 0x3f, 0x90, 0x2f, 0xee, 0xee, 0xee, 0x50,
    0x0, 0x8f, 0xe4, 0x2f, 0x8b, 0x22, 0x3f, 0x30,
    0x0, 0xce, 0x7d, 0x3f, 0x1e, 0x0, 0x3e, 0x0,
    0x3, 0xad, 0x46, 0x4e, 0xc, 0x50, 0x99, 0x0,
    0xb, 0x4d, 0x40, 0x6b, 0x6, 0xd2, 0xf2, 0x0,
    0x4d, 0xd, 0x40, 0x99, 0x0, 0xdd, 0x90, 0x0,
    0x3, 0xd, 0x40, 0xd5, 0x0, 0x9f, 0x30, 0x0,
    0x0, 0xd, 0x42, 0xf1, 0x8, 0xfb, 0xe2, 0x0,
    0x0, 0xd, 0x4a, 0xa3, 0xce, 0x30, 0xaf, 0x70,
    0x0, 0xd, 0x4c, 0x29, 0x91, 0x0, 0x5, 0xd1,
    0x0, 0x0, 0x0, 0x0, 0x0, 0x0, 0x0, 0x0,

    /* U+6781 "极" */
    0x0, 0xd, 0x40, 0xcf, 0xff, 0xff, 0xf1, 0x0,
    0x0, 0xd, 0x40, 0x11, 0xf3, 0x15, 0xd0, 0x0,
    0x2, 0x2d, 0x62, 0x1, 0xf0, 0x8, 0xa0, 0x0,
    0xe, 0xff, 0xff, 0x2, 0xf0, 0xb, 0x60, 0x0,
    0x0, 0x1f, 0x60, 0x3, 0xf0, 0xf, 0x30, 0x0,
    0x0, 0x7f, 0xe2, 0x5, 0xf3, 0x3f, 0xff, 0xa0,
    0x0, 0xcf, 0x8b, 0x7, 0xf9, 0x0, 0xb, 0x60,
    0x2, 0xcd, 0x49, 0xa, 0xde, 0x0, 0x1f, 0x10,
    0xa, 0x6d, 0x40, 0xd, 0x4d, 0x80, 0x7b, 0x0,
    0x3e, 0xd, 0x40, 0x2f, 0x4, 0xf4, 0xf2, 0x0,
    0x15, 0xd, 0x40, 0x8b, 0x0, 0x9f, 0x80, 0x0,
    0x0, 0xd, 0x41, 0xe5, 0x1, 0xbf, 0xc1, 0x0,
    0x0, 0xd, 0x4b, 0xd0, 0x4d, 0xb1, 0xae, 0x70,
    0x0, 0xd, 0x5c, 0x20, 0xc7, 0x0, 0x5, 0xc1,
    0x0, 0x0, 0x0, 0x0, 0x0, 0x0, 0x0, 0x0,

    /* U+67D3 "染" */
    0x0, 0x0, 0x0, 0x0, 0x0, 0x0, 0x0, 0x0,
    0x0, 0x99, 0x40, 0x0, 0xd5, 0x0, 0x0, 0x0,
    0x1, 0x1, 0x56, 0xcc, 0xfd, 0xcc, 0x60, 0x0,
    0xd, 0xc4, 0x1, 0x35, 0xf4, 0x3c, 0x70, 0x0,
    0x0, 0x58, 0x0, 0x7, 0xb0, 0xa, 0x70, 0x0,
    0x0, 0x8, 0x70, 0x2f, 0x40, 0xa, 0x70, 0xc2,
    0x0, 0x7d, 0x13, 0xea, 0x0, 0xa, 0x80, 0xe2,
    0x7, 0xe2, 0x6f, 0x95, 0x50, 0x6, 0xef, 0xc0,
    0x2, 0x20, 0x3, 0x9, 0x90, 0x0, 0x0, 0x0,
    0xd, 0xdd, 0xdd, 0xdf, 0xfd, 0xdd, 0xdd, 0xd0,
    0x3, 0x33, 0x36, 0xfe, 0xee, 0x43, 0x33, 0x30,
    0x0, 0x0, 0x5f, 0x79, 0x98, 0xd3, 0x0, 0x0,
    0x0, 0x19, 0xf5, 0x9, 0x90, 0x6f, 0x92, 0x0,
    0x19, 0xfb, 0x20, 0x9, 0x90, 0x2, 0x9f, 0xb1,
    0x8, 0x40, 0x0, 0x9, 0x90, 0x0, 0x2, 0x70,

    /* U+6807 "标" */
    0x0, 0xa, 0x80, 0x1, 0x22, 0x22, 0x22, 0x0,
    0x0, 0xa, 0x80, 0x7, 0xff, 0xff, 0xff, 0x40,
    0x0, 0xa, 0x80, 0x0, 0x0, 0x0, 0x0, 0x0,
    0x1e, 0xef, 0xfe, 0x80, 0x0, 0x0, 0x0, 0x0,
    0x4, 0x4f, 0xb4, 0x22, 0x22, 0x22, 0x22, 0x20,
    0x0, 0x5f, 0xf3, 0x2f, 0xff, 0xff, 0xff, 0xf2,
    0x0, 0xbe, 0xbe, 0x10, 0x0, 0xe4, 0x0, 0x0,
    0x2, 0xea, 0x88, 0x71, 0x30, 0xe4, 0x22, 0x0,
    0xb, 0x7a, 0x80, 0x6, 0xb0, 0xe4, 0x6c, 0x0,
    0x4d, 0xa, 0x80, 0xc, 0x50, 0xe4, 0xe, 0x30,
    0x3, 0xa, 0x80, 0x3e, 0x0, 0xe4, 0x8, 0x90,
    0x0, 0xa, 0x80, 0xc6, 0x0, 0xe4, 0x3, 0xe0,
    0x0, 0xa, 0x80, 0x40, 0x23, 0xf4, 0x0, 0x60,
    0x0, 0xa, 0x80, 0x0, 0xbf, 0xc1, 0x0, 0x0,

    /* U+69FD "槽" */
    0x0, 0x5b, 0x0, 0x0, 0x3c, 0xd, 0x10, 0x0,
    0x0, 0x5b, 0x6, 0xbb, 0xcf, 0xbf, 0xcb, 0xb5,
    0x0, 0x5b, 0x1, 0x22, 0x5c, 0x2e, 0x32, 0x20,
    0x2f, 0xff, 0xf5, 0xed, 0xef, 0xdf, 0xdd, 0xc0,
    0x1, 0x9c, 0x13, 0xa0, 0x2b, 0xd, 0x12, 0xe0,
    0x0, 0xcf, 0x23, 0xfc, 0xdf, 0xcf, 0xdd, 0xe0,
    0x0, 0xfe, 0xb3, 0xa0, 0x2b, 0xd, 0x12, 0xe0,
    0x3, 0xfb, 0xc6, 0xeb, 0xce, 0xbf, 0xcc, 0xe0,
    0x9, 0xbb, 0x41, 0x22, 0x22, 0x22, 0x22, 0x20,
    0xe, 0x7b, 0x0, 0xce, 0xee, 0xee, 0xef, 0x60,
    0x4a, 0x5b, 0x0, 0xc4, 0x0, 0x0, 0xd, 0x60,
    0x1, 0x5b, 0x0, 0xce, 0xdd, 0xdd, 0xdf, 0x60,
    0x0, 0x5b, 0x0, 0xc5, 0x0, 0x0, 0xd, 0x60,
    0x0, 0x5b, 0x0, 0xce, 0xdd, 0xdd, 0xdf, 0x60,
    0x0, 0x0, 0x0, 0x0, 0x0, 0x0, 0x0, 0x0,

    /* U+6B22 "欢" */
    0x0, 0x0, 0x0, 0x0, 0x13, 0x0, 0x0, 0x0,
    0x0, 0x0, 0x0, 0x0, 0x7b, 0x0, 0x0, 0x0,
    0x18, 0x88, 0x88, 0x60, 0xa8, 0x0, 0x0, 0x0,
    0x18, 0x88, 0x8b, 0xa0, 0xdf, 0xff, 0xff, 0xe0,
    0x2, 0x0, 0x9, 0x72, 0xf2, 0x11, 0x17, 0xb0,
    0xd, 0x50, 0xd, 0x49, 0xa0, 0xd2, 0xa, 0x60,
    0x4, 0xf2, 0x2f, 0x1e, 0x30, 0xf3, 0x8, 0x10,
    0x0, 0x9c, 0x8a, 0x1, 0x0, 0xf3, 0x0, 0x0,
    0x0, 0xd, 0xf4, 0x0, 0x2, 0xf7, 0x0, 0x0,
    0x0, 0x7, 0xf2, 0x0, 0x6, 0xfb, 0x0, 0x0,
    0x0, 0x1e, 0xdb, 0x0, 0xb, 0x9f, 0x20, 0x0,
    0x0, 0xba, 0x1f, 0x40, 0x5f, 0x19, 0xa0, 0x0,
    0xa, 0xe1, 0x6, 0x21, 0xe7, 0x1, 0xf5, 0x0,
    0x4d, 0x10, 0x0, 0x2d, 0xa0, 0x0, 0x6f, 0x60,
    0x0, 0x0, 0x1, 0xe8, 0x0, 0x0, 0x6, 0xf3,
    0x0, 0x0, 0x0, 0x10, 0x0, 0x0, 0x0, 0x0,

    /* U+6C27 "氧" */
    0x0, 0x0, 0x40, 0x0, 0x0, 0x0, 0x0, 0x0,
    0x0, 0x7, 0xe0, 0x0, 0x0, 0x0, 0x0, 0x0,
    0x0, 0x1f, 0xee, 0xee, 0xee, 0xee, 0xee, 0xb0,
    0x0, 0xbb, 0x0, 0x0, 0x0, 0x0, 0x0, 0x0,
    0xa, 0xe1, 0xce, 0xee, 0xee, 0xee, 0xe8, 0x0,
    0x3e, 0x31, 0x11, 0x11, 0x11, 0x11, 0x10, 0x0,
    0x1, 0x7d, 0xdd, 0xdd, 0xed, 0xde, 0xa0, 0x0,
    0x0, 0x7, 0xa0, 0x5, 0xd0, 0x7, 0xa0, 0x0,
    0x4, 0xdd, 0xfd, 0xdf, 0xed, 0x87, 0xa0, 0x0,
    0x0, 0x0, 0x6, 0xc0, 0x0, 0x6, 0xb0, 0x0,
    0x0, 0xbe, 0xef, 0xfe, 0xee, 0x45, 0xc0, 0x0,
    0x0, 0x0, 0x6, 0xb0, 0x0, 0x3, 0xd0, 0x10,
    0xd, 0xee, 0xef, 0xfe, 0xee, 0xe3, 0xf1, 0x93,
    0x0, 0x0, 0x6, 0xb0, 0x0, 0x0, 0xd8, 0xc2,
    0x0, 0x0, 0x6, 0xb0, 0x0, 0x0, 0x3e, 0xc0,

    /* U+6C2E "氮" */
    0x0, 0x1, 0x20, 0x0, 0x0, 0x0, 0x0, 0x0,
    0x0, 0x9, 0xb0, 0x0, 0x0, 0x0, 0x0, 0x0,
    0x0, 0x2f, 0xee, 0xee, 0xee, 0xee, 0xee, 0x90,
    0x0, 0xca, 0x56, 0x66, 0x66, 0x66, 0x62, 0x0,
    0xa, 0xe0, 0x55, 0x55, 0x55, 0x55, 0x52, 0x0,
    0x1a, 0xae, 0xee, 0xee, 0xee, 0xee, 0x50, 0x0,
    0x0, 0x6, 0x8, 0x80, 0x16, 0xc, 0x60, 0x0,
    0x0, 0x4b, 0xd, 0x91, 0xc7, 0xb, 0x60, 0x0,
    0x0, 0x92, 0x9c, 0x9f, 0xc0, 0xb, 0x70, 0x0,
    0x2, 0x8d, 0xb7, 0x51, 0xbd, 0x1a, 0x90, 0x0,
    0x2, 0x76, 0xb, 0x60, 0x9, 0x7, 0xa0, 0x0,
    0x0, 0x68, 0x1f, 0xb2, 0xb9, 0x5, 0xc0, 0x30,
    0x1, 0xd1, 0xab, 0x7f, 0xd0, 0x2, 0xf0, 0xa3,
    0x0, 0x5c, 0xc1, 0x1, 0xae, 0x40, 0xd8, 0xd1,
    0xa, 0xb5, 0x0, 0x0, 0x5, 0xd1, 0x3e, 0xb0,
    0x0, 0x0, 0x0, 0x0, 0x0, 0x0, 0x0, 0x0,

    /* U+6C61 "污" */
    0x3, 0x80, 0x0, 0x0, 0x0, 0x0, 0x0, 0x0,
    0x2, 0xbe, 0x60, 0xdf, 0xff, 0xff, 0xff, 0x10,
    0x0, 0x6, 0xa0, 0x12, 0x22, 0x22, 0x22, 0x0,
    0x0, 0x0, 0x0, 0x0, 0x0, 0x0, 0x0, 0x0,
    0x0, 0x0, 0x0, 0x0, 0x0, 0x0, 0x0, 0x0,
    0x2d, 0x50, 0xe, 0xff, 0xff, 0xff, 0xff, 0xf2,
    0x5, 0xec, 0x12, 0x2b, 0x92, 0x22, 0x22, 0x20,
    0x0, 0x16, 0x0, 0xd, 0x50, 0x0, 0x0, 0x0,
    0x0, 0x0, 0x0, 0x1f, 0x20, 0x0, 0x0, 0x0,
    0x0, 0x1, 0x90, 0x4f, 0xff, 0xff, 0xfd, 0x0,
    0x0, 0x9, 0xb0, 0x1, 0x11, 0x11, 0x8c, 0x0,
    0x0, 0x2f, 0x30, 0x0, 0x0, 0x0, 0x8a, 0x0,
    0x0, 0xba, 0x0, 0x0, 0x0, 0x0, 0xb8, 0x0,
    0x5, 0xf1, 0x0, 0x0, 0x21, 0x2, 0xf4, 0x0,
    0x7, 0x70, 0x0, 0x0, 0xcf, 0xff, 0xb0, 0x0,
    0x0, 0x0, 0x0, 0x0, 0x0, 0x0, 0x0, 0x0,

    /* U+6C99 "沙" */
    0x6, 0xb3, 0x0, 0x0, 0xe, 0x50, 0x0, 0x0,
    0x1, 0x8f, 0x80, 0x0, 0xe, 0x50, 0x0, 0x0,
    0x0, 0x2, 0x50, 0x33, 0xe, 0x50, 0x80, 0x0,
    0x0, 0x0, 0x0, 0xb7, 0xe, 0x50, 0xb9, 0x0,
    0x16, 0x0, 0x0, 0xf3, 0xe, 0x50, 0x2f, 0x20,
    0x3d, 0xe4, 0x5, 0xe0, 0xe, 0x50, 0xa, 0x90,
    0x0, 0x6a, 0xc, 0x80, 0xe, 0x50, 0x4, 0xe0,
    0x0, 0x0, 0x3f, 0x10, 0xe, 0x50, 0x39, 0x0,
    0x0, 0x2, 0x33, 0x0, 0xe, 0x50, 0xc8, 0x0,
    0x0, 0xb, 0x90, 0x0, 0x8, 0x35, 0xf1, 0x0,
    0x0, 0x3f, 0x10, 0x0, 0x0, 0x4f, 0x50, 0x0,
    0x0, 0xc8, 0x0, 0x0, 0x6, 0xf6, 0x0, 0x0,
    0x7, 0xe1, 0x0, 0x15, 0xdd, 0x40, 0x0, 0x0,
    0xc, 0x60, 0x2c, 0xfd, 0x70, 0x0, 0x0, 0x0,
    0x0, 0x0, 0x7, 0x20, 0x0, 0x0, 0x0, 0x0,

    /* U+6D53 "浓" */
    0x0, 0x0, 0x0, 0x0, 0x1, 0x10, 0x0, 0x0,
    0x4, 0xd4, 0x0, 0x0, 0x9, 0x90, 0x0, 0x0,
    0x0, 0x6f, 0x60, 0x0, 0xc, 0x50, 0x0, 0x0,
    0x0, 0x3, 0x1f, 0xff, 0xff, 0xff, 0xff, 0xe0,
    0x0, 0x0, 0xf, 0x21, 0x8f, 0xb1, 0x14, 0xe0,
    0x1a, 0x20, 0xb, 0x11, 0xf7, 0xd0, 0x2, 0xa0,
    0x8, 0xf6, 0x0, 0x8, 0xc0, 0xf1, 0x0, 0x0,
    0x0, 0x45, 0x0, 0x2f, 0x30, 0xc5, 0x8, 0x80,
    0x0, 0x0, 0x1, 0xef, 0x0, 0x7b, 0xbc, 0x10,
    0x0, 0x5, 0x5e, 0xaf, 0x0, 0x1f, 0x80, 0x0,
    0x0, 0x5e, 0x75, 0x1f, 0x0, 0xb, 0x90, 0x0,
    0x0, 0xc7, 0x0, 0x1f, 0x0, 0x3, 0xf3, 0x0,
    0x3, 0xf1, 0x0, 0x1f, 0x2, 0x60, 0x8e, 0x30,
    0xb, 0xa0, 0x0, 0x4f, 0xde, 0x80, 0xa, 0xf4,
    0x7, 0x20, 0x0, 0x9b, 0x50, 0x0, 0x0, 0x61,
    0x0, 0x0, 0x0, 0x0, 0x0, 0x0, 0x0, 0x0,

    /* U+6D6E "浮" */
    0x0, 0x0, 0x0, 0x0, 0x0, 0x0, 0x0, 0x0,
    0x3a, 0x10, 0x0, 0x12, 0x46, 0x8b, 0xe4, 0x1,
    0xaf, 0x67, 0xfe, 0xdc, 0xa8, 0x63, 0x0, 0x0,
    0x58, 0x5, 0x1, 0xa0, 0x2, 0xf1, 0x0, 0x0,
    0x0, 0xd4, 0xe, 0x30, 0x8a, 0x0, 0x0, 0x0,
    0x7, 0xb0, 0xa8, 0x1f, 0x30, 0x1f, 0x80, 0x0,
    0x18, 0x3, 0x32, 0x70, 0x0, 0x4d, 0xe0, 0x1f,
    0xff, 0xff, 0xff, 0x60, 0x0, 0x4, 0x0, 0x22,
    0x22, 0x3c, 0xc0, 0x0, 0x0, 0x0, 0x0, 0x0,
    0x2d, 0xa0, 0x0, 0x0, 0x5, 0x61, 0x11, 0x19,
    0xb2, 0x11, 0x10, 0x0, 0xd6, 0xff, 0xff, 0xff,
    0xff, 0xfe, 0x0, 0x6d, 0x0, 0x0, 0x8, 0x90,
    0x0, 0x0, 0x1e, 0x50, 0x0, 0x0, 0x89, 0x0,
    0x0, 0x9, 0xc0, 0x0, 0x0, 0x9, 0x90, 0x0,
    0x0, 0x53, 0x0, 0x0, 0x8f, 0xe5, 0x0, 0x0,

    /* U+6DCB "淋" */
    0x3, 0x50, 0x0, 0xa6, 0x0, 0xc, 0x50, 0x0,
    0x1, 0xc8, 0x0, 0xa6, 0x0, 0xc, 0x50, 0x0,
    0x0, 0x1a, 0x0, 0xa6, 0x0, 0xc, 0x50, 0x0,
    0x0, 0x0, 0xef, 0xff, 0xfa, 0xff, 0xff, 0xb0,
    0x28, 0x0, 0x23, 0xf8, 0x32, 0x4f, 0xa3, 0x20,
    0xa, 0xc0, 0x3, 0xfe, 0x20, 0x6f, 0xd0, 0x0,
    0x0, 0x93, 0x9, 0xfb, 0xd1, 0xbf, 0xf2, 0x0,
    0x0, 0x0, 0xd, 0xc6, 0x86, 0xdd, 0xb7, 0x0,
    0x0, 0x62, 0x4b, 0xa6, 0x7, 0x8c, 0x6d, 0x0,
    0x0, 0xd4, 0xc4, 0xa6, 0x1e, 0x2c, 0x5b, 0x60,
    0x2, 0xf8, 0xb0, 0xa6, 0x99, 0xc, 0x54, 0xe0,
    0x8, 0xa2, 0x20, 0xa6, 0x31, 0xc, 0x50, 0x20,
    0xd, 0x50, 0x0, 0xa6, 0x0, 0xc, 0x50, 0x0,
    0x8, 0x0, 0x0, 0xa6, 0x0, 0xc, 0x50, 0x0,

    /* U+6E7F "湿" */
    0x0, 0x40, 0x0, 0x0, 0x0, 0x0, 0x0, 0x0,
    0x4, 0xfb, 0x14, 0xff, 0xff, 0xff, 0xff, 0x10,
    0x0, 0x1c, 0xa4, 0xd0, 0x0, 0x0, 0x1f, 0x10,
    0x0, 0x0, 0x14, 0xd0, 0x0, 0x0, 0x1f, 0x10,
    0x0, 0x0, 0x4, 0xfe, 0xee, 0xee, 0xff, 0x10,
    0x2c, 0x50, 0x4, 0xd0, 0x0, 0x0, 0x1f, 0x10,
    0x3, 0xdb, 0x4, 0xfb, 0xbb, 0xbb, 0xcf, 0x10,
    0x0, 0x3, 0x1, 0x33, 0x33, 0x33, 0x33, 0x0,
    0x0, 0x0, 0x0, 0x0, 0xb0, 0x49, 0x0, 0x0,
    0x0, 0x5, 0x9, 0x20, 0xf0, 0x5c, 0x6, 0x80,
    0x0, 0x2f, 0x18, 0xa0, 0xf0, 0x5c, 0xc, 0x50,
    0x0, 0x9a, 0x1, 0xf1, 0xf0, 0x5c, 0x3e, 0x0,
    0x1, 0xf4, 0x0, 0xc5, 0xf0, 0x5c, 0xa6, 0x0,
    0x8, 0xc0, 0x0, 0x11, 0xf1, 0x5c, 0x10, 0x0,
    0xb, 0x50, 0xef, 0xff, 0xff, 0xff, 0xff, 0xf3,
    0x0, 0x0, 0x0, 0x0, 0x0, 0x0, 0x0, 0x0,

    /* U+6ED1 "滑" */
    0x0, 0x20, 0x0, 0x0, 0x0, 0x0, 0x0, 0x0,
    0x1, 0xe9, 0x0, 0x7f, 0xff, 0xff, 0xfc, 0x0,
    0x0, 0x1c, 0xd0, 0x7a, 0x0, 0x0, 0x4c, 0x0,
    0x0, 0x0, 0x60, 0x7e, 0xcc, 0xb0, 0x4c, 0x0,
    0x0, 0x0, 0x0, 0x7a, 0x1, 0xe0, 0x4c, 0x0,
    0xc, 0x50, 0x2b, 0xde, 0xbb, 0xfb, 0xcf, 0xb5,
    0x4, 0xeb, 0x3f, 0x33, 0x33, 0x33, 0x33, 0xb7,
    0x0, 0x19, 0x3e, 0x23, 0x33, 0x33, 0x33, 0xa7,
    0x0, 0x0, 0x0, 0x9e, 0xbb, 0xbb, 0xce, 0x0,
    0x0, 0x2, 0x20, 0x99, 0x11, 0x11, 0x5e, 0x0,
    0x0, 0xa, 0x90, 0x9e, 0xcc, 0xcc, 0xde, 0x0,
    0x0, 0x3f, 0x10, 0x99, 0x11, 0x11, 0x4e, 0x0,
    0x0, 0xc8, 0x0, 0x9e, 0xcc, 0xcc, 0xde, 0x0,
    0x5, 0xf1, 0x0, 0x98, 0x0, 0x0, 0x3e, 0x0,
    0x2, 0x50, 0x0, 0x98, 0x0, 0x2f, 0xf9, 0x0,
    0x0, 0x0, 0x0, 0x0, 0x0, 0x0, 0x0, 0x0,

    /* U+6FC0 "激" */
    0x1, 0x0, 0x0, 0x44, 0x0, 0x6, 0x10, 0x0,
    0x8, 0xc1, 0x0, 0xc6, 0x0, 0xf, 0x10, 0x0,
    0x0, 0x7d, 0x6e, 0xfe, 0xe5, 0x3e, 0x0, 0x0,
    0x0, 0x1, 0x68, 0x0, 0xa6, 0x6e, 0x77, 0x73,
    0x0, 0x0, 0x6e, 0xdd, 0xf6, 0xab, 0x8b, 0xd3,
    0x1d, 0x40, 0x68, 0x0, 0xa7, 0xf7, 0x7, 0x80,
    0x3, 0xe4, 0x6d, 0xbb, 0xed, 0xea, 0x9, 0x50,
    0x0, 0x20, 0x12, 0xb3, 0x27, 0x6c, 0xc, 0x30,
    0x0, 0x0, 0x33, 0xd7, 0x32, 0xd, 0x1f, 0x0,
    0x0, 0x2, 0xce, 0xec, 0xca, 0x9, 0x9b, 0x0,
    0x0, 0x5b, 0x8, 0x93, 0x31, 0x4, 0xf7, 0x0,
    0x0, 0xc5, 0xa, 0xdc, 0xf4, 0x1, 0xf4, 0x0,
    0x3, 0xe0, 0xe, 0x20, 0xd3, 0x9, 0xec, 0x0,
    0xb, 0x80, 0x9b, 0x0, 0xf2, 0x6d, 0x1c, 0xa0,
    0xb, 0x16, 0xd1, 0x9f, 0xb5, 0xd2, 0x1, 0xd5,
    0x0, 0x0, 0x10, 0x0, 0x0, 0x10, 0x0, 0x0,

    /* U+706F "灯" */
    0x0, 0x5, 0xc0, 0x1, 0x11, 0x11, 0x11, 0x10,
    0x0, 0x5, 0xc0, 0xe, 0xff, 0xff, 0xff, 0xf4,
    0x0, 0x5, 0xc0, 0x31, 0x11, 0x1c, 0x81, 0x10,
    0x4, 0xa5, 0xc2, 0xd0, 0x0, 0xb, 0x70, 0x0,
    0x6, 0x95, 0xc7, 0x70, 0x0, 0xb, 0x70, 0x0,
    0x9, 0x65, 0xbc, 0x10, 0x0, 0xb, 0x70, 0x0,
    0xb, 0x26, 0xa0, 0x0, 0x0, 0xb, 0x70, 0x0,
    0x0, 0x7, 0x90, 0x0, 0x0, 0xb, 0x70, 0x0,
    0x0, 0xa, 0xa0, 0x0, 0x0, 0xb, 0x70, 0x0,
    0x0, 0xd, 0xe7, 0x0, 0x0, 0xb, 0x70, 0x0,
    0x0, 0x4e, 0x2e, 0x60, 0x0, 0xb, 0x70, 0x0,
    0x0, 0xb9, 0x3, 0xa0, 0x0, 0xb, 0x70, 0x0,
    0x8, 0xe1, 0x0, 0x0, 0x33, 0x3d, 0x70, 0x0,
    0xb, 0x30, 0x0, 0x0, 0x8f, 0xfc, 0x20, 0x0,
    0x0, 0x0, 0x0, 0x0, 0x0, 0x0, 0x0, 0x0,

    /* U+708E "炎" */
    0x0, 0x0, 0x0, 0xa, 0x80, 0x0, 0x0, 0x0,
    0x0, 0x0, 0xb1, 0xd, 0x50, 0x1, 0xd2, 0x0,
    0x0, 0x9, 0xa0, 0x1f, 0x20, 0xa, 0x90, 0x0,
    0x0, 0x7c, 0x10, 0x8f, 0xc4, 0x4b, 0x0, 0x0,
    0x0, 0x0, 0x3, 0xf5, 0x5d, 0xd5, 0x0, 0x0,
    0x0, 0x1, 0x8f, 0x70, 0x0, 0x6e, 0xc3, 0x0,
    0x5, 0xcf, 0xa3, 0x7, 0x60, 0x0, 0x8f, 0x10,
    0x2, 0x51, 0x20, 0xd, 0x70, 0x0, 0x21, 0x0,
    0x0, 0x5, 0xd0, 0xf, 0xa0, 0x3, 0xf2, 0x0,
    0x0, 0x1d, 0x50, 0x4f, 0xf0, 0xd, 0x60, 0x0,
    0x0, 0xb8, 0x0, 0xc9, 0xb9, 0x48, 0x0, 0x0,
    0x0, 0x0, 0x7, 0xe1, 0x2f, 0x60, 0x0, 0x0,
    0x0, 0x3, 0xbe, 0x30, 0x3, 0xfb, 0x30, 0x0,
    0x8, 0xdf, 0x91, 0x0, 0x0, 0x19, 0xff, 0xb0,
    0x5, 0x50, 0x0, 0x0, 0x0, 0x0, 0x3, 0x50,

    /* U+70C8 "烈" */
    0xb, 0xff, 0xff, 0xff, 0xe0, 0x0, 0xe, 0x30,
    0x1, 0x12, 0xf4, 0x11, 0x10, 0xe3, 0xe, 0x30,
    0x0, 0x9, 0xe6, 0x66, 0x30, 0xf3, 0xe, 0x30,
    0x0, 0x3f, 0x99, 0x9d, 0x70, 0xf3, 0xe, 0x30,
    0x3, 0xf6, 0x0, 0xe, 0x20, 0xf3, 0xe, 0x30,
    0xe, 0x96, 0xc1, 0x6d, 0x0, 0xf3, 0xe, 0x30,
    0x3, 0x0, 0x7e, 0xe3, 0x0, 0xf3, 0xe, 0x30,
    0x0, 0x0, 0x3e, 0x80, 0x0, 0x61, 0xe, 0x30,
    0x0, 0x18, 0xf7, 0x0, 0x0, 0x0, 0xf, 0x30,
    0x7, 0xfb, 0x30, 0x0, 0x0, 0x4f, 0xfe, 0x10,
    0x1, 0x33, 0x0, 0x0, 0x1, 0x2, 0x52, 0x0,
    0x0, 0x9a, 0x5, 0xc0, 0xf, 0x30, 0x8d, 0x0,
    0x4, 0xf2, 0x3, 0xe0, 0x9, 0x90, 0xc, 0x90,
    0xd, 0x60, 0x2, 0xe0, 0x5, 0xb0, 0x3, 0xf1,
    0x0, 0x0, 0x0, 0x0, 0x0, 0x0, 0x0, 0x0,

    /* U+70ED "热" */
    0x0, 0x0, 0x0, 0x0, 0x0, 0x0, 0x0, 0x0,
    0x0, 0x8, 0x80, 0x0, 0xf, 0x10, 0x0, 0x0,
    0x2, 0x29, 0xa2, 0x11, 0x1f, 0x21, 0x10, 0x0,
    0xe, 0xff, 0xff, 0x9e, 0xff, 0xfe, 0xf5, 0x0,
    0x0, 0x8, 0x80, 0x0, 0x2f, 0x0, 0xd4, 0x0,
    0x0, 0x8, 0x92, 0x20, 0x4d, 0x0, 0xd4, 0x0,
    0x2, 0x6c, 0xfe, 0x7d, 0xbb, 0x0, 0xd4, 0x0,
    0x2f, 0xcc, 0x90, 0x2, 0xed, 0x20, 0xc4, 0x0,
    0x1, 0x8, 0x80, 0x3, 0xf8, 0xf6, 0xb5, 0x30,
    0x0, 0x8, 0x80, 0x2d, 0x80, 0x34, 0x97, 0xb3,
    0x3, 0xdf, 0x60, 0xd8, 0x0, 0x0, 0x3f, 0xf0,
    0x0, 0x44, 0x0, 0x10, 0x0, 0x0, 0x35, 0x20,
    0x0, 0xb9, 0x6, 0xa0, 0x1f, 0x10, 0x9c, 0x0,
    0x5, 0xe1, 0x5, 0xd0, 0xb, 0x70, 0xe, 0x60,
    0x1e, 0x40, 0x3, 0xd0, 0x6, 0xa0, 0x5, 0xd0,
    0x0, 0x0, 0x0, 0x0, 0x0, 0x0, 0x0, 0x0,

    /* U+7167 "照" */
    0x0, 0x0, 0x0, 0x0, 0x0, 0x0, 0x0, 0x0,
    0x3, 0xff, 0xff, 0x2d, 0xff, 0xff, 0xff, 0xa0,
    0x3, 0xe1, 0x1e, 0x20, 0x5, 0xc0, 0x8, 0x90,
    0x3, 0xd0, 0xe, 0x20, 0xc, 0x70, 0x9, 0x80,
    0x3, 0xe1, 0x1e, 0x23, 0xcc, 0x5, 0x7e, 0x50,
    0x3, 0xff, 0xff, 0x6e, 0x80, 0x4, 0x85, 0x0,
    0x3, 0xd0, 0xe, 0x22, 0xbb, 0xbb, 0xbb, 0x20,
    0x3, 0xd0, 0xe, 0x23, 0xe4, 0x44, 0x4e, 0x40,
    0x3, 0xd0, 0xe, 0x23, 0xe0, 0x0, 0xe, 0x40,
    0x3, 0xfb, 0xbf, 0x23, 0xe0, 0x0, 0xe, 0x40,
    0x3, 0xd6, 0x66, 0x13, 0xee, 0xee, 0xee, 0x30,
    0x0, 0x29, 0x2, 0x40, 0x5, 0x30, 0x86, 0x0,
    0x0, 0xa9, 0x6, 0xe0, 0x8, 0xa0, 0x4f, 0x20,
    0x5, 0xf1, 0x4, 0xf1, 0x3, 0xe0, 0xa, 0xb0,
    0xa, 0x60, 0x2, 0xc2, 0x0, 0xb1, 0x2, 0xc1,

    /* U+723D "爽" */
    0x0, 0x0, 0x0, 0x9, 0xa0, 0x0, 0x0, 0x0,
    0x2, 0x22, 0x22, 0x2a, 0xb2, 0x22, 0x22, 0x20,
    0xf, 0xff, 0xff, 0xff, 0xff, 0xff, 0xff, 0xf0,
    0x0, 0x40, 0x48, 0xa, 0x90, 0x30, 0x47, 0x0,
    0x0, 0x8d, 0xe2, 0xb, 0x80, 0x9c, 0xe2, 0x0,
    0x0, 0x7d, 0xd7, 0xc, 0x80, 0x6e, 0xe5, 0x0,
    0x3, 0xb1, 0x16, 0xd, 0xc2, 0xc2, 0x28, 0x0,
    0x0, 0x50, 0x97, 0x2f, 0xf0, 0x54, 0x3d, 0x0,
    0x0, 0x8e, 0xc0, 0x7e, 0xd5, 0x2d, 0xf4, 0x0,
    0x0, 0xad, 0xe2, 0xc8, 0x6e, 0x6e, 0xbb, 0x0,
    0x4, 0xa0, 0x48, 0xf2, 0xe, 0xb3, 0x8, 0x20,
    0x0, 0x0, 0x7f, 0x50, 0x3, 0xf9, 0x0, 0x0,
    0x0, 0x4c, 0xe5, 0x0, 0x0, 0x4e, 0xc5, 0x0,
    0x1e, 0xf9, 0x10, 0x0, 0x0, 0x1, 0xaf, 0xe1,
    0x3, 0x0, 0x0, 0x0, 0x0, 0x0, 0x1, 0x30,

    /* U+7248 "版" */
    0x2, 0xe0, 0x2e, 0x0, 0x56, 0x89, 0xbd, 0xb0,
    0x2, 0xe0, 0x2e, 0x2, 0xf8, 0x65, 0x30, 0x0,
    0x2, 0xe0, 0x2e, 0x2, 0xf0, 0x0, 0x0, 0x0,
    0x2, 0xe2, 0x4e, 0x23, 0xf0, 0x0, 0x0, 0x0,
    0x2, 0xfe, 0xee, 0xe4, 0xff, 0xff, 0xff, 0xc0,
    0x2, 0xe0, 0x0, 0x2, 0xfa, 0x72, 0x28, 0xa0,
    0x3, 0xe0, 0x0, 0x3, 0xe5, 0x90, 0xb, 0x60,
    0x3, 0xfd, 0xdd, 0x44, 0xd1, 0xe0, 0xf, 0x20,
    0x4, 0xd3, 0x3c, 0x45, 0xc0, 0xb5, 0x6c, 0x0,
    0x5, 0xb0, 0xb, 0x45, 0xb0, 0x4d, 0xe4, 0x0,
    0x8, 0x90, 0xb, 0x48, 0x90, 0xe, 0xd0, 0x0,
    0xb, 0x60, 0xb, 0x4b, 0x60, 0x7f, 0xf5, 0x0,
    0x1f, 0x10, 0xb, 0x6f, 0x3a, 0xe3, 0x5f, 0x70,
    0x29, 0x0, 0xb, 0x8a, 0x6b, 0x20, 0x4, 0xd2,
    0x0, 0x0, 0x0, 0x0, 0x0, 0x0, 0x0, 0x0,

    /* U+72C2 "狂" */
    0x0, 0x0, 0x0, 0x0, 0x0, 0x0, 0x0, 0x0,
    0x3, 0xc1, 0x1d, 0x21, 0x11, 0x11, 0x11, 0x10,
    0x0, 0x9c, 0xb9, 0x5f, 0xff, 0xff, 0xff, 0xf0,
    0x0, 0xe, 0xd0, 0x0, 0x0, 0xc6, 0x0, 0x0,
    0x1, 0xbd, 0xf0, 0x0, 0x0, 0xc6, 0x0, 0x0,
    0xc, 0xb0, 0xd4, 0x0, 0x0, 0xc6, 0x0, 0x0,
    0x2, 0x0, 0xb8, 0x0, 0x0, 0xc6, 0x0, 0x0,
    0x0, 0x6, 0xfa, 0x1d, 0xdd, 0xfe, 0xdd, 0xb0,
    0x0, 0x3e, 0x9b, 0x4, 0x44, 0xd9, 0x44, 0x40,
    0x6, 0xf5, 0x6b, 0x0, 0x0, 0xc6, 0x0, 0x0,
    0xd, 0x50, 0x7a, 0x0, 0x0, 0xc6, 0x0, 0x0,
    0x0, 0x0, 0x8a, 0x0, 0x0, 0xc6, 0x0, 0x0,
    0x0, 0x0, 0xa8, 0x0, 0x0, 0xc6, 0x0, 0x0,
    0x1, 0x24, 0xe5, 0xcc, 0xcc, 0xfe, 0xcc, 0xc3,
    0x2, 0xfe, 0x90, 0x55, 0x55, 0x55, 0x55, 0x51,
    0x0, 0x0, 0x0, 0x0, 0x0, 0x0, 0x0, 0x0,

    /* U+73AF "环" */
    0x1, 0x11, 0x11, 0x13, 0x33, 0x33, 0x33, 0x30,
    0x1f, 0xff, 0xfa, 0x7e, 0xee, 0xff, 0xee, 0xe3,
    0x0, 0x6b, 0x0, 0x0, 0x0, 0xc8, 0x0, 0x0,
    0x0, 0x6b, 0x0, 0x0, 0x4, 0xf1, 0x0, 0x0,
    0x0, 0x6b, 0x0, 0x0, 0xd, 0xf6, 0x10, 0x0,
    0xe, 0xff, 0xe1, 0x0, 0x6f, 0xf8, 0xd0, 0x0,
    0x2, 0x7c, 0x20, 0x2, 0xf7, 0xf0, 0xbb, 0x0,
    0x0, 0x6b, 0x0, 0x2e, 0x92, 0xf0, 0xe, 0x80,
    0x0, 0x6b, 0x0, 0xda, 0x2, 0xf0, 0x3, 0xe0,
    0x0, 0x6b, 0x23, 0x20, 0x2, 0xf0, 0x0, 0x0,
    0x1, 0xaf, 0xf7, 0x0, 0x2, 0xf0, 0x0, 0x0,
    0x1f, 0xb6, 0x10, 0x0, 0x2, 0xf0, 0x0, 0x0,
    0x1, 0x0, 0x0, 0x0, 0x2, 0xf0, 0x0, 0x0,
    0x0, 0x0, 0x0, 0x0, 0x2, 0xf0, 0x0, 0x0,

    /* U+75BE "疾" */
    0x0, 0x0, 0x0, 0x0, 0x82, 0x0, 0x0, 0x0,
    0x0, 0x0, 0x0, 0x0, 0xa9, 0x0, 0x0, 0x0,
    0x0, 0xb, 0xcc, 0xcc, 0xef, 0xcc, 0xcc, 0xc1,
    0x3, 0xe, 0x74, 0x58, 0x44, 0x44, 0x44, 0x40,
    0x2f, 0x2e, 0x40, 0x5d, 0x0, 0x0, 0x0, 0x0,
    0x9, 0x9e, 0x40, 0xab, 0x33, 0x33, 0x33, 0x10,
    0x2, 0xdf, 0x41, 0xfd, 0xdf, 0xed, 0xdd, 0x40,
    0x0, 0xe, 0x3a, 0xb0, 0xe, 0x40, 0x0, 0x0,
    0x0, 0x3f, 0x37, 0x20, 0xe, 0x40, 0x0, 0x0,
    0x2b, 0xef, 0x1e, 0xff, 0xff, 0xff, 0xff, 0xd0,
    0x37, 0x4f, 0x1, 0x11, 0x5f, 0xc1, 0x11, 0x10,
    0x0, 0x7c, 0x0, 0x0, 0xba, 0xd4, 0x0, 0x0,
    0x0, 0xc6, 0x0, 0x9, 0xe1, 0x2e, 0x30, 0x0,
    0x4, 0xf1, 0x4, 0xcd, 0x20, 0x5, 0xf9, 0x30,
    0xb, 0x60, 0x5e, 0x70, 0x0, 0x0, 0x2a, 0xd0,
    0x0, 0x0, 0x0, 0x0, 0x0, 0x0, 0x0, 0x0,

    /* U+7801 "码" */
    0x2f, 0xff, 0xff, 0x4c, 0xee, 0xee, 0xe8, 0x0,
    0x15, 0xd1, 0x10, 0x23, 0x33, 0x3a, 0x80, 0x0,
    0x89, 0x0, 0x0, 0x10, 0x0, 0xa7, 0x0, 0xc,
    0x60, 0x0, 0x3e, 0x0, 0xc, 0x50, 0x0, 0xf2,
    0x0, 0x4, 0xc0, 0x0, 0xd3, 0x0, 0x5f, 0x66,
    0x50, 0x6b, 0x0, 0xf, 0x20, 0xc, 0xfa, 0xbd,
    0x8, 0xa3, 0x33, 0xf3, 0x35, 0xfe, 0x2, 0xd0,
    0x8d, 0xdd, 0xdd, 0xde, 0x29, 0xe0, 0x2d, 0x0,
    0x0, 0x0, 0x5, 0xc0, 0x1e, 0x2, 0xd1, 0x44,
    0x44, 0x42, 0x6b, 0x1, 0xe0, 0x2d, 0x5b, 0xbb,
    0xbb, 0x79, 0x90, 0x1f, 0xff, 0xd0, 0x0, 0x0,
    0x0, 0xc6, 0x1, 0xf1, 0x11, 0x0, 0x0, 0x10,
    0x3f, 0x20, 0x0, 0x0, 0x0, 0x0, 0x7, 0xff,
    0x80, 0x0, 0x0, 0x0, 0x0, 0x0, 0x0, 0x0,
    0x0,

    /* U+78B3 "碳" */
    0x4f, 0xff, 0xff, 0x5d, 0x0, 0xe2, 0x2, 0xe0,
    0x0, 0x89, 0x0, 0x3d, 0x0, 0xe2, 0x2, 0xe0,
    0x0, 0xa6, 0x0, 0x2f, 0xdd, 0xfe, 0xde, 0xe0,
    0x0, 0xd3, 0x0, 0x3, 0x62, 0x22, 0x22, 0x20,
    0x1, 0xf0, 0x0, 0x78, 0xf7, 0x77, 0x77, 0x73,
    0x5, 0xfd, 0xd9, 0x69, 0xe7, 0x7a, 0x87, 0x73,
    0xa, 0xe2, 0x7a, 0x5, 0xa0, 0xc, 0x50, 0x0,
    0x1f, 0xe0, 0x5a, 0x8, 0x88, 0x2d, 0x41, 0xc0,
    0x3b, 0xe0, 0x5a, 0xa, 0x5b, 0xf, 0x36, 0x90,
    0x2, 0xe0, 0x5a, 0xd, 0x4b, 0x3f, 0x9c, 0x20,
    0x1, 0xe0, 0x5a, 0x2e, 0x2, 0x9e, 0xf4, 0x0,
    0x1, 0xff, 0xfa, 0x98, 0x4, 0xf2, 0xab, 0x0,
    0x1, 0xc1, 0x12, 0xe2, 0x9f, 0x60, 0xa, 0xd4,
    0x0, 0x0, 0x0, 0x0, 0x72, 0x0, 0x0, 0x32,

    /* U+79BB "离" */
    0x0, 0x0, 0x0, 0x60, 0x0, 0x0, 0x0, 0x0,
    0x0, 0x0, 0xc7, 0x0, 0x0, 0x0, 0xdf, 0xff,
    0xff, 0xff, 0xff, 0xff, 0xfe, 0x12, 0x61, 0x64,
    0x11, 0x57, 0x16, 0x21, 0x3, 0xe0, 0x3a, 0xb9,
    0xa1, 0xe, 0x30, 0x3, 0xe0, 0x29, 0xba, 0xb3,
    0xe, 0x30, 0x3, 0xe1, 0xa4, 0x0, 0x29, 0xe,
    0x30, 0x3, 0xfe, 0xee, 0xff, 0xee, 0xef, 0x30,
    0x0, 0x0, 0x0, 0xd7, 0x0, 0x0, 0x0, 0x3f,
    0xff, 0xff, 0xff, 0xff, 0xff, 0xf3, 0x3f, 0x0,
    0x2f, 0x30, 0x73, 0x0, 0xe3, 0x3f, 0x0, 0xc7,
    0x1, 0x7d, 0x0, 0xe3, 0x3f, 0x7, 0xfe, 0xed,
    0xbc, 0x90, 0xe3, 0x3f, 0x1, 0x30, 0x0, 0x0,
    0x20, 0xf3, 0x3f, 0x0, 0x0, 0x0, 0x1, 0xee,
    0xc1,

    /* U+79F0 "称" */
    0x0, 0x0, 0x0, 0x0, 0x11, 0x0, 0x0, 0x0,
    0x0, 0x26, 0xaf, 0x30, 0x9b, 0x0, 0x0, 0x0,
    0xb, 0xde, 0xa1, 0x0, 0xe8, 0x22, 0x22, 0x20,
    0x0, 0x9, 0x70, 0x3, 0xff, 0xff, 0xff, 0xf3,
    0x0, 0x9, 0x70, 0xa, 0xb0, 0x5d, 0x4, 0xc0,
    0x1f, 0xff, 0xff, 0xbf, 0x30, 0x5d, 0x6, 0x40,
    0x2, 0x2e, 0x92, 0x58, 0x31, 0x5d, 0x4, 0x0,
    0x0, 0x5f, 0xf3, 0x0, 0xe4, 0x5d, 0x1f, 0x10,
    0x0, 0xcc, 0xae, 0x23, 0xf0, 0x5d, 0xb, 0x70,
    0x4, 0xb9, 0x76, 0x38, 0xb0, 0x5d, 0x5, 0xc0,
    0x1d, 0x39, 0x70, 0x1f, 0x40, 0x5d, 0x1, 0xf0,
    0x28, 0x9, 0x70, 0x8c, 0x0, 0x5d, 0x0, 0xe4,
    0x0, 0x9, 0x70, 0x2, 0x0, 0x5d, 0x0, 0x20,
    0x0, 0x9, 0x70, 0x0, 0x13, 0x8c, 0x0, 0x0,
    0x0, 0x9, 0x70, 0x0, 0x1e, 0xd6, 0x0, 0x0,

    /* U+7A0D "稍" */
    0x0, 0x15, 0xa8, 0x5, 0x0, 0xc4, 0x0, 0x71,
    0xc, 0xdf, 0x81, 0xc, 0x60, 0xc4, 0x6, 0xe1,
    0x0, 0xc, 0x30, 0x3, 0xe0, 0xc4, 0x2f, 0x50,
    0x0, 0xc, 0x30, 0x0, 0x40, 0xc4, 0x14, 0x0,
    0x3f, 0xff, 0xff, 0x2e, 0xff, 0xff, 0xff, 0xe0,
    0x2, 0x5f, 0x62, 0xe, 0x32, 0x22, 0x24, 0xe0,
    0x0, 0x9f, 0xd0, 0xe, 0x20, 0x0, 0x3, 0xe0,
    0x0, 0xee, 0xaa, 0xe, 0xff, 0xff, 0xff, 0xe0,
    0x5, 0xac, 0x4a, 0xe, 0x20, 0x0, 0x3, 0xe0,
    0xd, 0x4c, 0x30, 0xe, 0x31, 0x11, 0x14, 0xe0,
    0x2b, 0xc, 0x30, 0xe, 0xff, 0xff, 0xff, 0xe0,
    0x0, 0xc, 0x30, 0xe, 0x10, 0x0, 0x2, 0xe0,
    0x0, 0xc, 0x30, 0xe, 0x10, 0x2, 0x36, 0xe0,
    0x0, 0xc, 0x30, 0xe, 0x10, 0x8, 0xdc, 0x60,

    /* U+7B7E "签" */
    0x0, 0x5, 0x0, 0x0, 0x5, 0x0, 0x0, 0x0,
    0x0, 0x6d, 0x0, 0x0, 0x4e, 0x0, 0x0, 0x0,
    0x0, 0xdf, 0xff, 0xfa, 0xdf, 0xff, 0xff, 0xf0,
    0x6, 0xd0, 0xe4, 0x8, 0xc0, 0x1e, 0x30, 0x0,
    0x1f, 0x40, 0x7b, 0xa, 0xc0, 0x7, 0xb0, 0x0,
    0x3, 0x0, 0x1, 0xbc, 0xca, 0x0, 0x0, 0x0,
    0x0, 0x0, 0x6e, 0x70, 0x8, 0xe6, 0x0, 0x0,
    0x1, 0x8e, 0xd7, 0x33, 0x33, 0x7c, 0xf9, 0x30,
    0x1f, 0xb4, 0x3c, 0xcc, 0xcc, 0xc2, 0x29, 0xe1,
    0x1, 0x1, 0x0, 0x7, 0x0, 0x0, 0x60, 0x0,
    0x0, 0xd, 0x50, 0xd, 0x50, 0x6, 0xc0, 0x0,
    0x0, 0x4, 0xe0, 0x5, 0xc0, 0xe, 0x40, 0x0,
    0x0, 0x0, 0xc6, 0x0, 0xc0, 0x7b, 0x0, 0x0,
    0x0, 0x0, 0x10, 0x0, 0x2, 0xf4, 0x0, 0x0,
    0xe, 0xff, 0xff, 0xff, 0xff, 0xff, 0xff, 0xe0,

    /* U+7B80 "简" */
    0x0, 0x4, 0x10, 0x0, 0x3, 0x20, 0x0, 0x0,
    0x1, 0xf4, 0x0, 0x0, 0xd7, 0x0, 0x0, 0x0,
    0xaf, 0xff, 0xfd, 0x5f, 0xff, 0xff, 0xc0, 0x7e,
    0x15, 0xd0, 0x2f, 0x50, 0xb8, 0x0, 0xa, 0x33,
    0x9, 0x11, 0x60, 0x3, 0x80, 0x0, 0x1, 0xe6,
    0x6f, 0xff, 0xff, 0xff, 0xf3, 0x1, 0x63, 0xc0,
    0x11, 0x11, 0x11, 0x1e, 0x30, 0x3e, 0x0, 0x33,
    0x33, 0x33, 0x0, 0xe3, 0x3, 0xe0, 0xf, 0xcb,
    0xbb, 0xf1, 0xe, 0x30, 0x3e, 0x0, 0xf0, 0x0,
    0xf, 0x10, 0xe3, 0x3, 0xe0, 0xf, 0xed, 0xde,
    0xf1, 0xe, 0x30, 0x3e, 0x0, 0xf0, 0x0, 0xf,
    0x10, 0xe3, 0x3, 0xe0, 0xf, 0xff, 0xff, 0xf1,
    0xe, 0x30, 0x3e, 0x0, 0xf0, 0x0, 0x0, 0x0,
    0xf3, 0x3, 0xe0, 0x1, 0x0, 0x0, 0x8f, 0xfc,
    0x0,

    /* U+7C92 "粒" */
    0x0, 0x0, 0x0, 0x0, 0x0, 0x0, 0x0, 0x0,
    0x0, 0xc, 0x50, 0x0, 0x3, 0xd0, 0x0, 0x0,
    0xc, 0x1c, 0x56, 0x90, 0x0, 0xf3, 0x0, 0x0,
    0x8, 0x6c, 0x5b, 0x44, 0x44, 0xa6, 0x44, 0x40,
    0x4, 0xac, 0x6d, 0x1d, 0xdd, 0xdd, 0xdd, 0xc0,
    0x1, 0x5c, 0x74, 0x0, 0x30, 0x0, 0x15, 0x0,
    0x1f, 0xff, 0xff, 0x81, 0xf0, 0x0, 0x5d, 0x0,
    0x1, 0x3f, 0x71, 0x0, 0xd3, 0x0, 0x8a, 0x0,
    0x0, 0x8f, 0xf2, 0x0, 0xa7, 0x0, 0xa7, 0x0,
    0x0, 0xdd, 0x9e, 0x10, 0x7a, 0x0, 0xd4, 0x0,
    0x8, 0x9c, 0x59, 0x50, 0x4d, 0x0, 0xf0, 0x0,
    0x1f, 0x2c, 0x50, 0x0, 0x2f, 0x4, 0xc0, 0x0,
    0x5, 0xc, 0x50, 0x0, 0x5, 0x8, 0x80, 0x0,
    0x0, 0xc, 0x50, 0x9c, 0xcc, 0xce, 0xec, 0xc4,
    0x0, 0xc, 0x50, 0x45, 0x55, 0x55, 0x55, 0x52,

    /* U+7EA7 "级" */
    0x0, 0x0, 0x0, 0x0, 0x0, 0x0, 0x0, 0x0,
    0x0, 0x7, 0x80, 0x0, 0x0, 0x0, 0x0, 0x0,
    0x0, 0xd, 0x60, 0x9f, 0xff, 0xff, 0xf3, 0x0,
    0x0, 0x4e, 0x0, 0x11, 0xd6, 0x14, 0xf0, 0x0,
    0x0, 0xb7, 0x3, 0x0, 0xe4, 0x6, 0xc0, 0x0,
    0x4, 0xe0, 0x2f, 0x10, 0xf3, 0xa, 0x80, 0x0,
    0x1d, 0x84, 0xb8, 0x0, 0xf2, 0xe, 0x40, 0x0,
    0x4f, 0xee, 0xe0, 0x1, 0xf7, 0x3f, 0xff, 0x90,
    0x1, 0x1d, 0x40, 0x4, 0xfd, 0x0, 0xc, 0x50,
    0x0, 0xb8, 0x26, 0x6, 0xdf, 0x30, 0x2f, 0x0,
    0x9, 0xfe, 0xe9, 0x19, 0x97, 0xc0, 0x9a, 0x0,
    0x2e, 0x83, 0x0, 0xd, 0x50, 0xe7, 0xf2, 0x0,
    0x0, 0x0, 0x49, 0x6f, 0x10, 0x5f, 0x80, 0x0,
    0x3, 0x8e, 0xe8, 0xac, 0x0, 0xbf, 0xd1, 0x0,
    0x2f, 0xa4, 0x2, 0xf4, 0x3d, 0xb1, 0xae, 0x40,
    0x1, 0x0, 0x7, 0xb3, 0xf8, 0x0, 0x8, 0xf2,
    0x0, 0x0, 0x0, 0x10, 0x10, 0x0, 0x0, 0x0,

    /* U+7EBF "线" */
    0x0, 0x7, 0x60, 0x0, 0xd, 0x46, 0x40, 0x0,
    0x0, 0xe, 0x40, 0x0, 0xd, 0x53, 0xca, 0x0,
    0x0, 0x7c, 0x0, 0x0, 0xc, 0x50, 0x26, 0x10,
    0x0, 0xe3, 0x9, 0x26, 0x9e, 0xef, 0xeb, 0x30,
    0x9, 0x90, 0x8b, 0x19, 0x7c, 0x80, 0x0, 0x0,
    0x3f, 0xff, 0xf2, 0x0, 0x9, 0x80, 0x25, 0x50,
    0x3, 0x1d, 0x60, 0x14, 0x6c, 0xff, 0xeb, 0x60,
    0x0, 0xa9, 0x0, 0x7c, 0x99, 0xe1, 0x2, 0x40,
    0x9, 0xf9, 0xcd, 0x0, 0x1, 0xf1, 0xd, 0x70,
    0x1d, 0x96, 0x30, 0x0, 0x0, 0xd6, 0xd9, 0x0,
    0x0, 0x0, 0x4, 0x0, 0x0, 0xbf, 0x70, 0x0,
    0x4, 0x8c, 0xfc, 0x10, 0x3b, 0xef, 0x10, 0x70,
    0x2e, 0x95, 0x0, 0x6c, 0xf8, 0xa, 0xc4, 0xe0,
    0x0, 0x0, 0x0, 0x76, 0x0, 0x1, 0xbf, 0x80,

    /* U+7EC6 "细" */
    0x0, 0x2, 0xb0, 0x0, 0x0, 0x0, 0x0, 0x0,
    0x0, 0x9b, 0x1, 0xff, 0xff, 0xff, 0xfe, 0x0,
    0x1f, 0x30, 0x1f, 0x32, 0xe5, 0x25, 0xe0, 0x9,
    0xa0, 0x1, 0xf0, 0xd, 0x30, 0x3e, 0x3, 0xe1,
    0xb, 0x8f, 0x0, 0xd3, 0x3, 0xe2, 0xeb, 0x8b,
    0xe2, 0xf0, 0xd, 0x30, 0x3e, 0x3e, 0xbb, 0xf4,
    0x1f, 0x0, 0xd3, 0x3, 0xe0, 0x0, 0xc7, 0x1,
    0xff, 0xff, 0xff, 0xfe, 0x0, 0xb9, 0x0, 0x2f,
    0x32, 0xe5, 0x25, 0xe1, 0xbf, 0xce, 0xf8, 0xf0,
    0xd, 0x30, 0x3e, 0x1c, 0x96, 0x30, 0x1f, 0x0,
    0xd3, 0x3, 0xe0, 0x0, 0x0, 0x1, 0xf0, 0xd,
    0x30, 0x3e, 0x0, 0x25, 0x8b, 0x8f, 0x22, 0xe5,
    0x25, 0xe3, 0xff, 0xc9, 0x63, 0xff, 0xff, 0xff,
    0xfe, 0x2, 0x0, 0x0, 0x1f, 0x0, 0x0, 0x2,
    0xc0,

    /* U+7EDC "络" */
    0x0, 0x0, 0x20, 0x0, 0x8, 0x10, 0x0, 0x0,
    0x0, 0x7, 0xd0, 0x0, 0x4e, 0x0, 0x0, 0x0,
    0x0, 0xe, 0x50, 0x0, 0xcf, 0xff, 0xff, 0x70,
    0x0, 0x6d, 0x0, 0x8, 0xf5, 0x22, 0x4f, 0x20,
    0x0, 0xe4, 0xc, 0xaf, 0x9c, 0x0, 0xc7, 0x0,
    0xa, 0xc5, 0xac, 0x54, 0x9, 0xbc, 0x90, 0x0,
    0xe, 0xdc, 0xf2, 0x0, 0x5, 0xff, 0x30, 0x0,
    0x0, 0xd, 0x50, 0x5, 0xce, 0x56, 0xea, 0x40,
    0x0, 0xa9, 0x25, 0x9d, 0x70, 0x0, 0x18, 0xe2,
    0xa, 0xff, 0xeb, 0x15, 0xff, 0xff, 0xff, 0x30,
    0x9, 0x72, 0x0, 0x5, 0xc1, 0x11, 0x1e, 0x30,
    0x0, 0x0, 0x4, 0x25, 0xc0, 0x0, 0xe, 0x30,
    0x2, 0x7b, 0xfd, 0x45, 0xc0, 0x0, 0xe, 0x30,
    0xe, 0xc7, 0x20, 0x5, 0xff, 0xff, 0xff, 0x30,
    0x0, 0x0, 0x0, 0x5, 0xc1, 0x11, 0x1e, 0x30,

    /* U+7EEA "绪" */
    0x0, 0x8, 0x60, 0x0, 0x8, 0x90, 0x0, 0x0,
    0x0, 0xf, 0x30, 0x3, 0x3a, 0xb3, 0x29, 0xa0,
    0x0, 0x7b, 0x0, 0x1c, 0xce, 0xec, 0xce, 0x10,
    0x0, 0xe3, 0x8, 0x0, 0x8, 0x91, 0xd5, 0x0,
    0x9, 0x90, 0x6b, 0x22, 0x29, 0xab, 0xc3, 0x20,
    0x2f, 0xde, 0xd1, 0xde, 0xee, 0xfe, 0xee, 0xe4,
    0x3, 0x1b, 0x30, 0x0, 0x3c, 0x80, 0x0, 0x0,
    0x0, 0x87, 0x1, 0x29, 0xff, 0xff, 0xff, 0x50,
    0x6, 0xfc, 0xfb, 0xfb, 0xf2, 0x11, 0x1d, 0x50,
    0x1e, 0xa6, 0x20, 0x20, 0xf1, 0x0, 0xd, 0x50,
    0x0, 0x0, 0x0, 0x0, 0xfe, 0xee, 0xef, 0x50,
    0x0, 0x26, 0xae, 0x20, 0xf1, 0x0, 0xc, 0x50,
    0x1e, 0xfc, 0x83, 0x0, 0xf5, 0x44, 0x4d, 0x50,
    0x4, 0x0, 0x0, 0x0, 0xfc, 0xbb, 0xbe, 0x50,

    /* U+7F51 "网" */
    0x4f, 0xff, 0xff, 0xff, 0xff, 0xff, 0xfe, 0x4e,
    0x11, 0x11, 0x11, 0x11, 0x11, 0x5e, 0x4d, 0x0,
    0x3, 0x80, 0x0, 0x82, 0x3e, 0x4d, 0x34, 0x8,
    0x96, 0x0, 0xf2, 0x3e, 0x4d, 0x4e, 0x2b, 0x59,
    0xa2, 0xe0, 0x3e, 0x4d, 0x8, 0xcf, 0x10, 0xdc,
    0xa0, 0x3e, 0x4d, 0x0, 0xce, 0x0, 0x3f, 0x70,
    0x3e, 0x4d, 0x0, 0xaf, 0x30, 0x1f, 0xb0, 0x3e,
    0x4d, 0x1, 0xf8, 0xc0, 0x7c, 0xd5, 0x3e, 0x4d,
    0x9, 0x90, 0xc3, 0xe3, 0x5d, 0x4e, 0x4d, 0x5e,
    0x10, 0xb, 0xa0, 0x5, 0x4e, 0x4d, 0xa4, 0x0,
    0x3d, 0x10, 0x0, 0x3e, 0x4d, 0x0, 0x0, 0x0,
    0x0, 0x22, 0x7e, 0x4d, 0x0, 0x0, 0x0, 0x0,
    0xdf, 0xe7,

    /* U+7FFB "翻" */
    0x0, 0x12, 0x46, 0x94, 0x11, 0x10, 0x0, 0x0,
    0xbc, 0xbf, 0x86, 0x2e, 0xff, 0x5f, 0xfe, 0x2,
    0xa0, 0xe2, 0xb4, 0x0, 0xd2, 0x1, 0xe0, 0xd,
    0xe, 0x3d, 0x2, 0xd, 0x32, 0x1e, 0xc, 0xdc,
    0xfe, 0xea, 0xc1, 0xd3, 0xd1, 0xe0, 0x22, 0xbf,
    0xc3, 0x17, 0x7d, 0x2a, 0x5e, 0x0, 0x6c, 0xe9,
    0xd2, 0x2c, 0xd2, 0x5a, 0xe0, 0x7e, 0x2e, 0x26,
    0xc0, 0x2d, 0x20, 0x2e, 0x1e, 0x30, 0x91, 0x1,
    0x2, 0xf2, 0x5, 0xe0, 0x9f, 0xff, 0xff, 0x91,
    0xdf, 0x24, 0xee, 0x8, 0x60, 0xd0, 0x59, 0xc6,
    0xd6, 0xe4, 0xe0, 0x8e, 0xdf, 0xde, 0x94, 0xd,
    0x32, 0x1e, 0x8, 0x60, 0xd0, 0x59, 0x0, 0xd2,
    0x1, 0xe0, 0x8e, 0xdf, 0xde, 0x90, 0x1d, 0x21,
    0x3e, 0x8, 0x60, 0x0, 0x57, 0x3e, 0xb0, 0x8e,
    0x80,

    /* U+804A "聊" */
    0x0, 0x0, 0x0, 0x0, 0x6, 0x10, 0x0, 0x1,
    0xff, 0xff, 0xf6, 0x2b, 0xd3, 0x0, 0x0, 0x4,
    0xc1, 0x6a, 0x2f, 0x70, 0xc, 0xff, 0xe0, 0x3b,
    0x5, 0xa2, 0xc0, 0x92, 0xd3, 0xf, 0x3, 0xc2,
    0x7a, 0x2c, 0xc, 0x2d, 0x20, 0xf0, 0x3f, 0xde,
    0xa2, 0xc0, 0xc2, 0xd2, 0xf, 0x3, 0xb0, 0x5a,
    0x2c, 0xc, 0x2d, 0x20, 0xf0, 0x3b, 0x5, 0xa2,
    0xc0, 0xc2, 0xd2, 0xf, 0x3, 0xff, 0xfa, 0x2c,
    0xd, 0x2d, 0x20, 0xf0, 0x3b, 0x5, 0xa2, 0xc0,
    0xe1, 0xd2, 0xf, 0x3, 0xb0, 0x5a, 0x4e, 0xae,
    0xd, 0x20, 0xf1, 0x7e, 0xad, 0xfa, 0xa9, 0xb0,
    0xd9, 0xcd, 0x1a, 0x75, 0x7a, 0x0, 0xd3, 0xd,
    0x31, 0x0, 0x0, 0x5, 0xa0, 0xaa, 0x0, 0xd2,
    0x0, 0x0, 0x0, 0x5a, 0x69, 0x0, 0xd, 0x20,
    0x0, 0x0, 0x0, 0x0, 0x0, 0x0, 0x0, 0x0,

    /* U+81ED "臭" */
    0x0, 0x0, 0x0, 0x3, 0x10, 0x0, 0x0, 0x0,
    0x0, 0x0, 0x0, 0x1f, 0x30, 0x0, 0x0, 0x0,
    0x0, 0x3f, 0xee, 0xee, 0xee, 0xee, 0xf3, 0x0,
    0x0, 0x3f, 0x0, 0x0, 0x0, 0x0, 0xf3, 0x0,
    0x0, 0x3f, 0xdd, 0xdd, 0xdd, 0xde, 0xf3, 0x0,
    0x0, 0x3f, 0x0, 0x0, 0x0, 0x0, 0xf3, 0x0,
    0x0, 0x3f, 0xdd, 0xdd, 0xdd, 0xde, 0xf3, 0x0,
    0x0, 0x3f, 0x0, 0x0, 0x0, 0x0, 0xf3, 0x0,
    0x0, 0x3f, 0xee, 0xee, 0xee, 0xee, 0xf3, 0x0,
    0x0, 0x0, 0x0, 0x4, 0x60, 0xa9, 0x10, 0x0,
    0x1, 0x22, 0x22, 0x2b, 0xa2, 0x3a, 0xd2, 0x20,
    0xb, 0xdd, 0xdd, 0xff, 0xfe, 0xdd, 0xdd, 0xc0,
    0x0, 0x0, 0x4, 0xf6, 0xbb, 0x0, 0x0, 0x0,
    0x0, 0x4, 0xaf, 0x50, 0x9, 0xe8, 0x20, 0x0,
    0xa, 0xfe, 0x81, 0x0, 0x0, 0x3a, 0xff, 0xc1,
    0x4, 0x30, 0x0, 0x0, 0x0, 0x0, 0x2, 0x30,

    /* U+87BA "螺" */
    0x0, 0xf, 0x0, 0x4f, 0xee, 0xfe, 0xef, 0x20,
    0x0, 0xf0, 0x4, 0xb0, 0xf, 0x0, 0xe2, 0x4,
    0x4f, 0x44, 0x4d, 0x55, 0xf5, 0x5f, 0x20, 0xeb,
    0xfb, 0xe4, 0xd8, 0x8f, 0x88, 0xf2, 0xe, 0xc,
    0xe, 0x4c, 0x23, 0xf2, 0x2e, 0x20, 0xe0, 0xc0,
    0xe3, 0xbc, 0xfc, 0xbb, 0xb2, 0xe, 0xc, 0xe,
    0x5, 0xd7, 0x3a, 0x80, 0x0, 0xee, 0xfe, 0xe0,
    0xcb, 0xef, 0x74, 0x10, 0xe, 0x1f, 0x11, 0x1,
    0xab, 0x20, 0x7b, 0x0, 0x30, 0xf4, 0x77, 0xff,
    0xde, 0xec, 0xd7, 0x0, 0xf, 0xd, 0x25, 0x51,
    0xd3, 0x41, 0x71, 0x69, 0xff, 0xf3, 0xc8, 0xd,
    0x3b, 0x80, 0x4c, 0x85, 0x25, 0xdc, 0x0, 0xe3,
    0xd, 0x40, 0x0, 0x0, 0x6, 0x17, 0xfd, 0x10,
    0x32,

    /* U+8BA4 "认" */
    0x1, 0x70, 0x0, 0x0, 0xe, 0x30, 0x0, 0x0,
    0x1d, 0xb0, 0x0, 0x0, 0xf3, 0x0, 0x0, 0x0,
    0x1c, 0x80, 0x0, 0xf, 0x30, 0x0, 0x0, 0x0,
    0x0, 0x0, 0x0, 0xf2, 0x0, 0x0, 0x22, 0x22,
    0x0, 0x0, 0xf, 0x20, 0x0, 0xf, 0xff, 0xd0,
    0x0, 0x2, 0xf4, 0x0, 0x0, 0x0, 0x4d, 0x0,
    0x0, 0x4f, 0x70, 0x0, 0x0, 0x4, 0xd0, 0x0,
    0x6, 0xfb, 0x0, 0x0, 0x0, 0x4d, 0x0, 0x0,
    0xab, 0xf0, 0x0, 0x0, 0x4, 0xd0, 0x0, 0xf,
    0x5c, 0x60, 0x0, 0x0, 0x4d, 0x2a, 0x5, 0xe0,
    0x5e, 0x0, 0x0, 0x5, 0xfe, 0x80, 0xd8, 0x0,
    0xd8, 0x0, 0x0, 0xce, 0x30, 0x9d, 0x0, 0x3,
    0xf7, 0x0, 0x8, 0x10, 0x8e, 0x20, 0x0, 0x5,
    0xf4, 0x0, 0x0, 0x1, 0x20, 0x0, 0x0, 0x2,
    0x0,

    /* U+8BD1 "译" */
    0x0, 0x40, 0x0, 0x0, 0x0, 0x0, 0x0, 0x0,
    0x1, 0xf4, 0x0, 0xef, 0xff, 0xff, 0xff, 0x70,
    0x0, 0x6d, 0x0, 0x1a, 0xa1, 0x11, 0x7f, 0x10,
    0x0, 0xd, 0x40, 0x2, 0xf6, 0x2, 0xf7, 0x0,
    0x0, 0x0, 0x0, 0x0, 0x6f, 0x6e, 0x90, 0x0,
    0x2, 0x23, 0x0, 0x0, 0xc, 0xfd, 0x0, 0x0,
    0x3f, 0xff, 0x20, 0x49, 0xfc, 0x7d, 0xe7, 0x30,
    0x0, 0xf, 0x26, 0xc8, 0x32, 0xc0, 0x38, 0xc2,
    0x0, 0xf, 0x20, 0x1, 0x15, 0xf1, 0x11, 0x0,
    0x0, 0xf, 0x20, 0x5f, 0xff, 0xff, 0xff, 0x10,
    0x0, 0xf, 0x20, 0x0, 0x3, 0xf0, 0x0, 0x0,
    0x0, 0xf, 0x33, 0x44, 0x47, 0xf4, 0x44, 0x40,
    0x0, 0xf, 0xdc, 0xcc, 0xcd, 0xfc, 0xcc, 0xc0,
    0x0, 0x5f, 0x80, 0x0, 0x3, 0xf0, 0x0, 0x0,
    0x0, 0x44, 0x0, 0x0, 0x3, 0xf0, 0x0, 0x0,

    /* U+8BDD "话" */
    0x0, 0x0, 0x0, 0x0, 0x0, 0x0, 0x0, 0x0,
    0x1, 0x80, 0x0, 0x0, 0x2, 0x58, 0xce, 0x20,
    0x0, 0xcb, 0x0, 0xce, 0xfe, 0xf9, 0x51, 0x0,
    0x0, 0xc, 0x70, 0x32, 0x1, 0xf1, 0x0, 0x0,
    0x0, 0x1, 0x0, 0x0, 0x1, 0xf1, 0x0, 0x0,
    0x2, 0x22, 0x0, 0x44, 0x45, 0xf5, 0x44, 0x41,
    0x3f, 0xff, 0x11, 0xdd, 0xdd, 0xfd, 0xdd, 0xd3,
    0x0, 0xf, 0x10, 0x0, 0x1, 0xf1, 0x0, 0x0,
    0x0, 0xf, 0x10, 0x0, 0x1, 0xf1, 0x0, 0x0,
    0x0, 0xf, 0x10, 0x4e, 0xee, 0xfe, 0xee, 0x50,
    0x0, 0xf, 0x10, 0x5e, 0x22, 0x22, 0x2e, 0x50,
    0x0, 0xf, 0x3c, 0x5d, 0x0, 0x0, 0xd, 0x50,
    0x0, 0x1f, 0xf9, 0x5d, 0x0, 0x0, 0xd, 0x50,
    0x0, 0x6f, 0x60, 0x5e, 0x44, 0x44, 0x4e, 0x50,
    0x0, 0x73, 0x0, 0x5f, 0xcc, 0xcc, 0xce, 0x50,

    /* U+8BE2 "询" */
    0x0, 0x0, 0x0, 0x0, 0x40, 0x0, 0x0, 0x0,
    0x0, 0xc4, 0x0, 0x4, 0xf2, 0x0, 0x0, 0x0,
    0x0, 0x5f, 0x40, 0xb, 0xb0, 0x0, 0x0, 0x0,
    0x0, 0x6, 0x90, 0x2f, 0xff, 0xff, 0xff, 0xf0,
    0x0, 0x0, 0x0, 0xca, 0x11, 0x11, 0x14, 0xf0,
    0x3, 0x33, 0x8, 0xf3, 0x22, 0x22, 0x3, 0xe0,
    0x4f, 0xff, 0x17, 0x7f, 0xdd, 0xde, 0x4, 0xd0,
    0x0, 0xf, 0x10, 0x1f, 0x0, 0x2e, 0x4, 0xd0,
    0x0, 0xf, 0x10, 0x1f, 0xdd, 0xee, 0x5, 0xc0,
    0x0, 0xf, 0x10, 0x1f, 0x11, 0x3e, 0x6, 0xb0,
    0x0, 0xf, 0x10, 0x1f, 0x0, 0x2e, 0x8, 0xa0,
    0x0, 0xf, 0x4c, 0x2f, 0xff, 0xfe, 0x9, 0x90,
    0x0, 0x2f, 0xf6, 0x1e, 0x0, 0x0, 0xc, 0x70,
    0x0, 0x9c, 0x20, 0x0, 0x0, 0x21, 0x4f, 0x30,
    0x0, 0x10, 0x0, 0x0, 0x0, 0xaf, 0xfa, 0x0,
    0x0, 0x0, 0x0, 0x0, 0x0, 0x0, 0x0, 0x0,

    /* U+8BEF "误" */
    0x0, 0x10, 0x0, 0x0, 0x0, 0x0, 0x0, 0x0,
    0x1, 0xf4, 0x0, 0x2f, 0xff, 0xff, 0xff, 0x40,
    0x0, 0x5f, 0x30, 0x2f, 0x0, 0x0, 0xe, 0x40,
    0x0, 0x9, 0xb0, 0x2f, 0x0, 0x0, 0xe, 0x40,
    0x0, 0x0, 0x10, 0x2f, 0x22, 0x22, 0x2e, 0x40,
    0x3, 0x33, 0x0, 0x2d, 0xdd, 0xdd, 0xdd, 0x30,
    0x2b, 0xbf, 0x20, 0x0, 0x0, 0x0, 0x0, 0x0,
    0x0, 0xf, 0x20, 0x9f, 0xff, 0xff, 0xff, 0xa0,
    0x0, 0xf, 0x20, 0x11, 0x13, 0xf1, 0x11, 0x10,
    0x0, 0xf, 0x20, 0x11, 0x14, 0xe1, 0x11, 0x10,
    0x0, 0xf, 0x22, 0xff, 0xff, 0xff, 0xff, 0xf5,
    0x0, 0xf, 0x25, 0x0, 0xc, 0xf8, 0x0, 0x0,
    0x0, 0xf, 0xcd, 0x10, 0x7e, 0x2e, 0x50, 0x0,
    0x0, 0x5f, 0x90, 0x29, 0xf3, 0x3, 0xfa, 0x20,
    0x0, 0x15, 0x4, 0xfa, 0x20, 0x0, 0x2a, 0xf2,
    0x0, 0x0, 0x0, 0x10, 0x0, 0x0, 0x0, 0x10,

    /* U+8BF7 "请" */
    0x0, 0x80, 0x0, 0x0, 0x6, 0xc0, 0x0, 0x0,
    0x0, 0x9c, 0x11, 0xee, 0xef, 0xfe, 0xee, 0x80,
    0x0, 0xa, 0xa0, 0x0, 0x6, 0xc0, 0x0, 0x0,
    0x0, 0x0, 0x10, 0x9d, 0xde, 0xfd, 0xdd, 0x10,
    0x2, 0x22, 0x0, 0x0, 0x6, 0xc0, 0x0, 0x0,
    0x4f, 0xff, 0x38, 0xee, 0xee, 0xee, 0xee, 0xe1,
    0x0, 0xe, 0x30, 0x12, 0x22, 0x22, 0x22, 0x0,
    0x0, 0xe, 0x30, 0x6e, 0xbb, 0xbb, 0xdd, 0x0,
    0x0, 0xe, 0x30, 0x6b, 0x0, 0x0, 0x5d, 0x0,
    0x0, 0xe, 0x30, 0x6f, 0xcc, 0xcc, 0xdd, 0x0,
    0x0, 0xe, 0x35, 0x6b, 0x0, 0x0, 0x4d, 0x0,
    0x0, 0xf, 0xcb, 0x6f, 0xdd, 0xdd, 0xed, 0x0,
    0x0, 0x6f, 0x70, 0x6b, 0x0, 0x1, 0x6d, 0x0,
    0x0, 0x33, 0x0, 0x6b, 0x0, 0x3e, 0xe7, 0x0,

    /* U+8BFB "读" */
    0x0, 0x81, 0x0, 0x0, 0x3, 0xe0, 0x0, 0x0,
    0x0, 0x8d, 0x10, 0x8f, 0xff, 0xff, 0xff, 0x30,
    0x0, 0x8, 0xb0, 0x0, 0x4, 0xe0, 0x0, 0x0,
    0x0, 0x0, 0x0, 0x55, 0x58, 0xf5, 0x55, 0x40,
    0x3, 0x33, 0x1, 0xcc, 0xcc, 0xcc, 0xce, 0xb0,
    0x4f, 0xff, 0x20, 0x8, 0x40, 0xa4, 0xb, 0x50,
    0x0, 0xe, 0x20, 0x13, 0xc8, 0xc5, 0xb, 0x0,
    0x0, 0xe, 0x20, 0xaa, 0x13, 0xd4, 0x0, 0x0,
    0x0, 0xe, 0x20, 0x5, 0x80, 0xf4, 0x0, 0x0,
    0x0, 0xe, 0x27, 0xff, 0xff, 0xff, 0xff, 0xf1,
    0x0, 0xe, 0x38, 0x0, 0xb, 0x93, 0x0, 0x0,
    0x0, 0xf, 0xf9, 0x0, 0x8e, 0x1b, 0xb1, 0x0,
    0x0, 0x4f, 0x70, 0x2c, 0xd2, 0x0, 0x7e, 0x30,
    0x0, 0x55, 0x6, 0xf9, 0x0, 0x0, 0x5, 0xe1,
    0x0, 0x0, 0x0, 0x10, 0x0, 0x0, 0x0, 0x10,

    /* U+8D25 "败" */
    0x0, 0x0, 0x0, 0x0, 0x4, 0x50, 0x0, 0x0,
    0xb, 0xff, 0xff, 0xe0, 0xa, 0x80, 0x0, 0x0,
    0xb, 0x41, 0x13, 0xe0, 0xe, 0x50, 0x0, 0x0,
    0xb, 0x30, 0x31, 0xe0, 0x2f, 0x75, 0x55, 0x50,
    0xb, 0x33, 0xc1, 0xe0, 0x7e, 0xbb, 0xce, 0xa0,
    0xb, 0x33, 0xc1, 0xe0, 0xe6, 0x0, 0x69, 0x0,
    0xb, 0x33, 0xc1, 0xe6, 0xf6, 0x0, 0x96, 0x0,
    0xb, 0x33, 0xc1, 0xe7, 0x9c, 0x0, 0xd2, 0x0,
    0xb, 0x34, 0xc1, 0xe0, 0xe, 0x32, 0xe0, 0x0,
    0xb, 0x35, 0xb1, 0xe0, 0x6, 0xc9, 0x70, 0x0,
    0x8, 0x29, 0x71, 0x90, 0x0, 0xcf, 0x10, 0x0,
    0x0, 0x1e, 0x6a, 0x0, 0x0, 0xcf, 0x30, 0x0,
    0x0, 0xa9, 0xc, 0x60, 0xa, 0xc6, 0xe3, 0x0,
    0x1b, 0xc1, 0x2, 0xf3, 0xcc, 0x10, 0x6f, 0x80,
    0x28, 0x0, 0x0, 0x33, 0x80, 0x0, 0x3, 0x80,

    /* U+8D28 "质" */
    0x0, 0x0, 0x0, 0x0, 0x0, 0x0, 0x0, 0x0,
    0x0, 0x12, 0x34, 0x56, 0x89, 0xbe, 0xfb, 0x0,
    0x0, 0xde, 0xdc, 0xb9, 0xbe, 0x43, 0x0, 0x0,
    0x0, 0xd5, 0x0, 0x0, 0x6c, 0x0, 0x0, 0x0,
    0x0, 0xdf, 0xff, 0xff, 0xff, 0xff, 0xff, 0xf0,
    0x0, 0xd6, 0x11, 0x11, 0xa9, 0x11, 0x11, 0x10,
    0x0, 0xd5, 0x2, 0x22, 0xb8, 0x22, 0x22, 0x0,
    0x0, 0xe4, 0x3f, 0xff, 0xff, 0xff, 0xfe, 0x0,
    0x0, 0xf3, 0x3e, 0x0, 0x15, 0x0, 0x4e, 0x0,
    0x0, 0xf2, 0x3e, 0x0, 0x4e, 0x0, 0x4e, 0x0,
    0x1, 0xf0, 0x3e, 0x0, 0x5d, 0x0, 0x4e, 0x0,
    0x5, 0xd0, 0x3e, 0x0, 0xaa, 0x0, 0x4e, 0x0,
    0x9, 0x90, 0x14, 0x6, 0xf3, 0x82, 0x15, 0x0,
    0xe, 0x40, 0x3, 0xbe, 0x41, 0x7e, 0xb3, 0x0,
    0x4d, 0x4, 0xee, 0x81, 0x0, 0x0, 0x6e, 0x90,
    0x0, 0x0, 0x40, 0x0, 0x0, 0x0, 0x0, 0x10,

    /* U+8D44 "资" */
    0x0, 0x0, 0x0, 0x1, 0x30, 0x0, 0x0, 0x0,
    0x4, 0xa3, 0x0, 0xb, 0x80, 0x0, 0x0, 0x0,
    0x1, 0x7e, 0xb1, 0x4f, 0xff, 0xff, 0xff, 0x80,
    0x0, 0x0, 0x84, 0xf4, 0x9, 0xa0, 0x1f, 0x20,
    0x0, 0x0, 0x17, 0x50, 0x2f, 0xe2, 0x37, 0x0,
    0x2, 0x6b, 0xf7, 0x2, 0xd6, 0x3d, 0x60, 0x0,
    0xf, 0xb6, 0x13, 0x9e, 0x70, 0x2, 0xce, 0x80,
    0x0, 0x0, 0x4, 0x81, 0x0, 0x0, 0x3, 0x60,
    0x0, 0xf, 0xff, 0xff, 0xff, 0xff, 0xf3, 0x0,
    0x0, 0xf, 0x32, 0x25, 0x62, 0x22, 0xf3, 0x0,
    0x0, 0xf, 0x10, 0xb, 0x70, 0x0, 0xf3, 0x0,
    0x0, 0xf, 0x10, 0x2f, 0x20, 0x0, 0xf3, 0x0,
    0x0, 0x7, 0x1, 0xd8, 0x7e, 0x83, 0x51, 0x0,
    0x0, 0x3, 0x8f, 0x90, 0x3, 0x9e, 0xd7, 0x0,
    0xc, 0xfd, 0x82, 0x0, 0x0, 0x0, 0x5d, 0xa0,
    0x2, 0x0, 0x0, 0x0, 0x0, 0x0, 0x0, 0x0,

    /* U+8DDD "距" */
    0xc, 0xff, 0xff, 0x9c, 0xff, 0xff, 0xff, 0x90,
    0xc4, 0x0, 0x79, 0xc7, 0x22, 0x22, 0x21, 0xc,
    0x30, 0x7, 0x9c, 0x50, 0x0, 0x0, 0x0, 0xc3,
    0x0, 0x79, 0xc5, 0x0, 0x0, 0x0, 0xc, 0xff,
    0xff, 0x9c, 0xff, 0xff, 0xfe, 0x0, 0x1, 0x5c,
    0x10, 0xc6, 0x11, 0x14, 0xe0, 0x2, 0x4, 0xc0,
    0xc, 0x50, 0x0, 0x2e, 0x0, 0xc3, 0x4e, 0x66,
    0xc5, 0x0, 0x2, 0xe0, 0xc, 0x34, 0xeb, 0x9c,
    0x95, 0x55, 0x7e, 0x0, 0xc3, 0x4c, 0x0, 0xcd,
    0xcc, 0xcc, 0xb0, 0xc, 0x34, 0xc0, 0xc, 0x50,
    0x0, 0x0, 0x0, 0xc4, 0x6e, 0xad, 0xc5, 0x0,
    0x0, 0x0, 0x4e, 0xfe, 0xa6, 0x1c, 0x95, 0x55,
    0x55, 0x54, 0x73, 0x0, 0x0, 0xac, 0xcc, 0xcc,
    0xcb,

    /* U+8F7B "轻" */
    0x0, 0x9, 0x30, 0x0, 0x0, 0x0, 0x0, 0x0,
    0x0, 0xe, 0x40, 0x4, 0xff, 0xff, 0xff, 0x60,
    0x4, 0x4f, 0x54, 0x30, 0x11, 0x11, 0x7f, 0x30,
    0x1d, 0xef, 0xdd, 0xc0, 0x0, 0x2, 0xf8, 0x0,
    0x0, 0x88, 0x30, 0x0, 0x0, 0x3e, 0xb0, 0x0,
    0x0, 0xd2, 0xf2, 0x0, 0x6, 0xff, 0xb2, 0x0,
    0x2, 0xd0, 0xf2, 0x3, 0xbf, 0x82, 0xaf, 0x80,
    0xa, 0xd9, 0xfa, 0x7d, 0xb3, 0x0, 0x3, 0xd3,
    0x8, 0x99, 0xfa, 0x71, 0x22, 0x22, 0x22, 0x20,
    0x0, 0x0, 0xf2, 0x3, 0xff, 0xff, 0xff, 0xb0,
    0x0, 0x0, 0xf7, 0x70, 0x0, 0x3e, 0x0, 0x0,
    0x19, 0xcf, 0xfc, 0x80, 0x0, 0x3e, 0x0, 0x0,
    0x8, 0x52, 0xf2, 0x0, 0x0, 0x3e, 0x0, 0x0,
    0x0, 0x0, 0xf2, 0x1, 0x11, 0x5e, 0x11, 0x10,
    0x0, 0x0, 0xf2, 0x2f, 0xff, 0xff, 0xff, 0xf7,

    /* U+8F7D "载" */
    0x0, 0x0, 0x0, 0x0, 0x0, 0x0, 0x0, 0x0,
    0x0, 0x0, 0x3e, 0x0, 0x4, 0xe0, 0x91, 0x0,
    0x4, 0xff, 0xff, 0xff, 0xa3, 0xe0, 0x5e, 0x20,
    0x0, 0x0, 0x3e, 0x0, 0x3, 0xe0, 0x4, 0x10,
    0x1e, 0xee, 0xff, 0xee, 0xee, 0xfe, 0xee, 0xe2,
    0x0, 0x3, 0xc1, 0x0, 0x2, 0xf1, 0x0, 0x0,
    0x0, 0x7, 0xc0, 0x0, 0x0, 0xf2, 0xa, 0x30,
    0xc, 0xff, 0xfe, 0xee, 0xe4, 0xe3, 0x1f, 0x10,
    0x0, 0x5d, 0x9, 0x70, 0x0, 0xd5, 0x6b, 0x0,
    0x1, 0xd8, 0x3b, 0x93, 0x30, 0xa7, 0xd4, 0x0,
    0x3, 0xdc, 0xce, 0xec, 0xc0, 0x7e, 0xc0, 0x0,
    0x0, 0x0, 0xa, 0x70, 0x0, 0x4f, 0x30, 0x20,
    0x7, 0x8a, 0xbe, 0xee, 0xe5, 0xcf, 0x50, 0xa4,
    0x6, 0x65, 0x3b, 0x70, 0x1b, 0xa6, 0xe5, 0xe2,
    0x0, 0x0, 0xa, 0x70, 0x99, 0x0, 0x8f, 0xa0,
    0x0, 0x0, 0x0, 0x0, 0x0, 0x0, 0x0, 0x0,

    /* U+8F93 "输" */
    0x0, 0x0, 0x0, 0x0, 0x0, 0x0, 0x0, 0x0,
    0x0, 0x5c, 0x0, 0x0, 0x0, 0xc8, 0x0, 0x0,
    0x3, 0x9b, 0x33, 0x0, 0x1b, 0xce, 0x50, 0x0,
    0x1d, 0xfe, 0xdc, 0x5, 0xda, 0x2, 0xd8, 0x0,
    0x0, 0xe3, 0x21, 0xbf, 0xc4, 0x33, 0x5d, 0xe5,
    0x1, 0xd6, 0xa0, 0x82, 0xbb, 0xbb, 0xb9, 0x32,
    0x6, 0x86, 0xa0, 0x17, 0x77, 0x70, 0x0, 0xd0,
    0xd, 0xab, 0xd7, 0x2f, 0x99, 0xf1, 0xe0, 0xf0,
    0xa, 0x9c, 0xd8, 0x2e, 0x11, 0xe1, 0xe0, 0xf0,
    0x0, 0x6, 0xa0, 0x2f, 0xcc, 0xf1, 0xe0, 0xf0,
    0x0, 0x7, 0xd9, 0x2e, 0x0, 0xe1, 0xe0, 0xf0,
    0x1b, 0xff, 0xd6, 0x2f, 0xee, 0xf1, 0xe0, 0xf0,
    0x6, 0x26, 0xa0, 0x2e, 0x0, 0xe1, 0xa0, 0xf0,
    0x0, 0x6, 0xa0, 0x2e, 0x0, 0xe1, 0x0, 0xf0,
    0x0, 0x6, 0xa0, 0x2d, 0xe, 0xc0, 0x9e, 0xa0,

    /* U+8FC7 "过" */
    0x2, 0x50, 0x0, 0x0, 0x0, 0x7, 0xb0, 0x0,
    0x3, 0xe6, 0x0, 0x0, 0x0, 0x7, 0xb0, 0x0,
    0x0, 0x3f, 0x43, 0x44, 0x44, 0x4a, 0xc4, 0x40,
    0x0, 0x4, 0x18, 0xdd, 0xdd, 0xde, 0xfd, 0xc0,
    0x0, 0x0, 0x0, 0x0, 0x0, 0x7, 0xb0, 0x0,
    0x3, 0x33, 0x0, 0x76, 0x0, 0x7, 0xb0, 0x0,
    0x2e, 0xef, 0x30, 0x2f, 0x40, 0x7, 0xb0, 0x0,
    0x0, 0xe, 0x30, 0x6, 0xe1, 0x7, 0xb0, 0x0,
    0x0, 0xe, 0x30, 0x0, 0x60, 0x7, 0xb0, 0x0,
    0x0, 0xe, 0x30, 0x0, 0x0, 0x7, 0xb0, 0x0,
    0x0, 0x1f, 0x40, 0x0, 0x4e, 0xef, 0x70, 0x0,
    0x2, 0xdf, 0xe3, 0x0, 0x4, 0x31, 0x0, 0x0,
    0x1d, 0xc2, 0x8f, 0xc6, 0x54, 0x45, 0x56, 0x72,
    0x1c, 0x10, 0x2, 0x8b, 0xcd, 0xdd, 0xdc, 0xb1,
    0x0, 0x0, 0x0, 0x0, 0x0, 0x0, 0x0, 0x0,

    /* U+8FD0 "运" */
    0x0, 0x0, 0x0, 0x0, 0x0, 0x0, 0x0, 0x0,
    0x9, 0xb1, 0x0, 0xef, 0xff, 0xff, 0xff, 0x10,
    0x0, 0xbe, 0x30, 0x11, 0x11, 0x11, 0x11, 0x0,
    0x0, 0x9, 0x60, 0x0, 0x0, 0x0, 0x0, 0x0,
    0x0, 0x0, 0x0, 0x0, 0x0, 0x0, 0x0, 0x0,
    0x0, 0x0, 0xf, 0xff, 0xff, 0xff, 0xff, 0xf3,
    0x4f, 0xff, 0x3, 0x33, 0xe9, 0x33, 0x33, 0x30,
    0x2, 0x3f, 0x0, 0x5, 0xf1, 0xb, 0x40, 0x0,
    0x0, 0x1f, 0x0, 0xc, 0x80, 0x6, 0xd0, 0x0,
    0x0, 0x1f, 0x0, 0x5e, 0x0, 0x0, 0xc7, 0x0,
    0x0, 0x1f, 0x2, 0xec, 0x9a, 0xbc, 0xef, 0x10,
    0x0, 0x1f, 0x2, 0xca, 0x97, 0x64, 0x3a, 0x90,
    0x0, 0x8f, 0x80, 0x0, 0x0, 0x0, 0x1, 0x0,
    0xa, 0xd4, 0xad, 0x73, 0x21, 0x12, 0x24, 0x52,
    0x2e, 0x20, 0x4, 0xae, 0xff, 0xff, 0xff, 0xe2,
    0x0, 0x0, 0x0, 0x0, 0x1, 0x0, 0x0, 0x0,

    /* U+8FDB "进" */
    0x5, 0xa0, 0x0, 0x4, 0xd0, 0x7, 0xa0, 0x0,
    0x0, 0xca, 0x0, 0x4, 0xd0, 0x7, 0xa0, 0x0,
    0x0, 0x1e, 0x62, 0x48, 0xe4, 0x4a, 0xc4, 0x30,
    0x0, 0x2, 0x7, 0xde, 0xfd, 0xde, 0xfd, 0xa0,
    0x0, 0x0, 0x0, 0x4, 0xd0, 0x7, 0xa0, 0x0,
    0x6, 0x66, 0x10, 0x4, 0xd0, 0x7, 0xa0, 0x0,
    0x1b, 0xbf, 0x33, 0x48, 0xe4, 0x4a, 0xc4, 0x40,
    0x0, 0xe, 0x39, 0xde, 0xfd, 0xde, 0xfd, 0xd0,
    0x0, 0xe, 0x30, 0xa, 0x70, 0x7, 0xa0, 0x0,
    0x0, 0xe, 0x30, 0x2f, 0x20, 0x7, 0xa0, 0x0,
    0x0, 0xe, 0x31, 0xda, 0x0, 0x7, 0xa0, 0x0,
    0x0, 0x7f, 0x91, 0x90, 0x0, 0x5, 0x80, 0x0,
    0xa, 0xc1, 0x8d, 0x73, 0x10, 0x11, 0x23, 0x52,
    0x1d, 0x10, 0x3, 0xae, 0xff, 0xff, 0xff, 0xe1,
    0x0, 0x0, 0x0, 0x0, 0x0, 0x0, 0x0, 0x0,

    /* U+8FDE "连" */
    0x0, 0x10, 0x0, 0x0, 0x42, 0x0, 0x0, 0x0,
    0x5, 0xe1, 0x0, 0x0, 0xe5, 0x0, 0x0, 0x0,
    0x0, 0x9d, 0xa, 0xde, 0xfe, 0xdd, 0xdd, 0x90,
    0x0, 0xd, 0x42, 0x2c, 0x92, 0x22, 0x22, 0x20,
    0x0, 0x0, 0x0, 0x2f, 0x10, 0xf2, 0x0, 0x0,
    0x1, 0x11, 0x0, 0xa9, 0x0, 0xf2, 0x0, 0x0,
    0x3f, 0xff, 0x3, 0xff, 0xff, 0xff, 0xff, 0x30,
    0x0, 0x2f, 0x0, 0x42, 0x23, 0xf4, 0x22, 0x0,
    0x0, 0x2f, 0x0, 0x0, 0x0, 0xf2, 0x0, 0x0,
    0x0, 0x2f, 0x9, 0xaa, 0xaa, 0xfb, 0xaa, 0xa0,
    0x0, 0x2f, 0x7, 0x77, 0x78, 0xf9, 0x77, 0x70,
    0x0, 0x2f, 0x0, 0x0, 0x0, 0xf2, 0x0, 0x0,
    0x1, 0xaf, 0x60, 0x0, 0x0, 0xf2, 0x0, 0x0,
    0xc, 0xb4, 0xdc, 0x63, 0x21, 0x63, 0x24, 0x63,
    0x3e, 0x10, 0x6, 0xcf, 0xff, 0xff, 0xff, 0xf3,
    0x1, 0x0, 0x0, 0x0, 0x1, 0x10, 0x0, 0x0,

    /* U+9177 "酷" */
    0x1f, 0xff, 0xff, 0xf9, 0xe, 0xe, 0x30, 0x0,
    0x0, 0x2c, 0x3c, 0x0, 0x4d, 0xe, 0x30, 0x0,
    0x0, 0x2c, 0x3b, 0x0, 0x7f, 0xff, 0xff, 0xf2,
    0xc, 0xff, 0xff, 0xf6, 0xd5, 0x1e, 0x51, 0x10,
    0xc, 0x3b, 0x56, 0xa7, 0xb0, 0xe, 0x30, 0x0,
    0xc, 0x2a, 0x46, 0x97, 0x55, 0x5e, 0x75, 0x52,
    0xc, 0x4a, 0x46, 0x97, 0xbb, 0xbb, 0xbb, 0xb5,
    0xc, 0xb3, 0x2c, 0xe6, 0x0, 0x0, 0x0, 0x0,
    0xc, 0x60, 0x0, 0x96, 0x8e, 0xee, 0xee, 0xd0,
    0xc, 0xba, 0xaa, 0xe6, 0x98, 0x11, 0x13, 0xf0,
    0xc, 0x53, 0x33, 0xb6, 0x97, 0x0, 0x2, 0xf0,
    0xc, 0x41, 0x11, 0xa6, 0x97, 0x0, 0x2, 0xf0,
    0xc, 0xdd, 0xdd, 0xf6, 0x9e, 0xdd, 0xde, 0xf0,
    0xc, 0x20, 0x0, 0x85, 0x99, 0x33, 0x35, 0xf0,
    0x0, 0x0, 0x0, 0x0, 0x0, 0x0, 0x0, 0x0,

    /* U+9519 "错" */
    0x0, 0x5a, 0x0, 0x0, 0x2d, 0x0, 0xf0, 0x0,
    0x0, 0xc9, 0x33, 0x10, 0x3e, 0x11, 0xf1, 0x10,
    0x7, 0xfd, 0xdd, 0x6c, 0xff, 0xff, 0xff, 0xe0,
    0x2f, 0x30, 0x0, 0x0, 0x2d, 0x0, 0xf0, 0x0,
    0x6, 0xaa, 0xaa, 0x21, 0x3e, 0x12, 0xf2, 0x10,
    0x1, 0x5d, 0x95, 0x4f, 0xff, 0xff, 0xff, 0xf4,
    0x0, 0xb, 0x50, 0x0, 0x0, 0x0, 0x0, 0x0,
    0x4, 0x4c, 0x84, 0x21, 0x99, 0x99, 0x99, 0x10,
    0xb, 0xcf, 0xdc, 0x62, 0xf7, 0x77, 0x7f, 0x30,
    0x0, 0xb, 0x50, 0x2, 0xe0, 0x0, 0xe, 0x30,
    0x0, 0xb, 0x50, 0x2, 0xfe, 0xee, 0xef, 0x30,
    0x0, 0xb, 0x67, 0x42, 0xe0, 0x0, 0xe, 0x30,
    0x0, 0xe, 0xfa, 0x22, 0xf3, 0x33, 0x3f, 0x30,
    0x0, 0x3a, 0x20, 0x2, 0xfb, 0xbb, 0xbe, 0x20,

    /* U+955C "镜" */
    0x0, 0x25, 0x0, 0x0, 0x0, 0x81, 0x0, 0x0,
    0x0, 0xa9, 0x0, 0x6, 0x66, 0xdb, 0x66, 0x50,
    0x1, 0xfd, 0xcc, 0x18, 0xaa, 0x88, 0xb9, 0x60,
    0xc, 0xa4, 0x44, 0x0, 0x6a, 0x0, 0xd4, 0x0,
    0x3d, 0x0, 0x0, 0x39, 0xad, 0x9a, 0xf9, 0x90,
    0x6, 0xff, 0xfd, 0x26, 0x66, 0x66, 0x66, 0x60,
    0x0, 0x2e, 0x51, 0x7, 0xbb, 0xbb, 0xbb, 0x40,
    0x0, 0xd, 0x30, 0xa, 0x82, 0x22, 0x2b, 0x60,
    0xa, 0xaf, 0xba, 0x3a, 0xdc, 0xcc, 0xce, 0x60,
    0x7, 0x7e, 0x97, 0x2a, 0x60, 0x0, 0xa, 0x60,
    0x0, 0xd, 0x30, 0xa, 0xed, 0xdd, 0xdf, 0x60,
    0x0, 0xd, 0x30, 0x0, 0x2f, 0x9, 0x80, 0x0,
    0x0, 0xe, 0x9e, 0x40, 0x7b, 0x9, 0x80, 0x41,
    0x0, 0x4f, 0xd4, 0x5, 0xf4, 0x9, 0x80, 0xb4,
    0x0, 0x69, 0x1, 0xec, 0x40, 0x5, 0xfe, 0xe0,
    0x0, 0x0, 0x0, 0x10, 0x0, 0x0, 0x0, 0x0,

    /* U+95ED "闭" */
    0x7, 0x10, 0x0, 0x0, 0x0, 0x0, 0x0, 0x9,
    0xc0, 0x4f, 0xff, 0xff, 0xff, 0xfb, 0x0, 0xd7,
    0x1, 0x11, 0x11, 0x11, 0x7b, 0x0, 0x45, 0x0,
    0x0, 0x20, 0x0, 0x6b, 0x4d, 0x0, 0x0, 0x0,
    0xe5, 0x0, 0x6b, 0x4d, 0x2, 0x22, 0x22, 0xe7,
    0x21, 0x6b, 0x4d, 0xe, 0xff, 0xff, 0xff, 0xf9,
    0x6b, 0x4d, 0x0, 0x0, 0x1e, 0xf5, 0x0, 0x6b,
    0x4d, 0x0, 0x0, 0xba, 0xe5, 0x0, 0x6b, 0x4d,
    0x0, 0xb, 0xb0, 0xe5, 0x0, 0x6b, 0x4d, 0x3,
    0xdc, 0x10, 0xe5, 0x0, 0x6b, 0x4d, 0x4f, 0x70,
    0x0, 0xe5, 0x0, 0x6b, 0x4d, 0x2, 0x1, 0x23,
    0xf5, 0x0, 0x6b, 0x4d, 0x0, 0x2, 0xfe, 0xb1,
    0x1, 0x8b, 0x4d, 0x0, 0x0, 0x0, 0x0, 0x3f,
    0xe6,

    /* U+95F2 "闲" */
    0x5, 0x0, 0x0, 0x0, 0x0, 0x0, 0x0, 0xd,
    0x70, 0xaf, 0xff, 0xff, 0xff, 0xf3, 0x2, 0xf4,
    0x11, 0x11, 0x11, 0x11, 0xe3, 0x0, 0x78, 0x0,
    0x0, 0x0, 0x0, 0xe3, 0xd4, 0x0, 0x0, 0xe2,
    0x0, 0x0, 0xe3, 0xd4, 0x0, 0x0, 0xe2, 0x0,
    0x0, 0xe3, 0xd4, 0x8e, 0xee, 0xff, 0xee, 0xe1,
    0xe3, 0xd4, 0x1, 0x1c, 0xfe, 0x21, 0x10, 0xe3,
    0xd4, 0x0, 0x5d, 0xfa, 0xd1, 0x0, 0xe3, 0xd4,
    0x1, 0xe3, 0xe2, 0xac, 0x0, 0xe3, 0xd4, 0x2d,
    0x70, 0xe2, 0xc, 0x90, 0xe3, 0xd4, 0xa7, 0x0,
    0xe2, 0x1, 0x50, 0xe3, 0xd4, 0x0, 0x0, 0xe2,
    0x0, 0x0, 0xe3, 0xd4, 0x0, 0x0, 0xc1, 0x1,
    0x22, 0xf3, 0xd4, 0x0, 0x0, 0x0, 0x8, 0xff,
    0xb0, 0x0, 0x0, 0x0, 0x0, 0x0, 0x0, 0x0,

    /* U+95F4 "间" */
    0x6, 0x20, 0x0, 0x0, 0x0, 0x0, 0x0, 0x8,
    0xd0, 0xf, 0xff, 0xff, 0xff, 0xfe, 0x0, 0xc8,
    0x1, 0x11, 0x11, 0x11, 0x6e, 0x0, 0x10, 0x0,
    0x0, 0x0, 0x0, 0x4e, 0x4e, 0x0, 0x0, 0x0,
    0x0, 0x0, 0x4e, 0x4e, 0x0, 0xde, 0xee, 0xee,
    0x30, 0x4e, 0x4e, 0x0, 0xe2, 0x0, 0xe, 0x30,
    0x4e, 0x4e, 0x0, 0xe2, 0x0, 0xe, 0x30, 0x4e,
    0x4e, 0x0, 0xef, 0xff, 0xff, 0x30, 0x4e, 0x4e,
    0x0, 0xe2, 0x0, 0xe, 0x30, 0x4e, 0x4e, 0x0,
    0xe2, 0x0, 0xe, 0x30, 0x4e, 0x4e, 0x0, 0xed,
    0xcc, 0xcf, 0x30, 0x4e, 0x4e, 0x0, 0x22, 0x22,
    0x22, 0x0, 0x4e, 0x4e, 0x0, 0x0, 0x0, 0x0,
    0x1, 0x6e, 0x4e, 0x0, 0x0, 0x0, 0x0, 0xf,
    0xf8,

    /* U+9634 "阴" */
    0x0, 0x0, 0x0, 0x0, 0x0, 0x0, 0x0, 0xcf,
    0xff, 0xf2, 0x3e, 0xee, 0xee, 0xe3, 0xc6, 0x15,
    0xe0, 0x3e, 0x33, 0x33, 0xf3, 0xc4, 0xa, 0x90,
    0x3e, 0x0, 0x0, 0xe3, 0xc4, 0xf, 0x20, 0x3e,
    0x0, 0x0, 0xe3, 0xc4, 0x6d, 0x0, 0x3f, 0xff,
    0xff, 0xf3, 0xc4, 0x1e, 0x40, 0x3e, 0x11, 0x11,
    0xe3, 0xc4, 0x5, 0xd0, 0x4e, 0x0, 0x0, 0xe3,
    0xc4, 0x1, 0xf0, 0x4e, 0x33, 0x33, 0xf3, 0xc4,
    0x1, 0xf1, 0x5f, 0xdd, 0xdd, 0xf3, 0xc4, 0x9e,
    0xc0, 0x89, 0x0, 0x0, 0xe3, 0xc4, 0x23, 0x0,
    0xc5, 0x0, 0x0, 0xe3, 0xc4, 0x0, 0x3, 0xf1,
    0x0, 0x0, 0xe3, 0xc4, 0x0, 0xc, 0x90, 0x0,
    0x34, 0xf3, 0xc4, 0x0, 0x5d, 0x10, 0x0, 0xae,
    0xb0, 0x0, 0x0, 0x0, 0x0, 0x0, 0x0, 0x0,

    /* U+9635 "阵" */
    0x0, 0x0, 0x0, 0x0, 0x37, 0x0, 0x0, 0x4,
    0xff, 0xff, 0x20, 0x7, 0xc0, 0x0, 0x0, 0x4d,
    0x16, 0xe1, 0x44, 0xcb, 0x44, 0x44, 0x14, 0xc0,
    0xb7, 0x5c, 0xdf, 0xdc, 0xcc, 0xc4, 0x4c, 0x1f,
    0x10, 0x5, 0xd0, 0x30, 0x0, 0x4, 0xc7, 0xc0,
    0x0, 0xc5, 0x1f, 0x0, 0x0, 0x4c, 0x1e, 0x40,
    0x3e, 0x1, 0xf0, 0x0, 0x4, 0xc0, 0x5c, 0xc,
    0xfd, 0xdf, 0xdd, 0xd1, 0x4c, 0x1, 0xf0, 0x44,
    0x45, 0xf4, 0x44, 0x4, 0xc0, 0xf, 0x10, 0x0,
    0x1f, 0x0, 0x0, 0x4c, 0x7b, 0xd0, 0x0, 0x1,
    0xf0, 0x0, 0x4, 0xc5, 0x71, 0x8f, 0xff, 0xff,
    0xff, 0xf8, 0x4c, 0x0, 0x1, 0x22, 0x24, 0xf3,
    0x22, 0x14, 0xc0, 0x0, 0x0, 0x0, 0x1f, 0x0,
    0x0, 0x4c, 0x0, 0x0, 0x0, 0x1, 0xf0, 0x0,
    0x0,

    /* U+9640 "陀" */
    0x0, 0x0, 0x0, 0x0, 0x54, 0x0, 0x0, 0xef,
    0xff, 0xc0, 0x0, 0x6d, 0x0, 0x0, 0xe5, 0x1a,
    0x90, 0x0, 0x1d, 0x20, 0x0, 0xe3, 0xe, 0x3f,
    0xff, 0xff, 0xff, 0xfc, 0xe3, 0x5c, 0xf, 0x20,
    0x0, 0x0, 0x5c, 0xe3, 0xb6, 0xd, 0x4a, 0x0,
    0x0, 0x4b, 0xe3, 0x6c, 0x0, 0x3e, 0x0, 0x0,
    0x10, 0xe3, 0xa, 0x70, 0x3e, 0x0, 0x5d, 0xc0,
    0xe3, 0x5, 0xb0, 0x3f, 0x7d, 0xd5, 0x0, 0xe3,
    0x5, 0xd0, 0x3f, 0x93, 0x0, 0x0, 0xe4, 0xcf,
    0x80, 0x3e, 0x0, 0x0, 0x0, 0xe3, 0x32, 0x0,
    0x3e, 0x0, 0x0, 0x25, 0xe3, 0x0, 0x0, 0x3e,
    0x0, 0x0, 0x4d, 0xe3, 0x0, 0x0, 0x2f, 0x64,
    0x44, 0xaa, 0xe3, 0x0, 0x0, 0x8, 0xcd, 0xdd,
    0xb2,

    /* U+9645 "际" */
    0x0, 0x0, 0x0, 0x0, 0x0, 0x0, 0x0, 0xcf,
    0xff, 0xd0, 0x22, 0x22, 0x22, 0x20, 0xc6, 0x17,
    0xd0, 0xcf, 0xff, 0xff, 0xf1, 0xc5, 0xb, 0x70,
    0x0, 0x0, 0x0, 0x0, 0xc5, 0xf, 0x10, 0x0,
    0x0, 0x0, 0x0, 0xc5, 0x3b, 0x1, 0x22, 0x22,
    0x22, 0x22, 0xc5, 0x3d, 0x18, 0xff, 0xff, 0xff,
    0xfe, 0xc5, 0x9, 0x80, 0x0, 0x1f, 0x0, 0x0,
    0xc5, 0x4, 0xd0, 0x33, 0x1f, 0x4, 0x10, 0xc5,
    0x3, 0xe0, 0xc6, 0x1f, 0x8, 0x90, 0xc5, 0x8e,
    0xa1, 0xf1, 0x1f, 0x1, 0xf1, 0xc5, 0x23, 0x9,
    0x90, 0x1f, 0x0, 0xb6, 0xc5, 0x0, 0x3f, 0x10,
    0x1f, 0x0, 0x6c, 0xc5, 0x0, 0x3, 0x3, 0x5f,
    0x0, 0x13, 0xc5, 0x0, 0x0, 0xe, 0xea, 0x0,
    0x0,

    /* U+968F "随" */
    0x0, 0x0, 0x0, 0x0, 0x7, 0x20, 0x0, 0xef,
    0xfe, 0x10, 0x0, 0xf, 0x20, 0x0, 0xe3, 0x5d,
    0xc3, 0x6c, 0xdf, 0xcc, 0xca, 0xe2, 0x88, 0x4c,
    0x13, 0xc8, 0x33, 0x32, 0xe2, 0xd3, 0xc, 0x13,
    0xf1, 0x0, 0x0, 0xe4, 0xf0, 0x0, 0xc, 0xff,
    0xee, 0xf2, 0xe5, 0xe2, 0x33, 0xac, 0xf1, 0x0,
    0xe2, 0xe2, 0x8c, 0xbf, 0x50, 0xed, 0xdd, 0xf2,
    0xe2, 0x2d, 0xc, 0x30, 0xe1, 0x0, 0xe2, 0xe2,
    0xf, 0xc, 0x30, 0xee, 0xdd, 0xf2, 0xe6, 0x9d,
    0xc, 0x30, 0xe1, 0x0, 0xe2, 0xe6, 0x93, 0xc,
    0x30, 0xe1, 0x0, 0xe2, 0xe2, 0x0, 0x3f, 0x80,
    0xc1, 0x1e, 0xb0, 0xe2, 0x2, 0xe4, 0x8b, 0x41,
    0x0, 0x12, 0xe2, 0x5, 0x70, 0x3, 0xbe, 0xff,
    0xfb, 0x0, 0x0, 0x0, 0x0, 0x0, 0x0, 0x0,

    /* U+96F7 "雷" */
    0xf, 0xff, 0xff, 0xff, 0xff, 0xff, 0x90, 0x0,
    0x0, 0x0, 0xe3, 0x0, 0x0, 0x0, 0xde, 0xee,
    0xee, 0xff, 0xee, 0xee, 0xe8, 0xe3, 0x0, 0x0,
    0xe4, 0x0, 0x0, 0x98, 0xe3, 0xdd, 0xd4, 0xe3,
    0xbd, 0xd9, 0x88, 0x71, 0x0, 0x0, 0xe3, 0x0,
    0x0, 0x44, 0x5, 0xdd, 0xd4, 0xe3, 0xbd, 0xdd,
    0x10, 0x0, 0x0, 0x0, 0x20, 0x0, 0x0, 0x0,
    0x8, 0xff, 0xff, 0xff, 0xff, 0xff, 0x30, 0x8,
    0x80, 0x0, 0xe3, 0x0, 0xe, 0x30, 0x8, 0xfe,
    0xee, 0xff, 0xee, 0xef, 0x30, 0x8, 0x80, 0x0,
    0xe3, 0x0, 0xe, 0x30, 0x8, 0x90, 0x0, 0xe4,
    0x0, 0xf, 0x30, 0x8, 0xfd, 0xdd, 0xdd, 0xdd,
    0xdd, 0x30,

    /* U+96F9 "雹" */
    0x0, 0xee, 0xee, 0xef, 0xee, 0xee, 0xe9, 0x0,
    0x0, 0x0, 0x0, 0xe, 0x30, 0x0, 0x0, 0x0,
    0xe, 0xdd, 0xdd, 0xdf, 0xdd, 0xdd, 0xde, 0x80,
    0xe, 0x35, 0x55, 0x1e, 0x34, 0x55, 0x38, 0x80,
    0xb, 0x26, 0x66, 0x1e, 0x35, 0x66, 0x47, 0x70,
    0x0, 0x4c, 0xcb, 0x3e, 0x3a, 0xbb, 0xb0, 0x0,
    0x0, 0x7, 0xd0, 0x1, 0x0, 0x0, 0x0, 0x0,
    0x0, 0x2f, 0xee, 0xee, 0xee, 0xee, 0xf8, 0x0,
    0x3, 0xe7, 0x0, 0x0, 0x0, 0x0, 0xa7, 0x0,
    0x2f, 0x8f, 0xcc, 0xcc, 0xdd, 0x0, 0xc6, 0x0,
    0x3, 0xe, 0x20, 0x0, 0x5d, 0x24, 0xf3, 0x0,
    0x0, 0xe, 0xcb, 0xbb, 0xba, 0x6d, 0x90, 0x50,
    0x0, 0xe, 0x30, 0x0, 0x0, 0x0, 0x5, 0xe0,
    0x0, 0x6, 0xee, 0xee, 0xee, 0xee, 0xfe, 0x50,

    /* U+96FE "雾" */
    0x1, 0xdd, 0xdd, 0xdf, 0xdd, 0xdd, 0xd6, 0x0,
    0x2, 0x22, 0x22, 0x2e, 0x52, 0x22, 0x22, 0x0,
    0xe, 0xa9, 0x99, 0x9f, 0xb9, 0x99, 0x9e, 0x40,
    0xe, 0x39, 0x99, 0x1e, 0x38, 0x88, 0x5d, 0x40,
    0xb, 0x3a, 0xaa, 0x2e, 0x3a, 0xbb, 0x6a, 0x30,
    0x0, 0x0, 0x46, 0x8, 0x20, 0x0, 0x0, 0x0,
    0x0, 0x7, 0xfe, 0xdd, 0xdd, 0xdd, 0xb0, 0x0,
    0x5, 0xeb, 0xc5, 0x0, 0x3, 0xab, 0x10, 0x0,
    0x1, 0x20, 0x3c, 0xfb, 0xef, 0x83, 0x21, 0x0,
    0x4c, 0xee, 0xc9, 0x64, 0x57, 0xab, 0xcd, 0xa0,
    0x2, 0x0, 0x0, 0x6d, 0x0, 0x0, 0x0, 0x0,
    0x0, 0xdd, 0xde, 0xfe, 0xdd, 0xde, 0xd0, 0x0,
    0x0, 0x1, 0x5c, 0x90, 0x0, 0x6, 0xa0, 0x0,
    0x7, 0xec, 0x83, 0x0, 0xd, 0xee, 0x40, 0x0,
    0x0, 0x0, 0x0, 0x0, 0x0, 0x0, 0x0, 0x0,

    /* U+9730 "霰" */
    0x0, 0xbc, 0xcc, 0xce, 0xec, 0xcc, 0xcb, 0x0,
    0x0, 0x11, 0x11, 0x1a, 0x91, 0x11, 0x11, 0x0,
    0xb, 0xca, 0xaa, 0xad, 0xda, 0xaa, 0xac, 0xb0,
    0xb, 0x59, 0x99, 0x49, 0x95, 0x99, 0x95, 0xb0,
    0x7, 0x39, 0xaa, 0x49, 0x96, 0xaa, 0x93, 0x80,
    0x0, 0x12, 0x1, 0x25, 0x50, 0x20, 0x0, 0x0,
    0x5, 0xad, 0x7b, 0xc7, 0x5, 0xc0, 0x0, 0x0,
    0x2, 0x7c, 0x39, 0xa3, 0xc, 0xfe, 0xee, 0xe0,
    0x1b, 0xbc, 0xbc, 0xcb, 0x9f, 0x70, 0x7b, 0x0,
    0x0, 0xaa, 0xaa, 0xa4, 0xd6, 0xe1, 0xd6, 0x0,
    0x1, 0xf4, 0x44, 0xc6, 0x0, 0x9d, 0xe0, 0x0,
    0x1, 0xf5, 0x55, 0xc6, 0x0, 0x4f, 0xa0, 0x0,
    0x1, 0xf9, 0x99, 0xe6, 0x18, 0xf8, 0xdc, 0x40,
    0x1, 0xf0, 0xb, 0xe4, 0xda, 0x30, 0x8, 0xe2,
    0x0, 0x0, 0x0, 0x0, 0x0, 0x0, 0x0, 0x0,

    /* U+973E "霾" */
    0x0, 0xbc, 0xcc, 0xcf, 0xdc, 0xcc, 0xc4, 0x0,
    0x45, 0x55, 0x55, 0xf6, 0x55, 0x55, 0x51, 0xe,
    0x87, 0x77, 0x7f, 0x87, 0x77, 0x7d, 0x50, 0xe2,
    0xaa, 0xa4, 0xf2, 0xaa, 0xa5, 0xa5, 0x4, 0x36,
    0x66, 0x2f, 0x26, 0x66, 0x63, 0x10, 0x0, 0x27,
    0xa1, 0x81, 0x11, 0x11, 0x0, 0x29, 0xce, 0xb5,
    0xb, 0xcc, 0xec, 0xce, 0x21, 0x73, 0x4a, 0x8a,
    0xd1, 0xd, 0x10, 0xd2, 0x3, 0xc8, 0xf7, 0xc,
    0xcb, 0xfc, 0xbf, 0x22, 0xb8, 0x4a, 0x90, 0xc6,
    0x5e, 0x65, 0xe2, 0x3, 0x8b, 0x5c, 0x25, 0x66,
    0xf7, 0x66, 0x12, 0x93, 0x3b, 0xc7, 0x9d, 0xdf,
    0xdd, 0xd1, 0x6, 0xa8, 0x19, 0x60, 0x0, 0xf2,
    0x0, 0x1, 0x50, 0x8f, 0xb4, 0xdd, 0xdf, 0xed,
    0xda,

    /* U+9875 "页" */
    0xb, 0xff, 0xff, 0xff, 0xff, 0xff, 0xff, 0xe0,
    0x11, 0x11, 0x12, 0xe7, 0x11, 0x11, 0x11, 0x0,
    0x0, 0x0, 0x2f, 0x10, 0x0, 0x0, 0x0, 0x0,
    0x44, 0x48, 0xd4, 0x44, 0x44, 0x10, 0x0, 0x2f,
    0xdd, 0xdd, 0xdd, 0xdd, 0xf6, 0x0, 0x2, 0xf0,
    0x0, 0x11, 0x0, 0xd, 0x60, 0x0, 0x2f, 0x0,
    0x8, 0xa0, 0x0, 0xd6, 0x0, 0x2, 0xf0, 0x0,
    0x8a, 0x0, 0xd, 0x60, 0x0, 0x2f, 0x0, 0x8,
    0xa0, 0x0, 0xd6, 0x0, 0x2, 0xf0, 0x0, 0xa8,
    0x0, 0xd, 0x60, 0x0, 0x2f, 0x0, 0x1f, 0x53,
    0x0, 0xd6, 0x0, 0x0, 0x20, 0x1c, 0xc1, 0xcd,
    0x51, 0x0, 0x0, 0x3, 0x9f, 0xa0, 0x0, 0x5d,
    0xd4, 0x0, 0x9e, 0xf9, 0x30, 0x0, 0x0, 0x6,
    0xf8, 0x3, 0x30, 0x0, 0x0, 0x0, 0x0, 0x1,
    0x20,

    /* U+9897 "颗" */
    0x0, 0x0, 0x0, 0x0, 0x0, 0x0, 0x0, 0x0,
    0x9, 0xed, 0xfd, 0xe9, 0xaf, 0xff, 0xff, 0xf6,
    0x9, 0x60, 0xf0, 0x59, 0x0, 0x1f, 0x20, 0x0,
    0x9, 0x84, 0xf3, 0x89, 0x0, 0x4c, 0x0, 0x0,
    0x9, 0xcb, 0xfa, 0xc9, 0x5f, 0xee, 0xef, 0xd0,
    0x9, 0x60, 0xf0, 0x59, 0x5b, 0x0, 0x3, 0xd0,
    0x9, 0xee, 0xfd, 0xe9, 0x5b, 0xe, 0x13, 0xd0,
    0x0, 0x1, 0xf0, 0x0, 0x5b, 0xe, 0x13, 0xd0,
    0x2, 0x23, 0xf2, 0x22, 0x5b, 0xe, 0x13, 0xd0,
    0x2d, 0xde, 0xfd, 0xdd, 0x5b, 0xf, 0x3, 0xd0,
    0x0, 0xd, 0xfc, 0x10, 0x5b, 0xf, 0x3, 0xd0,
    0x0, 0xb9, 0xf5, 0xd3, 0x26, 0x5a, 0x2, 0x70,
    0x1c, 0xa1, 0xf0, 0x44, 0x1, 0xe4, 0xb5, 0x0,
    0x7, 0x0, 0xf0, 0x0, 0x4d, 0x70, 0x1b, 0xa0,
    0x0, 0x0, 0xf0, 0x3, 0xd4, 0x0, 0x0, 0x84,
    0x0, 0x0, 0x0, 0x0, 0x0, 0x0, 0x0, 0x0,

    /* U+98CE "风" */
    0x0, 0x2f, 0xff, 0xff, 0xff, 0xff, 0xf6, 0x0,
    0x0, 0x2f, 0x22, 0x22, 0x22, 0x22, 0xd6, 0x0,
    0x0, 0x2f, 0x0, 0x0, 0x2, 0x60, 0xc6, 0x0,
    0x0, 0x2f, 0x1d, 0x20, 0xa, 0x80, 0xc5, 0x0,
    0x0, 0x3f, 0x8, 0xd0, 0x1f, 0x10, 0xc6, 0x0,
    0x0, 0x3f, 0x0, 0xba, 0x7a, 0x0, 0xc6, 0x0,
    0x0, 0x4f, 0x0, 0x1e, 0xf4, 0x0, 0xb6, 0x0,
    0x0, 0x5e, 0x0, 0x9, 0xf3, 0x0, 0xb6, 0x0,
    0x0, 0x7c, 0x0, 0x3f, 0xbd, 0x0, 0xa7, 0x0,
    0x0, 0x9a, 0x1, 0xd8, 0xd, 0x90, 0x98, 0x0,
    0x0, 0xd6, 0x1d, 0xc0, 0x3, 0xf3, 0x8a, 0x3,
    0x2, 0xf2, 0xac, 0x0, 0x0, 0xa8, 0x5c, 0x1b,
    0xa, 0xc0, 0x10, 0x0, 0x0, 0x0, 0x1f, 0x8a,
    0xd, 0x40, 0x0, 0x0, 0x0, 0x0, 0x8, 0xe4,
    0x0, 0x0, 0x0, 0x0, 0x0, 0x0, 0x0, 0x0,

    /* U+98D3 "飓" */
    0x0, 0x0, 0x0, 0x0, 0x0, 0x0, 0x0, 0x0,
    0xa, 0xff, 0xff, 0xf4, 0x1f, 0xdd, 0xdf, 0x0,
    0xa, 0x40, 0x0, 0xb4, 0x1d, 0x0, 0xf, 0x0,
    0xa, 0x72, 0x9, 0xb4, 0x1f, 0xee, 0xef, 0x0,
    0xa, 0x99, 0x1b, 0xb4, 0x1d, 0x0, 0xf, 0x0,
    0xa, 0x5d, 0x58, 0xa4, 0x1f, 0xdd, 0xdf, 0x0,
    0xa, 0x48, 0xd4, 0xa5, 0x1d, 0x0, 0xf, 0x0,
    0xb, 0x42, 0xf1, 0x96, 0x1f, 0xdd, 0xdf, 0x0,
    0xb, 0x40, 0xf2, 0x87, 0x1d, 0x0, 0xf, 0x0,
    0xc, 0x34, 0xe8, 0x5a, 0xff, 0xee, 0xef, 0xc0,
    0xc, 0x29, 0x5d, 0x3d, 0x3, 0x70, 0x82, 0x0,
    0xe, 0x1e, 0xb, 0x3e, 0x2c, 0x60, 0x5c, 0x0,
    0x1d, 0x78, 0x6, 0x88, 0xda, 0x0, 0x8, 0x70,
    0x5a, 0x61, 0x1, 0x20, 0xcc, 0x41, 0x2, 0xe0,
    0x75, 0x0, 0x0, 0x0, 0x7, 0xce, 0xfe, 0x70,
    0x0, 0x0, 0x0, 0x0, 0x0, 0x0, 0x0, 0x0,

    /* U+9A76 "驶" */
    0xc, 0xff, 0xff, 0x10, 0x0, 0xc5, 0x0, 0x0,
    0x0, 0x0, 0x1f, 0x0, 0x0, 0xc5, 0x0, 0x0,
    0x1, 0x50, 0x2f, 0xd, 0xff, 0xff, 0xff, 0xe0,
    0x4, 0xb0, 0x3e, 0xe, 0x30, 0xc5, 0x3, 0xe0,
    0x5, 0xa0, 0x4c, 0xe, 0x20, 0xc5, 0x2, 0xe0,
    0x7, 0x80, 0x6b, 0xe, 0x20, 0xc5, 0x2, 0xe0,
    0x8, 0x70, 0x79, 0xe, 0xa9, 0xeb, 0x9a, 0xe0,
    0xa, 0xff, 0xff, 0x96, 0x76, 0xf9, 0x66, 0x60,
    0x0, 0x0, 0x7, 0x88, 0x81, 0xf1, 0x0, 0x0,
    0x0, 0x1, 0x58, 0x71, 0xd8, 0xd0, 0x0, 0x0,
    0x29, 0xde, 0xaa, 0x50, 0x3f, 0x90, 0x0, 0x0,
    0x17, 0x30, 0xc, 0x30, 0x6e, 0xe9, 0x10, 0x0,
    0x0, 0x0, 0x2f, 0x18, 0xe2, 0x1a, 0xe9, 0x40,
    0x0, 0x5f, 0xf7, 0x6b, 0x10, 0x0, 0x39, 0xe2,
    0x0, 0x0, 0x0, 0x0, 0x0, 0x0, 0x0, 0x0,

    /* U+9A7E "驾" */
    0x0, 0x5, 0xc0, 0x0, 0xf, 0xee, 0xef, 0x30,
    0xdf, 0xff, 0xff, 0xe0, 0xf0, 0x0, 0xe3, 0x0,
    0xe, 0x30, 0x4d, 0xf, 0x0, 0xe, 0x30, 0x8,
    0xb0, 0x8, 0xa0, 0xf2, 0x22, 0xe3, 0x1a, 0xe2,
    0x4e, 0xd3, 0xc, 0xcc, 0xcc, 0x20, 0x71, 0x22,
    0x22, 0x22, 0x22, 0x20, 0x0, 0x0, 0x1e, 0xee,
    0xee, 0xee, 0xef, 0x60, 0x0, 0x0, 0xb, 0x20,
    0x0, 0x0, 0xe3, 0x0, 0x0, 0x3, 0xf0, 0x0,
    0x0, 0x1f, 0x0, 0x0, 0x0, 0x7f, 0xee, 0xee,
    0xee, 0xfe, 0xf7, 0x0, 0x0, 0x0, 0x0, 0x0,
    0x0, 0xc, 0x60, 0xbe, 0xee, 0xee, 0xee, 0xee,
    0x80, 0xf3, 0x0, 0x0, 0x0, 0x0, 0x0, 0x0,
    0x3f, 0x0, 0x0, 0x0, 0x0, 0x0, 0x5, 0xff,
    0x70, 0x0, 0x0, 0x0, 0x0, 0x0, 0x0, 0x0,
    0x0,

    /* U+9A8C "验" */
    0x0, 0x0, 0x0, 0x0, 0x0, 0x93, 0x0, 0x0,
    0xd, 0xff, 0xfc, 0x0, 0x3, 0xf5, 0x0, 0x0,
    0x0, 0x0, 0x5a, 0x0, 0xc, 0xae, 0x10, 0x0,
    0x1, 0x50, 0x59, 0x0, 0x7b, 0x7, 0xc0, 0x0,
    0x4, 0xb0, 0x68, 0x5, 0xe1, 0x0, 0xbb, 0x0,
    0x5, 0xa0, 0x87, 0x6e, 0x53, 0x33, 0x4c, 0xc1,
    0x6, 0x80, 0x96, 0xb3, 0x8c, 0xcc, 0xc1, 0xa1,
    0x8, 0x70, 0xa4, 0x0, 0x0, 0x30, 0x0, 0x0,
    0xa, 0xff, 0xff, 0x68, 0x60, 0xc3, 0x8, 0x90,
    0x0, 0x0, 0xb, 0x54, 0xb0, 0x96, 0xe, 0x30,
    0x0, 0x3, 0x5c, 0x40, 0xf0, 0x69, 0x4c, 0x0,
    0x3b, 0xeb, 0x5d, 0x30, 0xa2, 0x24, 0xc4, 0x0,
    0x13, 0x0, 0xf, 0x10, 0x0, 0x4, 0xc0, 0x0,
    0x0, 0x0, 0x4e, 0x2c, 0xcc, 0xce, 0xec, 0xb0,
    0x0, 0x6f, 0xe5, 0x3, 0x33, 0x33, 0x33, 0x30,
    0x0, 0x0, 0x0, 0x0, 0x0, 0x0, 0x0, 0x0,

    /* U+9ED8 "默" */
    0x5, 0xed, 0xfe, 0xdf, 0x0, 0xe, 0x64, 0x0,
    0x5, 0x82, 0xa2, 0x4f, 0x0, 0xe, 0x4e, 0x10,
    0x5, 0xa8, 0xa4, 0x9f, 0x0, 0xe, 0x17, 0xa0,
    0x5, 0x7a, 0xa8, 0x4f, 0x0, 0xe, 0x10, 0x20,
    0x5, 0x72, 0xa5, 0xf, 0x7c, 0xcf, 0xcc, 0xc3,
    0x4, 0xdd, 0xfe, 0xdd, 0x36, 0x6f, 0x86, 0x61,
    0x0, 0x0, 0xc4, 0x0, 0x0, 0x2f, 0x50, 0x0,
    0x7, 0xff, 0xff, 0xfe, 0x0, 0x4f, 0x90, 0x0,
    0x0, 0x0, 0xc4, 0x0, 0x0, 0x8a, 0xd0, 0x0,
    0x8, 0xcc, 0xfe, 0xff, 0x20, 0xd3, 0xb3, 0x0,
    0x4, 0x63, 0x21, 0x1, 0x4, 0xe0, 0x5a, 0x0,
    0x4, 0x8a, 0x2c, 0x3a, 0xb, 0x80, 0xe, 0x30,
    0xb, 0x29, 0x4c, 0x1b, 0x7e, 0x0, 0x6, 0xe2,
    0x19, 0x7, 0x35, 0x10, 0xd4, 0x0, 0x0, 0xa8,
    0x0, 0x0, 0x0, 0x0, 0x0, 0x0, 0x0, 0x0,

    /* U+9F99 "龙" */
    0x0, 0x0, 0x0, 0x0, 0x0, 0x0, 0x0, 0x0,
    0x0, 0x0, 0x4, 0xf0, 0x2, 0x81, 0x0, 0x0,
    0x0, 0x0, 0x5, 0xe0, 0x0, 0x7e, 0x40, 0x0,
    0x0, 0x0, 0x6, 0xd0, 0x0, 0x2, 0xa0, 0x0,
    0x1c, 0xcc, 0xce, 0xfc, 0xcc, 0xcc, 0xcc, 0xc0,
    0x4, 0x44, 0x4c, 0xb4, 0xbb, 0x44, 0x44, 0x40,
    0x0, 0x0, 0xc, 0x60, 0x89, 0x0, 0x38, 0x0,
    0x0, 0x0, 0xf, 0x30, 0x89, 0x0, 0xd7, 0x0,
    0x0, 0x0, 0x3f, 0x10, 0x89, 0x8, 0xd0, 0x0,
    0x0, 0x0, 0x9b, 0x0, 0x89, 0x6f, 0x30, 0x0,
    0x0, 0x0, 0xe5, 0x0, 0x8d, 0xf4, 0x0, 0x0,
    0x0, 0x9, 0xd0, 0x0, 0xaf, 0x40, 0x0, 0x0,
    0x0, 0x5f, 0x30, 0x3c, 0xfa, 0x0, 0x0, 0xb2,
    0x8, 0xf7, 0x9, 0xfa, 0xac, 0x21, 0x13, 0xf2,
    0x2e, 0x50, 0x5, 0x40, 0x3e, 0xff, 0xff, 0xa0,
    0x0, 0x0, 0x0, 0x0, 0x0, 0x0, 0x0, 0x0
};


/*---------------------
 *  GLYPH DESCRIPTION
 *--------------------*/

static const lv_font_fmt_txt_glyph_dsc_t glyph_dsc[] = {
    {.bitmap_index = 0, .adv_w = 0, .box_w = 0, .box_h = 0, .ofs_x = 0, .ofs_y = 0} /* id = 0 reserved */,
    {.bitmap_index = 0, .adv_w = 144, .box_w = 3, .box_h = 3, .ofs_x = 3, .ofs_y = 5},
    {.bitmap_index = 5, .adv_w = 256, .box_w = 14, .box_h = 3, .ofs_x = 1, .ofs_y = 5},
    {.bitmap_index = 26, .adv_w = 256, .box_w = 15, .box_h = 15, .ofs_x = 0, .ofs_y = -2},
    {.bitmap_index = 139, .adv_w = 256, .box_w = 16, .box_h = 15, .ofs_x = 0, .ofs_y = -1},
    {.bitmap_index = 259, .adv_w = 256, .box_w = 14, .box_h = 15, .ofs_x = 1, .ofs_y = -2},
    {.bitmap_index = 364, .adv_w = 256, .box_w = 16, .box_h = 15, .ofs_x = 0, .ofs_y = -2},
    {.bitmap_index = 484, .adv_w = 256, .box_w = 15, .box_h = 16, .ofs_x = 0, .ofs_y = -2},
    {.bitmap_index = 604, .adv_w = 256, .box_w = 16, .box_h = 15, .ofs_x = 0, .ofs_y = -1},
    {.bitmap_index = 724, .adv_w = 256, .box_w = 16, .box_h = 14, .ofs_x = 0, .ofs_y = -1},
    {.bitmap_index = 836, .adv_w = 256, .box_w = 16, .box_h = 15, .ofs_x = 0, .ofs_y = -1},
    {.bitmap_index = 956, .adv_w = 256, .box_w = 16, .box_h = 16, .ofs_x = 0, .ofs_y = -2},
    {.bitmap_index = 1084, .adv_w = 256, .box_w = 16, .box_h = 15, .ofs_x = 0, .ofs_y = -2},
    {.bitmap_index = 1204, .adv_w = 256, .box_w = 16, .box_h = 16, .ofs_x = 0, .ofs_y = -2},
    {.bitmap_index = 1332, .adv_w = 256, .box_w = 16, .box_h = 15, .ofs_x = 0, .ofs_y = -1},
    {.bitmap_index = 1452, .adv_w = 256, .box_w = 16, .box_h = 14, .ofs_x = 0, .ofs_y = -1},
    {.bitmap_index = 1564, .adv_w = 256, .box_w = 15, .box_h = 16, .ofs_x = 0, .ofs_y = -2},
    {.bitmap_index = 1684, .adv_w = 256, .box_w = 16, .box_h = 16, .ofs_x = 0, .ofs_y = -2},
    {.bitmap_index = 1812, .adv_w = 256, .box_w = 15, .box_h = 16, .ofs_x = 0, .ofs_y = -2},
    {.bitmap_index = 1932, .adv_w = 256, .box_w = 16, .box_h = 16, .ofs_x = 0, .ofs_y = -2},
    {.bitmap_index = 2060, .adv_w = 256, .box_w = 16, .box_h = 15, .ofs_x = 0, .ofs_y = -1},
    {.bitmap_index = 2180, .adv_w = 256, .box_w = 16, .box_h = 16, .ofs_x = 0, .ofs_y = -2},
    {.bitmap_index = 2308, .adv_w = 256, .box_w = 15, .box_h = 16, .ofs_x = 0, .ofs_y = -2},
    {.bitmap_index = 2428, .adv_w = 256, .box_w = 15, .box_h = 15, .ofs_x = 1, .ofs_y = -2},
    {.bitmap_index = 2541, .adv_w = 256, .box_w = 14, .box_h = 16, .ofs_x = 1, .ofs_y = -2},
    {.bitmap_index = 2653, .adv_w = 256, .box_w = 14, .box_h = 14, .ofs_x = 1, .ofs_y = -1},
    {.bitmap_index = 2751, .adv_w = 256, .box_w = 16, .box_h = 15, .ofs_x = 0, .ofs_y = -1},
    {.bitmap_index = 2871, .adv_w = 256, .box_w = 16, .box_h = 15, .ofs_x = 0, .ofs_y = -1},
    {.bitmap_index = 2991, .adv_w = 256, .box_w = 16, .box_h = 15, .ofs_x = 0, .ofs_y = -2},
    {.bitmap_index = 3111, .adv_w = 256, .box_w = 16, .box_h = 16, .ofs_x = 0, .ofs_y = -2},
    {.bitmap_index = 3239, .adv_w = 256, .box_w = 16, .box_h = 15, .ofs_x = 0, .ofs_y = -2},
    {.bitmap_index = 3359, .adv_w = 256, .box_w = 16, .box_h = 16, .ofs_x = 0, .ofs_y = -2},
    {.bitmap_index = 3487, .adv_w = 256, .box_w = 16, .box_h = 15, .ofs_x = 0, .ofs_y = -2},
    {.bitmap_index = 3607, .adv_w = 256, .box_w = 15, .box_h = 14, .ofs_x = 1, .ofs_y = -1},
    {.bitmap_index = 3712, .adv_w = 256, .box_w = 16, .box_h = 14, .ofs_x = 0, .ofs_y = -1},
    {.bitmap_index = 3824, .adv_w = 256, .box_w = 16, .box_h = 15, .ofs_x = 0, .ofs_y = -2},
    {.bitmap_index = 3944, .adv_w = 256, .box_w = 16, .box_h = 15, .ofs_x = 0, .ofs_y = -1},
    {.bitmap_index = 4064, .adv_w = 256, .box_w = 16, .box_h = 16, .ofs_x = 0, .ofs_y = -2},
    {.bitmap_index = 4192, .adv_w = 256, .box_w = 16, .box_h = 16, .ofs_x = 0, .ofs_y = -2},
    {.bitmap_index = 4320, .adv_w = 256, .box_w = 16, .box_h = 16, .ofs_x = 0, .ofs_y = -2},
    {.bitmap_index = 4448, .adv_w = 256, .box_w = 16, .box_h = 15, .ofs_x = 0, .ofs_y = -2},
    {.bitmap_index = 4568, .adv_w = 256, .box_w = 16, .box_h = 16, .ofs_x = 0, .ofs_y = -2},
    {.bitmap_index = 4696, .adv_w = 256, .box_w = 16, .box_h = 14, .ofs_x = 0, .ofs_y = -1},
    {.bitmap_index = 4808, .adv_w = 256, .box_w = 16, .box_h = 16, .ofs_x = 0, .ofs_y = -2},
    {.bitmap_index = 4936, .adv_w = 256, .box_w = 16, .box_h = 15, .ofs_x = 0, .ofs_y = -2},
    {.bitmap_index = 5056, .adv_w = 256, .box_w = 15, .box_h = 15, .ofs_x = 1, .ofs_y = -1},
    {.bitmap_index = 5169, .adv_w = 256, .box_w = 16, .box_h = 15, .ofs_x = 0, .ofs_y = -2},
    {.bitmap_index = 5289, .adv_w = 256, .box_w = 16, .box_h = 14, .ofs_x = 0, .ofs_y = -1},
    {.bitmap_index = 5401, .adv_w = 256, .box_w = 16, .box_h = 15, .ofs_x = 0, .ofs_y = -2},
    {.bitmap_index = 5521, .adv_w = 256, .box_w = 16, .box_h = 15, .ofs_x = 0, .ofs_y = -2},
    {.bitmap_index = 5641, .adv_w = 256, .box_w = 16, .box_h = 15, .ofs_x = 0, .ofs_y = -2},
    {.bitmap_index = 5761, .adv_w = 256, .box_w = 16, .box_h = 15, .ofs_x = 0, .ofs_y = -1},
    {.bitmap_index = 5881, .adv_w = 256, .box_w = 16, .box_h = 14, .ofs_x = 0, .ofs_y = -1},
    {.bitmap_index = 5993, .adv_w = 256, .box_w = 16, .box_h = 15, .ofs_x = 0, .ofs_y = -2},
    {.bitmap_index = 6113, .adv_w = 256, .box_w = 16, .box_h = 16, .ofs_x = 0, .ofs_y = -2},
    {.bitmap_index = 6241, .adv_w = 256, .box_w = 16, .box_h = 15, .ofs_x = 0, .ofs_y = -1},
    {.bitmap_index = 6361, .adv_w = 256, .box_w = 16, .box_h = 16, .ofs_x = 0, .ofs_y = -2},
    {.bitmap_index = 6489, .adv_w = 256, .box_w = 16, .box_h = 16, .ofs_x = 0, .ofs_y = -2},
    {.bitmap_index = 6617, .adv_w = 256, .box_w = 16, .box_h = 15, .ofs_x = 0, .ofs_y = -2},
    {.bitmap_index = 6737, .adv_w = 256, .box_w = 16, .box_h = 16, .ofs_x = 0, .ofs_y = -2},
    {.bitmap_index = 6865, .adv_w = 256, .box_w = 15, .box_h = 16, .ofs_x = 0, .ofs_y = -1},
    {.bitmap_index = 6985, .adv_w = 256, .box_w = 16, .box_h = 14, .ofs_x = 0, .ofs_y = -1},
    {.bitmap_index = 7097, .adv_w = 256, .box_w = 16, .box_h = 16, .ofs_x = 0, .ofs_y = -2},
    {.bitmap_index = 7225, .adv_w = 256, .box_w = 16, .box_h = 16, .ofs_x = 0, .ofs_y = -2},
    {.bitmap_index = 7353, .adv_w = 256, .box_w = 16, .box_h = 16, .ofs_x = 0, .ofs_y = -2},
    {.bitmap_index = 7481, .adv_w = 256, .box_w = 16, .box_h = 15, .ofs_x = 0, .ofs_y = -2},
    {.bitmap_index = 7601, .adv_w = 256, .box_w = 16, .box_h = 15, .ofs_x = 0, .ofs_y = -2},
    {.bitmap_index = 7721, .adv_w = 256, .box_w = 16, .box_h = 15, .ofs_x = 0, .ofs_y = -2},
    {.bitmap_index = 7841, .adv_w = 256, .box_w = 16, .box_h = 16, .ofs_x = 0, .ofs_y = -2},
    {.bitmap_index = 7969, .adv_w = 256, .box_w = 16, .box_h = 15, .ofs_x = 0, .ofs_y = -1},
    {.bitmap_index = 8089, .adv_w = 256, .box_w = 16, .box_h = 15, .ofs_x = 0, .ofs_y = -2},
    {.bitmap_index = 8209, .adv_w = 256, .box_w = 16, .box_h = 15, .ofs_x = 0, .ofs_y = -2},
    {.bitmap_index = 8329, .adv_w = 256, .box_w = 16, .box_h = 16, .ofs_x = 0, .ofs_y = -2},
    {.bitmap_index = 8457, .adv_w = 256, .box_w = 16, .box_h = 14, .ofs_x = 0, .ofs_y = -1},
    {.bitmap_index = 8569, .adv_w = 256, .box_w = 16, .box_h = 16, .ofs_x = 0, .ofs_y = -2},
    {.bitmap_index = 8697, .adv_w = 256, .box_w = 15, .box_h = 15, .ofs_x = 0, .ofs_y = -2},
    {.bitmap_index = 8810, .adv_w = 256, .box_w = 16, .box_h = 14, .ofs_x = 0, .ofs_y = -1},
    {.bitmap_index = 8922, .adv_w = 256, .box_w = 14, .box_h = 15, .ofs_x = 1, .ofs_y = -1},
    {.bitmap_index = 9027, .adv_w = 256, .box_w = 16, .box_h = 15, .ofs_x = 0, .ofs_y = -1},
    {.bitmap_index = 9147, .adv_w = 256, .box_w = 16, .box_h = 14, .ofs_x = 0, .ofs_y = -1},
    {.bitmap_index = 9259, .adv_w = 256, .box_w = 16, .box_h = 15, .ofs_x = 0, .ofs_y = -1},
    {.bitmap_index = 9379, .adv_w = 256, .box_w = 15, .box_h = 15, .ofs_x = 0, .ofs_y = -1},
    {.bitmap_index = 9492, .adv_w = 256, .box_w = 16, .box_h = 15, .ofs_x = 0, .ofs_y = -1},
    {.bitmap_index = 9612, .adv_w = 256, .box_w = 16, .box_h = 17, .ofs_x = 0, .ofs_y = -2},
    {.bitmap_index = 9748, .adv_w = 256, .box_w = 16, .box_h = 14, .ofs_x = 0, .ofs_y = -1},
    {.bitmap_index = 9860, .adv_w = 256, .box_w = 15, .box_h = 15, .ofs_x = 0, .ofs_y = -1},
    {.bitmap_index = 9973, .adv_w = 256, .box_w = 16, .box_h = 15, .ofs_x = 0, .ofs_y = -1},
    {.bitmap_index = 10093, .adv_w = 256, .box_w = 16, .box_h = 14, .ofs_x = 0, .ofs_y = -1},
    {.bitmap_index = 10205, .adv_w = 256, .box_w = 14, .box_h = 14, .ofs_x = 1, .ofs_y = -1},
    {.bitmap_index = 10303, .adv_w = 256, .box_w = 15, .box_h = 15, .ofs_x = 0, .ofs_y = -1},
    {.bitmap_index = 10416, .adv_w = 256, .box_w = 15, .box_h = 16, .ofs_x = 0, .ofs_y = -2},
    {.bitmap_index = 10536, .adv_w = 256, .box_w = 16, .box_h = 16, .ofs_x = 0, .ofs_y = -2},
    {.bitmap_index = 10664, .adv_w = 256, .box_w = 15, .box_h = 14, .ofs_x = 0, .ofs_y = -1},
    {.bitmap_index = 10769, .adv_w = 256, .box_w = 15, .box_h = 15, .ofs_x = 1, .ofs_y = -2},
    {.bitmap_index = 10882, .adv_w = 256, .box_w = 16, .box_h = 15, .ofs_x = 0, .ofs_y = -1},
    {.bitmap_index = 11002, .adv_w = 256, .box_w = 16, .box_h = 15, .ofs_x = 0, .ofs_y = -1},
    {.bitmap_index = 11122, .adv_w = 256, .box_w = 16, .box_h = 16, .ofs_x = 0, .ofs_y = -2},
    {.bitmap_index = 11250, .adv_w = 256, .box_w = 16, .box_h = 16, .ofs_x = 0, .ofs_y = -2},
    {.bitmap_index = 11378, .adv_w = 256, .box_w = 16, .box_h = 14, .ofs_x = 0, .ofs_y = -1},
    {.bitmap_index = 11490, .adv_w = 256, .box_w = 16, .box_h = 15, .ofs_x = 0, .ofs_y = -2},
    {.bitmap_index = 11610, .adv_w = 256, .box_w = 16, .box_h = 15, .ofs_x = 0, .ofs_y = -1},
    {.bitmap_index = 11730, .adv_w = 256, .box_w = 16, .box_h = 16, .ofs_x = 0, .ofs_y = -2},
    {.bitmap_index = 11858, .adv_w = 256, .box_w = 16, .box_h = 16, .ofs_x = 0, .ofs_y = -2},
    {.bitmap_index = 11986, .adv_w = 256, .box_w = 15, .box_h = 14, .ofs_x = 0, .ofs_y = -1},
    {.bitmap_index = 12091, .adv_w = 256, .box_w = 16, .box_h = 15, .ofs_x = 0, .ofs_y = -1},
    {.bitmap_index = 12211, .adv_w = 256, .box_w = 16, .box_h = 16, .ofs_x = 0, .ofs_y = -2},
    {.bitmap_index = 12339, .adv_w = 256, .box_w = 16, .box_h = 15, .ofs_x = 0, .ofs_y = -1},
    {.bitmap_index = 12459, .adv_w = 256, .box_w = 16, .box_h = 15, .ofs_x = 0, .ofs_y = -2},
    {.bitmap_index = 12579, .adv_w = 256, .box_w = 16, .box_h = 16, .ofs_x = 0, .ofs_y = -2},
    {.bitmap_index = 12707, .adv_w = 256, .box_w = 16, .box_h = 15, .ofs_x = 0, .ofs_y = -2},
    {.bitmap_index = 12827, .adv_w = 256, .box_w = 16, .box_h = 16, .ofs_x = 0, .ofs_y = -2},
    {.bitmap_index = 12955, .adv_w = 256, .box_w = 16, .box_h = 15, .ofs_x = 0, .ofs_y = -2},
    {.bitmap_index = 13075, .adv_w = 256, .box_w = 16, .box_h = 14, .ofs_x = 0, .ofs_y = -1},
    {.bitmap_index = 13187, .adv_w = 256, .box_w = 16, .box_h = 16, .ofs_x = 0, .ofs_y = -2},
    {.bitmap_index = 13315, .adv_w = 256, .box_w = 14, .box_h = 15, .ofs_x = 1, .ofs_y = -1},
    {.bitmap_index = 13420, .adv_w = 256, .box_w = 14, .box_h = 16, .ofs_x = 1, .ofs_y = -2},
    {.bitmap_index = 13532, .adv_w = 256, .box_w = 14, .box_h = 15, .ofs_x = 1, .ofs_y = -1},
    {.bitmap_index = 13637, .adv_w = 256, .box_w = 14, .box_h = 16, .ofs_x = 1, .ofs_y = -2},
    {.bitmap_index = 13749, .adv_w = 256, .box_w = 15, .box_h = 15, .ofs_x = 1, .ofs_y = -1},
    {.bitmap_index = 13862, .adv_w = 256, .box_w = 14, .box_h = 15, .ofs_x = 1, .ofs_y = -1},
    {.bitmap_index = 13967, .adv_w = 256, .box_w = 14, .box_h = 15, .ofs_x = 1, .ofs_y = -1},
    {.bitmap_index = 14072, .adv_w = 256, .box_w = 14, .box_h = 16, .ofs_x = 1, .ofs_y = -2},
    {.bitmap_index = 14184, .adv_w = 256, .box_w = 14, .box_h = 14, .ofs_x = 1, .ofs_y = -1},
    {.bitmap_index = 14282, .adv_w = 256, .box_w = 16, .box_h = 14, .ofs_x = 0, .ofs_y = -1},
    {.bitmap_index = 14394, .adv_w = 256, .box_w = 16, .box_h = 15, .ofs_x = 0, .ofs_y = -2},
    {.bitmap_index = 14514, .adv_w = 256, .box_w = 16, .box_h = 15, .ofs_x = 0, .ofs_y = -2},
    {.bitmap_index = 14634, .adv_w = 256, .box_w = 15, .box_h = 14, .ofs_x = 0, .ofs_y = -1},
    {.bitmap_index = 14739, .adv_w = 256, .box_w = 15, .box_h = 15, .ofs_x = 0, .ofs_y = -2},
    {.bitmap_index = 14852, .adv_w = 256, .box_w = 16, .box_h = 16, .ofs_x = 0, .ofs_y = -2},
    {.bitmap_index = 14980, .adv_w = 256, .box_w = 16, .box_h = 15, .ofs_x = 0, .ofs_y = -2},
    {.bitmap_index = 15100, .adv_w = 256, .box_w = 16, .box_h = 16, .ofs_x = 0, .ofs_y = -2},
    {.bitmap_index = 15228, .adv_w = 256, .box_w = 16, .box_h = 15, .ofs_x = 0, .ofs_y = -2},
    {.bitmap_index = 15348, .adv_w = 256, .box_w = 15, .box_h = 15, .ofs_x = 0, .ofs_y = -2},
    {.bitmap_index = 15461, .adv_w = 256, .box_w = 16, .box_h = 16, .ofs_x = 0, .ofs_y = -2},
    {.bitmap_index = 15589, .adv_w = 256, .box_w = 16, .box_h = 15, .ofs_x = 0, .ofs_y = -2},
    {.bitmap_index = 15709, .adv_w = 256, .box_w = 16, .box_h = 16, .ofs_x = 0, .ofs_y = -2}
};

/*---------------------
 *  CHARACTER MAPPING
 *--------------------*/

static const uint16_t unicode_list_0[] = {
    0x0, 0x1f6f, 0x4d6e, 0x4d73, 0x4d83, 0x4dda, 0x4df7, 0x4e61,
    0x4e7d, 0x4ff1, 0x50bc, 0x50f9, 0x50fe, 0x5104, 0x5110, 0x5164,
    0x51ea, 0x51fb, 0x5290, 0x52c0, 0x531a, 0x5378, 0x5381, 0x5416,
    0x5643, 0x5689, 0x574f, 0x584d, 0x5856, 0x5882, 0x5948, 0x5b42,
    0x5b45, 0x5b61, 0x5b98, 0x5d6f, 0x5dbf, 0x5dd8, 0x5ddd, 0x5e83,
    0x5ef7, 0x5f4a, 0x61b5, 0x62b7, 0x647f, 0x6529, 0x65fd, 0x668c,
    0x66c8, 0x66ca, 0x671c, 0x6750, 0x6946, 0x6a6b, 0x6b70, 0x6b77,
    0x6baa, 0x6be2, 0x6c9c, 0x6cb7, 0x6d14, 0x6dc8, 0x6e1a, 0x6f09,
    0x6fb8, 0x6fd7, 0x7011, 0x7036, 0x70b0, 0x7186, 0x7191, 0x720b,
    0x72f8, 0x7507, 0x774a, 0x77fc, 0x7904, 0x7939, 0x7956, 0x7ac7,
    0x7ac9, 0x7bdb, 0x7df0, 0x7e08, 0x7e0f, 0x7e25, 0x7e33, 0x7e9a,
    0x7f44, 0x7f93, 0x8136, 0x8703, 0x8aed, 0x8b1a, 0x8b26, 0x8b2b,
    0x8b38, 0x8b40, 0x8b44, 0x8c6e, 0x8c71, 0x8c8d, 0x8d26, 0x8ec4,
    0x8ec6, 0x8edc, 0x8f10, 0x8f19, 0x8f24, 0x8f27, 0x90c0, 0x9462,
    0x94a5, 0x9536, 0x953b, 0x953d, 0x957d, 0x957e, 0x9589, 0x958e,
    0x95d8, 0x9640, 0x9642, 0x9647, 0x9679, 0x9687, 0x97be, 0x97e0,
    0x9817, 0x981c, 0x99bf, 0x99c7, 0x99d5, 0x9e21, 0x9ee2
};

/*Collect the unicode lists and glyph_id offsets*/
static const lv_font_fmt_txt_cmap_t cmaps[] =
{
    {
        .range_start = 183, .range_length = 40675, .glyph_id_start = 1,
        .unicode_list = unicode_list_0, .glyph_id_ofs_list = NULL, .list_length = 135, .type = LV_FONT_FMT_TXT_CMAP_SPARSE_TINY
    }
};



/*--------------------
 *  ALL CUSTOM DATA
 *--------------------*/

#if LVGL_VERSION_MAJOR == 8
/*Store all the custom data of the font*/
static  lv_font_fmt_txt_glyph_cache_t cache;
#endif

#if LVGL_VERSION_MAJOR >= 8
static const lv_font_fmt_txt_dsc_t font_dsc = {
#else
static lv_font_fmt_txt_dsc_t font_dsc = {
#endif
    .glyph_bitmap = glyph_bitmap,
    .glyph_dsc = glyph_dsc,
    .cmaps = cmaps,
    .kern_dsc = NULL,
    .kern_scale = 0,
    .cmap_num = 1,
    .bpp = 4,
    .kern_classes = 0,
    .bitmap_format = 0,
#if LVGL_VERSION_MAJOR == 8
    .cache = &cache
#endif
};



/*-----------------
 *  PUBLIC FONT
 *----------------*/

/*Initialize a public general font descriptor*/
#if LVGL_VERSION_MAJOR >= 8
const lv_font_t font_cn_supplement_16 = {
#else
lv_font_t font_cn_supplement_16 = {
#endif
    .get_glyph_dsc = lv_font_get_glyph_dsc_fmt_txt,    /*Function pointer to get glyph's data*/
    .get_glyph_bitmap = lv_font_get_bitmap_fmt_txt,    /*Function pointer to get glyph's bitmap*/
    .line_height = 17,          /*The maximum line height required by the font*/
    .base_line = 2,             /*Baseline measured from the bottom of the line*/
#if !(LVGL_VERSION_MAJOR == 6 && LVGL_VERSION_MINOR == 0)
    .subpx = LV_FONT_SUBPX_NONE,
#endif
#if LV_VERSION_CHECK(7, 4, 0) || LVGL_VERSION_MAJOR >= 8
    .underline_position = -2,
    .underline_thickness = 1,
#endif
    .dsc = &font_dsc,          /*The custom font data. Will be accessed by `get_glyph_bitmap/dsc` */
#if LV_VERSION_CHECK(8, 2, 0) || LVGL_VERSION_MAJOR >= 9
    .fallback = NULL,
#endif
    .user_data = NULL,
};



#endif /*#if FONT_CN_SUPPLEMENT_16*/

